Launching sim + slam_toolbox + Nav2 (map: /challenge/maps/1/room.yaml, seed: 0, time_scale: 4.0x)...
Waiting for bringup...
[INFO] [launch]: All log files can be found below /root/.ros/log/2026-09-08-04-49-29-576725-orbstack-9118
[INFO] [launch]: Default logging verbosity is set to INFO
[INFO] [sim_node-1]: process started with pid [9120]
[INFO] [async_slam_toolbox_node-2]: process started with pid [9122]
[INFO] [controller_server-3]: process started with pid [9124]
[INFO] [smoother_server-4]: process started with pid [9126]
[INFO] [planner_server-5]: process started with pid [9128]
[INFO] [behavior_server-6]: process started with pid [9130]
[INFO] [bt_navigator-7]: process started with pid [9132]
[INFO] [waypoint_follower-8]: process started with pid [9134]
[INFO] [velocity_smoother-9]: process started with pid [9136]
[INFO] [lifecycle_manager-10]: process started with pid [9138]
[async_slam_toolbox_node-2] [INFO] [1788842969.701196547] [slam_toolbox]: Node using stack size 40000000
[controller_server-3] [INFO] [1788842969.701560383] [controller_server]: 
[controller_server-3] 	controller_server lifecycle node launched. 
[controller_server-3] 	Waiting on external lifecycle transitions to activate
[controller_server-3] 	See https://design.ros2.org/articles/node_lifecycle.html for more information.
[controller_server-3] [INFO] [1788842969.704395901] [controller_server]: Creating controller server
[waypoint_follower-8] [INFO] [1788842969.705162656] [waypoint_follower]: 
[waypoint_follower-8] 	waypoint_follower lifecycle node launched. 
[waypoint_follower-8] 	Waiting on external lifecycle transitions to activate
[waypoint_follower-8] 	See https://design.ros2.org/articles/node_lifecycle.html for more information.
[waypoint_follower-8] [INFO] [1788842969.705696576] [waypoint_follower]: Creating
[velocity_smoother-9] [INFO] [1788842969.706394080] [velocity_smoother]: 
[velocity_smoother-9] 	velocity_smoother lifecycle node launched. 
[velocity_smoother-9] 	Waiting on external lifecycle transitions to activate
[velocity_smoother-9] 	See https://design.ros2.org/articles/node_lifecycle.html for more information.
[smoother_server-4] [INFO] [1788842969.709209682] [smoother_server]: 
[smoother_server-4] 	smoother_server lifecycle node launched. 
[smoother_server-4] 	Waiting on external lifecycle transitions to activate
[smoother_server-4] 	See https://design.ros2.org/articles/node_lifecycle.html for more information.
[lifecycle_manager-10] [INFO] [1788842969.709486225] [lifecycle_manager_navigation]: Creating
[smoother_server-4] [INFO] [1788842969.710175021] [smoother_server]: Creating smoother server
[lifecycle_manager-10] [INFO] [1788842969.714426298] [lifecycle_manager_navigation]: [34m[1mCreating and initializing lifecycle service clients[0m[0m
[planner_server-5] [INFO] [1788842969.719946000] [planner_server]: 
[planner_server-5] 	planner_server lifecycle node launched. 
[planner_server-5] 	Waiting on external lifecycle transitions to activate
[planner_server-5] 	See https://design.ros2.org/articles/node_lifecycle.html for more information.
[planner_server-5] [INFO] [1788842969.721410426] [planner_server]: Creating
[bt_navigator-7] [INFO] [1788842969.720918173] [bt_navigator]: 
[bt_navigator-7] 	bt_navigator lifecycle node launched. 
[bt_navigator-7] 	Waiting on external lifecycle transitions to activate
[bt_navigator-7] 	See https://design.ros2.org/articles/node_lifecycle.html for more information.
[bt_navigator-7] [INFO] [1788842969.721013799] [bt_navigator]: Creating
[behavior_server-6] [INFO] [1788842969.725220492] [behavior_server]: 
[behavior_server-6] 	behavior_server lifecycle node launched. 
[behavior_server-6] 	Waiting on external lifecycle transitions to activate
[behavior_server-6] 	See https://design.ros2.org/articles/node_lifecycle.html for more information.
[controller_server-3] [INFO] [1788842969.726036081] [local_costmap.local_costmap]: 
[controller_server-3] 	local_costmap lifecycle node launched. 
[controller_server-3] 	Waiting on external lifecycle transitions to activate
[controller_server-3] 	See https://design.ros2.org/articles/node_lifecycle.html for more information.
[controller_server-3] [INFO] [1788842969.726395958] [local_costmap.local_costmap]: Creating Costmap
[lifecycle_manager-10] [INFO] [1788842969.733773922] [lifecycle_manager_navigation]: [34m[1mStarting managed nodes bringup...[0m[0m
[lifecycle_manager-10] [INFO] [1788842969.733819464] [lifecycle_manager_navigation]: [34m[1mConfiguring controller_server[0m[0m
[controller_server-3] [INFO] [1788842969.733971339] [controller_server]: Configuring controller interface
[controller_server-3] [INFO] [1788842969.734496509] [controller_server]: getting goal checker plugins..
[controller_server-3] [INFO] [1788842969.734776928] [controller_server]: Controller frequency set to 20.0000Hz
[controller_server-3] [INFO] [1788842969.734797845] [local_costmap.local_costmap]: Configuring
[planner_server-5] [INFO] [1788842969.738764787] [global_costmap.global_costmap]: 
[planner_server-5] 	global_costmap lifecycle node launched. 
[planner_server-5] 	Waiting on external lifecycle transitions to activate
[planner_server-5] 	See https://design.ros2.org/articles/node_lifecycle.html for more information.
[planner_server-5] [INFO] [1788842969.739244165] [global_costmap.global_costmap]: Creating Costmap
[async_slam_toolbox_node-2] [INFO] [1788842969.739324540] [slam_toolbox]: Using solver plugin solver_plugins::CeresSolver
[controller_server-3] [INFO] [1788842969.739460624] [local_costmap.local_costmap]: Using plugin "obstacle_layer"
[async_slam_toolbox_node-2] [INFO] [1788842969.739584500] [slam_toolbox]: CeresSolver: Using SCHUR_JACOBI preconditioner.
[controller_server-3] [INFO] [1788842969.743314441] [local_costmap.local_costmap]: Subscribed to Topics: scan
[controller_server-3] [INFO] [1788842969.745962874] [local_costmap.local_costmap]: Initialized plugin "obstacle_layer"
[controller_server-3] [INFO] [1788842969.745988999] [local_costmap.local_costmap]: Using plugin "inflation_layer"
[controller_server-3] [INFO] [1788842969.746512294] [local_costmap.local_costmap]: Initialized plugin "inflation_layer"
[controller_server-3] [INFO] [1788842969.753200170] [controller_server]: Created progress_checker : progress_checker of type nav2_controller::SimpleProgressChecker
[controller_server-3] [INFO] [1788842969.753981259] [controller_server]: Created goal checker : general_goal_checker of type nav2_controller::SimpleGoalChecker
[controller_server-3] [INFO] [1788842969.754401470] [controller_server]: Controller Server has general_goal_checker  goal checkers available.
[controller_server-3] [INFO] [1788842969.755993313] [controller_server]: Created controller : FollowPath of type dwb_core::DWBLocalPlanner
[controller_server-3] [INFO] [1788842969.757182112] [controller_server]: Setting transform_tolerance to 0.200000
[controller_server-3] [INFO] [1788842969.764423159] [controller_server]: Using critic "RotateToGoal" (dwb_critics::RotateToGoalCritic)
[controller_server-3] [INFO] [1788842969.764832120] [controller_server]: Critic plugin initialized
[controller_server-3] [INFO] [1788842969.764918912] [controller_server]: Using critic "Oscillation" (dwb_critics::OscillationCritic)
[controller_server-3] [INFO] [1788842969.765323664] [controller_server]: Critic plugin initialized
[controller_server-3] [INFO] [1788842969.765395457] [controller_server]: Using critic "BaseObstacle" (dwb_critics::BaseObstacleCritic)
[controller_server-3] [INFO] [1788842969.765516207] [controller_server]: Critic plugin initialized
[controller_server-3] [INFO] [1788842969.765586124] [controller_server]: Using critic "GoalAlign" (dwb_critics::GoalAlignCritic)
[controller_server-3] [INFO] [1788842969.765833876] [controller_server]: Critic plugin initialized
[controller_server-3] [INFO] [1788842969.765916793] [controller_server]: Using critic "PathAlign" (dwb_critics::PathAlignCritic)
[controller_server-3] [INFO] [1788842969.766159711] [controller_server]: Critic plugin initialized
[controller_server-3] [INFO] [1788842969.766245170] [controller_server]: Using critic "PathDist" (dwb_critics::PathDistCritic)
[controller_server-3] [INFO] [1788842969.766404546] [controller_server]: Critic plugin initialized
[controller_server-3] [INFO] [1788842969.766498589] [controller_server]: Using critic "GoalDist" (dwb_critics::GoalDistCritic)
[controller_server-3] [INFO] [1788842969.766695465] [controller_server]: Critic plugin initialized
[controller_server-3] [INFO] [1788842969.766705215] [controller_server]: Controller Server has FollowPath  controllers available.
[lifecycle_manager-10] [INFO] [1788842969.771482037] [lifecycle_manager_navigation]: [34m[1mConfiguring smoother_server[0m[0m
[smoother_server-4] [INFO] [1788842969.771711247] [smoother_server]: Configuring smoother server
[smoother_server-4] [INFO] [1788842969.777099656] [smoother_server]: Created smoother : simple_smoother of type nav2_smoother::SimpleSmoother
[smoother_server-4] [INFO] [1788842969.777508575] [smoother_server]: Smoother Server has simple_smoother  smoothers available.
[lifecycle_manager-10] [INFO] [1788842969.781315683] [lifecycle_manager_navigation]: [34m[1mConfiguring planner_server[0m[0m
[planner_server-5] [INFO] [1788842969.781677394] [planner_server]: Configuring
[planner_server-5] [INFO] [1788842969.781711436] [global_costmap.global_costmap]: Configuring
[planner_server-5] [INFO] [1788842969.785100374] [global_costmap.global_costmap]: Using plugin "static_layer"
[planner_server-5] [INFO] [1788842969.787241429] [global_costmap.global_costmap]: Subscribing to the map topic (/map) with transient local durability
[planner_server-5] [INFO] [1788842969.787989184] [global_costmap.global_costmap]: Initialized plugin "static_layer"
[planner_server-5] [INFO] [1788842969.787998934] [global_costmap.global_costmap]: Using plugin "obstacle_layer"
[planner_server-5] [INFO] [1788842969.788700022] [global_costmap.global_costmap]: Subscribed to Topics: scan
[planner_server-5] [INFO] [1788842969.791258955] [global_costmap.global_costmap]: Initialized plugin "obstacle_layer"
[planner_server-5] [INFO] [1788842969.791281913] [global_costmap.global_costmap]: Using plugin "inflation_layer"
[planner_server-5] [INFO] [1788842969.792048043] [global_costmap.global_costmap]: Initialized plugin "inflation_layer"
[planner_server-5] [INFO] [1788842969.798835128] [planner_server]: Created global planner plugin GridBased of type nav2_navfn_planner/NavfnPlanner
[planner_server-5] [INFO] [1788842969.798861087] [planner_server]: Configuring plugin GridBased of type NavfnPlanner
[planner_server-5] [INFO] [1788842969.799605258] [planner_server]: Planner Server has GridBased  planners available.
[lifecycle_manager-10] [INFO] [1788842969.814078600] [lifecycle_manager_navigation]: [34m[1mConfiguring behavior_server[0m[0m
[behavior_server-6] [INFO] [1788842969.814500228] [behavior_server]: Configuring
[behavior_server-6] [INFO] [1788842969.824315249] [behavior_server]: Creating behavior plugin spin of type nav2_behaviors/Spin
[behavior_server-6] [INFO] [1788842969.824922461] [behavior_server]: Configuring spin
[behavior_server-6] [INFO] [1788842969.829143238] [behavior_server]: Creating behavior plugin backup of type nav2_behaviors/BackUp
[behavior_server-6] [INFO] [1788842969.829914868] [behavior_server]: Configuring backup
[behavior_server-6] [INFO] [1788842969.833875310] [behavior_server]: Creating behavior plugin drive_on_heading of type nav2_behaviors/DriveOnHeading
[behavior_server-6] [INFO] [1788842969.834921025] [behavior_server]: Configuring drive_on_heading
[behavior_server-6] [INFO] [1788842969.839662263] [behavior_server]: Creating behavior plugin assisted_teleop of type nav2_behaviors/AssistedTeleop
[behavior_server-6] [INFO] [1788842969.841505525] [behavior_server]: Configuring assisted_teleop
[behavior_server-6] [INFO] [1788842969.846333181] [behavior_server]: Creating behavior plugin wait of type nav2_behaviors/Wait
[behavior_server-6] [INFO] [1788842969.846905643] [behavior_server]: Configuring wait
[lifecycle_manager-10] [INFO] [1788842969.849156699] [lifecycle_manager_navigation]: [34m[1mConfiguring bt_navigator[0m[0m
[bt_navigator-7] [INFO] [1788842969.849313492] [bt_navigator]: Configuring
[lifecycle_manager-10] [INFO] [1788842969.898968350] [lifecycle_manager_navigation]: [34m[1mConfiguring waypoint_follower[0m[0m
[waypoint_follower-8] [INFO] [1788842969.899431728] [waypoint_follower]: Configuring
[waypoint_follower-8] [INFO] [1788842969.907766989] [waypoint_follower]: Created waypoint_task_executor : wait_at_waypoint of type nav2_waypoint_follower::WaitAtWaypoint
[lifecycle_manager-10] [INFO] [1788842969.908409243] [lifecycle_manager_navigation]: [34m[1mConfiguring velocity_smoother[0m[0m
[velocity_smoother-9] [INFO] [1788842969.908604203] [velocity_smoother]: Configuring velocity smoother
[lifecycle_manager-10] [INFO] [1788842969.911089386] [lifecycle_manager_navigation]: [34m[1mActivating controller_server[0m[0m
[controller_server-3] [INFO] [1788842969.911418554] [controller_server]: Activating
[controller_server-3] [INFO] [1788842969.911461596] [local_costmap.local_costmap]: Activating
[controller_server-3] [INFO] [1788842969.911479430] [local_costmap.local_costmap]: Checking transform
[controller_server-3] [INFO] [1788842969.911660098] [local_costmap.local_costmap]: Timed out waiting for transform from base_link to odom to become available, tf error: Invalid frame ID "odom" passed to canTransform argument target_frame - frame does not exist
[controller_server-3] [INFO] [1788842970.412223998] [local_costmap.local_costmap]: Timed out waiting for transform from base_link to odom to become available, tf error: Invalid frame ID "odom" passed to canTransform argument target_frame - frame does not exist
[sim_node-1] [INFO] [1788842970.591817724] [challenge_sim_node]: Loaded /challenge/maps/1/room.yaml — spawned at world (13.78, -3.28); 342114 reachable free cells. time_scale=4.0x
[async_slam_toolbox_node-2] [WARN] [1788842970.634720414] [slam_toolbox]: minimum laser range setting (0.0 m) exceeds the capabilities of the used Lidar (0.1 m)
[async_slam_toolbox_node-2] Info: clipped range threshold to be within minimum and maximum range!
[async_slam_toolbox_node-2] Registering sensor: [Custom Described Lidar]
[controller_server-3] [INFO] [1788842970.915896453] [local_costmap.local_costmap]: start
[controller_server-3] [INFO] [1788842971.170233488] [controller_server]: Creating bond (controller_server) to lifecycle manager.
[lifecycle_manager-10] [INFO] [1788842971.277467420] [lifecycle_manager_navigation]: Server controller_server connected with bond.
[lifecycle_manager-10] [INFO] [1788842971.277508045] [lifecycle_manager_navigation]: [34m[1mActivating smoother_server[0m[0m
[smoother_server-4] [INFO] [1788842971.277761380] [smoother_server]: Activating
[smoother_server-4] [INFO] [1788842971.277803214] [smoother_server]: Creating bond (smoother_server) to lifecycle manager.
[lifecycle_manager-10] [INFO] [1788842971.382646381] [lifecycle_manager_navigation]: Server smoother_server connected with bond.
[lifecycle_manager-10] [INFO] [1788842971.382674506] [lifecycle_manager_navigation]: [34m[1mActivating planner_server[0m[0m
[planner_server-5] [INFO] [1788842971.382866632] [planner_server]: Activating
[planner_server-5] [INFO] [1788842971.382902341] [global_costmap.global_costmap]: Activating
[planner_server-5] [INFO] [1788842971.382919216] [global_costmap.global_costmap]: Checking transform
[planner_server-5] [INFO] [1788842971.383017383] [global_costmap.global_costmap]: start
[planner_server-5] [INFO] [1788842971.750376012] [global_costmap.global_costmap]: StaticLayer: Resizing costmap to 360 X 355 at 0.015000 m/pix
[planner_server-5] [WARN] [1788842972.383232747] [nav2_costmap_2d]: Robot is out of bounds of the costmap!
[planner_server-5] [WARN] [1788842972.383280581] [global_costmap.global_costmap]: Sensor origin at (0.00, 0.00) is out of map bounds (-5.41, 0.00) to (-0.01, 5.32). The costmap cannot raytrace for it.
[planner_server-5] [INFO] [1788842972.386520143] [planner_server]: Activating plugin GridBased of type NavfnPlanner
[planner_server-5] [INFO] [1788842972.387616900] [planner_server]: Creating bond (planner_server) to lifecycle manager.
[lifecycle_manager-10] [INFO] [1788842972.490656597] [lifecycle_manager_navigation]: Server planner_server connected with bond.
[lifecycle_manager-10] [INFO] [1788842972.490705764] [lifecycle_manager_navigation]: [34m[1mActivating behavior_server[0m[0m
[behavior_server-6] [INFO] [1788842972.491455061] [behavior_server]: Activating
[behavior_server-6] [INFO] [1788842972.491489394] [behavior_server]: Activating spin
[behavior_server-6] [INFO] [1788842972.491523311] [behavior_server]: Activating backup
[behavior_server-6] [INFO] [1788842972.491537061] [behavior_server]: Activating drive_on_heading
[behavior_server-6] [INFO] [1788842972.491551895] [behavior_server]: Activating assisted_teleop
[behavior_server-6] [INFO] [1788842972.491572895] [behavior_server]: Activating wait
[behavior_server-6] [INFO] [1788842972.491598020] [behavior_server]: Creating bond (behavior_server) to lifecycle manager.
[lifecycle_manager-10] [INFO] [1788842972.604156944] [lifecycle_manager_navigation]: Server behavior_server connected with bond.
[lifecycle_manager-10] [INFO] [1788842972.604188861] [lifecycle_manager_navigation]: [34m[1mActivating bt_navigator[0m[0m
[bt_navigator-7] [INFO] [1788842972.604334237] [bt_navigator]: Activating
[bt_navigator-7] [INFO] [1788842972.633573465] [bt_navigator]: Creating bond (bt_navigator) to lifecycle manager.
[lifecycle_manager-10] [INFO] [1788842972.736270660] [lifecycle_manager_navigation]: Server bt_navigator connected with bond.
[lifecycle_manager-10] [INFO] [1788842972.736318702] [lifecycle_manager_navigation]: [34m[1mActivating waypoint_follower[0m[0m
[waypoint_follower-8] [INFO] [1788842972.736557120] [waypoint_follower]: Activating
[waypoint_follower-8] [INFO] [1788842972.736621829] [waypoint_follower]: Creating bond (waypoint_follower) to lifecycle manager.
[lifecycle_manager-10] [INFO] [1788842972.851717978] [lifecycle_manager_navigation]: Server waypoint_follower connected with bond.
[lifecycle_manager-10] [INFO] [1788842972.851745686] [lifecycle_manager_navigation]: [34m[1mActivating velocity_smoother[0m[0m
[velocity_smoother-9] [INFO] [1788842972.851942604] [velocity_smoother]: Activating
[velocity_smoother-9] [INFO] [1788842972.851993396] [velocity_smoother]: Creating bond (velocity_smoother) to lifecycle manager.
[lifecycle_manager-10] [INFO] [1788842972.966699334] [lifecycle_manager_navigation]: Server velocity_smoother connected with bond.
[lifecycle_manager-10] [INFO] [1788842972.966732210] [lifecycle_manager_navigation]: [34m[1mManaged nodes are active[0m[0m
[lifecycle_manager-10] [INFO] [1788842972.966738835] [lifecycle_manager_navigation]: [34m[1mCreating bond timer...[0m[0m
[planner_server-5] [WARN] [1788842973.383129776] [nav2_costmap_2d]: Robot is out of bounds of the costmap!
[planner_server-5] [WARN] [1788842973.383148567] [global_costmap.global_costmap]: Sensor origin at (0.00, 0.00) is out of map bounds (-5.41, 0.00) to (-0.01, 5.32). The costmap cannot raytrace for it.
[planner_server-5] [WARN] [1788842974.383135055] [nav2_costmap_2d]: Robot is out of bounds of the costmap!
[planner_server-5] [WARN] [1788842974.383357723] [global_costmap.global_costmap]: Sensor origin at (0.00, 0.00) is out of map bounds (-5.41, 0.00) to (-0.01, 5.32). The costmap cannot raytrace for it.
[planner_server-5] [WARN] [1788842975.383172042] [nav2_costmap_2d]: Robot is out of bounds of the costmap!
[planner_server-5] [WARN] [1788842975.383194501] [global_costmap.global_costmap]: Sensor origin at (0.00, 0.00) is out of map bounds (-5.41, 0.00) to (-0.01, 5.32). The costmap cannot raytrace for it.
[planner_server-5] [WARN] [1788842976.383123363] [nav2_costmap_2d]: Robot is out of bounds of the costmap!
[planner_server-5] [WARN] [1788842976.383350156] [global_costmap.global_costmap]: Sensor origin at (0.00, 0.00) is out of map bounds (-5.41, 0.00) to (-0.01, 5.32). The costmap cannot raytrace for it.
[planner_server-5] [WARN] [1788842977.384640318] [nav2_costmap_2d]: Robot is out of bounds of the costmap!
[planner_server-5] [WARN] [1788842977.385032613] [global_costmap.global_costmap]: Sensor origin at (0.00, 0.00) is out of map bounds (-5.41, 0.00) to (-0.01, 5.32). The costmap cannot raytrace for it.
[planner_server-5] [WARN] [1788842978.383315381] [nav2_costmap_2d]: Robot is out of bounds of the costmap!
[planner_server-5] [WARN] [1788842978.383846176] [global_costmap.global_costmap]: Sensor origin at (0.00, 0.00) is out of map bounds (-5.41, 0.00) to (-0.01, 5.32). The costmap cannot raytrace for it.
[planner_server-5] [WARN] [1788842979.383322243] [nav2_costmap_2d]: Robot is out of bounds of the costmap!
[planner_server-5] [WARN] [1788842979.384119623] [global_costmap.global_costmap]: Sensor origin at (0.00, 0.00) is out of map bounds (-5.41, 0.00) to (-0.01, 5.32). The costmap cannot raytrace for it.
[planner_server-5] [WARN] [1788842980.384592447] [nav2_costmap_2d]: Robot is out of bounds of the costmap!
[planner_server-5] [WARN] [1788842980.384821657] [global_costmap.global_costmap]: Sensor origin at (0.00, 0.00) is out of map bounds (-5.41, 0.00) to (-0.01, 5.32). The costmap cannot raytrace for it.
[planner_server-5] [WARN] [1788842981.392429526] [nav2_costmap_2d]: Robot is out of bounds of the costmap!
[planner_server-5] [WARN] [1788842981.392453193] [global_costmap.global_costmap]: Sensor origin at (0.00, 0.00) is out of map bounds (-5.41, 0.00) to (-0.01, 5.32). The costmap cannot raytrace for it.
[planner_server-5] [WARN] [1788842982.389571329] [nav2_costmap_2d]: Robot is out of bounds of the costmap!
[planner_server-5] [WARN] [1788842982.390203499] [global_costmap.global_costmap]: Sensor origin at (0.00, 0.00) is out of map bounds (-5.41, 0.00) to (-0.01, 5.32). The costmap cannot raytrace for it.
[planner_server-5] [WARN] [1788842983.383110858] [nav2_costmap_2d]: Robot is out of bounds of the costmap!
[planner_server-5] [WARN] [1788842983.383136067] [global_costmap.global_costmap]: Sensor origin at (0.00, 0.00) is out of map bounds (-5.41, 0.00) to (-0.01, 5.32). The costmap cannot raytrace for it.
[planner_server-5] [WARN] [1788842984.385012900] [nav2_costmap_2d]: Robot is out of bounds of the costmap!
[planner_server-5] [WARN] [1788842984.385843988] [global_costmap.global_costmap]: Sensor origin at (0.00, 0.00) is out of map bounds (-5.41, 0.00) to (-0.01, 5.32). The costmap cannot raytrace for it.
[planner_server-5] [WARN] [1788842985.384632593] [nav2_costmap_2d]: Robot is out of bounds of the costmap!
[planner_server-5] [WARN] [1788842985.384667760] [global_costmap.global_costmap]: Sensor origin at (0.00, 0.00) is out of map bounds (-5.41, 0.00) to (-0.01, 5.32). The costmap cannot raytrace for it.
[planner_server-5] [WARN] [1788842986.385860713] [nav2_costmap_2d]: Robot is out of bounds of the costmap!
[planner_server-5] [WARN] [1788842986.386108465] [global_costmap.global_costmap]: Sensor origin at (0.00, 0.00) is out of map bounds (-5.41, 0.00) to (-0.01, 5.32). The costmap cannot raytrace for it.
[planner_server-5] [WARN] [1788842987.383132642] [nav2_costmap_2d]: Robot is out of bounds of the costmap!
[planner_server-5] [WARN] [1788842987.383153267] [global_costmap.global_costmap]: Sensor origin at (0.00, 0.00) is out of map bounds (-5.41, 0.00) to (-0.01, 5.32). The costmap cannot raytrace for it.
[planner_server-5] [WARN] [1788842988.386701485] [nav2_costmap_2d]: Robot is out of bounds of the costmap!
[planner_server-5] [WARN] [1788842988.386954403] [global_costmap.global_costmap]: Sensor origin at (0.00, 0.00) is out of map bounds (-5.41, 0.00) to (-0.01, 5.32). The costmap cannot raytrace for it.
[planner_server-5] [WARN] [1788842989.386118927] [nav2_costmap_2d]: Robot is out of bounds of the costmap!
[planner_server-5] [WARN] [1788842989.386445804] [global_costmap.global_costmap]: Sensor origin at (0.00, 0.00) is out of map bounds (-5.41, 0.00) to (-0.01, 5.32). The costmap cannot raytrace for it.
[planner_server-5] [WARN] [1788842990.384559071] [nav2_costmap_2d]: Robot is out of bounds of the costmap!
[planner_server-5] [WARN] [1788842990.384812615] [global_costmap.global_costmap]: Sensor origin at (0.00, 0.00) is out of map bounds (-5.41, 0.00) to (-0.01, 5.32). The costmap cannot raytrace for it.
[planner_server-5] [WARN] [1788842991.387268326] [nav2_costmap_2d]: Robot is out of bounds of the costmap!
[planner_server-5] [WARN] [1788842991.387290743] [global_costmap.global_costmap]: Sensor origin at (0.00, 0.00) is out of map bounds (-5.41, 0.00) to (-0.01, 5.32). The costmap cannot raytrace for it.
[planner_server-5] [WARN] [1788842992.383186871] [nav2_costmap_2d]: Robot is out of bounds of the costmap!
[planner_server-5] [WARN] [1788842992.383750333] [global_costmap.global_costmap]: Sensor origin at (0.00, 0.00) is out of map bounds (-5.41, 0.00) to (-0.01, 5.32). The costmap cannot raytrace for it.
[planner_server-5] [WARN] [1788842993.386639380] [nav2_costmap_2d]: Robot is out of bounds of the costmap!
[planner_server-5] [WARN] [1788842993.386672047] [global_costmap.global_costmap]: Sensor origin at (0.00, 0.00) is out of map bounds (-5.41, 0.00) to (-0.01, 5.32). The costmap cannot raytrace for it.
[planner_server-5] [WARN] [1788842994.383123679] [nav2_costmap_2d]: Robot is out of bounds of the costmap!
[planner_server-5] [WARN] [1788842994.383354847] [global_costmap.global_costmap]: Sensor origin at (0.00, 0.00) is out of map bounds (-5.41, 0.00) to (-0.01, 5.32). The costmap cannot raytrace for it.
[planner_server-5] [WARN] [1788842995.383446127] [nav2_costmap_2d]: Robot is out of bounds of the costmap!
[planner_server-5] [WARN] [1788842995.383463752] [global_costmap.global_costmap]: Sensor origin at (0.00, 0.00) is out of map bounds (-5.41, 0.00) to (-0.01, 5.32). The costmap cannot raytrace for it.
[planner_server-5] [WARN] [1788842996.384562538] [nav2_costmap_2d]: Robot is out of bounds of the costmap!
[planner_server-5] [WARN] [1788842996.384792248] [global_costmap.global_costmap]: Sensor origin at (0.00, 0.00) is out of map bounds (-5.41, 0.00) to (-0.01, 5.32). The costmap cannot raytrace for it.
[planner_server-5] [WARN] [1788842997.383125183] [nav2_costmap_2d]: Robot is out of bounds of the costmap!
[planner_server-5] [WARN] [1788842997.383538019] [global_costmap.global_costmap]: Sensor origin at (0.00, 0.00) is out of map bounds (-5.41, 0.00) to (-0.01, 5.32). The costmap cannot raytrace for it.
[planner_server-5] [WARN] [1788842998.383180171] [nav2_costmap_2d]: Robot is out of bounds of the costmap!
[planner_server-5] [WARN] [1788842998.383400172] [global_costmap.global_costmap]: Sensor origin at (0.00, 0.00) is out of map bounds (-5.41, 0.00) to (-0.01, 5.32). The costmap cannot raytrace for it.
[planner_server-5] [WARN] [1788842999.383250075] [nav2_costmap_2d]: Robot is out of bounds of the costmap!
[planner_server-5] [WARN] [1788842999.383271367] [global_costmap.global_costmap]: Sensor origin at (0.00, 0.00) is out of map bounds (-5.41, 0.00) to (-0.01, 5.32). The costmap cannot raytrace for it.
Starting your explorer node...
Running. Waiting for /challenge/results/20260908_044929/report.yaml to appear (or Ctrl-C to stop)...
[planner_server-5] [WARN] [1788843000.383174229] [nav2_costmap_2d]: Robot is out of bounds of the costmap!
[planner_server-5] [WARN] [1788843000.383391397] [global_costmap.global_costmap]: Sensor origin at (0.00, 0.00) is out of map bounds (-5.41, 0.00) to (-0.01, 5.32). The costmap cannot raytrace for it.
[planner_server-5] [WARN] [1788843001.384474808] [nav2_costmap_2d]: Robot is out of bounds of the costmap!
[planner_server-5] [WARN] [1788843001.384495600] [global_costmap.global_costmap]: Sensor origin at (0.00, 0.00) is out of map bounds (-5.41, 0.00) to (-0.01, 5.32). The costmap cannot raytrace for it.
[INFO] [1788843001.943636741] [candidate_explorer]: Got first /map.
[INFO] [1788843002.188404631] [candidate_explorer]: Detected 65 frontier cells
[INFO] [1788843002.189675014] [candidate_explorer]: Found 1 frontier clusters after filtering
[WARN] [1788843002.189921558] [candidate_explorer]: Frontier clusters exist, but none have a usable goal point.
[WARN] [1788843002.190191226] [candidate_explorer]: Frontier clusters exist but have no usable goal. Trying recovery direction 1/8 before checking again.
[WARN] [1788843002.190550770] [candidate_explorer]: Skipping recovery move 'forward': no usable in-map endpoint is available yet.
[planner_server-5] [WARN] [1788843002.383247454] [nav2_costmap_2d]: Robot is out of bounds of the costmap!
[planner_server-5] [WARN] [1788843002.383471497] [global_costmap.global_costmap]: Sensor origin at (0.00, 0.00) is out of map bounds (-5.41, 0.00) to (-0.01, 5.32). The costmap cannot raytrace for it.
[INFO] [1788843002.437618092] [candidate_explorer]: Detected 65 frontier cells
[INFO] [1788843002.437903969] [candidate_explorer]: Found 1 frontier clusters after filtering
[WARN] [1788843002.438183679] [candidate_explorer]: Frontier clusters exist, but none have a usable goal point.
[WARN] [1788843002.438451014] [candidate_explorer]: Frontier clusters exist but have no usable goal. Trying recovery direction 2/8 before checking again.
[WARN] [1788843002.438695307] [candidate_explorer]: Skipping recovery move 'forward-left': no usable in-map endpoint is available yet.
[INFO] [1788843002.688372354] [candidate_explorer]: Detected 65 frontier cells
[INFO] [1788843002.688722564] [candidate_explorer]: Found 1 frontier clusters after filtering
[WARN] [1788843002.689095567] [candidate_explorer]: Frontier clusters exist, but none have a usable goal point.
[WARN] [1788843002.689430569] [candidate_explorer]: Frontier clusters exist but have no usable goal. Trying recovery direction 3/8 before checking again.
[WARN] [1788843002.689740446] [candidate_explorer]: Skipping recovery move 'left': no usable in-map endpoint is available yet.
[INFO] [1788843002.937617940] [candidate_explorer]: Detected 65 frontier cells
[INFO] [1788843002.937942400] [candidate_explorer]: Found 1 frontier clusters after filtering
[WARN] [1788843002.938188068] [candidate_explorer]: Frontier clusters exist, but none have a usable goal point.
[WARN] [1788843002.938459945] [candidate_explorer]: Frontier clusters exist but have no usable goal. Trying recovery direction 4/8 before checking again.
[INFO] [1788843002.938721197] [candidate_explorer]: Recovery move 4/8: backward-left, 0.8 m -> (-0.57, 0.57)
[bt_navigator-7] [INFO] [1788843002.939714536] [bt_navigator]: Begin navigating from current location (0.00, 0.00) to (-0.57, 0.57)
[planner_server-5] [ERROR] [1788843002.941802383] [planner_server]: worldToMap failed: mx,my: 360,0, size_x,size_y: 360,355
[planner_server-5] [WARN] [1788843002.942037093] [planner_server]: Cannot create a plan: the robot's start position is off the global costmap. Planning will always fail, are you sure the robot has been properly localized?
[planner_server-5] [WARN] [1788843002.942178177] [planner_server]: GridBased: failed to create plan with tolerance 0.50.
[planner_server-5] [WARN] [1788843002.942285136] [planner_server]: Planning algorithm GridBased failed to generate a valid path to (-0.57, 0.57)
[planner_server-5] [WARN] [1788843002.942293469] [planner_server]: [compute_path_to_pose] [ActionServer] Aborting handle.
[controller_server-3] [INFO] [1788843002.963200727] [local_costmap.local_costmap]: Received request to clear entirely the local_costmap
[planner_server-5] [INFO] [1788843002.963805690] [global_costmap.global_costmap]: Received request to clear entirely the global_costmap
[planner_server-5] [WARN] [1788843003.385329997] [nav2_costmap_2d]: Robot is out of bounds of the costmap!
[planner_server-5] [WARN] [1788843003.385720499] [global_costmap.global_costmap]: Sensor origin at (0.00, 0.00) is out of map bounds (-5.41, 0.00) to (-0.01, 5.32). The costmap cannot raytrace for it.
[planner_server-5] [ERROR] [1788843003.398509039] [planner_server]: worldToMap failed: mx,my: 360,0, size_x,size_y: 360,355
[planner_server-5] [WARN] [1788843003.398776457] [planner_server]: Cannot create a plan: the robot's start position is off the global costmap. Planning will always fail, are you sure the robot has been properly localized?
[planner_server-5] [WARN] [1788843003.398786332] [planner_server]: GridBased: failed to create plan with tolerance 0.50.
[planner_server-5] [WARN] [1788843003.398790999] [planner_server]: Planning algorithm GridBased failed to generate a valid path to (-0.57, 0.57)
[planner_server-5] [WARN] [1788843003.398797374] [planner_server]: [compute_path_to_pose] [ActionServer] Aborting handle.
[behavior_server-6] [INFO] [1788843003.412447252] [behavior_server]: Running backup
[behavior_server-6] [INFO] [1788843003.412604420] [behavior_server]: DriveOnHeading: no acceleration or deceleration limits set
[behavior_server-6] [INFO] [1788843004.713068861] [behavior_server]: backup completed successfully
[controller_server-3] [INFO] [1788843004.761662045] [controller_server]: Received a goal, begin computing control effort.
[controller_server-3] [WARN] [1788843004.761725587] [controller_server]: No goal checker was specified in parameter 'current_goal_checker'. Server will use only plugin loaded general_goal_checker . This warning will appear once.
[controller_server-3] [INFO] [1788843005.614930307] [controller_server]: Reached the goal!
[bt_navigator-7] [INFO] [1788843005.641272308] [bt_navigator]: Goal succeeded
[INFO] [1788843005.641941438] [candidate_explorer]: Recovery move 'backward-left' succeeded.
[INFO] [1788843005.688261399] [candidate_explorer]: Detected 65 frontier cells
[INFO] [1788843005.688584776] [candidate_explorer]: Found 1 frontier clusters after filtering
[WARN] [1788843005.688816152] [candidate_explorer]: Frontier clusters exist, but none have a usable goal point.
[WARN] [1788843005.689064821] [candidate_explorer]: Frontier clusters exist but have no usable goal. Trying recovery direction 5/8 before checking again.
[INFO] [1788843005.689303114] [candidate_explorer]: Recovery move 5/8: backward, 0.8 m -> (-0.12, -0.01)
[bt_navigator-7] [INFO] [1788843005.689919576] [bt_navigator]: Begin navigating from current location (-0.42, 0.42) to (-0.12, -0.01)
[planner_server-5] [WARN] [1788843005.690290453] [planner_server]: The goal sent to the planner is off the global costmap. Planning will always fail to this goal.
[planner_server-5] [WARN] [1788843005.690315995] [planner_server]: GridBased: failed to create plan with tolerance 0.50.
[planner_server-5] [WARN] [1788843005.690321370] [planner_server]: Planning algorithm GridBased failed to generate a valid path to (-0.12, -0.01)
[planner_server-5] [WARN] [1788843005.690326954] [planner_server]: [compute_path_to_pose] [ActionServer] Aborting handle.
[behavior_server-6] [INFO] [1788843005.713858312] [behavior_server]: Running spin
[behavior_server-6] [INFO] [1788843005.713926521] [behavior_server]: Turning 1.57 for spin behavior.
[behavior_server-6] [INFO] [1788843006.217751351] [behavior_server]: spin completed successfully
[planner_server-5] [WARN] [1788843006.240498454] [planner_server]: The goal sent to the planner is off the global costmap. Planning will always fail to this goal.
[planner_server-5] [WARN] [1788843006.240532788] [planner_server]: GridBased: failed to create plan with tolerance 0.50.
[planner_server-5] [WARN] [1788843006.240537496] [planner_server]: Planning algorithm GridBased failed to generate a valid path to (-0.12, -0.01)
[planner_server-5] [WARN] [1788843006.240542371] [planner_server]: [compute_path_to_pose] [ActionServer] Aborting handle.
[behavior_server-6] [INFO] [1788843006.252198945] [behavior_server]: Running spin
[behavior_server-6] [INFO] [1788843006.252235029] [behavior_server]: Turning -1.57 for spin behavior.
[planner_server-5] [INFO] [1788843006.384340411] [global_costmap.global_costmap]: StaticLayer: Resizing costmap to 391 X 416 at 0.015000 m/pix
[behavior_server-6] [INFO] [1788843006.652367491] [behavior_server]: spin completed successfully
[planner_server-5] [WARN] [1788843006.681859096] [planner_server]: The goal sent to the planner is off the global costmap. Planning will always fail to this goal.
[planner_server-5] [WARN] [1788843006.681884262] [planner_server]: GridBased: failed to create plan with tolerance 0.50.
[planner_server-5] [WARN] [1788843006.681889637] [planner_server]: Planning algorithm GridBased failed to generate a valid path to (-0.12, -0.01)
[planner_server-5] [WARN] [1788843006.681895346] [planner_server]: [compute_path_to_pose] [ActionServer] Aborting handle.
[controller_server-3] [INFO] [1788843006.703640443] [local_costmap.local_costmap]: Received request to clear entirely the local_costmap
[planner_server-5] [INFO] [1788843006.703920611] [global_costmap.global_costmap]: Received request to clear entirely the global_costmap
[planner_server-5] [WARN] [1788843007.387272334] [planner_server]: The goal sent to the planner is off the global costmap. Planning will always fail to this goal.
[planner_server-5] [WARN] [1788843007.387585419] [planner_server]: GridBased: failed to create plan with tolerance 0.50.
[planner_server-5] [WARN] [1788843007.387592502] [planner_server]: Planning algorithm GridBased failed to generate a valid path to (-0.12, -0.01)
[planner_server-5] [WARN] [1788843007.387599836] [planner_server]: [compute_path_to_pose] [ActionServer] Aborting handle.
[behavior_server-6] [INFO] [1788843007.402322305] [behavior_server]: Running backup
[behavior_server-6] [INFO] [1788843008.702487993] [behavior_server]: backup completed successfully
[planner_server-5] [WARN] [1788843008.721799491] [planner_server]: Cannot create a plan: the robot's start position is off the global costmap. Planning will always fail, are you sure the robot has been properly localized?
[planner_server-5] [WARN] [1788843008.721825866] [planner_server]: GridBased: failed to create plan with tolerance 0.50.
[planner_server-5] [WARN] [1788843008.721830950] [planner_server]: Planning algorithm GridBased failed to generate a valid path to (-0.12, -0.01)
[planner_server-5] [WARN] [1788843008.721836117] [planner_server]: [compute_path_to_pose] [ActionServer] Aborting handle.
[behavior_server-6] [INFO] [1788843008.741591867] [behavior_server]: Running spin
[behavior_server-6] [INFO] [1788843008.741624367] [behavior_server]: Turning 1.57 for spin behavior.
[behavior_server-6] [INFO] [1788843009.141766455] [behavior_server]: spin completed successfully
[planner_server-5] [WARN] [1788843009.162059709] [planner_server]: Cannot create a plan: the robot's start position is off the global costmap. Planning will always fail, are you sure the robot has been properly localized?
[planner_server-5] [WARN] [1788843009.162086376] [planner_server]: GridBased: failed to create plan with tolerance 0.50.
[planner_server-5] [WARN] [1788843009.162091376] [planner_server]: Planning algorithm GridBased failed to generate a valid path to (-0.12, -0.01)
[planner_server-5] [WARN] [1788843009.162096334] [planner_server]: [compute_path_to_pose] [ActionServer] Aborting handle.
[behavior_server-6] [INFO] [1788843009.182445214] [behavior_server]: Running spin
[behavior_server-6] [INFO] [1788843009.182476756] [behavior_server]: Turning -1.57 for spin behavior.
[planner_server-5] [WARN] [1788843009.385548548] [nav2_costmap_2d]: Robot is out of bounds of the costmap!
[planner_server-5] [WARN] [1788843009.385576840] [global_costmap.global_costmap]: Sensor origin at (-0.14, -0.02) is out of map bounds (-5.87, 0.00) to (-0.01, 6.23). The costmap cannot raytrace for it.
[behavior_server-6] [INFO] [1788843009.586583202] [behavior_server]: spin completed successfully
[planner_server-5] [WARN] [1788843009.611990947] [planner_server]: Cannot create a plan: the robot's start position is off the global costmap. Planning will always fail, are you sure the robot has been properly localized?
[planner_server-5] [WARN] [1788843009.612014447] [planner_server]: GridBased: failed to create plan with tolerance 0.50.
[planner_server-5] [WARN] [1788843009.612019155] [planner_server]: Planning algorithm GridBased failed to generate a valid path to (-0.12, -0.01)
[planner_server-5] [WARN] [1788843009.612024072] [planner_server]: [compute_path_to_pose] [ActionServer] Aborting handle.
[bt_navigator-7] [WARN] [1788843009.642869935] [bt_navigator]: [navigate_to_pose] [ActionServer] Aborting handle.
[bt_navigator-7] [ERROR] [1788843009.642937519] [bt_navigator]: Goal failed
[WARN] [1788843009.643846524] [candidate_explorer]: Recovery move 'backward' failed; checking frontiers before the next direction.
[INFO] [1788843009.693435965] [candidate_explorer]: Detected 410 frontier cells
[INFO] [1788843009.694406679] [candidate_explorer]: Found 6 frontier clusters after filtering
[INFO] [1788843009.694846932] [candidate_explorer]: Selected frontier cluster: size=258, goal=(-0.44, 0.50), distance=0.60
[INFO] [1788843009.695184809] [candidate_explorer]: Checking global path to frontier (-0.44, 0.50), distance=0.60m
[planner_server-5] [WARN] [1788843009.695818105] [planner_server]: Cannot create a plan: the robot's start position is off the global costmap. Planning will always fail, are you sure the robot has been properly localized?
[planner_server-5] [WARN] [1788843009.695841064] [planner_server]: GridBased: failed to create plan with tolerance 0.50.
[planner_server-5] [WARN] [1788843009.695846272] [planner_server]: Planning algorithm GridBased failed to generate a valid path to (-0.44, 0.50)
[planner_server-5] [WARN] [1788843009.695850855] [planner_server]: [compute_path_to_pose] [ActionServer] Aborting handle.
[WARN] [1788843009.696879945] [candidate_explorer]: Path computation failed, status=6
[WARN] [1788843009.697123197] [candidate_explorer]: No global path to frontier (-0.44, 0.50). Blacklisting.
[INFO] [1788843009.947787792] [candidate_explorer]: Detected 1564 frontier cells
[INFO] [1788843009.949507261] [candidate_explorer]: Found 31 frontier clusters after filtering
[INFO] [1788843009.950470184] [candidate_explorer]: Selected frontier cluster: size=740, goal=(-1.04, 1.06), distance=1.40
[INFO] [1788843009.950811436] [candidate_explorer]: Checking global path to frontier (-1.04, 1.06), distance=1.40m
[planner_server-5] [WARN] [1788843009.951301147] [planner_server]: Cannot create a plan: the robot's start position is off the global costmap. Planning will always fail, are you sure the robot has been properly localized?
[planner_server-5] [WARN] [1788843009.951326689] [planner_server]: GridBased: failed to create plan with tolerance 0.50.
[planner_server-5] [WARN] [1788843009.951331814] [planner_server]: Planning algorithm GridBased failed to generate a valid path to (-1.04, 1.06)
[planner_server-5] [WARN] [1788843009.951336523] [planner_server]: [compute_path_to_pose] [ActionServer] Aborting handle.
[WARN] [1788843009.952259737] [candidate_explorer]: Path computation failed, status=6
[WARN] [1788843009.952477363] [candidate_explorer]: No global path to frontier (-1.04, 1.06). Blacklisting.
[INFO] [1788843010.190022916] [candidate_explorer]: Detected 1564 frontier cells
[INFO] [1788843010.191719135] [candidate_explorer]: Found 31 frontier clusters after filtering
[INFO] [1788843010.192352223] [candidate_explorer]: Selected frontier cluster: size=9, goal=(-1.88, 1.01), distance=2.03
[INFO] [1788843010.192703975] [candidate_explorer]: Checking global path to frontier (-1.88, 1.01), distance=2.03m
[planner_server-5] [WARN] [1788843010.193260312] [planner_server]: Cannot create a plan: the robot's start position is off the global costmap. Planning will always fail, are you sure the robot has been properly localized?
[planner_server-5] [WARN] [1788843010.193289395] [planner_server]: GridBased: failed to create plan with tolerance 0.50.
[planner_server-5] [WARN] [1788843010.193294937] [planner_server]: Planning algorithm GridBased failed to generate a valid path to (-1.88, 1.01)
[planner_server-5] [WARN] [1788843010.193299354] [planner_server]: [compute_path_to_pose] [ActionServer] Aborting handle.
[WARN] [1788843010.194308985] [candidate_explorer]: Path computation failed, status=6
[WARN] [1788843010.194526320] [candidate_explorer]: No global path to frontier (-1.88, 1.01). Blacklisting.
[planner_server-5] [WARN] [1788843010.383115186] [nav2_costmap_2d]: Robot is out of bounds of the costmap!
[planner_server-5] [WARN] [1788843010.383391938] [global_costmap.global_costmap]: Sensor origin at (-0.14, -0.02) is out of map bounds (-5.87, 0.00) to (-0.01, 6.23). The costmap cannot raytrace for it.
[INFO] [1788843010.440900179] [candidate_explorer]: Detected 1564 frontier cells
[INFO] [1788843010.443182694] [candidate_explorer]: Found 31 frontier clusters after filtering
[INFO] [1788843010.443791739] [candidate_explorer]: Selected frontier cluster: size=9, goal=(-1.79, 1.81), distance=2.46
[INFO] [1788843010.444158991] [candidate_explorer]: Checking global path to frontier (-1.79, 1.81), distance=2.46m
[planner_server-5] [WARN] [1788843010.444635203] [planner_server]: Cannot create a plan: the robot's start position is off the global costmap. Planning will always fail, are you sure the robot has been properly localized?
[planner_server-5] [WARN] [1788843010.444656578] [planner_server]: GridBased: failed to create plan with tolerance 0.50.
[planner_server-5] [WARN] [1788843010.444662036] [planner_server]: Planning algorithm GridBased failed to generate a valid path to (-1.79, 1.81)
[planner_server-5] [WARN] [1788843010.444666953] [planner_server]: [compute_path_to_pose] [ActionServer] Aborting handle.
[WARN] [1788843010.445706585] [candidate_explorer]: Path computation failed, status=6
[WARN] [1788843010.445928419] [candidate_explorer]: No global path to frontier (-1.79, 1.81). Blacklisting.
[INFO] [1788843010.689804971] [candidate_explorer]: Detected 1564 frontier cells
[INFO] [1788843010.697144893] [candidate_explorer]: Found 31 frontier clusters after filtering
[INFO] [1788843010.697732313] [candidate_explorer]: Selected frontier cluster: size=6, goal=(-3.05, 2.15), distance=3.63
[INFO] [1788843010.698148316] [candidate_explorer]: Checking global path to frontier (-3.05, 2.15), distance=3.63m
[planner_server-5] [WARN] [1788843010.698711069] [planner_server]: Cannot create a plan: the robot's start position is off the global costmap. Planning will always fail, are you sure the robot has been properly localized?
[planner_server-5] [WARN] [1788843010.698736361] [planner_server]: GridBased: failed to create plan with tolerance 0.50.
[planner_server-5] [WARN] [1788843010.698741069] [planner_server]: Planning algorithm GridBased failed to generate a valid path to (-3.05, 2.15)
[planner_server-5] [WARN] [1788843010.698745570] [planner_server]: [compute_path_to_pose] [ActionServer] Aborting handle.
[WARN] [1788843010.699746326] [candidate_explorer]: Path computation failed, status=6
[WARN] [1788843010.699950369] [candidate_explorer]: No global path to frontier (-3.05, 2.15). Blacklisting.
[INFO] [1788843010.938232552] [candidate_explorer]: Detected 1564 frontier cells
[INFO] [1788843010.939936062] [candidate_explorer]: Found 31 frontier clusters after filtering
[WARN] [1788843010.940537066] [candidate_explorer]: Frontier clusters exist, but none have a usable goal point.
[WARN] [1788843010.940874152] [candidate_explorer]: Frontier clusters exist but have no usable goal. Trying recovery direction 1/8 before checking again.
[INFO] [1788843010.941122403] [candidate_explorer]: Recovery move 1/8: forward, 0.8 m -> (-0.59, 0.64)
[bt_navigator-7] [INFO] [1788843010.941583781] [bt_navigator]: Begin navigating from current location (-0.14, -0.02) to (-0.59, 0.64)
[planner_server-5] [WARN] [1788843010.941807866] [planner_server]: Cannot create a plan: the robot's start position is off the global costmap. Planning will always fail, are you sure the robot has been properly localized?
[planner_server-5] [WARN] [1788843010.941836533] [planner_server]: GridBased: failed to create plan with tolerance 0.50.
[planner_server-5] [WARN] [1788843010.941841033] [planner_server]: Planning algorithm GridBased failed to generate a valid path to (-0.59, 0.64)
[planner_server-5] [WARN] [1788843010.941845575] [planner_server]: [compute_path_to_pose] [ActionServer] Aborting handle.
[controller_server-3] [INFO] [1788843010.962455247] [local_costmap.local_costmap]: Received request to clear entirely the local_costmap
[planner_server-5] [INFO] [1788843010.963396087] [global_costmap.global_costmap]: Received request to clear entirely the global_costmap
[planner_server-5] [WARN] [1788843011.384758309] [nav2_costmap_2d]: Robot is out of bounds of the costmap!
[planner_server-5] [WARN] [1788843011.384791268] [global_costmap.global_costmap]: Sensor origin at (-0.14, -0.02) is out of map bounds (-5.87, 0.00) to (-0.01, 6.23). The costmap cannot raytrace for it.
[planner_server-5] [WARN] [1788843011.394186328] [planner_server]: Cannot create a plan: the robot's start position is off the global costmap. Planning will always fail, are you sure the robot has been properly localized?
[planner_server-5] [WARN] [1788843011.394205828] [planner_server]: GridBased: failed to create plan with tolerance 0.50.
[planner_server-5] [WARN] [1788843011.394226078] [planner_server]: Planning algorithm GridBased failed to generate a valid path to (-0.59, 0.64)
[planner_server-5] [WARN] [1788843011.394233328] [planner_server]: [compute_path_to_pose] [ActionServer] Aborting handle.
[behavior_server-6] [INFO] [1788843011.413508367] [behavior_server]: Running backup
[planner_server-5] [WARN] [1788843012.383166995] [nav2_costmap_2d]: Robot is out of bounds of the costmap!
[planner_server-5] [WARN] [1788843012.383470163] [global_costmap.global_costmap]: Sensor origin at (0.07, -0.33) is out of map bounds (-5.87, 0.00) to (-0.01, 6.23). The costmap cannot raytrace for it.
[behavior_server-6] [INFO] [1788843012.714609354] [behavior_server]: backup completed successfully
[planner_server-5] [WARN] [1788843012.743291536] [planner_server]: Cannot create a plan: the robot's start position is off the global costmap. Planning will always fail, are you sure the robot has been properly localized?
[planner_server-5] [WARN] [1788843012.743325620] [planner_server]: GridBased: failed to create plan with tolerance 0.50.
[planner_server-5] [WARN] [1788843012.743332411] [planner_server]: Planning algorithm GridBased failed to generate a valid path to (-0.59, 0.64)
[planner_server-5] [WARN] [1788843012.743337620] [planner_server]: [compute_path_to_pose] [ActionServer] Aborting handle.
[behavior_server-6] [INFO] [1788843012.763850125] [behavior_server]: Running spin
[behavior_server-6] [INFO] [1788843012.763885001] [behavior_server]: Turning 1.57 for spin behavior.
[behavior_server-6] [INFO] [1788843013.167347443] [behavior_server]: spin completed successfully
[planner_server-5] [WARN] [1788843013.192660937] [planner_server]: Cannot create a plan: the robot's start position is off the global costmap. Planning will always fail, are you sure the robot has been properly localized?
[planner_server-5] [WARN] [1788843013.192687062] [planner_server]: GridBased: failed to create plan with tolerance 0.50.
[planner_server-5] [WARN] [1788843013.192691520] [planner_server]: Planning algorithm GridBased failed to generate a valid path to (-0.59, 0.64)
[planner_server-5] [WARN] [1788843013.192696312] [planner_server]: [compute_path_to_pose] [ActionServer] Aborting handle.
[behavior_server-6] [INFO] [1788843013.214384992] [behavior_server]: Running spin
[behavior_server-6] [INFO] [1788843013.214415159] [behavior_server]: Turning -1.57 for spin behavior.
[planner_server-5] [WARN] [1788843013.384571658] [nav2_costmap_2d]: Robot is out of bounds of the costmap!
[planner_server-5] [WARN] [1788843013.384592700] [global_costmap.global_costmap]: Sensor origin at (0.12, -0.47) is out of map bounds (-5.87, 0.00) to (-0.01, 6.23). The costmap cannot raytrace for it.
[behavior_server-6] [INFO] [1788843013.615425210] [behavior_server]: spin completed successfully
[planner_server-5] [WARN] [1788843013.643236137] [planner_server]: Cannot create a plan: the robot's start position is off the global costmap. Planning will always fail, are you sure the robot has been properly localized?
[planner_server-5] [WARN] [1788843013.643261804] [planner_server]: GridBased: failed to create plan with tolerance 0.50.
[planner_server-5] [WARN] [1788843013.643266304] [planner_server]: Planning algorithm GridBased failed to generate a valid path to (-0.59, 0.64)
[planner_server-5] [WARN] [1788843013.643271387] [planner_server]: [compute_path_to_pose] [ActionServer] Aborting handle.
[controller_server-3] [INFO] [1788843013.664330813] [local_costmap.local_costmap]: Received request to clear entirely the local_costmap
[planner_server-5] [INFO] [1788843013.664787274] [global_costmap.global_costmap]: Received request to clear entirely the global_costmap
[planner_server-5] [WARN] [1788843014.383137636] [nav2_costmap_2d]: Robot is out of bounds of the costmap!
[planner_server-5] [INFO] [1788843014.383156678] [global_costmap.global_costmap]: StaticLayer: Resizing costmap to 396 X 444 at 0.015000 m/pix
[planner_server-5] [WARN] [1788843014.383852224] [global_costmap.global_costmap]: Sensor origin at (0.12, -0.47) is out of map bounds (-5.87, -0.41) to (0.07, 6.24). The costmap cannot raytrace for it.
[planner_server-5] [WARN] [1788843014.387164912] [planner_server]: Cannot create a plan: the robot's start position is off the global costmap. Planning will always fail, are you sure the robot has been properly localized?
[planner_server-5] [WARN] [1788843014.387186204] [planner_server]: GridBased: failed to create plan with tolerance 0.50.
[planner_server-5] [WARN] [1788843014.387191495] [planner_server]: Planning algorithm GridBased failed to generate a valid path to (-0.59, 0.64)
[planner_server-5] [WARN] [1788843014.387198329] [planner_server]: [compute_path_to_pose] [ActionServer] Aborting handle.
[behavior_server-6] [INFO] [1788843014.403581516] [behavior_server]: Running backup
[planner_server-5] [WARN] [1788843015.383870670] [nav2_costmap_2d]: Robot is out of bounds of the costmap!
[planner_server-5] [WARN] [1788843015.383892254] [global_costmap.global_costmap]: Sensor origin at (0.14, -0.49) is out of map bounds (-5.87, -0.41) to (0.07, 6.24). The costmap cannot raytrace for it.
[planner_server-5] [WARN] [1788843016.386297548] [nav2_costmap_2d]: Robot is out of bounds of the costmap!
[planner_server-5] [WARN] [1788843016.386670925] [global_costmap.global_costmap]: Sensor origin at (0.14, -0.49) is out of map bounds (-5.87, -0.41) to (0.07, 6.24). The costmap cannot raytrace for it.
[behavior_server-6] [WARN] [1788843016.906040855] [behavior_server]: Exceeded time allowance before reaching the DriveOnHeading goal - Exiting DriveOnHeading
[behavior_server-6] [WARN] [1788843016.906076313] [behavior_server]: backup failed
[behavior_server-6] [WARN] [1788843016.906083022] [behavior_server]: [backup] [ActionServer] Aborting handle.
[behavior_server-6] [INFO] [1788843016.924193220] [behavior_server]: Running spin
[behavior_server-6] [INFO] [1788843016.924230804] [behavior_server]: Turning 1.57 for spin behavior.
[behavior_server-6] [INFO] [1788843017.324603643] [behavior_server]: spin completed successfully
[planner_server-5] [WARN] [1788843017.342784217] [planner_server]: Cannot create a plan: the robot's start position is off the global costmap. Planning will always fail, are you sure the robot has been properly localized?
[planner_server-5] [WARN] [1788843017.342809592] [planner_server]: GridBased: failed to create plan with tolerance 0.50.
[planner_server-5] [WARN] [1788843017.342814300] [planner_server]: Planning algorithm GridBased failed to generate a valid path to (-0.59, 0.64)
[planner_server-5] [WARN] [1788843017.342819509] [planner_server]: [compute_path_to_pose] [ActionServer] Aborting handle.
[bt_navigator-7] [WARN] [1788843017.373805039] [bt_navigator]: [navigate_to_pose] [ActionServer] Aborting handle.
[bt_navigator-7] [ERROR] [1788843017.373871248] [bt_navigator]: Goal failed
[WARN] [1788843017.374619336] [candidate_explorer]: Recovery move 'forward' failed; checking frontiers before the next direction.
[planner_server-5] [WARN] [1788843017.386767872] [nav2_costmap_2d]: Robot is out of bounds of the costmap!
[planner_server-5] [WARN] [1788843017.386782372] [global_costmap.global_costmap]: Sensor origin at (0.14, -0.49) is out of map bounds (-5.87, -0.41) to (0.07, 6.24). The costmap cannot raytrace for it.
[INFO] [1788843017.450447152] [candidate_explorer]: Detected 2687 frontier cells
[INFO] [1788843017.453338545] [candidate_explorer]: Found 67 frontier clusters after filtering
[INFO] [1788843017.454303426] [candidate_explorer]: Selected frontier cluster: size=6, goal=(-1.25, 2.48), distance=3.28
[INFO] [1788843017.454720929] [candidate_explorer]: Checking global path to frontier (-1.25, 2.48), distance=3.28m
[planner_server-5] [WARN] [1788843017.455943645] [planner_server]: Cannot create a plan: the robot's start position is off the global costmap. Planning will always fail, are you sure the robot has been properly localized?
[planner_server-5] [WARN] [1788843017.455968395] [planner_server]: GridBased: failed to create plan with tolerance 0.50.
[planner_server-5] [WARN] [1788843017.455979395] [planner_server]: Planning algorithm GridBased failed to generate a valid path to (-1.25, 2.48)
[planner_server-5] [WARN] [1788843017.455984270] [planner_server]: [compute_path_to_pose] [ActionServer] Aborting handle.
[WARN] [1788843017.457410405] [candidate_explorer]: Path computation failed, status=6
[WARN] [1788843017.457663156] [candidate_explorer]: No global path to frontier (-1.25, 2.48). Blacklisting.
[INFO] [1788843017.690308470] [candidate_explorer]: Detected 2687 frontier cells
[INFO] [1788843017.692945945] [candidate_explorer]: Found 67 frontier clusters after filtering
[INFO] [1788843017.693903993] [candidate_explorer]: Selected frontier cluster: size=10, goal=(-1.99, 2.97), distance=4.06
[INFO] [1788843017.694330787] [candidate_explorer]: Checking global path to frontier (-1.99, 2.97), distance=4.06m
[planner_server-5] [WARN] [1788843017.694900624] [planner_server]: Cannot create a plan: the robot's start position is off the global costmap. Planning will always fail, are you sure the robot has been properly localized?
[planner_server-5] [WARN] [1788843017.694959583] [planner_server]: GridBased: failed to create plan with tolerance 0.50.
[planner_server-5] [WARN] [1788843017.694969958] [planner_server]: Planning algorithm GridBased failed to generate a valid path to (-1.99, 2.97)
[planner_server-5] [WARN] [1788843017.694991041] [planner_server]: [compute_path_to_pose] [ActionServer] Aborting handle.
[WARN] [1788843017.696217882] [candidate_explorer]: Path computation failed, status=6
[WARN] [1788843017.696423550] [candidate_explorer]: No global path to frontier (-1.99, 2.97). Blacklisting.
[INFO] [1788843017.948540571] [candidate_explorer]: Detected 2687 frontier cells
[INFO] [1788843017.951345964] [candidate_explorer]: Found 67 frontier clusters after filtering
[WARN] [1788843017.952266886] [candidate_explorer]: Frontier clusters exist, but none have a usable goal point.
[WARN] [1788843017.952701972] [candidate_explorer]: Frontier clusters exist but have no usable goal. Trying recovery direction 1/8 before checking again.
[WARN] [1788843017.952946266] [candidate_explorer]: Skipping recovery move 'forward': no usable in-map endpoint is available yet.
[INFO] [1788843018.189205644] [candidate_explorer]: Detected 2687 frontier cells
[INFO] [1788843018.191911869] [candidate_explorer]: Found 67 frontier clusters after filtering
[WARN] [1788843018.192894209] [candidate_explorer]: Frontier clusters exist, but none have a usable goal point.
[WARN] [1788843018.193314295] [candidate_explorer]: Frontier clusters exist but have no usable goal. Trying recovery direction 2/8 before checking again.
[WARN] [1788843018.193585463] [candidate_explorer]: Skipping recovery move 'forward-left': no usable in-map endpoint is available yet.
[planner_server-5] [WARN] [1788843018.385015598] [nav2_costmap_2d]: Robot is out of bounds of the costmap!
[planner_server-5] [WARN] [1788843018.385318517] [global_costmap.global_costmap]: Sensor origin at (0.14, -0.49) is out of map bounds (-5.87, -0.41) to (0.07, 6.24). The costmap cannot raytrace for it.
[INFO] [1788843018.440274533] [candidate_explorer]: Detected 2687 frontier cells
[INFO] [1788843018.442965758] [candidate_explorer]: Found 67 frontier clusters after filtering
[WARN] [1788843018.443983848] [candidate_explorer]: Frontier clusters exist, but none have a usable goal point.
[WARN] [1788843018.444417018] [candidate_explorer]: Frontier clusters exist but have no usable goal. Trying recovery direction 3/8 before checking again.
[WARN] [1788843018.444653144] [candidate_explorer]: Skipping recovery move 'left': no usable in-map endpoint is available yet.
[INFO] [1788843018.690047955] [candidate_explorer]: Detected 2687 frontier cells
[INFO] [1788843018.692802890] [candidate_explorer]: Found 67 frontier clusters after filtering
[WARN] [1788843018.693805521] [candidate_explorer]: Frontier clusters exist, but none have a usable goal point.
[WARN] [1788843018.694233274] [candidate_explorer]: Frontier clusters exist but have no usable goal. Trying recovery direction 4/8 before checking again.
[WARN] [1788843018.694492192] [candidate_explorer]: Skipping recovery move 'backward-left': no usable in-map endpoint is available yet.
[INFO] [1788843018.941468722] [candidate_explorer]: Detected 2687 frontier cells
[INFO] [1788843018.944244906] [candidate_explorer]: Found 67 frontier clusters after filtering
[WARN] [1788843018.945232329] [candidate_explorer]: Frontier clusters exist, but none have a usable goal point.
[WARN] [1788843018.945674249] [candidate_explorer]: Frontier clusters exist but have no usable goal. Trying recovery direction 5/8 before checking again.
[WARN] [1788843018.945930500] [candidate_explorer]: Skipping recovery move 'backward': no usable in-map endpoint is available yet.
[INFO] [1788843019.191342062] [candidate_explorer]: Detected 2687 frontier cells
[INFO] [1788843019.194227205] [candidate_explorer]: Found 67 frontier clusters after filtering
[WARN] [1788843019.195368046] [candidate_explorer]: Frontier clusters exist, but none have a usable goal point.
[WARN] [1788843019.195905507] [candidate_explorer]: Frontier clusters exist but have no usable goal. Trying recovery direction 6/8 before checking again.
[WARN] [1788843019.196212593] [candidate_explorer]: Skipping recovery move 'backward-right': no usable in-map endpoint is available yet.
[planner_server-5] [WARN] [1788843019.383199324] [nav2_costmap_2d]: Robot is out of bounds of the costmap!
[planner_server-5] [WARN] [1788843019.383218741] [global_costmap.global_costmap]: Sensor origin at (0.14, -0.49) is out of map bounds (-5.87, -0.41) to (0.07, 6.24). The costmap cannot raytrace for it.
[INFO] [1788843019.441528820] [candidate_explorer]: Detected 2687 frontier cells
[INFO] [1788843019.444233546] [candidate_explorer]: Found 67 frontier clusters after filtering
[WARN] [1788843019.445213593] [candidate_explorer]: Frontier clusters exist, but none have a usable goal point.
[WARN] [1788843019.445623221] [candidate_explorer]: Frontier clusters exist but have no usable goal. Trying recovery direction 7/8 before checking again.
[INFO] [1788843019.445855264] [candidate_explorer]: Recovery move 7/8: right, 0.8 m -> (-0.46, 0.04)
[bt_navigator-7] [INFO] [1788843019.446316309] [bt_navigator]: Begin navigating from current location (0.14, -0.49) to (-0.46, 0.04)
[planner_server-5] [WARN] [1788843019.446543060] [planner_server]: Cannot create a plan: the robot's start position is off the global costmap. Planning will always fail, are you sure the robot has been properly localized?
[planner_server-5] [WARN] [1788843019.446563394] [planner_server]: GridBased: failed to create plan with tolerance 0.50.
[planner_server-5] [WARN] [1788843019.446567894] [planner_server]: Planning algorithm GridBased failed to generate a valid path to (-0.46, 0.04)
[planner_server-5] [WARN] [1788843019.446572852] [planner_server]: [compute_path_to_pose] [ActionServer] Aborting handle.
[behavior_server-6] [INFO] [1788843019.466605855] [behavior_server]: Running spin
[behavior_server-6] [INFO] [1788843019.466641688] [behavior_server]: Turning -1.57 for spin behavior.
[behavior_server-6] [INFO] [1788843019.866921318] [behavior_server]: spin completed successfully
[planner_server-5] [WARN] [1788843019.887590283] [planner_server]: Cannot create a plan: the robot's start position is off the global costmap. Planning will always fail, are you sure the robot has been properly localized?
[planner_server-5] [WARN] [1788843019.887622325] [planner_server]: GridBased: failed to create plan with tolerance 0.50.
[planner_server-5] [WARN] [1788843019.887626533] [planner_server]: Planning algorithm GridBased failed to generate a valid path to (-0.46, 0.04)
[planner_server-5] [WARN] [1788843019.887631700] [planner_server]: [compute_path_to_pose] [ActionServer] Aborting handle.
[controller_server-3] [INFO] [1788843019.907158866] [local_costmap.local_costmap]: Received request to clear entirely the local_costmap
[planner_server-5] [INFO] [1788843019.907757953] [global_costmap.global_costmap]: Received request to clear entirely the global_costmap
[planner_server-5] [WARN] [1788843020.385170407] [nav2_costmap_2d]: Robot is out of bounds of the costmap!
[planner_server-5] [WARN] [1788843020.385477326] [global_costmap.global_costmap]: Sensor origin at (0.14, -0.49) is out of map bounds (-5.87, -0.41) to (0.07, 6.24). The costmap cannot raytrace for it.
[planner_server-5] [WARN] [1788843020.390429357] [planner_server]: Cannot create a plan: the robot's start position is off the global costmap. Planning will always fail, are you sure the robot has been properly localized?
[planner_server-5] [WARN] [1788843020.390670567] [planner_server]: GridBased: failed to create plan with tolerance 0.50.
[planner_server-5] [WARN] [1788843020.390815526] [planner_server]: Planning algorithm GridBased failed to generate a valid path to (-0.46, 0.04)
[planner_server-5] [WARN] [1788843020.390939986] [planner_server]: [compute_path_to_pose] [ActionServer] Aborting handle.
[behavior_server-6] [INFO] [1788843020.406918087] [behavior_server]: Running backup
[planner_server-5] [WARN] [1788843021.383699635] [nav2_costmap_2d]: Robot is out of bounds of the costmap!
[planner_server-5] [WARN] [1788843021.383725969] [global_costmap.global_costmap]: Sensor origin at (0.14, -0.49) is out of map bounds (-5.87, -0.41) to (0.07, 6.24). The costmap cannot raytrace for it.
[planner_server-5] [WARN] [1788843022.386295556] [nav2_costmap_2d]: Robot is out of bounds of the costmap!
[planner_server-5] [WARN] [1788843022.387052436] [global_costmap.global_costmap]: Sensor origin at (0.14, -0.49) is out of map bounds (-5.87, -0.41) to (0.07, 6.24). The costmap cannot raytrace for it.
[behavior_server-6] [WARN] [1788843023.009670564] [behavior_server]: Exceeded time allowance before reaching the DriveOnHeading goal - Exiting DriveOnHeading
[behavior_server-6] [WARN] [1788843023.009715772] [behavior_server]: backup failed
[behavior_server-6] [WARN] [1788843023.009727898] [behavior_server]: [backup] [ActionServer] Aborting handle.
[behavior_server-6] [INFO] [1788843023.018275410] [behavior_server]: Running spin
[behavior_server-6] [INFO] [1788843023.018322744] [behavior_server]: Turning 1.57 for spin behavior.
[planner_server-5] [WARN] [1788843023.384609283] [nav2_costmap_2d]: Robot is out of bounds of the costmap!
[planner_server-5] [WARN] [1788843023.384631033] [global_costmap.global_costmap]: Sensor origin at (0.14, -0.49) is out of map bounds (-5.87, -0.41) to (0.07, 6.24). The costmap cannot raytrace for it.
[behavior_server-6] [INFO] [1788843023.419697881] [behavior_server]: spin completed successfully
[planner_server-5] [WARN] [1788843023.436783865] [planner_server]: Cannot create a plan: the robot's start position is off the global costmap. Planning will always fail, are you sure the robot has been properly localized?
[planner_server-5] [WARN] [1788843023.436809531] [planner_server]: GridBased: failed to create plan with tolerance 0.50.
[planner_server-5] [WARN] [1788843023.436814157] [planner_server]: Planning algorithm GridBased failed to generate a valid path to (-0.46, 0.04)
[planner_server-5] [WARN] [1788843023.436818990] [planner_server]: [compute_path_to_pose] [ActionServer] Aborting handle.
[behavior_server-6] [INFO] [1788843023.459741802] [behavior_server]: Running spin
[behavior_server-6] [INFO] [1788843023.459778303] [behavior_server]: Turning -1.57 for spin behavior.
[behavior_server-6] [INFO] [1788843023.863421412] [behavior_server]: spin completed successfully
[planner_server-5] [WARN] [1788843023.888327613] [planner_server]: Cannot create a plan: the robot's start position is off the global costmap. Planning will always fail, are you sure the robot has been properly localized?
[planner_server-5] [WARN] [1788843023.888352571] [planner_server]: GridBased: failed to create plan with tolerance 0.50.
[planner_server-5] [WARN] [1788843023.888357029] [planner_server]: Planning algorithm GridBased failed to generate a valid path to (-0.46, 0.04)
[planner_server-5] [WARN] [1788843023.888362196] [planner_server]: [compute_path_to_pose] [ActionServer] Aborting handle.
[controller_server-3] [INFO] [1788843023.906614979] [local_costmap.local_costmap]: Received request to clear entirely the local_costmap
[planner_server-5] [INFO] [1788843023.906897689] [global_costmap.global_costmap]: Received request to clear entirely the global_costmap
[planner_server-5] [WARN] [1788843024.385394192] [nav2_costmap_2d]: Robot is out of bounds of the costmap!
[planner_server-5] [WARN] [1788843024.385704694] [global_costmap.global_costmap]: Sensor origin at (0.14, -0.49) is out of map bounds (-5.87, -0.41) to (0.07, 6.24). The costmap cannot raytrace for it.
[planner_server-5] [WARN] [1788843024.387794749] [planner_server]: Cannot create a plan: the robot's start position is off the global costmap. Planning will always fail, are you sure the robot has been properly localized?
[planner_server-5] [WARN] [1788843024.387815707] [planner_server]: GridBased: failed to create plan with tolerance 0.50.
[planner_server-5] [WARN] [1788843024.387820957] [planner_server]: Planning algorithm GridBased failed to generate a valid path to (-0.46, 0.04)
[planner_server-5] [WARN] [1788843024.387858541] [planner_server]: [compute_path_to_pose] [ActionServer] Aborting handle.
[behavior_server-6] [INFO] [1788843024.407859835] [behavior_server]: Running backup
[planner_server-5] [WARN] [1788843025.383264749] [nav2_costmap_2d]: Robot is out of bounds of the costmap!
[planner_server-5] [WARN] [1788843025.383305499] [global_costmap.global_costmap]: Sensor origin at (0.14, -0.49) is out of map bounds (-5.87, -0.41) to (0.07, 6.24). The costmap cannot raytrace for it.
[planner_server-5] [WARN] [1788843026.384635537] [nav2_costmap_2d]: Robot is out of bounds of the costmap!
[planner_server-5] [WARN] [1788843026.385001039] [global_costmap.global_costmap]: Sensor origin at (0.14, -0.49) is out of map bounds (-5.87, -0.41) to (0.07, 6.24). The costmap cannot raytrace for it.
[behavior_server-6] [WARN] [1788843027.008564423] [behavior_server]: Exceeded time allowance before reaching the DriveOnHeading goal - Exiting DriveOnHeading
[behavior_server-6] [WARN] [1788843027.008617882] [behavior_server]: backup failed
[behavior_server-6] [WARN] [1788843027.008626590] [behavior_server]: [backup] [ActionServer] Aborting handle.
[behavior_server-6] [INFO] [1788843027.028220132] [behavior_server]: Running spin
[behavior_server-6] [INFO] [1788843027.028260549] [behavior_server]: Turning 1.57 for spin behavior.
[planner_server-5] [WARN] [1788843027.383199015] [nav2_costmap_2d]: Robot is out of bounds of the costmap!
[planner_server-5] [WARN] [1788843027.383221390] [global_costmap.global_costmap]: Sensor origin at (0.14, -0.49) is out of map bounds (-5.87, -0.41) to (0.07, 6.24). The costmap cannot raytrace for it.
[behavior_server-6] [INFO] [1788843027.428346177] [behavior_server]: spin completed successfully
[planner_server-5] [WARN] [1788843027.456853817] [planner_server]: Cannot create a plan: the robot's start position is off the global costmap. Planning will always fail, are you sure the robot has been properly localized?
[planner_server-5] [WARN] [1788843027.456947193] [planner_server]: GridBased: failed to create plan with tolerance 0.50.
[planner_server-5] [WARN] [1788843027.456956984] [planner_server]: Planning algorithm GridBased failed to generate a valid path to (-0.46, 0.04)
[planner_server-5] [WARN] [1788843027.456988193] [planner_server]: [compute_path_to_pose] [ActionServer] Aborting handle.
[bt_navigator-7] [WARN] [1788843027.487666847] [bt_navigator]: [navigate_to_pose] [ActionServer] Aborting handle.
[bt_navigator-7] [ERROR] [1788843027.487763764] [bt_navigator]: Goal failed
[WARN] [1788843027.488525519] [candidate_explorer]: Recovery move 'right' failed; checking frontiers before the next direction.
[INFO] [1788843027.698014310] [candidate_explorer]: Detected 2687 frontier cells
[INFO] [1788843027.701399790] [candidate_explorer]: Found 67 frontier clusters after filtering
[WARN] [1788843027.702429088] [candidate_explorer]: Frontier clusters exist, but none have a usable goal point.
[WARN] [1788843027.702871716] [candidate_explorer]: Frontier clusters exist but have no usable goal. Trying recovery direction 8/8 before checking again.
[WARN] [1788843027.703167259] [candidate_explorer]: Skipping recovery move 'forward-right': no usable in-map endpoint is available yet.
[INFO] [1788843027.948120526] [candidate_explorer]: Detected 2687 frontier cells
[INFO] [1788843027.950740501] [candidate_explorer]: Found 67 frontier clusters after filtering
[WARN] [1788843027.951745341] [candidate_explorer]: Frontier clusters exist, but none have a usable goal point.
[INFO] [1788843027.952164927] [candidate_explorer]: No usable frontier found. Waiting up to 10.0s for the map to update.
[INFO] [1788843028.190714986] [candidate_explorer]: Detected 2687 frontier cells
[INFO] [1788843028.193763381] [candidate_explorer]: Found 67 frontier clusters after filtering
[WARN] [1788843028.194717803] [candidate_explorer]: Frontier clusters exist, but none have a usable goal point.
[planner_server-5] [WARN] [1788843028.383130586] [nav2_costmap_2d]: Robot is out of bounds of the costmap!
[planner_server-5] [WARN] [1788843028.383424004] [global_costmap.global_costmap]: Sensor origin at (0.14, -0.49) is out of map bounds (-5.87, -0.41) to (0.07, 6.24). The costmap cannot raytrace for it.
[INFO] [1788843028.441390206] [candidate_explorer]: Detected 2687 frontier cells
[INFO] [1788843028.444202557] [candidate_explorer]: Found 67 frontier clusters after filtering
[WARN] [1788843028.445236522] [candidate_explorer]: Frontier clusters exist, but none have a usable goal point.
[INFO] [1788843028.689736661] [candidate_explorer]: Detected 2687 frontier cells
[INFO] [1788843028.692339970] [candidate_explorer]: Found 67 frontier clusters after filtering
[WARN] [1788843028.693334393] [candidate_explorer]: Frontier clusters exist, but none have a usable goal point.
[INFO] [1788843028.938683454] [candidate_explorer]: Detected 2687 frontier cells
[INFO] [1788843028.941331554] [candidate_explorer]: Found 67 frontier clusters after filtering
[WARN] [1788843028.942343935] [candidate_explorer]: Frontier clusters exist, but none have a usable goal point.
[INFO] [1788843029.189156714] [candidate_explorer]: Detected 2687 frontier cells
[INFO] [1788843029.191896023] [candidate_explorer]: Found 67 frontier clusters after filtering
[WARN] [1788843029.192919279] [candidate_explorer]: Frontier clusters exist, but none have a usable goal point.
[planner_server-5] [WARN] [1788843029.383433325] [nav2_costmap_2d]: Robot is out of bounds of the costmap!
[planner_server-5] [WARN] [1788843029.383454325] [global_costmap.global_costmap]: Sensor origin at (0.14, -0.49) is out of map bounds (-5.87, -0.41) to (0.07, 6.24). The costmap cannot raytrace for it.
[INFO] [1788843029.441296401] [candidate_explorer]: Detected 2687 frontier cells
[INFO] [1788843029.443983918] [candidate_explorer]: Found 67 frontier clusters after filtering
[WARN] [1788843029.445012967] [candidate_explorer]: Frontier clusters exist, but none have a usable goal point.
[INFO] [1788843029.689922900] [candidate_explorer]: Detected 2687 frontier cells
[INFO] [1788843029.692551458] [candidate_explorer]: Found 67 frontier clusters after filtering
[WARN] [1788843029.693571840] [candidate_explorer]: Frontier clusters exist, but none have a usable goal point.
[INFO] [1788843029.948169335] [candidate_explorer]: Detected 2687 frontier cells
[INFO] [1788843029.951142312] [candidate_explorer]: Found 67 frontier clusters after filtering
[WARN] [1788843029.952073235] [candidate_explorer]: Frontier clusters exist, but none have a usable goal point.
[INFO] [1788843030.190851962] [candidate_explorer]: Detected 2687 frontier cells
[INFO] [1788843030.193644022] [candidate_explorer]: Found 67 frontier clusters after filtering
[WARN] [1788843030.194792029] [candidate_explorer]: Frontier clusters exist, but none have a usable goal point.
[planner_server-5] [WARN] [1788843030.383384020] [nav2_costmap_2d]: Robot is out of bounds of the costmap!
[planner_server-5] [WARN] [1788843030.383691939] [global_costmap.global_costmap]: Sensor origin at (0.14, -0.49) is out of map bounds (-5.87, -0.41) to (0.07, 6.24). The costmap cannot raytrace for it.
[INFO] [1788843030.441349723] [candidate_explorer]: Detected 2687 frontier cells
[INFO] [1788843030.444079740] [candidate_explorer]: Found 67 frontier clusters after filtering
[WARN] [1788843030.445066538] [candidate_explorer]: Frontier clusters exist, but none have a usable goal point.
[INFO] [1788843030.445439915] [candidate_explorer]: No usable frontier found for 10.0s. Exploration complete; returning home.
[bt_navigator-7] [INFO] [1788843030.685224274] [bt_navigator]: Begin navigating from current location (0.14, -0.49) to (-0.01, -0.01)
[planner_server-5] [WARN] [1788843030.685457276] [planner_server]: Cannot create a plan: the robot's start position is off the global costmap. Planning will always fail, are you sure the robot has been properly localized?
[planner_server-5] [WARN] [1788843030.685478026] [planner_server]: GridBased: failed to create plan with tolerance 0.50.
[planner_server-5] [WARN] [1788843030.685482776] [planner_server]: Planning algorithm GridBased failed to generate a valid path to (-0.01, -0.01)
[planner_server-5] [WARN] [1788843030.685487693] [planner_server]: [compute_path_to_pose] [ActionServer] Aborting handle.
[behavior_server-6] [INFO] [1788843030.698982278] [behavior_server]: Running spin
[behavior_server-6] [INFO] [1788843030.699019070] [behavior_server]: Turning -1.57 for spin behavior.
[behavior_server-6] [INFO] [1788843031.099593161] [behavior_server]: spin completed successfully
[planner_server-5] [WARN] [1788843031.117781860] [planner_server]: Cannot create a plan: the robot's start position is off the global costmap. Planning will always fail, are you sure the robot has been properly localized?
[planner_server-5] [WARN] [1788843031.117803693] [planner_server]: GridBased: failed to create plan with tolerance 0.50.
[planner_server-5] [WARN] [1788843031.117808235] [planner_server]: Planning algorithm GridBased failed to generate a valid path to (-0.01, -0.01)
[planner_server-5] [WARN] [1788843031.117813277] [planner_server]: [compute_path_to_pose] [ActionServer] Aborting handle.
[controller_server-3] [INFO] [1788843031.137117816] [local_costmap.local_costmap]: Received request to clear entirely the local_costmap
[planner_server-5] [INFO] [1788843031.137359526] [global_costmap.global_costmap]: Received request to clear entirely the global_costmap
[planner_server-5] [WARN] [1788843031.384527890] [nav2_costmap_2d]: Robot is out of bounds of the costmap!
[planner_server-5] [WARN] [1788843031.384552807] [global_costmap.global_costmap]: Sensor origin at (0.14, -0.49) is out of map bounds (-5.87, -0.41) to (0.07, 6.24). The costmap cannot raytrace for it.
[planner_server-5] [WARN] [1788843031.391304892] [planner_server]: Cannot create a plan: the robot's start position is off the global costmap. Planning will always fail, are you sure the robot has been properly localized?
[planner_server-5] [WARN] [1788843031.391321267] [planner_server]: GridBased: failed to create plan with tolerance 0.50.
[planner_server-5] [WARN] [1788843031.391325767] [planner_server]: Planning algorithm GridBased failed to generate a valid path to (-0.01, -0.01)
[planner_server-5] [WARN] [1788843031.391331642] [planner_server]: [compute_path_to_pose] [ActionServer] Aborting handle.
[behavior_server-6] [INFO] [1788843031.406326070] [behavior_server]: Running backup
[planner_server-5] [WARN] [1788843032.383316620] [nav2_costmap_2d]: Robot is out of bounds of the costmap!
[planner_server-5] [WARN] [1788843032.383650830] [global_costmap.global_costmap]: Sensor origin at (0.14, -0.49) is out of map bounds (-5.87, -0.41) to (0.07, 6.24). The costmap cannot raytrace for it.
[planner_server-5] [WARN] [1788843033.383452108] [nav2_costmap_2d]: Robot is out of bounds of the costmap!
[planner_server-5] [WARN] [1788843033.383472442] [global_costmap.global_costmap]: Sensor origin at (0.14, -0.49) is out of map bounds (-5.87, -0.41) to (0.07, 6.24). The costmap cannot raytrace for it.
[behavior_server-6] [WARN] [1788843033.908154905] [behavior_server]: Exceeded time allowance before reaching the DriveOnHeading goal - Exiting DriveOnHeading
[behavior_server-6] [WARN] [1788843033.908630116] [behavior_server]: backup failed
[behavior_server-6] [WARN] [1788843033.908796909] [behavior_server]: [backup] [ActionServer] Aborting handle.
[behavior_server-6] [INFO] [1788843033.926348021] [behavior_server]: Running spin
[behavior_server-6] [INFO] [1788843033.926388813] [behavior_server]: Turning 1.57 for spin behavior.
[behavior_server-6] [INFO] [1788843034.327179238] [behavior_server]: spin completed successfully
[planner_server-5] [WARN] [1788843034.355722628] [planner_server]: Cannot create a plan: the robot's start position is off the global costmap. Planning will always fail, are you sure the robot has been properly localized?
[planner_server-5] [WARN] [1788843034.355753586] [planner_server]: GridBased: failed to create plan with tolerance 0.50.
[planner_server-5] [WARN] [1788843034.355758503] [planner_server]: Planning algorithm GridBased failed to generate a valid path to (-0.01, -0.01)
[planner_server-5] [WARN] [1788843034.355763878] [planner_server]: [compute_path_to_pose] [ActionServer] Aborting handle.
[behavior_server-6] [INFO] [1788843034.379589071] [behavior_server]: Running spin
[behavior_server-6] [INFO] [1788843034.379619946] [behavior_server]: Turning -1.57 for spin behavior.
[planner_server-5] [WARN] [1788843034.383180677] [nav2_costmap_2d]: Robot is out of bounds of the costmap!
[planner_server-5] [WARN] [1788843034.383491471] [global_costmap.global_costmap]: Sensor origin at (0.14, -0.49) is out of map bounds (-5.87, -0.41) to (0.07, 6.24). The costmap cannot raytrace for it.
[behavior_server-6] [INFO] [1788843034.782061173] [behavior_server]: spin completed successfully
[planner_server-5] [WARN] [1788843034.806723914] [planner_server]: Cannot create a plan: the robot's start position is off the global costmap. Planning will always fail, are you sure the robot has been properly localized?
[planner_server-5] [WARN] [1788843034.806750206] [planner_server]: GridBased: failed to create plan with tolerance 0.50.
[planner_server-5] [WARN] [1788843034.806754747] [planner_server]: Planning algorithm GridBased failed to generate a valid path to (-0.01, -0.01)
[planner_server-5] [WARN] [1788843034.806759581] [planner_server]: [compute_path_to_pose] [ActionServer] Aborting handle.
[controller_server-3] [INFO] [1788843034.827838923] [local_costmap.local_costmap]: Received request to clear entirely the local_costmap
[planner_server-5] [INFO] [1788843034.828169258] [global_costmap.global_costmap]: Received request to clear entirely the global_costmap
[planner_server-5] [WARN] [1788843035.385361137] [nav2_costmap_2d]: Robot is out of bounds of the costmap!
[planner_server-5] [WARN] [1788843035.385746848] [global_costmap.global_costmap]: Sensor origin at (0.14, -0.49) is out of map bounds (-5.87, -0.41) to (0.07, 6.24). The costmap cannot raytrace for it.
[planner_server-5] [WARN] [1788843035.389733998] [planner_server]: Cannot create a plan: the robot's start position is off the global costmap. Planning will always fail, are you sure the robot has been properly localized?
[planner_server-5] [WARN] [1788843035.389930499] [planner_server]: GridBased: failed to create plan with tolerance 0.50.
[planner_server-5] [WARN] [1788843035.390061542] [planner_server]: Planning algorithm GridBased failed to generate a valid path to (-0.01, -0.01)
[planner_server-5] [WARN] [1788843035.390202751] [planner_server]: [compute_path_to_pose] [ActionServer] Aborting handle.
[behavior_server-6] [INFO] [1788843035.405587099] [behavior_server]: Running backup
[planner_server-5] [WARN] [1788843036.383340695] [nav2_costmap_2d]: Robot is out of bounds of the costmap!
[planner_server-5] [WARN] [1788843036.383698572] [global_costmap.global_costmap]: Sensor origin at (0.14, -0.49) is out of map bounds (-5.87, -0.41) to (0.07, 6.24). The costmap cannot raytrace for it.
[planner_server-5] [WARN] [1788843037.383526756] [nav2_costmap_2d]: Robot is out of bounds of the costmap!
[planner_server-5] [WARN] [1788843037.383548464] [global_costmap.global_costmap]: Sensor origin at (0.14, -0.49) is out of map bounds (-5.87, -0.41) to (0.07, 6.24). The costmap cannot raytrace for it.
[behavior_server-6] [WARN] [1788843038.005946069] [behavior_server]: Exceeded time allowance before reaching the DriveOnHeading goal - Exiting DriveOnHeading
[behavior_server-6] [WARN] [1788843038.005982861] [behavior_server]: backup failed
[behavior_server-6] [WARN] [1788843038.005989653] [behavior_server]: [backup] [ActionServer] Aborting handle.
[behavior_server-6] [INFO] [1788843038.016084300] [behavior_server]: Running spin
[behavior_server-6] [INFO] [1788843038.016119384] [behavior_server]: Turning 1.57 for spin behavior.
[planner_server-5] [WARN] [1788843038.383429749] [nav2_costmap_2d]: Robot is out of bounds of the costmap!
[planner_server-5] [WARN] [1788843038.383744293] [global_costmap.global_costmap]: Sensor origin at (0.14, -0.49) is out of map bounds (-5.87, -0.41) to (0.07, 6.24). The costmap cannot raytrace for it.
[behavior_server-6] [INFO] [1788843038.418621639] [behavior_server]: spin completed successfully
[planner_server-5] [WARN] [1788843038.447369696] [planner_server]: Cannot create a plan: the robot's start position is off the global costmap. Planning will always fail, are you sure the robot has been properly localized?
[planner_server-5] [WARN] [1788843038.447396321] [planner_server]: GridBased: failed to create plan with tolerance 0.50.
[planner_server-5] [WARN] [1788843038.447400821] [planner_server]: Planning algorithm GridBased failed to generate a valid path to (-0.01, -0.01)
[planner_server-5] [WARN] [1788843038.447405821] [planner_server]: [compute_path_to_pose] [ActionServer] Aborting handle.
[bt_navigator-7] [WARN] [1788843038.475352081] [bt_navigator]: [navigate_to_pose] [ActionServer] Aborting handle.
[bt_navigator-7] [ERROR] [1788843038.475421331] [bt_navigator]: Goal failed
[INFO] [1788843038.476012377] [candidate_explorer]: return-home goal finished, success=False
[WARN] [1788843038.476330587] [candidate_explorer]: Nav2 could not reach home. Trying recovery direction 1/8 before retrying home.
[INFO] [1788843038.476593506] [candidate_explorer]: Return-home recovery move 1/8: forward, 0.3 m
[bt_navigator-7] [INFO] [1788843038.477099050] [bt_navigator]: Begin navigating from current location (0.14, -0.49) to (-0.06, -0.72)
[planner_server-5] [WARN] [1788843038.477425344] [planner_server]: Cannot create a plan: the robot's start position is off the global costmap. Planning will always fail, are you sure the robot has been properly localized?
[planner_server-5] [WARN] [1788843038.477450344] [planner_server]: GridBased: failed to create plan with tolerance 0.50.
[planner_server-5] [WARN] [1788843038.477455011] [planner_server]: Planning algorithm GridBased failed to generate a valid path to (-0.06, -0.72)
[planner_server-5] [WARN] [1788843038.477459844] [planner_server]: [compute_path_to_pose] [ActionServer] Aborting handle.
[behavior_server-6] [INFO] [1788843038.499680068] [behavior_server]: Running spin
[behavior_server-6] [INFO] [1788843038.499714777] [behavior_server]: Turning -1.57 for spin behavior.
[behavior_server-6] [INFO] [1788843038.901350777] [behavior_server]: spin completed successfully
[planner_server-5] [WARN] [1788843038.919515225] [planner_server]: Cannot create a plan: the robot's start position is off the global costmap. Planning will always fail, are you sure the robot has been properly localized?
[planner_server-5] [WARN] [1788843038.919539850] [planner_server]: GridBased: failed to create plan with tolerance 0.50.
[planner_server-5] [WARN] [1788843038.919544475] [planner_server]: Planning algorithm GridBased failed to generate a valid path to (-0.06, -0.72)
[planner_server-5] [WARN] [1788843038.919549100] [planner_server]: [compute_path_to_pose] [ActionServer] Aborting handle.
[controller_server-3] [INFO] [1788843038.937479255] [local_costmap.local_costmap]: Received request to clear entirely the local_costmap
[planner_server-5] [INFO] [1788843038.937685215] [global_costmap.global_costmap]: Received request to clear entirely the global_costmap
[planner_server-5] [WARN] [1788843039.391463586] [nav2_costmap_2d]: Robot is out of bounds of the costmap!
[planner_server-5] [WARN] [1788843039.391499086] [global_costmap.global_costmap]: Sensor origin at (0.14, -0.49) is out of map bounds (-5.87, -0.41) to (0.07, 6.24). The costmap cannot raytrace for it.
[planner_server-5] [WARN] [1788843039.402533156] [planner_server]: Cannot create a plan: the robot's start position is off the global costmap. Planning will always fail, are you sure the robot has been properly localized?
[planner_server-5] [WARN] [1788843039.402557990] [planner_server]: GridBased: failed to create plan with tolerance 0.50.
[planner_server-5] [WARN] [1788843039.402562240] [planner_server]: Planning algorithm GridBased failed to generate a valid path to (-0.06, -0.72)
[planner_server-5] [WARN] [1788843039.402568240] [planner_server]: [compute_path_to_pose] [ActionServer] Aborting handle.
[behavior_server-6] [INFO] [1788843039.418499091] [behavior_server]: Running backup
[planner_server-5] [WARN] [1788843040.387234887] [nav2_costmap_2d]: Robot is out of bounds of the costmap!
[planner_server-5] [WARN] [1788843040.387551139] [global_costmap.global_costmap]: Sensor origin at (0.14, -0.49) is out of map bounds (-5.87, -0.41) to (0.07, 6.24). The costmap cannot raytrace for it.
[planner_server-5] [WARN] [1788843041.386103832] [nav2_costmap_2d]: Robot is out of bounds of the costmap!
[planner_server-5] [WARN] [1788843041.386145374] [global_costmap.global_costmap]: Sensor origin at (0.14, -0.49) is out of map bounds (-5.87, -0.41) to (0.07, 6.24). The costmap cannot raytrace for it.
[behavior_server-6] [WARN] [1788843042.022981737] [behavior_server]: Exceeded time allowance before reaching the DriveOnHeading goal - Exiting DriveOnHeading
[behavior_server-6] [WARN] [1788843042.023026154] [behavior_server]: backup failed
[behavior_server-6] [WARN] [1788843042.023035821] [behavior_server]: [backup] [ActionServer] Aborting handle.
[behavior_server-6] [INFO] [1788843042.040852600] [behavior_server]: Running spin
[behavior_server-6] [INFO] [1788843042.040895934] [behavior_server]: Turning 1.57 for spin behavior.
[planner_server-5] [WARN] [1788843042.383804479] [nav2_costmap_2d]: Robot is out of bounds of the costmap!
[planner_server-5] [WARN] [1788843042.384115106] [global_costmap.global_costmap]: Sensor origin at (0.14, -0.49) is out of map bounds (-5.87, -0.41) to (0.07, 6.24). The costmap cannot raytrace for it.
[behavior_server-6] [INFO] [1788843042.441388135] [behavior_server]: spin completed successfully
[planner_server-5] [WARN] [1788843042.468997060] [planner_server]: Cannot create a plan: the robot's start position is off the global costmap. Planning will always fail, are you sure the robot has been properly localized?
[planner_server-5] [WARN] [1788843042.469024643] [planner_server]: GridBased: failed to create plan with tolerance 0.50.
[planner_server-5] [WARN] [1788843042.469029226] [planner_server]: Planning algorithm GridBased failed to generate a valid path to (-0.06, -0.72)
[planner_server-5] [WARN] [1788843042.469034268] [planner_server]: [compute_path_to_pose] [ActionServer] Aborting handle.
[behavior_server-6] [INFO] [1788843042.488271515] [behavior_server]: Running spin
[behavior_server-6] [INFO] [1788843042.488316807] [behavior_server]: Turning -1.57 for spin behavior.
[behavior_server-6] [INFO] [1788843042.891116106] [behavior_server]: spin completed successfully
[planner_server-5] [WARN] [1788843042.907602502] [planner_server]: Cannot create a plan: the robot's start position is off the global costmap. Planning will always fail, are you sure the robot has been properly localized?
[planner_server-5] [WARN] [1788843042.907631502] [planner_server]: GridBased: failed to create plan with tolerance 0.50.
[planner_server-5] [WARN] [1788843042.907636460] [planner_server]: Planning algorithm GridBased failed to generate a valid path to (-0.06, -0.72)
[planner_server-5] [WARN] [1788843042.907641752] [planner_server]: [compute_path_to_pose] [ActionServer] Aborting handle.
[controller_server-3] [INFO] [1788843042.927315251] [local_costmap.local_costmap]: Received request to clear entirely the local_costmap
[planner_server-5] [INFO] [1788843042.927743171] [global_costmap.global_costmap]: Received request to clear entirely the global_costmap
[planner_server-5] [WARN] [1788843043.385668485] [nav2_costmap_2d]: Robot is out of bounds of the costmap!
[planner_server-5] [WARN] [1788843043.385707693] [global_costmap.global_costmap]: Sensor origin at (0.14, -0.49) is out of map bounds (-5.87, -0.41) to (0.07, 6.24). The costmap cannot raytrace for it.
[planner_server-5] [WARN] [1788843043.388998673] [planner_server]: Cannot create a plan: the robot's start position is off the global costmap. Planning will always fail, are you sure the robot has been properly localized?
[planner_server-5] [WARN] [1788843043.389017798] [planner_server]: GridBased: failed to create plan with tolerance 0.50.
[planner_server-5] [WARN] [1788843043.389022756] [planner_server]: Planning algorithm GridBased failed to generate a valid path to (-0.06, -0.72)
[planner_server-5] [WARN] [1788843043.389029881] [planner_server]: [compute_path_to_pose] [ActionServer] Aborting handle.
[behavior_server-6] [INFO] [1788843043.397939771] [behavior_server]: Running backup
[planner_server-5] [WARN] [1788843044.383915676] [nav2_costmap_2d]: Robot is out of bounds of the costmap!
[planner_server-5] [WARN] [1788843044.384301137] [global_costmap.global_costmap]: Sensor origin at (0.14, -0.49) is out of map bounds (-5.87, -0.41) to (0.07, 6.24). The costmap cannot raytrace for it.
[planner_server-5] [WARN] [1788843045.385507306] [nav2_costmap_2d]: Robot is out of bounds of the costmap!
[planner_server-5] [WARN] [1788843045.385533931] [global_costmap.global_costmap]: Sensor origin at (0.14, -0.49) is out of map bounds (-5.87, -0.41) to (0.07, 6.24). The costmap cannot raytrace for it.
[behavior_server-6] [WARN] [1788843045.998262433] [behavior_server]: Exceeded time allowance before reaching the DriveOnHeading goal - Exiting DriveOnHeading
[behavior_server-6] [WARN] [1788843045.998298517] [behavior_server]: backup failed
[behavior_server-6] [WARN] [1788843045.998305183] [behavior_server]: [backup] [ActionServer] Aborting handle.
[behavior_server-6] [INFO] [1788843046.019383025] [behavior_server]: Running spin
[behavior_server-6] [INFO] [1788843046.019428942] [behavior_server]: Turning 1.57 for spin behavior.
[planner_server-5] [WARN] [1788843046.383735747] [nav2_costmap_2d]: Robot is out of bounds of the costmap!
[planner_server-5] [WARN] [1788843046.384025749] [global_costmap.global_costmap]: Sensor origin at (0.14, -0.49) is out of map bounds (-5.87, -0.41) to (0.07, 6.24). The costmap cannot raytrace for it.
[behavior_server-6] [INFO] [1788843046.423395123] [behavior_server]: spin completed successfully
[planner_server-5] [WARN] [1788843046.450260960] [planner_server]: Cannot create a plan: the robot's start position is off the global costmap. Planning will always fail, are you sure the robot has been properly localized?
[planner_server-5] [WARN] [1788843046.450521420] [planner_server]: GridBased: failed to create plan with tolerance 0.50.
[planner_server-5] [WARN] [1788843046.450646462] [planner_server]: Planning algorithm GridBased failed to generate a valid path to (-0.06, -0.72)
[planner_server-5] [WARN] [1788843046.450775880] [planner_server]: [compute_path_to_pose] [ActionServer] Aborting handle.
[bt_navigator-7] [WARN] [1788843046.477385381] [bt_navigator]: [navigate_to_pose] [ActionServer] Aborting handle.
[bt_navigator-7] [ERROR] [1788843046.477773426] [bt_navigator]: Goal failed
[WARN] [1788843046.478298720] [candidate_explorer]: Return-home recovery move 'forward' failed; retrying home before the next direction.
[bt_navigator-7] [INFO] [1788843047.181340627] [bt_navigator]: Begin navigating from current location (0.14, -0.49) to (-0.01, -0.01)
[planner_server-5] [WARN] [1788843047.181553295] [planner_server]: Cannot create a plan: the robot's start position is off the global costmap. Planning will always fail, are you sure the robot has been properly localized?
[planner_server-5] [WARN] [1788843047.181573629] [planner_server]: GridBased: failed to create plan with tolerance 0.50.
[planner_server-5] [WARN] [1788843047.181578129] [planner_server]: Planning algorithm GridBased failed to generate a valid path to (-0.01, -0.01)
[planner_server-5] [WARN] [1788843047.181582837] [planner_server]: [compute_path_to_pose] [ActionServer] Aborting handle.
[behavior_server-6] [INFO] [1788843047.204067730] [behavior_server]: Running spin
[behavior_server-6] [INFO] [1788843047.204107771] [behavior_server]: Turning -1.57 for spin behavior.
[planner_server-5] [WARN] [1788843047.383999868] [nav2_costmap_2d]: Robot is out of bounds of the costmap!
[planner_server-5] [WARN] [1788843047.384017660] [global_costmap.global_costmap]: Sensor origin at (0.14, -0.49) is out of map bounds (-5.87, -0.41) to (0.07, 6.24). The costmap cannot raytrace for it.
[behavior_server-6] [INFO] [1788843047.606753444] [behavior_server]: spin completed successfully
[planner_server-5] [WARN] [1788843047.633190070] [planner_server]: Cannot create a plan: the robot's start position is off the global costmap. Planning will always fail, are you sure the robot has been properly localized?
[planner_server-5] [WARN] [1788843047.633214737] [planner_server]: GridBased: failed to create plan with tolerance 0.50.
[planner_server-5] [WARN] [1788843047.633219862] [planner_server]: Planning algorithm GridBased failed to generate a valid path to (-0.01, -0.01)
[planner_server-5] [WARN] [1788843047.633224987] [planner_server]: [compute_path_to_pose] [ActionServer] Aborting handle.
[controller_server-3] [INFO] [1788843047.643674511] [local_costmap.local_costmap]: Received request to clear entirely the local_costmap
[planner_server-5] [INFO] [1788843047.644062430] [global_costmap.global_costmap]: Received request to clear entirely the global_costmap
[planner_server-5] [WARN] [1788843048.383316316] [nav2_costmap_2d]: Robot is out of bounds of the costmap!
[planner_server-5] [WARN] [1788843048.383607610] [global_costmap.global_costmap]: Sensor origin at (0.14, -0.49) is out of map bounds (-5.87, -0.41) to (0.07, 6.24). The costmap cannot raytrace for it.
[planner_server-5] [WARN] [1788843048.385496497] [planner_server]: Cannot create a plan: the robot's start position is off the global costmap. Planning will always fail, are you sure the robot has been properly localized?
[planner_server-5] [WARN] [1788843048.385517330] [planner_server]: GridBased: failed to create plan with tolerance 0.50.
[planner_server-5] [WARN] [1788843048.385522330] [planner_server]: Planning algorithm GridBased failed to generate a valid path to (-0.01, -0.01)
[planner_server-5] [WARN] [1788843048.385529080] [planner_server]: [compute_path_to_pose] [ActionServer] Aborting handle.
[behavior_server-6] [INFO] [1788843048.402703647] [behavior_server]: Running backup
[planner_server-5] [WARN] [1788843049.384594735] [nav2_costmap_2d]: Robot is out of bounds of the costmap!
[planner_server-5] [WARN] [1788843049.384621361] [global_costmap.global_costmap]: Sensor origin at (0.14, -0.49) is out of map bounds (-5.87, -0.41) to (0.07, 6.24). The costmap cannot raytrace for it.
[planner_server-5] [WARN] [1788843050.383188179] [nav2_costmap_2d]: Robot is out of bounds of the costmap!
[planner_server-5] [WARN] [1788843050.384055643] [global_costmap.global_costmap]: Sensor origin at (0.14, -0.49) is out of map bounds (-5.87, -0.41) to (0.07, 6.24). The costmap cannot raytrace for it.
[behavior_server-6] [WARN] [1788843051.004694903] [behavior_server]: Exceeded time allowance before reaching the DriveOnHeading goal - Exiting DriveOnHeading
[behavior_server-6] [WARN] [1788843051.005072489] [behavior_server]: backup failed
[behavior_server-6] [WARN] [1788843051.005240907] [behavior_server]: [backup] [ActionServer] Aborting handle.
[behavior_server-6] [INFO] [1788843051.025617619] [behavior_server]: Running spin
[behavior_server-6] [INFO] [1788843051.025660203] [behavior_server]: Turning 1.57 for spin behavior.
[planner_server-5] [WARN] [1788843051.384015887] [nav2_costmap_2d]: Robot is out of bounds of the costmap!
[planner_server-5] [WARN] [1788843051.384036512] [global_costmap.global_costmap]: Sensor origin at (0.14, -0.49) is out of map bounds (-5.87, -0.41) to (0.07, 6.24). The costmap cannot raytrace for it.
[behavior_server-6] [INFO] [1788843051.426862450] [behavior_server]: spin completed successfully
[planner_server-5] [WARN] [1788843051.453932788] [planner_server]: Cannot create a plan: the robot's start position is off the global costmap. Planning will always fail, are you sure the robot has been properly localized?
[planner_server-5] [WARN] [1788843051.454239915] [planner_server]: GridBased: failed to create plan with tolerance 0.50.
[planner_server-5] [WARN] [1788843051.454246498] [planner_server]: Planning algorithm GridBased failed to generate a valid path to (-0.01, -0.01)
[planner_server-5] [WARN] [1788843051.454251998] [planner_server]: [compute_path_to_pose] [ActionServer] Aborting handle.
[behavior_server-6] [INFO] [1788843051.473500953] [behavior_server]: Running spin
[behavior_server-6] [INFO] [1788843051.473532537] [behavior_server]: Turning -1.57 for spin behavior.
[behavior_server-6] [INFO] [1788843051.875507622] [behavior_server]: spin completed successfully
[planner_server-5] [WARN] [1788843051.892495479] [planner_server]: Cannot create a plan: the robot's start position is off the global costmap. Planning will always fail, are you sure the robot has been properly localized?
[planner_server-5] [WARN] [1788843051.892518730] [planner_server]: GridBased: failed to create plan with tolerance 0.50.
[planner_server-5] [WARN] [1788843051.892523188] [planner_server]: Planning algorithm GridBased failed to generate a valid path to (-0.01, -0.01)
[planner_server-5] [WARN] [1788843051.892528188] [planner_server]: [compute_path_to_pose] [ActionServer] Aborting handle.
[controller_server-3] [INFO] [1788843051.912708607] [local_costmap.local_costmap]: Received request to clear entirely the local_costmap
[planner_server-5] [INFO] [1788843051.912987901] [global_costmap.global_costmap]: Received request to clear entirely the global_costmap
[planner_server-5] [WARN] [1788843052.384321216] [nav2_costmap_2d]: Robot is out of bounds of the costmap!
[planner_server-5] [WARN] [1788843052.384610677] [global_costmap.global_costmap]: Sensor origin at (0.14, -0.49) is out of map bounds (-5.87, -0.41) to (0.07, 6.24). The costmap cannot raytrace for it.
[planner_server-5] [WARN] [1788843052.393580358] [planner_server]: Cannot create a plan: the robot's start position is off the global costmap. Planning will always fail, are you sure the robot has been properly localized?
[planner_server-5] [WARN] [1788843052.393667859] [planner_server]: GridBased: failed to create plan with tolerance 0.50.
[planner_server-5] [WARN] [1788843052.393673442] [planner_server]: Planning algorithm GridBased failed to generate a valid path to (-0.01, -0.01)
[planner_server-5] [WARN] [1788843052.393679776] [planner_server]: [compute_path_to_pose] [ActionServer] Aborting handle.
[behavior_server-6] [INFO] [1788843052.413313150] [behavior_server]: Running backup
[planner_server-5] [WARN] [1788843053.383759624] [nav2_costmap_2d]: Robot is out of bounds of the costmap!
[planner_server-5] [WARN] [1788843053.383784332] [global_costmap.global_costmap]: Sensor origin at (0.14, -0.49) is out of map bounds (-5.87, -0.41) to (0.07, 6.24). The costmap cannot raytrace for it.
[planner_server-5] [WARN] [1788843054.384030620] [nav2_costmap_2d]: Robot is out of bounds of the costmap!
[planner_server-5] [WARN] [1788843054.384450747] [global_costmap.global_costmap]: Sensor origin at (0.14, -0.49) is out of map bounds (-5.87, -0.41) to (0.07, 6.24). The costmap cannot raytrace for it.
[behavior_server-6] [WARN] [1788843055.016047411] [behavior_server]: Exceeded time allowance before reaching the DriveOnHeading goal - Exiting DriveOnHeading
[behavior_server-6] [WARN] [1788843055.016079911] [behavior_server]: backup failed
[behavior_server-6] [WARN] [1788843055.016086286] [behavior_server]: [backup] [ActionServer] Aborting handle.
[behavior_server-6] [INFO] [1788843055.033282353] [behavior_server]: Running spin
[behavior_server-6] [INFO] [1788843055.033323603] [behavior_server]: Turning 1.57 for spin behavior.
[planner_server-5] [WARN] [1788843055.384229157] [nav2_costmap_2d]: Robot is out of bounds of the costmap!
[planner_server-5] [WARN] [1788843055.384264991] [global_costmap.global_costmap]: Sensor origin at (0.14, -0.49) is out of map bounds (-5.87, -0.41) to (0.07, 6.24). The costmap cannot raytrace for it.
[behavior_server-6] [INFO] [1788843055.435563523] [behavior_server]: spin completed successfully
[planner_server-5] [WARN] [1788843055.453833306] [planner_server]: Cannot create a plan: the robot's start position is off the global costmap. Planning will always fail, are you sure the robot has been properly localized?
[planner_server-5] [WARN] [1788843055.453859056] [planner_server]: GridBased: failed to create plan with tolerance 0.50.
[planner_server-5] [WARN] [1788843055.453864139] [planner_server]: Planning algorithm GridBased failed to generate a valid path to (-0.01, -0.01)
[planner_server-5] [WARN] [1788843055.453869556] [planner_server]: [compute_path_to_pose] [ActionServer] Aborting handle.
[bt_navigator-7] [WARN] [1788843055.483024490] [bt_navigator]: [navigate_to_pose] [ActionServer] Aborting handle.
[bt_navigator-7] [ERROR] [1788843055.483099241] [bt_navigator]: Goal failed
[INFO] [1788843055.483788454] [candidate_explorer]: return-home goal finished, success=False
[WARN] [1788843055.484135914] [candidate_explorer]: Nav2 could not reach home. Trying recovery direction 2/8 before retrying home.
[INFO] [1788843055.484403333] [candidate_explorer]: Return-home recovery move 2/8: forward-left, 0.3 m
[bt_navigator-7] [INFO] [1788843055.484875669] [bt_navigator]: Begin navigating from current location (0.14, -0.49) to (0.12, -0.79)
[planner_server-5] [WARN] [1788843055.485084504] [planner_server]: Cannot create a plan: the robot's start position is off the global costmap. Planning will always fail, are you sure the robot has been properly localized?
[planner_server-5] [WARN] [1788843055.485105379] [planner_server]: GridBased: failed to create plan with tolerance 0.50.
[planner_server-5] [WARN] [1788843055.485110337] [planner_server]: Planning algorithm GridBased failed to generate a valid path to (0.12, -0.79)
[planner_server-5] [WARN] [1788843055.485115004] [planner_server]: [compute_path_to_pose] [ActionServer] Aborting handle.
[behavior_server-6] [INFO] [1788843055.497682917] [behavior_server]: Running spin
[behavior_server-6] [INFO] [1788843055.497727375] [behavior_server]: Turning -1.57 for spin behavior.
[behavior_server-6] [INFO] [1788843055.898578912] [behavior_server]: spin completed successfully
[planner_server-5] [WARN] [1788843055.916409191] [planner_server]: Cannot create a plan: the robot's start position is off the global costmap. Planning will always fail, are you sure the robot has been properly localized?
[planner_server-5] [WARN] [1788843055.916432066] [planner_server]: GridBased: failed to create plan with tolerance 0.50.
[planner_server-5] [WARN] [1788843055.916436775] [planner_server]: Planning algorithm GridBased failed to generate a valid path to (0.12, -0.79)
[planner_server-5] [WARN] [1788843055.916441816] [planner_server]: [compute_path_to_pose] [ActionServer] Aborting handle.
[controller_server-3] [INFO] [1788843055.936093816] [local_costmap.local_costmap]: Received request to clear entirely the local_costmap
[planner_server-5] [INFO] [1788843055.936569069] [global_costmap.global_costmap]: Received request to clear entirely the global_costmap
[planner_server-5] [WARN] [1788843056.383858816] [nav2_costmap_2d]: Robot is out of bounds of the costmap!
[planner_server-5] [WARN] [1788843056.384187859] [global_costmap.global_costmap]: Sensor origin at (0.14, -0.49) is out of map bounds (-5.87, -0.41) to (0.07, 6.24). The costmap cannot raytrace for it.
[planner_server-5] [WARN] [1788843056.389916437] [planner_server]: Cannot create a plan: the robot's start position is off the global costmap. Planning will always fail, are you sure the robot has been properly localized?
[planner_server-5] [WARN] [1788843056.389937271] [planner_server]: GridBased: failed to create plan with tolerance 0.50.
[planner_server-5] [WARN] [1788843056.389942312] [planner_server]: Planning algorithm GridBased failed to generate a valid path to (0.12, -0.79)
[planner_server-5] [WARN] [1788843056.389948896] [planner_server]: [compute_path_to_pose] [ActionServer] Aborting handle.
[behavior_server-6] [INFO] [1788843056.405712537] [behavior_server]: Running backup
[planner_server-5] [WARN] [1788843057.384551606] [nav2_costmap_2d]: Robot is out of bounds of the costmap!
[planner_server-5] [WARN] [1788843057.384579689] [global_costmap.global_costmap]: Sensor origin at (0.14, -0.49) is out of map bounds (-5.87, -0.41) to (0.07, 6.24). The costmap cannot raytrace for it.
[planner_server-5] [WARN] [1788843058.383219050] [nav2_costmap_2d]: Robot is out of bounds of the costmap!
[planner_server-5] [WARN] [1788843058.383580802] [global_costmap.global_costmap]: Sensor origin at (0.14, -0.49) is out of map bounds (-5.87, -0.41) to (0.07, 6.24). The costmap cannot raytrace for it.
[behavior_server-6] [WARN] [1788843059.006079450] [behavior_server]: Exceeded time allowance before reaching the DriveOnHeading goal - Exiting DriveOnHeading
[behavior_server-6] [WARN] [1788843059.006110825] [behavior_server]: backup failed
[behavior_server-6] [WARN] [1788843059.006116325] [behavior_server]: [backup] [ActionServer] Aborting handle.
[behavior_server-6] [INFO] [1788843059.015370508] [behavior_server]: Running spin
[behavior_server-6] [INFO] [1788843059.015408092] [behavior_server]: Turning 1.57 for spin behavior.
[planner_server-5] [WARN] [1788843059.383698089] [nav2_costmap_2d]: Robot is out of bounds of the costmap!
[planner_server-5] [WARN] [1788843059.383728839] [global_costmap.global_costmap]: Sensor origin at (0.14, -0.49) is out of map bounds (-5.87, -0.41) to (0.07, 6.24). The costmap cannot raytrace for it.
[behavior_server-6] [INFO] [1788843059.418014265] [behavior_server]: spin completed successfully
[planner_server-5] [WARN] [1788843059.447910829] [planner_server]: Cannot create a plan: the robot's start position is off the global costmap. Planning will always fail, are you sure the robot has been properly localized?
[planner_server-5] [WARN] [1788843059.447937579] [planner_server]: GridBased: failed to create plan with tolerance 0.50.
[planner_server-5] [WARN] [1788843059.447942204] [planner_server]: Planning algorithm GridBased failed to generate a valid path to (0.12, -0.79)
[planner_server-5] [WARN] [1788843059.447947287] [planner_server]: [compute_path_to_pose] [ActionServer] Aborting handle.
[behavior_server-6] [INFO] [1788843059.467290451] [behavior_server]: Running spin
[behavior_server-6] [INFO] [1788843059.467322952] [behavior_server]: Turning -1.57 for spin behavior.
[behavior_server-6] [INFO] [1788843059.868998451] [behavior_server]: spin completed successfully
[planner_server-5] [WARN] [1788843059.896136832] [planner_server]: Cannot create a plan: the robot's start position is off the global costmap. Planning will always fail, are you sure the robot has been properly localized?
[planner_server-5] [WARN] [1788843059.896164040] [planner_server]: GridBased: failed to create plan with tolerance 0.50.
[planner_server-5] [WARN] [1788843059.896168998] [planner_server]: Planning algorithm GridBased failed to generate a valid path to (0.12, -0.79)
[planner_server-5] [WARN] [1788843059.896174290] [planner_server]: [compute_path_to_pose] [ActionServer] Aborting handle.
[controller_server-3] [INFO] [1788843059.916717837] [local_costmap.local_costmap]: Received request to clear entirely the local_costmap
[planner_server-5] [INFO] [1788843059.917164465] [global_costmap.global_costmap]: Received request to clear entirely the global_costmap
[planner_server-5] [WARN] [1788843060.383460332] [nav2_costmap_2d]: Robot is out of bounds of the costmap!
[planner_server-5] [WARN] [1788843060.383761959] [global_costmap.global_costmap]: Sensor origin at (0.14, -0.49) is out of map bounds (-5.87, -0.41) to (0.07, 6.24). The costmap cannot raytrace for it.
[planner_server-5] [WARN] [1788843060.390432001] [planner_server]: Cannot create a plan: the robot's start position is off the global costmap. Planning will always fail, are you sure the robot has been properly localized?
[planner_server-5] [WARN] [1788843060.390456001] [planner_server]: GridBased: failed to create plan with tolerance 0.50.
[planner_server-5] [WARN] [1788843060.390460834] [planner_server]: Planning algorithm GridBased failed to generate a valid path to (0.12, -0.79)
[planner_server-5] [WARN] [1788843060.390467043] [planner_server]: [compute_path_to_pose] [ActionServer] Aborting handle.
[behavior_server-6] [INFO] [1788843060.405193886] [behavior_server]: Running backup
[planner_server-5] [WARN] [1788843061.383421409] [nav2_costmap_2d]: Robot is out of bounds of the costmap!
[planner_server-5] [WARN] [1788843061.383452826] [global_costmap.global_costmap]: Sensor origin at (0.14, -0.49) is out of map bounds (-5.87, -0.41) to (0.07, 6.24). The costmap cannot raytrace for it.
[planner_server-5] [WARN] [1788843062.383173194] [nav2_costmap_2d]: Robot is out of bounds of the costmap!
[planner_server-5] [WARN] [1788843062.384024282] [global_costmap.global_costmap]: Sensor origin at (0.14, -0.49) is out of map bounds (-5.87, -0.41) to (0.07, 6.24). The costmap cannot raytrace for it.
[behavior_server-6] [WARN] [1788843063.005365881] [behavior_server]: Exceeded time allowance before reaching the DriveOnHeading goal - Exiting DriveOnHeading
[behavior_server-6] [WARN] [1788843063.005407089] [behavior_server]: backup failed
[behavior_server-6] [WARN] [1788843063.005416339] [behavior_server]: [backup] [ActionServer] Aborting handle.
[behavior_server-6] [INFO] [1788843063.028027232] [behavior_server]: Running spin
[behavior_server-6] [INFO] [1788843063.028070107] [behavior_server]: Turning 1.57 for spin behavior.
[planner_server-5] [WARN] [1788843063.386438458] [nav2_costmap_2d]: Robot is out of bounds of the costmap!
[planner_server-5] [WARN] [1788843063.386461917] [global_costmap.global_costmap]: Sensor origin at (0.14, -0.49) is out of map bounds (-5.87, -0.41) to (0.07, 6.24). The costmap cannot raytrace for it.
[behavior_server-6] [INFO] [1788843063.432029539] [behavior_server]: spin completed successfully
[planner_server-5] [WARN] [1788843063.456748403] [planner_server]: Cannot create a plan: the robot's start position is off the global costmap. Planning will always fail, are you sure the robot has been properly localized?
[planner_server-5] [WARN] [1788843063.456777195] [planner_server]: GridBased: failed to create plan with tolerance 0.50.
[planner_server-5] [WARN] [1788843063.456782320] [planner_server]: Planning algorithm GridBased failed to generate a valid path to (0.12, -0.79)
[planner_server-5] [WARN] [1788843063.456787445] [planner_server]: [compute_path_to_pose] [ActionServer] Aborting handle.
[bt_navigator-7] [WARN] [1788843063.485674336] [bt_navigator]: [navigate_to_pose] [ActionServer] Aborting handle.
[bt_navigator-7] [ERROR] [1788843063.485752254] [bt_navigator]: Goal failed
[WARN] [1788843063.486367924] [candidate_explorer]: Return-home recovery move 'forward-left' failed; retrying home before the next direction.
[bt_navigator-7] [INFO] [1788843064.181283196] [bt_navigator]: Begin navigating from current location (0.14, -0.49) to (-0.01, -0.01)
[planner_server-5] [WARN] [1788843064.181520823] [planner_server]: Cannot create a plan: the robot's start position is off the global costmap. Planning will always fail, are you sure the robot has been properly localized?
[planner_server-5] [WARN] [1788843064.181544406] [planner_server]: GridBased: failed to create plan with tolerance 0.50.
[planner_server-5] [WARN] [1788843064.181549531] [planner_server]: Planning algorithm GridBased failed to generate a valid path to (-0.01, -0.01)
[planner_server-5] [WARN] [1788843064.181554740] [planner_server]: [compute_path_to_pose] [ActionServer] Aborting handle.
[behavior_server-6] [INFO] [1788843064.193311106] [behavior_server]: Running spin
[behavior_server-6] [INFO] [1788843064.193346064] [behavior_server]: Turning -1.57 for spin behavior.
[planner_server-5] [WARN] [1788843064.384622275] [nav2_costmap_2d]: Robot is out of bounds of the costmap!
[planner_server-5] [WARN] [1788843064.384958652] [global_costmap.global_costmap]: Sensor origin at (0.14, -0.49) is out of map bounds (-5.87, -0.41) to (0.07, 6.24). The costmap cannot raytrace for it.
[behavior_server-6] [INFO] [1788843064.596346948] [behavior_server]: spin completed successfully
[planner_server-5] [WARN] [1788843064.623612162] [planner_server]: Cannot create a plan: the robot's start position is off the global costmap. Planning will always fail, are you sure the robot has been properly localized?
[planner_server-5] [WARN] [1788843064.623639245] [planner_server]: GridBased: failed to create plan with tolerance 0.50.
[planner_server-5] [WARN] [1788843064.623643912] [planner_server]: Planning algorithm GridBased failed to generate a valid path to (-0.01, -0.01)
[planner_server-5] [WARN] [1788843064.623648745] [planner_server]: [compute_path_to_pose] [ActionServer] Aborting handle.
[controller_server-3] [INFO] [1788843064.642327947] [local_costmap.local_costmap]: Received request to clear entirely the local_costmap
[planner_server-5] [INFO] [1788843064.642769325] [global_costmap.global_costmap]: Received request to clear entirely the global_costmap
[planner_server-5] [WARN] [1788843065.384796228] [nav2_costmap_2d]: Robot is out of bounds of the costmap!
[planner_server-5] [WARN] [1788843065.384829937] [global_costmap.global_costmap]: Sensor origin at (0.14, -0.49) is out of map bounds (-5.87, -0.41) to (0.07, 6.24). The costmap cannot raytrace for it.
[planner_server-5] [WARN] [1788843065.394682207] [planner_server]: Cannot create a plan: the robot's start position is off the global costmap. Planning will always fail, are you sure the robot has been properly localized?
[planner_server-5] [WARN] [1788843065.394696083] [planner_server]: GridBased: failed to create plan with tolerance 0.50.
[planner_server-5] [WARN] [1788843065.394700791] [planner_server]: Planning algorithm GridBased failed to generate a valid path to (-0.01, -0.01)
[planner_server-5] [WARN] [1788843065.394707291] [planner_server]: [compute_path_to_pose] [ActionServer] Aborting handle.
[behavior_server-6] [INFO] [1788843065.414793960] [behavior_server]: Running backup
[planner_server-5] [WARN] [1788843066.384202302] [nav2_costmap_2d]: Robot is out of bounds of the costmap!
[planner_server-5] [WARN] [1788843066.384601180] [global_costmap.global_costmap]: Sensor origin at (0.14, -0.49) is out of map bounds (-5.87, -0.41) to (0.07, 6.24). The costmap cannot raytrace for it.
[planner_server-5] [WARN] [1788843067.383189582] [nav2_costmap_2d]: Robot is out of bounds of the costmap!
[planner_server-5] [WARN] [1788843067.383211540] [global_costmap.global_costmap]: Sensor origin at (0.14, -0.49) is out of map bounds (-5.87, -0.41) to (0.07, 6.24). The costmap cannot raytrace for it.
[behavior_server-6] [WARN] [1788843068.015764293] [behavior_server]: Exceeded time allowance before reaching the DriveOnHeading goal - Exiting DriveOnHeading
[behavior_server-6] [WARN] [1788843068.015796751] [behavior_server]: backup failed
[behavior_server-6] [WARN] [1788843068.015803418] [behavior_server]: [backup] [ActionServer] Aborting handle.
[behavior_server-6] [INFO] [1788843068.033244237] [behavior_server]: Running spin
[behavior_server-6] [INFO] [1788843068.033283903] [behavior_server]: Turning 1.57 for spin behavior.
[planner_server-5] [WARN] [1788843068.383152117] [nav2_costmap_2d]: Robot is out of bounds of the costmap!
[planner_server-5] [WARN] [1788843068.383464536] [global_costmap.global_costmap]: Sensor origin at (0.14, -0.49) is out of map bounds (-5.87, -0.41) to (0.07, 6.24). The costmap cannot raytrace for it.
[behavior_server-6] [INFO] [1788843068.437726504] [behavior_server]: spin completed successfully
[planner_server-5] [WARN] [1788843068.463431459] [planner_server]: Cannot create a plan: the robot's start position is off the global costmap. Planning will always fail, are you sure the robot has been properly localized?
[planner_server-5] [WARN] [1788843068.463456334] [planner_server]: GridBased: failed to create plan with tolerance 0.50.
[planner_server-5] [WARN] [1788843068.463461250] [planner_server]: Planning algorithm GridBased failed to generate a valid path to (-0.01, -0.01)
[planner_server-5] [WARN] [1788843068.463466501] [planner_server]: [compute_path_to_pose] [ActionServer] Aborting handle.
[behavior_server-6] [INFO] [1788843068.482550705] [behavior_server]: Running spin
[behavior_server-6] [INFO] [1788843068.482584788] [behavior_server]: Turning -1.57 for spin behavior.
[behavior_server-6] [INFO] [1788843068.884749458] [behavior_server]: spin completed successfully
[planner_server-5] [WARN] [1788843068.902196235] [planner_server]: Cannot create a plan: the robot's start position is off the global costmap. Planning will always fail, are you sure the robot has been properly localized?
[planner_server-5] [WARN] [1788843068.902221110] [planner_server]: GridBased: failed to create plan with tolerance 0.50.
[planner_server-5] [WARN] [1788843068.902225652] [planner_server]: Planning algorithm GridBased failed to generate a valid path to (-0.01, -0.01)
[planner_server-5] [WARN] [1788843068.902230735] [planner_server]: [compute_path_to_pose] [ActionServer] Aborting handle.
[controller_server-3] [INFO] [1788843068.924464626] [local_costmap.local_costmap]: Received request to clear entirely the local_costmap
[planner_server-5] [INFO] [1788843068.924683211] [global_costmap.global_costmap]: Received request to clear entirely the global_costmap
[planner_server-5] [WARN] [1788843069.383265279] [nav2_costmap_2d]: Robot is out of bounds of the costmap!
[planner_server-5] [WARN] [1788843069.383284362] [global_costmap.global_costmap]: Sensor origin at (0.14, -0.49) is out of map bounds (-5.87, -0.41) to (0.07, 6.24). The costmap cannot raytrace for it.
[planner_server-5] [WARN] [1788843069.388320561] [planner_server]: Cannot create a plan: the robot's start position is off the global costmap. Planning will always fail, are you sure the robot has been properly localized?
[planner_server-5] [WARN] [1788843069.388341436] [planner_server]: GridBased: failed to create plan with tolerance 0.50.
[planner_server-5] [WARN] [1788843069.388346353] [planner_server]: Planning algorithm GridBased failed to generate a valid path to (-0.01, -0.01)
[planner_server-5] [WARN] [1788843069.388353186] [planner_server]: [compute_path_to_pose] [ActionServer] Aborting handle.
[behavior_server-6] [INFO] [1788843069.403606074] [behavior_server]: Running backup
[planner_server-5] [WARN] [1788843070.386406460] [nav2_costmap_2d]: Robot is out of bounds of the costmap!
[planner_server-5] [WARN] [1788843070.386768420] [global_costmap.global_costmap]: Sensor origin at (0.14, -0.49) is out of map bounds (-5.87, -0.41) to (0.07, 6.24). The costmap cannot raytrace for it.
[planner_server-5] [WARN] [1788843071.386234495] [nav2_costmap_2d]: Robot is out of bounds of the costmap!
[planner_server-5] [WARN] [1788843071.386261661] [global_costmap.global_costmap]: Sensor origin at (0.14, -0.49) is out of map bounds (-5.87, -0.41) to (0.07, 6.24). The costmap cannot raytrace for it.
[behavior_server-6] [WARN] [1788843072.004149946] [behavior_server]: Exceeded time allowance before reaching the DriveOnHeading goal - Exiting DriveOnHeading
[behavior_server-6] [WARN] [1788843072.004187363] [behavior_server]: backup failed
[behavior_server-6] [WARN] [1788843072.004195447] [behavior_server]: [backup] [ActionServer] Aborting handle.
[behavior_server-6] [INFO] [1788843072.023679361] [behavior_server]: Running spin
[behavior_server-6] [INFO] [1788843072.023719903] [behavior_server]: Turning 1.57 for spin behavior.
[planner_server-5] [WARN] [1788843072.384013975] [nav2_costmap_2d]: Robot is out of bounds of the costmap!
[planner_server-5] [WARN] [1788843072.384317018] [global_costmap.global_costmap]: Sensor origin at (0.14, -0.49) is out of map bounds (-5.87, -0.41) to (0.07, 6.24). The costmap cannot raytrace for it.
[behavior_server-6] [INFO] [1788843072.424715482] [behavior_server]: spin completed successfully
[planner_server-5] [WARN] [1788843072.443766395] [planner_server]: Cannot create a plan: the robot's start position is off the global costmap. Planning will always fail, are you sure the robot has been properly localized?
[planner_server-5] [WARN] [1788843072.443793103] [planner_server]: GridBased: failed to create plan with tolerance 0.50.
[planner_server-5] [WARN] [1788843072.443798186] [planner_server]: Planning algorithm GridBased failed to generate a valid path to (-0.01, -0.01)
[planner_server-5] [WARN] [1788843072.443803312] [planner_server]: [compute_path_to_pose] [ActionServer] Aborting handle.
[bt_navigator-7] [WARN] [1788843072.471524487] [bt_navigator]: [navigate_to_pose] [ActionServer] Aborting handle.
[bt_navigator-7] [ERROR] [1788843072.471616321] [bt_navigator]: Goal failed
[INFO] [1788843072.472383784] [candidate_explorer]: return-home goal finished, success=False
[WARN] [1788843072.472732411] [candidate_explorer]: Nav2 could not reach home. Trying recovery direction 3/8 before retrying home.
[INFO] [1788843072.473018913] [candidate_explorer]: Return-home recovery move 3/8: left, 0.3 m
[bt_navigator-7] [INFO] [1788843072.473573083] [bt_navigator]: Begin navigating from current location (0.14, -0.49) to (0.36, -0.69)
[planner_server-5] [WARN] [1788843072.473875210] [planner_server]: Cannot create a plan: the robot's start position is off the global costmap. Planning will always fail, are you sure the robot has been properly localized?
[planner_server-5] [WARN] [1788843072.473899502] [planner_server]: GridBased: failed to create plan with tolerance 0.50.
[planner_server-5] [WARN] [1788843072.473904669] [planner_server]: Planning algorithm GridBased failed to generate a valid path to (0.36, -0.69)
[planner_server-5] [WARN] [1788843072.473909752] [planner_server]: [compute_path_to_pose] [ActionServer] Aborting handle.
[behavior_server-6] [INFO] [1788843072.488030008] [behavior_server]: Running spin
[behavior_server-6] [INFO] [1788843072.488062717] [behavior_server]: Turning -1.57 for spin behavior.
[behavior_server-6] [INFO] [1788843072.888188248] [behavior_server]: spin completed successfully
[planner_server-5] [WARN] [1788843072.915772923] [planner_server]: Cannot create a plan: the robot's start position is off the global costmap. Planning will always fail, are you sure the robot has been properly localized?
[planner_server-5] [WARN] [1788843072.915798715] [planner_server]: GridBased: failed to create plan with tolerance 0.50.
[planner_server-5] [WARN] [1788843072.915803381] [planner_server]: Planning algorithm GridBased failed to generate a valid path to (0.36, -0.69)
[planner_server-5] [WARN] [1788843072.915808215] [planner_server]: [compute_path_to_pose] [ActionServer] Aborting handle.
[controller_server-3] [INFO] [1788843072.934811335] [local_costmap.local_costmap]: Received request to clear entirely the local_costmap
[planner_server-5] [INFO] [1788843072.935207754] [global_costmap.global_costmap]: Received request to clear entirely the global_costmap
[planner_server-5] [WARN] [1788843073.383245464] [nav2_costmap_2d]: Robot is out of bounds of the costmap!
[planner_server-5] [WARN] [1788843073.383264339] [global_costmap.global_costmap]: Sensor origin at (0.14, -0.49) is out of map bounds (-5.87, -0.41) to (0.07, 6.24). The costmap cannot raytrace for it.
[planner_server-5] [WARN] [1788843073.386093441] [planner_server]: Cannot create a plan: the robot's start position is off the global costmap. Planning will always fail, are you sure the robot has been properly localized?
[planner_server-5] [WARN] [1788843073.386283233] [planner_server]: GridBased: failed to create plan with tolerance 0.50.
[planner_server-5] [WARN] [1788843073.386289359] [planner_server]: Planning algorithm GridBased failed to generate a valid path to (0.36, -0.69)
[planner_server-5] [WARN] [1788843073.386295692] [planner_server]: [compute_path_to_pose] [ActionServer] Aborting handle.
[behavior_server-6] [INFO] [1788843073.404272847] [behavior_server]: Running backup
[planner_server-5] [WARN] [1788843074.383834962] [nav2_costmap_2d]: Robot is out of bounds of the costmap!
[planner_server-5] [WARN] [1788843074.384234840] [global_costmap.global_costmap]: Sensor origin at (0.14, -0.49) is out of map bounds (-5.87, -0.41) to (0.07, 6.24). The costmap cannot raytrace for it.
[planner_server-5] [WARN] [1788843075.383287995] [nav2_costmap_2d]: Robot is out of bounds of the costmap!
[planner_server-5] [WARN] [1788843075.383314162] [global_costmap.global_costmap]: Sensor origin at (0.14, -0.49) is out of map bounds (-5.87, -0.41) to (0.07, 6.24). The costmap cannot raytrace for it.
[behavior_server-6] [WARN] [1788843076.005762100] [behavior_server]: Exceeded time allowance before reaching the DriveOnHeading goal - Exiting DriveOnHeading
[behavior_server-6] [WARN] [1788843076.005793475] [behavior_server]: backup failed
[behavior_server-6] [WARN] [1788843076.005799934] [behavior_server]: [backup] [ActionServer] Aborting handle.
[behavior_server-6] [INFO] [1788843076.006257895] [behavior_server]: Running spin
[behavior_server-6] [INFO] [1788843076.006295437] [behavior_server]: Turning 1.57 for spin behavior.
[planner_server-5] [WARN] [1788843076.386162674] [nav2_costmap_2d]: Robot is out of bounds of the costmap!
[planner_server-5] [WARN] [1788843076.386479759] [global_costmap.global_costmap]: Sensor origin at (0.14, -0.49) is out of map bounds (-5.87, -0.41) to (0.07, 6.24). The costmap cannot raytrace for it.
[behavior_server-6] [INFO] [1788843076.406755721] [behavior_server]: spin completed successfully
[planner_server-5] [WARN] [1788843076.435966947] [planner_server]: Cannot create a plan: the robot's start position is off the global costmap. Planning will always fail, are you sure the robot has been properly localized?
[planner_server-5] [WARN] [1788843076.435999656] [planner_server]: GridBased: failed to create plan with tolerance 0.50.
[planner_server-5] [WARN] [1788843076.436004614] [planner_server]: Planning algorithm GridBased failed to generate a valid path to (0.36, -0.69)
[planner_server-5] [WARN] [1788843076.436009281] [planner_server]: [compute_path_to_pose] [ActionServer] Aborting handle.
[behavior_server-6] [INFO] [1788843076.454990651] [behavior_server]: Running spin
[behavior_server-6] [INFO] [1788843076.455080568] [behavior_server]: Turning -1.57 for spin behavior.
[behavior_server-6] [INFO] [1788843076.857174029] [behavior_server]: spin completed successfully
[planner_server-5] [WARN] [1788843076.884481952] [planner_server]: Cannot create a plan: the robot's start position is off the global costmap. Planning will always fail, are you sure the robot has been properly localized?
[planner_server-5] [WARN] [1788843076.884519744] [planner_server]: GridBased: failed to create plan with tolerance 0.50.
[planner_server-5] [WARN] [1788843076.884528161] [planner_server]: Planning algorithm GridBased failed to generate a valid path to (0.36, -0.69)
[planner_server-5] [WARN] [1788843076.884532869] [planner_server]: [compute_path_to_pose] [ActionServer] Aborting handle.
[controller_server-3] [INFO] [1788843076.905249542] [local_costmap.local_costmap]: Received request to clear entirely the local_costmap
[planner_server-5] [INFO] [1788843076.905516502] [global_costmap.global_costmap]: Received request to clear entirely the global_costmap
[planner_server-5] [WARN] [1788843077.386374253] [nav2_costmap_2d]: Robot is out of bounds of the costmap!
[planner_server-5] [WARN] [1788843077.386413253] [global_costmap.global_costmap]: Sensor origin at (0.14, -0.49) is out of map bounds (-5.87, -0.41) to (0.07, 6.24). The costmap cannot raytrace for it.
[planner_server-5] [WARN] [1788843077.397392573] [planner_server]: Cannot create a plan: the robot's start position is off the global costmap. Planning will always fail, are you sure the robot has been properly localized?
[planner_server-5] [WARN] [1788843077.397420323] [planner_server]: GridBased: failed to create plan with tolerance 0.50.
[planner_server-5] [WARN] [1788843077.397425281] [planner_server]: Planning algorithm GridBased failed to generate a valid path to (0.36, -0.69)
[planner_server-5] [WARN] [1788843077.397432323] [planner_server]: [compute_path_to_pose] [ActionServer] Aborting handle.
[behavior_server-6] [INFO] [1788843077.406187295] [behavior_server]: Running backup
[planner_server-5] [WARN] [1788843078.383184242] [nav2_costmap_2d]: Robot is out of bounds of the costmap!
[planner_server-5] [WARN] [1788843078.383584286] [global_costmap.global_costmap]: Sensor origin at (0.14, -0.49) is out of map bounds (-5.87, -0.41) to (0.07, 6.24). The costmap cannot raytrace for it.
[planner_server-5] [WARN] [1788843079.385659612] [nav2_costmap_2d]: Robot is out of bounds of the costmap!
[planner_server-5] [WARN] [1788843079.385684612] [global_costmap.global_costmap]: Sensor origin at (0.14, -0.49) is out of map bounds (-5.87, -0.41) to (0.07, 6.24). The costmap cannot raytrace for it.
[behavior_server-6] [WARN] [1788843079.906335295] [behavior_server]: Exceeded time allowance before reaching the DriveOnHeading goal - Exiting DriveOnHeading
[behavior_server-6] [WARN] [1788843079.906367462] [behavior_server]: backup failed
[behavior_server-6] [WARN] [1788843079.906373545] [behavior_server]: [backup] [ActionServer] Aborting handle.
[behavior_server-6] [INFO] [1788843079.925623251] [behavior_server]: Running spin
[behavior_server-6] [INFO] [1788843079.925663085] [behavior_server]: Turning 1.57 for spin behavior.
[behavior_server-6] [INFO] [1788843080.327178219] [behavior_server]: spin completed successfully
[planner_server-5] [WARN] [1788843080.355587608] [planner_server]: Cannot create a plan: the robot's start position is off the global costmap. Planning will always fail, are you sure the robot has been properly localized?
[planner_server-5] [WARN] [1788843080.355615941] [planner_server]: GridBased: failed to create plan with tolerance 0.50.
[planner_server-5] [WARN] [1788843080.355620650] [planner_server]: Planning algorithm GridBased failed to generate a valid path to (0.36, -0.69)
[planner_server-5] [WARN] [1788843080.355625442] [planner_server]: [compute_path_to_pose] [ActionServer] Aborting handle.
[bt_navigator-7] [WARN] [1788843080.384014247] [bt_navigator]: [navigate_to_pose] [ActionServer] Aborting handle.
[bt_navigator-7] [ERROR] [1788843080.384119539] [bt_navigator]: Goal failed
[WARN] [1788843080.385093795] [candidate_explorer]: Return-home recovery move 'left' failed; retrying home before the next direction.
[planner_server-5] [WARN] [1788843080.385182046] [nav2_costmap_2d]: Robot is out of bounds of the costmap!
[planner_server-5] [WARN] [1788843080.385494548] [global_costmap.global_costmap]: Sensor origin at (0.14, -0.49) is out of map bounds (-5.87, -0.41) to (0.07, 6.24). The costmap cannot raytrace for it.
[bt_navigator-7] [INFO] [1788843080.930989764] [bt_navigator]: Begin navigating from current location (0.14, -0.49) to (-0.01, -0.01)
[planner_server-5] [WARN] [1788843080.931244474] [planner_server]: Cannot create a plan: the robot's start position is off the global costmap. Planning will always fail, are you sure the robot has been properly localized?
[planner_server-5] [WARN] [1788843080.931266224] [planner_server]: GridBased: failed to create plan with tolerance 0.50.
[planner_server-5] [WARN] [1788843080.931271099] [planner_server]: Planning algorithm GridBased failed to generate a valid path to (-0.01, -0.01)
[planner_server-5] [WARN] [1788843080.931275599] [planner_server]: [compute_path_to_pose] [ActionServer] Aborting handle.
[behavior_server-6] [INFO] [1788843080.951543978] [behavior_server]: Running spin
[behavior_server-6] [INFO] [1788843080.951581103] [behavior_server]: Turning -1.57 for spin behavior.
[behavior_server-6] [INFO] [1788843081.354509955] [behavior_server]: spin completed successfully
[planner_server-5] [WARN] [1788843081.372754238] [planner_server]: Cannot create a plan: the robot's start position is off the global costmap. Planning will always fail, are you sure the robot has been properly localized?
[planner_server-5] [WARN] [1788843081.372779905] [planner_server]: GridBased: failed to create plan with tolerance 0.50.
[planner_server-5] [WARN] [1788843081.372784613] [planner_server]: Planning algorithm GridBased failed to generate a valid path to (-0.01, -0.01)
[planner_server-5] [WARN] [1788843081.372789488] [planner_server]: [compute_path_to_pose] [ActionServer] Aborting handle.
[planner_server-5] [WARN] [1788843081.385313068] [nav2_costmap_2d]: Robot is out of bounds of the costmap!
[planner_server-5] [WARN] [1788843081.385329651] [global_costmap.global_costmap]: Sensor origin at (0.14, -0.49) is out of map bounds (-5.87, -0.41) to (0.07, 6.24). The costmap cannot raytrace for it.
[controller_server-3] [INFO] [1788843081.392548655] [local_costmap.local_costmap]: Received request to clear entirely the local_costmap
[planner_server-5] [INFO] [1788843081.392749781] [global_costmap.global_costmap]: Received request to clear entirely the global_costmap
[planner_server-5] [WARN] [1788843082.383349867] [nav2_costmap_2d]: Robot is out of bounds of the costmap!
[planner_server-5] [WARN] [1788843082.383639994] [global_costmap.global_costmap]: Sensor origin at (0.14, -0.49) is out of map bounds (-5.87, -0.41) to (0.07, 6.24). The costmap cannot raytrace for it.
[planner_server-5] [WARN] [1788843082.384673001] [planner_server]: Cannot create a plan: the robot's start position is off the global costmap. Planning will always fail, are you sure the robot has been properly localized?
[planner_server-5] [WARN] [1788843082.384685584] [planner_server]: GridBased: failed to create plan with tolerance 0.50.
[planner_server-5] [WARN] [1788843082.384689668] [planner_server]: Planning algorithm GridBased failed to generate a valid path to (-0.01, -0.01)
[planner_server-5] [WARN] [1788843082.384696251] [planner_server]: [compute_path_to_pose] [ActionServer] Aborting handle.
[behavior_server-6] [INFO] [1788843082.401447482] [behavior_server]: Running backup
[planner_server-5] [WARN] [1788843083.383476014] [nav2_costmap_2d]: Robot is out of bounds of the costmap!
[planner_server-5] [WARN] [1788843083.383498431] [global_costmap.global_costmap]: Sensor origin at (0.14, -0.49) is out of map bounds (-5.87, -0.41) to (0.07, 6.24). The costmap cannot raytrace for it.
[planner_server-5] [WARN] [1788843084.383680328] [nav2_costmap_2d]: Robot is out of bounds of the costmap!
[planner_server-5] [WARN] [1788843084.384057580] [global_costmap.global_costmap]: Sensor origin at (0.14, -0.49) is out of map bounds (-5.87, -0.41) to (0.07, 6.24). The costmap cannot raytrace for it.
[behavior_server-6] [WARN] [1788843085.003794018] [behavior_server]: Exceeded time allowance before reaching the DriveOnHeading goal - Exiting DriveOnHeading
[behavior_server-6] [WARN] [1788843085.003824685] [behavior_server]: backup failed
[behavior_server-6] [WARN] [1788843085.003830851] [behavior_server]: [backup] [ActionServer] Aborting handle.
[behavior_server-6] [INFO] [1788843085.014554836] [behavior_server]: Running spin
[behavior_server-6] [INFO] [1788843085.014593045] [behavior_server]: Turning 1.57 for spin behavior.
[planner_server-5] [WARN] [1788843085.384001267] [nav2_costmap_2d]: Robot is out of bounds of the costmap!
[planner_server-5] [WARN] [1788843085.384028017] [global_costmap.global_costmap]: Sensor origin at (0.14, -0.49) is out of map bounds (-5.87, -0.41) to (0.07, 6.24). The costmap cannot raytrace for it.
[behavior_server-6] [INFO] [1788843085.414961797] [behavior_server]: spin completed successfully
[planner_server-5] [WARN] [1788843085.442556139] [planner_server]: Cannot create a plan: the robot's start position is off the global costmap. Planning will always fail, are you sure the robot has been properly localized?
[planner_server-5] [WARN] [1788843085.442580264] [planner_server]: GridBased: failed to create plan with tolerance 0.50.
[planner_server-5] [WARN] [1788843085.442584889] [planner_server]: Planning algorithm GridBased failed to generate a valid path to (-0.01, -0.01)
[planner_server-5] [WARN] [1788843085.442589931] [planner_server]: [compute_path_to_pose] [ActionServer] Aborting handle.
[behavior_server-6] [INFO] [1788843085.461637427] [behavior_server]: Running spin
[behavior_server-6] [INFO] [1788843085.461674427] [behavior_server]: Turning -1.57 for spin behavior.
[behavior_server-6] [INFO] [1788843085.862999644] [behavior_server]: spin completed successfully
[planner_server-5] [WARN] [1788843085.882569060] [planner_server]: Cannot create a plan: the robot's start position is off the global costmap. Planning will always fail, are you sure the robot has been properly localized?
[planner_server-5] [WARN] [1788843085.882593852] [planner_server]: GridBased: failed to create plan with tolerance 0.50.
[planner_server-5] [WARN] [1788843085.882598352] [planner_server]: Planning algorithm GridBased failed to generate a valid path to (-0.01, -0.01)
[planner_server-5] [WARN] [1788843085.882603352] [planner_server]: [compute_path_to_pose] [ActionServer] Aborting handle.
[controller_server-3] [INFO] [1788843085.901337721] [local_costmap.local_costmap]: Received request to clear entirely the local_costmap
[planner_server-5] [INFO] [1788843085.901555306] [global_costmap.global_costmap]: Received request to clear entirely the global_costmap
[planner_server-5] [WARN] [1788843086.392361883] [nav2_costmap_2d]: Robot is out of bounds of the costmap!
[planner_server-5] [WARN] [1788843086.392687135] [global_costmap.global_costmap]: Sensor origin at (0.14, -0.49) is out of map bounds (-5.87, -0.41) to (0.07, 6.24). The costmap cannot raytrace for it.
[planner_server-5] [WARN] [1788843086.405125547] [planner_server]: Cannot create a plan: the robot's start position is off the global costmap. Planning will always fail, are you sure the robot has been properly localized?
[planner_server-5] [WARN] [1788843086.405147130] [planner_server]: GridBased: failed to create plan with tolerance 0.50.
[planner_server-5] [WARN] [1788843086.405152089] [planner_server]: Planning algorithm GridBased failed to generate a valid path to (-0.01, -0.01)
[planner_server-5] [WARN] [1788843086.405158506] [planner_server]: [compute_path_to_pose] [ActionServer] Aborting handle.
[behavior_server-6] [INFO] [1788843086.424692046] [behavior_server]: Running backup
[planner_server-5] [WARN] [1788843087.386436199] [nav2_costmap_2d]: Robot is out of bounds of the costmap!
[planner_server-5] [WARN] [1788843087.386459241] [global_costmap.global_costmap]: Sensor origin at (0.14, -0.49) is out of map bounds (-5.87, -0.41) to (0.07, 6.24). The costmap cannot raytrace for it.
[planner_server-5] [WARN] [1788843088.387282267] [nav2_costmap_2d]: Robot is out of bounds of the costmap!
[planner_server-5] [WARN] [1788843088.388069563] [global_costmap.global_costmap]: Sensor origin at (0.14, -0.49) is out of map bounds (-5.87, -0.41) to (0.07, 6.24). The costmap cannot raytrace for it.
[behavior_server-6] [WARN] [1788843089.024941610] [behavior_server]: Exceeded time allowance before reaching the DriveOnHeading goal - Exiting DriveOnHeading
[behavior_server-6] [WARN] [1788843089.025333529] [behavior_server]: backup failed
[behavior_server-6] [WARN] [1788843089.025342113] [behavior_server]: [backup] [ActionServer] Aborting handle.
[behavior_server-6] [INFO] [1788843089.043706604] [behavior_server]: Running spin
[behavior_server-6] [INFO] [1788843089.043743730] [behavior_server]: Turning 1.57 for spin behavior.
[planner_server-5] [WARN] [1788843089.383995142] [nav2_costmap_2d]: Robot is out of bounds of the costmap!
[planner_server-5] [WARN] [1788843089.384017767] [global_costmap.global_costmap]: Sensor origin at (0.14, -0.49) is out of map bounds (-5.87, -0.41) to (0.07, 6.24). The costmap cannot raytrace for it.
[behavior_server-6] [INFO] [1788843089.447394753] [behavior_server]: spin completed successfully
[planner_server-5] [WARN] [1788843089.473784462] [planner_server]: Cannot create a plan: the robot's start position is off the global costmap. Planning will always fail, are you sure the robot has been properly localized?
[planner_server-5] [WARN] [1788843089.473807962] [planner_server]: GridBased: failed to create plan with tolerance 0.50.
[planner_server-5] [WARN] [1788843089.473812421] [planner_server]: Planning algorithm GridBased failed to generate a valid path to (-0.01, -0.01)
[planner_server-5] [WARN] [1788843089.473817629] [planner_server]: [compute_path_to_pose] [ActionServer] Aborting handle.
[bt_navigator-7] [WARN] [1788843089.502571728] [bt_navigator]: [navigate_to_pose] [ActionServer] Aborting handle.
[bt_navigator-7] [ERROR] [1788843089.502637854] [bt_navigator]: Goal failed
[INFO] [1788843089.503620402] [candidate_explorer]: return-home goal finished, success=False
[WARN] [1788843089.503945820] [candidate_explorer]: Nav2 could not reach home. Trying recovery direction 4/8 before retrying home.
[INFO] [1788843089.504193822] [candidate_explorer]: Return-home recovery move 4/8: backward-left, 0.3 m
[bt_navigator-7] [INFO] [1788843089.504697033] [bt_navigator]: Begin navigating from current location (0.14, -0.49) to (0.43, -0.49)
[planner_server-5] [WARN] [1788843089.504964035] [planner_server]: Cannot create a plan: the robot's start position is off the global costmap. Planning will always fail, are you sure the robot has been properly localized?
[planner_server-5] [WARN] [1788843089.505017994] [planner_server]: GridBased: failed to create plan with tolerance 0.50.
[planner_server-5] [WARN] [1788843089.505023411] [planner_server]: Planning algorithm GridBased failed to generate a valid path to (0.43, -0.49)
[planner_server-5] [WARN] [1788843089.505028536] [planner_server]: [compute_path_to_pose] [ActionServer] Aborting handle.
[behavior_server-6] [INFO] [1788843089.527683638] [behavior_server]: Running spin
[behavior_server-6] [INFO] [1788843089.527726388] [behavior_server]: Turning -1.57 for spin behavior.
[behavior_server-6] [INFO] [1788843089.929462274] [behavior_server]: spin completed successfully
[planner_server-5] [WARN] [1788843089.957094200] [planner_server]: Cannot create a plan: the robot's start position is off the global costmap. Planning will always fail, are you sure the robot has been properly localized?
[planner_server-5] [WARN] [1788843089.957123367] [planner_server]: GridBased: failed to create plan with tolerance 0.50.
[planner_server-5] [WARN] [1788843089.957128658] [planner_server]: Planning algorithm GridBased failed to generate a valid path to (0.43, -0.49)
[planner_server-5] [WARN] [1788843089.957134325] [planner_server]: [compute_path_to_pose] [ActionServer] Aborting handle.
[controller_server-3] [INFO] [1788843089.975291440] [local_costmap.local_costmap]: Received request to clear entirely the local_costmap
[planner_server-5] [INFO] [1788843089.975500567] [global_costmap.global_costmap]: Received request to clear entirely the global_costmap
[planner_server-5] [WARN] [1788843090.384834459] [nav2_costmap_2d]: Robot is out of bounds of the costmap!
[planner_server-5] [WARN] [1788843090.385185545] [global_costmap.global_costmap]: Sensor origin at (0.14, -0.49) is out of map bounds (-5.87, -0.41) to (0.07, 6.24). The costmap cannot raytrace for it.
[planner_server-5] [WARN] [1788843090.386152343] [planner_server]: Cannot create a plan: the robot's start position is off the global costmap. Planning will always fail, are you sure the robot has been properly localized?
[planner_server-5] [WARN] [1788843090.386171551] [planner_server]: GridBased: failed to create plan with tolerance 0.50.
[planner_server-5] [WARN] [1788843090.386176218] [planner_server]: Planning algorithm GridBased failed to generate a valid path to (0.43, -0.49)
[planner_server-5] [WARN] [1788843090.386182301] [planner_server]: [compute_path_to_pose] [ActionServer] Aborting handle.
[behavior_server-6] [INFO] [1788843090.405269506] [behavior_server]: Running backup
[planner_server-5] [WARN] [1788843091.385790861] [nav2_costmap_2d]: Robot is out of bounds of the costmap!
[planner_server-5] [WARN] [1788843091.385814694] [global_costmap.global_costmap]: Sensor origin at (0.14, -0.49) is out of map bounds (-5.87, -0.41) to (0.07, 6.24). The costmap cannot raytrace for it.
[planner_server-5] [WARN] [1788843092.383299491] [nav2_costmap_2d]: Robot is out of bounds of the costmap!
[planner_server-5] [WARN] [1788843092.383658660] [global_costmap.global_costmap]: Sensor origin at (0.14, -0.49) is out of map bounds (-5.87, -0.41) to (0.07, 6.24). The costmap cannot raytrace for it.
[behavior_server-6] [WARN] [1788843093.005441361] [behavior_server]: Exceeded time allowance before reaching the DriveOnHeading goal - Exiting DriveOnHeading
[behavior_server-6] [WARN] [1788843093.005473444] [behavior_server]: backup failed
[behavior_server-6] [WARN] [1788843093.005480236] [behavior_server]: [backup] [ActionServer] Aborting handle.
[behavior_server-6] [INFO] [1788843093.016697516] [behavior_server]: Running spin
[behavior_server-6] [INFO] [1788843093.016772641] [behavior_server]: Turning 1.57 for spin behavior.
[planner_server-5] [WARN] [1788843093.383853932] [nav2_costmap_2d]: Robot is out of bounds of the costmap!
[planner_server-5] [WARN] [1788843093.383878140] [global_costmap.global_costmap]: Sensor origin at (0.14, -0.49) is out of map bounds (-5.87, -0.41) to (0.07, 6.24). The costmap cannot raytrace for it.
[behavior_server-6] [INFO] [1788843093.418573027] [behavior_server]: spin completed successfully
[planner_server-5] [WARN] [1788843093.445890868] [planner_server]: Cannot create a plan: the robot's start position is off the global costmap. Planning will always fail, are you sure the robot has been properly localized?
[planner_server-5] [WARN] [1788843093.445915659] [planner_server]: GridBased: failed to create plan with tolerance 0.50.
[planner_server-5] [WARN] [1788843093.445920243] [planner_server]: Planning algorithm GridBased failed to generate a valid path to (0.43, -0.49)
[planner_server-5] [WARN] [1788843093.445925035] [planner_server]: [compute_path_to_pose] [ActionServer] Aborting handle.
[behavior_server-6] [INFO] [1788843093.466132996] [behavior_server]: Running spin
[behavior_server-6] [INFO] [1788843093.466162080] [behavior_server]: Turning -1.57 for spin behavior.
[behavior_server-6] [INFO] [1788843093.868370635] [behavior_server]: spin completed successfully
[planner_server-5] [WARN] [1788843093.887448923] [planner_server]: Cannot create a plan: the robot's start position is off the global costmap. Planning will always fail, are you sure the robot has been properly localized?
[planner_server-5] [WARN] [1788843093.887472673] [planner_server]: GridBased: failed to create plan with tolerance 0.50.
[planner_server-5] [WARN] [1788843093.887477132] [planner_server]: Planning algorithm GridBased failed to generate a valid path to (0.43, -0.49)
[planner_server-5] [WARN] [1788843093.887481715] [planner_server]: [compute_path_to_pose] [ActionServer] Aborting handle.
[controller_server-3] [INFO] [1788843093.906384210] [local_costmap.local_costmap]: Received request to clear entirely the local_costmap
[planner_server-5] [INFO] [1788843093.906960797] [global_costmap.global_costmap]: Received request to clear entirely the global_costmap
[planner_server-5] [WARN] [1788843094.384466706] [nav2_costmap_2d]: Robot is out of bounds of the costmap!
[planner_server-5] [WARN] [1788843094.384777125] [global_costmap.global_costmap]: Sensor origin at (0.14, -0.49) is out of map bounds (-5.87, -0.41) to (0.07, 6.24). The costmap cannot raytrace for it.
[planner_server-5] [WARN] [1788843094.388148563] [planner_server]: Cannot create a plan: the robot's start position is off the global costmap. Planning will always fail, are you sure the robot has been properly localized?
[planner_server-5] [WARN] [1788843094.388170730] [planner_server]: GridBased: failed to create plan with tolerance 0.50.
[planner_server-5] [WARN] [1788843094.388176063] [planner_server]: Planning algorithm GridBased failed to generate a valid path to (0.43, -0.49)
[planner_server-5] [WARN] [1788843094.388201938] [planner_server]: [compute_path_to_pose] [ActionServer] Aborting handle.
[behavior_server-6] [INFO] [1788843094.406263470] [behavior_server]: Running backup
[planner_server-5] [WARN] [1788843095.383925724] [nav2_costmap_2d]: Robot is out of bounds of the costmap!
[planner_server-5] [WARN] [1788843095.383954724] [global_costmap.global_costmap]: Sensor origin at (0.14, -0.49) is out of map bounds (-5.87, -0.41) to (0.07, 6.24). The costmap cannot raytrace for it.
[planner_server-5] [WARN] [1788843096.383195740] [nav2_costmap_2d]: Robot is out of bounds of the costmap!
[planner_server-5] [WARN] [1788843096.383555617] [global_costmap.global_costmap]: Sensor origin at (0.14, -0.49) is out of map bounds (-5.87, -0.41) to (0.07, 6.24). The costmap cannot raytrace for it.
[behavior_server-6] [WARN] [1788843097.009640220] [behavior_server]: Exceeded time allowance before reaching the DriveOnHeading goal - Exiting DriveOnHeading
[behavior_server-6] [WARN] [1788843097.009684221] [behavior_server]: backup failed
[behavior_server-6] [WARN] [1788843097.009691304] [behavior_server]: [backup] [ActionServer] Aborting handle.
[behavior_server-6] [INFO] [1788843097.026687162] [behavior_server]: Running spin
[behavior_server-6] [INFO] [1788843097.026724245] [behavior_server]: Turning 1.57 for spin behavior.
[planner_server-5] [WARN] [1788843097.383573346] [nav2_costmap_2d]: Robot is out of bounds of the costmap!
[planner_server-5] [WARN] [1788843097.383594138] [global_costmap.global_costmap]: Sensor origin at (0.14, -0.49) is out of map bounds (-5.87, -0.41) to (0.07, 6.24). The costmap cannot raytrace for it.
[behavior_server-6] [INFO] [1788843097.428366881] [behavior_server]: spin completed successfully
[planner_server-5] [WARN] [1788843097.447705170] [planner_server]: Cannot create a plan: the robot's start position is off the global costmap. Planning will always fail, are you sure the robot has been properly localized?
[planner_server-5] [WARN] [1788843097.447729379] [planner_server]: GridBased: failed to create plan with tolerance 0.50.
[planner_server-5] [WARN] [1788843097.447733921] [planner_server]: Planning algorithm GridBased failed to generate a valid path to (0.43, -0.49)
[planner_server-5] [WARN] [1788843097.447738712] [planner_server]: [compute_path_to_pose] [ActionServer] Aborting handle.
[bt_navigator-7] [WARN] [1788843097.475323846] [bt_navigator]: [navigate_to_pose] [ActionServer] Aborting handle.
[bt_navigator-7] [ERROR] [1788843097.475441972] [bt_navigator]: Goal failed
[WARN] [1788843097.476273102] [candidate_explorer]: Return-home recovery move 'backward-left' failed; retrying home before the next direction.
[bt_navigator-7] [INFO] [1788843098.183915223] [bt_navigator]: Begin navigating from current location (0.14, -0.49) to (-0.01, -0.01)
[planner_server-5] [WARN] [1788843098.184468435] [planner_server]: Cannot create a plan: the robot's start position is off the global costmap. Planning will always fail, are you sure the robot has been properly localized?
[planner_server-5] [WARN] [1788843098.184493185] [planner_server]: GridBased: failed to create plan with tolerance 0.50.
[planner_server-5] [WARN] [1788843098.184498310] [planner_server]: Planning algorithm GridBased failed to generate a valid path to (-0.01, -0.01)
[planner_server-5] [WARN] [1788843098.184503727] [planner_server]: [compute_path_to_pose] [ActionServer] Aborting handle.
[behavior_server-6] [INFO] [1788843098.205417985] [behavior_server]: Running spin
[behavior_server-6] [INFO] [1788843098.205455944] [behavior_server]: Turning -1.57 for spin behavior.
[planner_server-5] [WARN] [1788843098.383167614] [nav2_costmap_2d]: Robot is out of bounds of the costmap!
[planner_server-5] [WARN] [1788843098.383490700] [global_costmap.global_costmap]: Sensor origin at (0.14, -0.49) is out of map bounds (-5.87, -0.41) to (0.07, 6.24). The costmap cannot raytrace for it.
[behavior_server-6] [INFO] [1788843098.605783737] [behavior_server]: spin completed successfully
[planner_server-5] [WARN] [1788843098.637990525] [planner_server]: Cannot create a plan: the robot's start position is off the global costmap. Planning will always fail, are you sure the robot has been properly localized?
[planner_server-5] [WARN] [1788843098.638016942] [planner_server]: GridBased: failed to create plan with tolerance 0.50.
[planner_server-5] [WARN] [1788843098.638021650] [planner_server]: Planning algorithm GridBased failed to generate a valid path to (-0.01, -0.01)
[planner_server-5] [WARN] [1788843098.638028484] [planner_server]: [compute_path_to_pose] [ActionServer] Aborting handle.
[controller_server-3] [INFO] [1788843098.656151599] [local_costmap.local_costmap]: Received request to clear entirely the local_costmap
[planner_server-5] [INFO] [1788843098.656504309] [global_costmap.global_costmap]: Received request to clear entirely the global_costmap
[planner_server-5] [WARN] [1788843099.383108968] [nav2_costmap_2d]: Robot is out of bounds of the costmap!
[planner_server-5] [WARN] [1788843099.383128010] [global_costmap.global_costmap]: Sensor origin at (0.14, -0.49) is out of map bounds (-5.87, -0.41) to (0.07, 6.24). The costmap cannot raytrace for it.
[planner_server-5] [WARN] [1788843099.389388716] [planner_server]: Cannot create a plan: the robot's start position is off the global costmap. Planning will always fail, are you sure the robot has been properly localized?
[planner_server-5] [WARN] [1788843099.389408341] [planner_server]: GridBased: failed to create plan with tolerance 0.50.
[planner_server-5] [WARN] [1788843099.389413300] [planner_server]: Planning algorithm GridBased failed to generate a valid path to (-0.01, -0.01)
[planner_server-5] [WARN] [1788843099.389419758] [planner_server]: [compute_path_to_pose] [ActionServer] Aborting handle.
[behavior_server-6] [INFO] [1788843099.405464152] [behavior_server]: Running backup
[planner_server-5] [WARN] [1788843100.385141168] [nav2_costmap_2d]: Robot is out of bounds of the costmap!
[planner_server-5] [WARN] [1788843100.385523046] [global_costmap.global_costmap]: Sensor origin at (0.14, -0.49) is out of map bounds (-5.87, -0.41) to (0.07, 6.24). The costmap cannot raytrace for it.
[planner_server-5] [WARN] [1788843101.384513477] [nav2_costmap_2d]: Robot is out of bounds of the costmap!
[planner_server-5] [WARN] [1788843101.384557852] [global_costmap.global_costmap]: Sensor origin at (0.14, -0.49) is out of map bounds (-5.87, -0.41) to (0.07, 6.24). The costmap cannot raytrace for it.
[behavior_server-6] [WARN] [1788843101.907092006] [behavior_server]: Exceeded time allowance before reaching the DriveOnHeading goal - Exiting DriveOnHeading
[behavior_server-6] [WARN] [1788843101.907123047] [behavior_server]: backup failed
[behavior_server-6] [WARN] [1788843101.907129506] [behavior_server]: [backup] [ActionServer] Aborting handle.
[behavior_server-6] [INFO] [1788843101.916455773] [behavior_server]: Running spin
[behavior_server-6] [INFO] [1788843101.916494774] [behavior_server]: Turning 1.57 for spin behavior.
[behavior_server-6] [INFO] [1788843102.316640608] [behavior_server]: spin completed successfully
[planner_server-5] [WARN] [1788843102.344402784] [planner_server]: Cannot create a plan: the robot's start position is off the global costmap. Planning will always fail, are you sure the robot has been properly localized?
[planner_server-5] [WARN] [1788843102.344432534] [planner_server]: GridBased: failed to create plan with tolerance 0.50.
[planner_server-5] [WARN] [1788843102.344437159] [planner_server]: Planning algorithm GridBased failed to generate a valid path to (-0.01, -0.01)
[planner_server-5] [WARN] [1788843102.344442284] [planner_server]: [compute_path_to_pose] [ActionServer] Aborting handle.
[behavior_server-6] [INFO] [1788843102.364754330] [behavior_server]: Running spin
[behavior_server-6] [INFO] [1788843102.364790414] [behavior_server]: Turning -1.57 for spin behavior.
[planner_server-5] [WARN] [1788843102.384395288] [nav2_costmap_2d]: Robot is out of bounds of the costmap!
[planner_server-5] [WARN] [1788843102.384702457] [global_costmap.global_costmap]: Sensor origin at (0.14, -0.49) is out of map bounds (-5.87, -0.41) to (0.07, 6.24). The costmap cannot raytrace for it.
[behavior_server-6] [INFO] [1788843102.766952094] [behavior_server]: spin completed successfully
[planner_server-5] [WARN] [1788843102.784468664] [planner_server]: Cannot create a plan: the robot's start position is off the global costmap. Planning will always fail, are you sure the robot has been properly localized?
[planner_server-5] [WARN] [1788843102.784492831] [planner_server]: GridBased: failed to create plan with tolerance 0.50.
[planner_server-5] [WARN] [1788843102.784497372] [planner_server]: Planning algorithm GridBased failed to generate a valid path to (-0.01, -0.01)
[planner_server-5] [WARN] [1788843102.784502081] [planner_server]: [compute_path_to_pose] [ActionServer] Aborting handle.
[controller_server-3] [INFO] [1788843102.805080836] [local_costmap.local_costmap]: Received request to clear entirely the local_costmap
[planner_server-5] [INFO] [1788843102.805536506] [global_costmap.global_costmap]: Received request to clear entirely the global_costmap
[planner_server-5] [WARN] [1788843103.384755103] [nav2_costmap_2d]: Robot is out of bounds of the costmap!
[planner_server-5] [WARN] [1788843103.384788562] [global_costmap.global_costmap]: Sensor origin at (0.14, -0.49) is out of map bounds (-5.87, -0.41) to (0.07, 6.24). The costmap cannot raytrace for it.
[planner_server-5] [WARN] [1788843103.387522621] [planner_server]: Cannot create a plan: the robot's start position is off the global costmap. Planning will always fail, are you sure the robot has been properly localized?
[planner_server-5] [WARN] [1788843103.387535787] [planner_server]: GridBased: failed to create plan with tolerance 0.50.
[planner_server-5] [WARN] [1788843103.387540204] [planner_server]: Planning algorithm GridBased failed to generate a valid path to (-0.01, -0.01)
[planner_server-5] [WARN] [1788843103.387546829] [planner_server]: [compute_path_to_pose] [ActionServer] Aborting handle.
[behavior_server-6] [INFO] [1788843103.404389061] [behavior_server]: Running backup
[planner_server-5] [WARN] [1788843104.385758755] [nav2_costmap_2d]: Robot is out of bounds of the costmap!
[planner_server-5] [WARN] [1788843104.386209425] [global_costmap.global_costmap]: Sensor origin at (0.14, -0.49) is out of map bounds (-5.87, -0.41) to (0.07, 6.24). The costmap cannot raytrace for it.
[planner_server-5] [WARN] [1788843105.383793513] [nav2_costmap_2d]: Robot is out of bounds of the costmap!
[planner_server-5] [WARN] [1788843105.383821722] [global_costmap.global_costmap]: Sensor origin at (0.14, -0.49) is out of map bounds (-5.87, -0.41) to (0.07, 6.24). The costmap cannot raytrace for it.
[behavior_server-6] [WARN] [1788843106.004643250] [behavior_server]: Exceeded time allowance before reaching the DriveOnHeading goal - Exiting DriveOnHeading
[behavior_server-6] [WARN] [1788843106.004672000] [behavior_server]: backup failed
[behavior_server-6] [WARN] [1788843106.004678000] [behavior_server]: [backup] [ActionServer] Aborting handle.
[behavior_server-6] [INFO] [1788843106.017185746] [behavior_server]: Running spin
[behavior_server-6] [INFO] [1788843106.017221663] [behavior_server]: Turning 1.57 for spin behavior.
[planner_server-5] [WARN] [1788843106.384258245] [nav2_costmap_2d]: Robot is out of bounds of the costmap!
[planner_server-5] [WARN] [1788843106.384555539] [global_costmap.global_costmap]: Sensor origin at (0.14, -0.49) is out of map bounds (-5.87, -0.41) to (0.07, 6.24). The costmap cannot raytrace for it.
[behavior_server-6] [INFO] [1788843106.417346622] [behavior_server]: spin completed successfully
[planner_server-5] [WARN] [1788843106.444438419] [planner_server]: Cannot create a plan: the robot's start position is off the global costmap. Planning will always fail, are you sure the robot has been properly localized?
[planner_server-5] [WARN] [1788843106.444461295] [planner_server]: GridBased: failed to create plan with tolerance 0.50.
[planner_server-5] [WARN] [1788843106.444465711] [planner_server]: Planning algorithm GridBased failed to generate a valid path to (-0.01, -0.01)
[planner_server-5] [WARN] [1788843106.444470378] [planner_server]: [compute_path_to_pose] [ActionServer] Aborting handle.
[bt_navigator-7] [WARN] [1788843106.474317651] [bt_navigator]: [navigate_to_pose] [ActionServer] Aborting handle.
[bt_navigator-7] [ERROR] [1788843106.474412026] [bt_navigator]: Goal failed
[INFO] [1788843106.475385783] [candidate_explorer]: return-home goal finished, success=False
[WARN] [1788843106.475769785] [candidate_explorer]: Nav2 could not reach home. Trying recovery direction 5/8 before retrying home.
[INFO] [1788843106.476037370] [candidate_explorer]: Return-home recovery move 5/8: backward, 0.3 m
[bt_navigator-7] [INFO] [1788843106.476570415] [bt_navigator]: Begin navigating from current location (0.14, -0.49) to (0.36, -0.29)
[planner_server-5] [WARN] [1788843106.476902959] [planner_server]: Cannot create a plan: the robot's start position is off the global costmap. Planning will always fail, are you sure the robot has been properly localized?
[planner_server-5] [WARN] [1788843106.476923709] [planner_server]: GridBased: failed to create plan with tolerance 0.50.
[planner_server-5] [WARN] [1788843106.476928459] [planner_server]: Planning algorithm GridBased failed to generate a valid path to (0.36, -0.29)
[planner_server-5] [WARN] [1788843106.476932876] [planner_server]: [compute_path_to_pose] [ActionServer] Aborting handle.
[behavior_server-6] [INFO] [1788843106.497388339] [behavior_server]: Running spin
[behavior_server-6] [INFO] [1788843106.497424131] [behavior_server]: Turning -1.57 for spin behavior.
[behavior_server-6] [INFO] [1788843106.901418823] [behavior_server]: spin completed successfully
[planner_server-5] [WARN] [1788843106.930054672] [planner_server]: Cannot create a plan: the robot's start position is off the global costmap. Planning will always fail, are you sure the robot has been properly localized?
[planner_server-5] [WARN] [1788843106.930075463] [planner_server]: GridBased: failed to create plan with tolerance 0.50.
[planner_server-5] [WARN] [1788843106.930079838] [planner_server]: Planning algorithm GridBased failed to generate a valid path to (0.36, -0.29)
[planner_server-5] [WARN] [1788843106.930084589] [planner_server]: [compute_path_to_pose] [ActionServer] Aborting handle.
[controller_server-3] [INFO] [1788843106.937100341] [local_costmap.local_costmap]: Received request to clear entirely the local_costmap
[planner_server-5] [INFO] [1788843106.937315259] [global_costmap.global_costmap]: Received request to clear entirely the global_costmap
[planner_server-5] [WARN] [1788843107.383177759] [nav2_costmap_2d]: Robot is out of bounds of the costmap!
[planner_server-5] [WARN] [1788843107.383196801] [global_costmap.global_costmap]: Sensor origin at (0.14, -0.49) is out of map bounds (-5.87, -0.41) to (0.07, 6.24). The costmap cannot raytrace for it.
[planner_server-5] [WARN] [1788843107.388315958] [planner_server]: Cannot create a plan: the robot's start position is off the global costmap. Planning will always fail, are you sure the robot has been properly localized?
[planner_server-5] [WARN] [1788843107.388655627] [planner_server]: GridBased: failed to create plan with tolerance 0.50.
[planner_server-5] [WARN] [1788843107.388662377] [planner_server]: Planning algorithm GridBased failed to generate a valid path to (0.36, -0.29)
[planner_server-5] [WARN] [1788843107.388668752] [planner_server]: [compute_path_to_pose] [ActionServer] Aborting handle.
[behavior_server-6] [INFO] [1788843107.397435308] [behavior_server]: Running backup
[planner_server-5] [WARN] [1788843108.384588497] [nav2_costmap_2d]: Robot is out of bounds of the costmap!
[planner_server-5] [WARN] [1788843108.384965666] [global_costmap.global_costmap]: Sensor origin at (0.14, -0.49) is out of map bounds (-5.87, -0.41) to (0.07, 6.24). The costmap cannot raytrace for it.
[planner_server-5] [WARN] [1788843109.386116361] [nav2_costmap_2d]: Robot is out of bounds of the costmap!
[planner_server-5] [WARN] [1788843109.386176945] [global_costmap.global_costmap]: Sensor origin at (0.14, -0.49) is out of map bounds (-5.87, -0.41) to (0.07, 6.24). The costmap cannot raytrace for it.
[behavior_server-6] [WARN] [1788843110.001259270] [behavior_server]: Exceeded time allowance before reaching the DriveOnHeading goal - Exiting DriveOnHeading
[behavior_server-6] [WARN] [1788843110.001292270] [behavior_server]: backup failed
[behavior_server-6] [WARN] [1788843110.001298270] [behavior_server]: [backup] [ActionServer] Aborting handle.
[behavior_server-6] [INFO] [1788843110.019148008] [behavior_server]: Running spin
[behavior_server-6] [INFO] [1788843110.019185717] [behavior_server]: Turning 1.57 for spin behavior.
[planner_server-5] [WARN] [1788843110.383179196] [nav2_costmap_2d]: Robot is out of bounds of the costmap!
[planner_server-5] [WARN] [1788843110.383471573] [global_costmap.global_costmap]: Sensor origin at (0.14, -0.49) is out of map bounds (-5.87, -0.41) to (0.07, 6.24). The costmap cannot raytrace for it.
[behavior_server-6] [INFO] [1788843110.420528934] [behavior_server]: spin completed successfully
[planner_server-5] [WARN] [1788843110.447638481] [planner_server]: Cannot create a plan: the robot's start position is off the global costmap. Planning will always fail, are you sure the robot has been properly localized?
[planner_server-5] [WARN] [1788843110.447663273] [planner_server]: GridBased: failed to create plan with tolerance 0.50.
[planner_server-5] [WARN] [1788843110.447668564] [planner_server]: Planning algorithm GridBased failed to generate a valid path to (0.36, -0.29)
[planner_server-5] [WARN] [1788843110.447673648] [planner_server]: [compute_path_to_pose] [ActionServer] Aborting handle.
[behavior_server-6] [INFO] [1788843110.467091521] [behavior_server]: Running spin
[behavior_server-6] [INFO] [1788843110.467123896] [behavior_server]: Turning -1.57 for spin behavior.
[behavior_server-6] [INFO] [1788843110.869113367] [behavior_server]: spin completed successfully
[planner_server-5] [WARN] [1788843110.897083212] [planner_server]: Cannot create a plan: the robot's start position is off the global costmap. Planning will always fail, are you sure the robot has been properly localized?
[planner_server-5] [WARN] [1788843110.897121629] [planner_server]: GridBased: failed to create plan with tolerance 0.50.
[planner_server-5] [WARN] [1788843110.897126712] [planner_server]: Planning algorithm GridBased failed to generate a valid path to (0.36, -0.29)
[planner_server-5] [WARN] [1788843110.897131504] [planner_server]: [compute_path_to_pose] [ActionServer] Aborting handle.
[controller_server-3] [INFO] [1788843110.917884927] [local_costmap.local_costmap]: Received request to clear entirely the local_costmap
[planner_server-5] [INFO] [1788843110.918345638] [global_costmap.global_costmap]: Received request to clear entirely the global_costmap
[planner_server-5] [WARN] [1788843111.386193236] [nav2_costmap_2d]: Robot is out of bounds of the costmap!
[planner_server-5] [WARN] [1788843111.386590697] [global_costmap.global_costmap]: Sensor origin at (0.14, -0.49) is out of map bounds (-5.87, -0.41) to (0.07, 6.24). The costmap cannot raytrace for it.
[planner_server-5] [WARN] [1788843111.391821564] [planner_server]: Cannot create a plan: the robot's start position is off the global costmap. Planning will always fail, are you sure the robot has been properly localized?
[planner_server-5] [WARN] [1788843111.391849064] [planner_server]: GridBased: failed to create plan with tolerance 0.50.
[planner_server-5] [WARN] [1788843111.391854230] [planner_server]: Planning algorithm GridBased failed to generate a valid path to (0.36, -0.29)
[planner_server-5] [WARN] [1788843111.391861022] [planner_server]: [compute_path_to_pose] [ActionServer] Aborting handle.
[behavior_server-6] [INFO] [1788843111.407162203] [behavior_server]: Running backup
[planner_server-5] [WARN] [1788843112.383185446] [nav2_costmap_2d]: Robot is out of bounds of the costmap!
[planner_server-5] [WARN] [1788843112.383529782] [global_costmap.global_costmap]: Sensor origin at (0.14, -0.49) is out of map bounds (-5.87, -0.41) to (0.07, 6.24). The costmap cannot raytrace for it.
[planner_server-5] [WARN] [1788843113.386266945] [nav2_costmap_2d]: Robot is out of bounds of the costmap!
[planner_server-5] [WARN] [1788843113.386291570] [global_costmap.global_costmap]: Sensor origin at (0.14, -0.49) is out of map bounds (-5.87, -0.41) to (0.07, 6.24). The costmap cannot raytrace for it.
[behavior_server-6] [WARN] [1788843114.007466475] [behavior_server]: Exceeded time allowance before reaching the DriveOnHeading goal - Exiting DriveOnHeading
[behavior_server-6] [WARN] [1788843114.007499517] [behavior_server]: backup failed
[behavior_server-6] [WARN] [1788843114.007506392] [behavior_server]: [backup] [ActionServer] Aborting handle.
[behavior_server-6] [INFO] [1788843114.008570857] [behavior_server]: Running spin
[behavior_server-6] [INFO] [1788843114.008607357] [behavior_server]: Turning 1.57 for spin behavior.
[planner_server-5] [WARN] [1788843114.384631247] [nav2_costmap_2d]: Robot is out of bounds of the costmap!
[planner_server-5] [WARN] [1788843114.384962832] [global_costmap.global_costmap]: Sensor origin at (0.14, -0.49) is out of map bounds (-5.87, -0.41) to (0.07, 6.24). The costmap cannot raytrace for it.
[behavior_server-6] [INFO] [1788843114.409581697] [behavior_server]: spin completed successfully
[planner_server-5] [WARN] [1788843114.438034628] [planner_server]: Cannot create a plan: the robot's start position is off the global costmap. Planning will always fail, are you sure the robot has been properly localized?
[planner_server-5] [WARN] [1788843114.438059961] [planner_server]: GridBased: failed to create plan with tolerance 0.50.
[planner_server-5] [WARN] [1788843114.438064628] [planner_server]: Planning algorithm GridBased failed to generate a valid path to (0.36, -0.29)
[planner_server-5] [WARN] [1788843114.438069795] [planner_server]: [compute_path_to_pose] [ActionServer] Aborting handle.
[bt_navigator-7] [WARN] [1788843114.467547607] [bt_navigator]: [navigate_to_pose] [ActionServer] Aborting handle.
[bt_navigator-7] [ERROR] [1788843114.467620941] [bt_navigator]: Goal failed
[WARN] [1788843114.468368279] [candidate_explorer]: Return-home recovery move 'backward' failed; retrying home before the next direction.
[bt_navigator-7] [INFO] [1788843115.183369322] [bt_navigator]: Begin navigating from current location (0.14, -0.49) to (-0.01, -0.01)
[planner_server-5] [WARN] [1788843115.183582990] [planner_server]: Cannot create a plan: the robot's start position is off the global costmap. Planning will always fail, are you sure the robot has been properly localized?
[planner_server-5] [WARN] [1788843115.183605032] [planner_server]: GridBased: failed to create plan with tolerance 0.50.
[planner_server-5] [WARN] [1788843115.183610115] [planner_server]: Planning algorithm GridBased failed to generate a valid path to (-0.01, -0.01)
[planner_server-5] [WARN] [1788843115.183615407] [planner_server]: [compute_path_to_pose] [ActionServer] Aborting handle.
[behavior_server-6] [INFO] [1788843115.206937055] [behavior_server]: Running spin
[behavior_server-6] [INFO] [1788843115.206983930] [behavior_server]: Turning -1.57 for spin behavior.
[planner_server-5] [WARN] [1788843115.385073437] [nav2_costmap_2d]: Robot is out of bounds of the costmap!
[planner_server-5] [WARN] [1788843115.385101229] [global_costmap.global_costmap]: Sensor origin at (0.14, -0.49) is out of map bounds (-5.87, -0.41) to (0.07, 6.24). The costmap cannot raytrace for it.
[behavior_server-6] [INFO] [1788843115.607080097] [behavior_server]: spin completed successfully
[planner_server-5] [WARN] [1788843115.633847851] [planner_server]: Cannot create a plan: the robot's start position is off the global costmap. Planning will always fail, are you sure the robot has been properly localized?
[planner_server-5] [WARN] [1788843115.633881643] [planner_server]: GridBased: failed to create plan with tolerance 0.50.
[planner_server-5] [WARN] [1788843115.633886351] [planner_server]: Planning algorithm GridBased failed to generate a valid path to (-0.01, -0.01)
[planner_server-5] [WARN] [1788843115.633891559] [planner_server]: [compute_path_to_pose] [ActionServer] Aborting handle.
[controller_server-3] [INFO] [1788843115.654503899] [local_costmap.local_costmap]: Received request to clear entirely the local_costmap
[planner_server-5] [INFO] [1788843115.654965735] [global_costmap.global_costmap]: Received request to clear entirely the global_costmap
[planner_server-5] [WARN] [1788843116.383390780] [nav2_costmap_2d]: Robot is out of bounds of the costmap!
[planner_server-5] [WARN] [1788843116.383724407] [global_costmap.global_costmap]: Sensor origin at (0.14, -0.49) is out of map bounds (-5.87, -0.41) to (0.07, 6.24). The costmap cannot raytrace for it.
[planner_server-5] [WARN] [1788843116.388512021] [planner_server]: Cannot create a plan: the robot's start position is off the global costmap. Planning will always fail, are you sure the robot has been properly localized?
[planner_server-5] [WARN] [1788843116.388525604] [planner_server]: GridBased: failed to create plan with tolerance 0.50.
[planner_server-5] [WARN] [1788843116.388530354] [planner_server]: Planning algorithm GridBased failed to generate a valid path to (-0.01, -0.01)
[planner_server-5] [WARN] [1788843116.388536813] [planner_server]: [compute_path_to_pose] [ActionServer] Aborting handle.
[behavior_server-6] [INFO] [1788843116.404540831] [behavior_server]: Running backup
[planner_server-5] [WARN] [1788843117.385427356] [nav2_costmap_2d]: Robot is out of bounds of the costmap!
[planner_server-5] [WARN] [1788843117.385446314] [global_costmap.global_costmap]: Sensor origin at (0.14, -0.49) is out of map bounds (-5.87, -0.41) to (0.07, 6.24). The costmap cannot raytrace for it.
[planner_server-5] [WARN] [1788843118.383768199] [nav2_costmap_2d]: Robot is out of bounds of the costmap!
[planner_server-5] [WARN] [1788843118.384261994] [global_costmap.global_costmap]: Sensor origin at (0.14, -0.49) is out of map bounds (-5.87, -0.41) to (0.07, 6.24). The costmap cannot raytrace for it.
[behavior_server-6] [WARN] [1788843119.004780437] [behavior_server]: Exceeded time allowance before reaching the DriveOnHeading goal - Exiting DriveOnHeading
[behavior_server-6] [WARN] [1788843119.004813395] [behavior_server]: backup failed
[behavior_server-6] [WARN] [1788843119.004820020] [behavior_server]: [backup] [ActionServer] Aborting handle.
[behavior_server-6] [INFO] [1788843119.025250775] [behavior_server]: Running spin
[behavior_server-6] [INFO] [1788843119.025288775] [behavior_server]: Turning 1.57 for spin behavior.
[planner_server-5] [WARN] [1788843119.383089090] [nav2_costmap_2d]: Robot is out of bounds of the costmap!
[planner_server-5] [WARN] [1788843119.383104590] [global_costmap.global_costmap]: Sensor origin at (0.14, -0.49) is out of map bounds (-5.87, -0.41) to (0.07, 6.24). The costmap cannot raytrace for it.
[behavior_server-6] [INFO] [1788843119.426117030] [behavior_server]: spin completed successfully
[planner_server-5] [WARN] [1788843119.443898643] [planner_server]: Cannot create a plan: the robot's start position is off the global costmap. Planning will always fail, are you sure the robot has been properly localized?
[planner_server-5] [WARN] [1788843119.443928435] [planner_server]: GridBased: failed to create plan with tolerance 0.50.
[planner_server-5] [WARN] [1788843119.443933435] [planner_server]: Planning algorithm GridBased failed to generate a valid path to (-0.01, -0.01)
[planner_server-5] [WARN] [1788843119.443938269] [planner_server]: [compute_path_to_pose] [ActionServer] Aborting handle.
[behavior_server-6] [INFO] [1788843119.465316530] [behavior_server]: Running spin
[behavior_server-6] [INFO] [1788843119.465352905] [behavior_server]: Turning -1.57 for spin behavior.
[behavior_server-6] [INFO] [1788843119.866078243] [behavior_server]: spin completed successfully
[planner_server-5] [WARN] [1788843119.885888702] [planner_server]: Cannot create a plan: the robot's start position is off the global costmap. Planning will always fail, are you sure the robot has been properly localized?
[planner_server-5] [WARN] [1788843119.885913660] [planner_server]: GridBased: failed to create plan with tolerance 0.50.
[planner_server-5] [WARN] [1788843119.885918535] [planner_server]: Planning algorithm GridBased failed to generate a valid path to (-0.01, -0.01)
[planner_server-5] [WARN] [1788843119.885923369] [planner_server]: [compute_path_to_pose] [ActionServer] Aborting handle.
[controller_server-3] [INFO] [1788843119.905342284] [local_costmap.local_costmap]: Received request to clear entirely the local_costmap
[planner_server-5] [INFO] [1788843119.905554535] [global_costmap.global_costmap]: Received request to clear entirely the global_costmap
[planner_server-5] [WARN] [1788843120.383248987] [nav2_costmap_2d]: Robot is out of bounds of the costmap!
[planner_server-5] [WARN] [1788843120.383557572] [global_costmap.global_costmap]: Sensor origin at (0.14, -0.49) is out of map bounds (-5.87, -0.41) to (0.07, 6.24). The costmap cannot raytrace for it.
[planner_server-5] [WARN] [1788843120.386116297] [planner_server]: Cannot create a plan: the robot's start position is off the global costmap. Planning will always fail, are you sure the robot has been properly localized?
[planner_server-5] [WARN] [1788843120.386311548] [planner_server]: GridBased: failed to create plan with tolerance 0.50.
[planner_server-5] [WARN] [1788843120.386317340] [planner_server]: Planning algorithm GridBased failed to generate a valid path to (-0.01, -0.01)
[planner_server-5] [WARN] [1788843120.386323965] [planner_server]: [compute_path_to_pose] [ActionServer] Aborting handle.
[behavior_server-6] [INFO] [1788843120.405937090] [behavior_server]: Running backup
[planner_server-5] [WARN] [1788843121.383766553] [nav2_costmap_2d]: Robot is out of bounds of the costmap!
[planner_server-5] [WARN] [1788843121.383800803] [global_costmap.global_costmap]: Sensor origin at (0.14, -0.49) is out of map bounds (-5.87, -0.41) to (0.07, 6.24). The costmap cannot raytrace for it.
[planner_server-5] [WARN] [1788843122.384446328] [nav2_costmap_2d]: Robot is out of bounds of the costmap!
[planner_server-5] [WARN] [1788843122.385126332] [global_costmap.global_costmap]: Sensor origin at (0.14, -0.49) is out of map bounds (-5.87, -0.41) to (0.07, 6.24). The costmap cannot raytrace for it.
[behavior_server-6] [WARN] [1788843122.906157434] [behavior_server]: Exceeded time allowance before reaching the DriveOnHeading goal - Exiting DriveOnHeading
[behavior_server-6] [WARN] [1788843122.906193435] [behavior_server]: backup failed
[behavior_server-6] [WARN] [1788843122.906200310] [behavior_server]: [backup] [ActionServer] Aborting handle.
[behavior_server-6] [INFO] [1788843122.926182395] [behavior_server]: Running spin
[behavior_server-6] [INFO] [1788843122.926231104] [behavior_server]: Turning 1.57 for spin behavior.
[behavior_server-6] [INFO] [1788843123.327488903] [behavior_server]: spin completed successfully
[planner_server-5] [WARN] [1788843123.355265246] [planner_server]: Cannot create a plan: the robot's start position is off the global costmap. Planning will always fail, are you sure the robot has been properly localized?
[planner_server-5] [WARN] [1788843123.355289955] [planner_server]: GridBased: failed to create plan with tolerance 0.50.
[planner_server-5] [WARN] [1788843123.355294955] [planner_server]: Planning algorithm GridBased failed to generate a valid path to (-0.01, -0.01)
[planner_server-5] [WARN] [1788843123.355299872] [planner_server]: [compute_path_to_pose] [ActionServer] Aborting handle.
[planner_server-5] [WARN] [1788843123.384374765] [nav2_costmap_2d]: Robot is out of bounds of the costmap!
[planner_server-5] [WARN] [1788843123.384392932] [global_costmap.global_costmap]: Sensor origin at (0.14, -0.49) is out of map bounds (-5.87, -0.41) to (0.07, 6.24). The costmap cannot raytrace for it.
[bt_navigator-7] [WARN] [1788843123.387377950] [bt_navigator]: [navigate_to_pose] [ActionServer] Aborting handle.
[bt_navigator-7] [ERROR] [1788843123.387617535] [bt_navigator]: Goal failed
[INFO] [1788843123.388344623] [candidate_explorer]: return-home goal finished, success=False
[WARN] [1788843123.388677625] [candidate_explorer]: Nav2 could not reach home. Trying recovery direction 6/8 before retrying home.
[INFO] [1788843123.388922752] [candidate_explorer]: Return-home recovery move 6/8: backward-right, 0.3 m
[bt_navigator-7] [INFO] [1788843123.389391713] [bt_navigator]: Begin navigating from current location (0.14, -0.49) to (0.17, -0.20)
[planner_server-5] [WARN] [1788843123.389693174] [planner_server]: Cannot create a plan: the robot's start position is off the global costmap. Planning will always fail, are you sure the robot has been properly localized?
[planner_server-5] [WARN] [1788843123.389707965] [planner_server]: GridBased: failed to create plan with tolerance 0.50.
[planner_server-5] [WARN] [1788843123.389712174] [planner_server]: Planning algorithm GridBased failed to generate a valid path to (0.17, -0.20)
[planner_server-5] [WARN] [1788843123.389716799] [planner_server]: [compute_path_to_pose] [ActionServer] Aborting handle.
[behavior_server-6] [INFO] [1788843123.409772343] [behavior_server]: Running spin
[behavior_server-6] [INFO] [1788843123.409811343] [behavior_server]: Turning -1.57 for spin behavior.
[behavior_server-6] [INFO] [1788843123.812402651] [behavior_server]: spin completed successfully
[planner_server-5] [WARN] [1788843123.831731857] [planner_server]: Cannot create a plan: the robot's start position is off the global costmap. Planning will always fail, are you sure the robot has been properly localized?
[planner_server-5] [WARN] [1788843123.831757857] [planner_server]: GridBased: failed to create plan with tolerance 0.50.
[planner_server-5] [WARN] [1788843123.831762857] [planner_server]: Planning algorithm GridBased failed to generate a valid path to (0.17, -0.20)
[planner_server-5] [WARN] [1788843123.831768024] [planner_server]: [compute_path_to_pose] [ActionServer] Aborting handle.
[controller_server-3] [INFO] [1788843123.852048111] [local_costmap.local_costmap]: Received request to clear entirely the local_costmap
[planner_server-5] [INFO] [1788843123.852446864] [global_costmap.global_costmap]: Received request to clear entirely the global_costmap
[planner_server-5] [WARN] [1788843124.384483411] [nav2_costmap_2d]: Robot is out of bounds of the costmap!
[planner_server-5] [WARN] [1788843124.384796788] [global_costmap.global_costmap]: Sensor origin at (0.14, -0.49) is out of map bounds (-5.87, -0.41) to (0.07, 6.24). The costmap cannot raytrace for it.
[planner_server-5] [WARN] [1788843124.386404798] [planner_server]: Cannot create a plan: the robot's start position is off the global costmap. Planning will always fail, are you sure the robot has been properly localized?
[planner_server-5] [WARN] [1788843124.386423965] [planner_server]: GridBased: failed to create plan with tolerance 0.50.
[planner_server-5] [WARN] [1788843124.386429049] [planner_server]: Planning algorithm GridBased failed to generate a valid path to (0.17, -0.20)
[planner_server-5] [WARN] [1788843124.386436257] [planner_server]: [compute_path_to_pose] [ActionServer] Aborting handle.
[behavior_server-6] [INFO] [1788843124.400949474] [behavior_server]: Running backup
[planner_server-5] [WARN] [1788843125.385075144] [nav2_costmap_2d]: Robot is out of bounds of the costmap!
[planner_server-5] [WARN] [1788843125.385106144] [global_costmap.global_costmap]: Sensor origin at (0.14, -0.49) is out of map bounds (-5.87, -0.41) to (0.07, 6.24). The costmap cannot raytrace for it.
[planner_server-5] [WARN] [1788843126.385939878] [nav2_costmap_2d]: Robot is out of bounds of the costmap!
[planner_server-5] [WARN] [1788843126.386368590] [global_costmap.global_costmap]: Sensor origin at (0.14, -0.49) is out of map bounds (-5.87, -0.41) to (0.07, 6.24). The costmap cannot raytrace for it.
[behavior_server-6] [WARN] [1788843127.003327051] [behavior_server]: Exceeded time allowance before reaching the DriveOnHeading goal - Exiting DriveOnHeading
[behavior_server-6] [WARN] [1788843127.003359510] [behavior_server]: backup failed
[behavior_server-6] [WARN] [1788843127.003366093] [behavior_server]: [backup] [ActionServer] Aborting handle.
[behavior_server-6] [INFO] [1788843127.019703280] [behavior_server]: Running spin
[behavior_server-6] [INFO] [1788843127.019738947] [behavior_server]: Turning 1.57 for spin behavior.
[planner_server-5] [WARN] [1788843127.385033602] [nav2_costmap_2d]: Robot is out of bounds of the costmap!
[planner_server-5] [WARN] [1788843127.385052102] [global_costmap.global_costmap]: Sensor origin at (0.14, -0.49) is out of map bounds (-5.87, -0.41) to (0.07, 6.24). The costmap cannot raytrace for it.
[behavior_server-6] [INFO] [1788843127.424201184] [behavior_server]: spin completed successfully
[planner_server-5] [WARN] [1788843127.450219141] [planner_server]: Cannot create a plan: the robot's start position is off the global costmap. Planning will always fail, are you sure the robot has been properly localized?
[planner_server-5] [WARN] [1788843127.450470518] [planner_server]: GridBased: failed to create plan with tolerance 0.50.
[planner_server-5] [WARN] [1788843127.450477101] [planner_server]: Planning algorithm GridBased failed to generate a valid path to (0.17, -0.20)
[planner_server-5] [WARN] [1788843127.450482184] [planner_server]: [compute_path_to_pose] [ActionServer] Aborting handle.
[behavior_server-6] [INFO] [1788843127.471340775] [behavior_server]: Running spin
[behavior_server-6] [INFO] [1788843127.471381525] [behavior_server]: Turning -1.57 for spin behavior.
[behavior_server-6] [INFO] [1788843127.874323002] [behavior_server]: spin completed successfully
[planner_server-5] [WARN] [1788843127.901517634] [planner_server]: Cannot create a plan: the robot's start position is off the global costmap. Planning will always fail, are you sure the robot has been properly localized?
[planner_server-5] [WARN] [1788843127.901557217] [planner_server]: GridBased: failed to create plan with tolerance 0.50.
[planner_server-5] [WARN] [1788843127.901561925] [planner_server]: Planning algorithm GridBased failed to generate a valid path to (0.17, -0.20)
[planner_server-5] [WARN] [1788843127.901566634] [planner_server]: [compute_path_to_pose] [ActionServer] Aborting handle.
[controller_server-3] [INFO] [1788843127.922495517] [local_costmap.local_costmap]: Received request to clear entirely the local_costmap
[planner_server-5] [INFO] [1788843127.922954061] [global_costmap.global_costmap]: Received request to clear entirely the global_costmap
[planner_server-5] [WARN] [1788843128.387484471] [nav2_costmap_2d]: Robot is out of bounds of the costmap!
[planner_server-5] [WARN] [1788843128.387793432] [global_costmap.global_costmap]: Sensor origin at (0.14, -0.49) is out of map bounds (-5.87, -0.41) to (0.07, 6.24). The costmap cannot raytrace for it.
[planner_server-5] [WARN] [1788843128.393945304] [planner_server]: Cannot create a plan: the robot's start position is off the global costmap. Planning will always fail, are you sure the robot has been properly localized?
[planner_server-5] [WARN] [1788843128.393962804] [planner_server]: GridBased: failed to create plan with tolerance 0.50.
[planner_server-5] [WARN] [1788843128.393968054] [planner_server]: Planning algorithm GridBased failed to generate a valid path to (0.17, -0.20)
[planner_server-5] [WARN] [1788843128.393980721] [planner_server]: [compute_path_to_pose] [ActionServer] Aborting handle.
[behavior_server-6] [INFO] [1788843128.413300469] [behavior_server]: Running backup
[planner_server-5] [WARN] [1788843129.383684093] [nav2_costmap_2d]: Robot is out of bounds of the costmap!
[planner_server-5] [WARN] [1788843129.383705885] [global_costmap.global_costmap]: Sensor origin at (0.14, -0.49) is out of map bounds (-5.87, -0.41) to (0.07, 6.24). The costmap cannot raytrace for it.
[planner_server-5] [WARN] [1788843130.383745572] [nav2_costmap_2d]: Robot is out of bounds of the costmap!
[planner_server-5] [WARN] [1788843130.384107741] [global_costmap.global_costmap]: Sensor origin at (0.14, -0.49) is out of map bounds (-5.87, -0.41) to (0.07, 6.24). The costmap cannot raytrace for it.
[behavior_server-6] [WARN] [1788843131.016741094] [behavior_server]: Exceeded time allowance before reaching the DriveOnHeading goal - Exiting DriveOnHeading
[behavior_server-6] [WARN] [1788843131.016769720] [behavior_server]: backup failed
[behavior_server-6] [WARN] [1788843131.016776220] [behavior_server]: [backup] [ActionServer] Aborting handle.
[behavior_server-6] [INFO] [1788843131.032599570] [behavior_server]: Running spin
[behavior_server-6] [INFO] [1788843131.032654279] [behavior_server]: Turning 1.57 for spin behavior.
[planner_server-5] [WARN] [1788843131.383198923] [nav2_costmap_2d]: Robot is out of bounds of the costmap!
[planner_server-5] [WARN] [1788843131.383217006] [global_costmap.global_costmap]: Sensor origin at (0.14, -0.49) is out of map bounds (-5.87, -0.41) to (0.07, 6.24). The costmap cannot raytrace for it.
[behavior_server-6] [INFO] [1788843131.432849405] [behavior_server]: spin completed successfully
[planner_server-5] [WARN] [1788843131.462133091] [planner_server]: Cannot create a plan: the robot's start position is off the global costmap. Planning will always fail, are you sure the robot has been properly localized?
[planner_server-5] [WARN] [1788843131.462160800] [planner_server]: GridBased: failed to create plan with tolerance 0.50.
[planner_server-5] [WARN] [1788843131.462165800] [planner_server]: Planning algorithm GridBased failed to generate a valid path to (0.17, -0.20)
[planner_server-5] [WARN] [1788843131.462170591] [planner_server]: [compute_path_to_pose] [ActionServer] Aborting handle.
[bt_navigator-7] [WARN] [1788843131.490268687] [bt_navigator]: [navigate_to_pose] [ActionServer] Aborting handle.
[bt_navigator-7] [ERROR] [1788843131.490605439] [bt_navigator]: Goal failed
[WARN] [1788843131.491329485] [candidate_explorer]: Return-home recovery move 'backward-right' failed; retrying home before the next direction.
[bt_navigator-7] [INFO] [1788843132.182276000] [bt_navigator]: Begin navigating from current location (0.14, -0.49) to (-0.01, -0.01)
[planner_server-5] [WARN] [1788843132.182497502] [planner_server]: Cannot create a plan: the robot's start position is off the global costmap. Planning will always fail, are you sure the robot has been properly localized?
[planner_server-5] [WARN] [1788843132.182519210] [planner_server]: GridBased: failed to create plan with tolerance 0.50.
[planner_server-5] [WARN] [1788843132.182524127] [planner_server]: Planning algorithm GridBased failed to generate a valid path to (-0.01, -0.01)
[planner_server-5] [WARN] [1788843132.182529294] [planner_server]: [compute_path_to_pose] [ActionServer] Aborting handle.
[behavior_server-6] [INFO] [1788843132.205731191] [behavior_server]: Running spin
[behavior_server-6] [INFO] [1788843132.205776900] [behavior_server]: Turning -1.57 for spin behavior.
[planner_server-5] [WARN] [1788843132.385822627] [nav2_costmap_2d]: Robot is out of bounds of the costmap!
[planner_server-5] [WARN] [1788843132.386140712] [global_costmap.global_costmap]: Sensor origin at (0.14, -0.49) is out of map bounds (-5.87, -0.41) to (0.07, 6.24). The costmap cannot raytrace for it.
[behavior_server-6] [INFO] [1788843132.606240361] [behavior_server]: spin completed successfully
[planner_server-5] [WARN] [1788843132.634963418] [planner_server]: Cannot create a plan: the robot's start position is off the global costmap. Planning will always fail, are you sure the robot has been properly localized?
[planner_server-5] [WARN] [1788843132.634992085] [planner_server]: GridBased: failed to create plan with tolerance 0.50.
[planner_server-5] [WARN] [1788843132.634996877] [planner_server]: Planning algorithm GridBased failed to generate a valid path to (-0.01, -0.01)
[planner_server-5] [WARN] [1788843132.635001960] [planner_server]: [compute_path_to_pose] [ActionServer] Aborting handle.
[controller_server-3] [INFO] [1788843132.652734781] [local_costmap.local_costmap]: Received request to clear entirely the local_costmap
[planner_server-5] [INFO] [1788843132.653156242] [global_costmap.global_costmap]: Received request to clear entirely the global_costmap
[planner_server-5] [WARN] [1788843133.385863065] [nav2_costmap_2d]: Robot is out of bounds of the costmap!
[planner_server-5] [WARN] [1788843133.385881981] [global_costmap.global_costmap]: Sensor origin at (0.14, -0.49) is out of map bounds (-5.87, -0.41) to (0.07, 6.24). The costmap cannot raytrace for it.
[planner_server-5] [WARN] [1788843133.394500494] [planner_server]: Cannot create a plan: the robot's start position is off the global costmap. Planning will always fail, are you sure the robot has been properly localized?
[planner_server-5] [WARN] [1788843133.394524953] [planner_server]: GridBased: failed to create plan with tolerance 0.50.
[planner_server-5] [WARN] [1788843133.394530620] [planner_server]: Planning algorithm GridBased failed to generate a valid path to (-0.01, -0.01)
[planner_server-5] [WARN] [1788843133.394537328] [planner_server]: [compute_path_to_pose] [ActionServer] Aborting handle.
[behavior_server-6] [INFO] [1788843133.414049869] [behavior_server]: Running backup
[planner_server-5] [WARN] [1788843134.384255492] [nav2_costmap_2d]: Robot is out of bounds of the costmap!
[planner_server-5] [WARN] [1788843134.384662494] [global_costmap.global_costmap]: Sensor origin at (0.14, -0.49) is out of map bounds (-5.87, -0.41) to (0.07, 6.24). The costmap cannot raytrace for it.
[planner_server-5] [WARN] [1788843135.384033594] [nav2_costmap_2d]: Robot is out of bounds of the costmap!
[planner_server-5] [WARN] [1788843135.384053386] [global_costmap.global_costmap]: Sensor origin at (0.14, -0.49) is out of map bounds (-5.87, -0.41) to (0.07, 6.24). The costmap cannot raytrace for it.
[behavior_server-6] [WARN] [1788843136.014860478] [behavior_server]: Exceeded time allowance before reaching the DriveOnHeading goal - Exiting DriveOnHeading
[behavior_server-6] [WARN] [1788843136.014888853] [behavior_server]: backup failed
[behavior_server-6] [WARN] [1788843136.014894936] [behavior_server]: [backup] [ActionServer] Aborting handle.
[behavior_server-6] [INFO] [1788843136.025674671] [behavior_server]: Running spin
[behavior_server-6] [INFO] [1788843136.025711213] [behavior_server]: Turning 1.57 for spin behavior.
[planner_server-5] [WARN] [1788843136.383121609] [nav2_costmap_2d]: Robot is out of bounds of the costmap!
[planner_server-5] [WARN] [1788843136.383417945] [global_costmap.global_costmap]: Sensor origin at (0.14, -0.49) is out of map bounds (-5.87, -0.41) to (0.07, 6.24). The costmap cannot raytrace for it.
[behavior_server-6] [INFO] [1788843136.428305271] [behavior_server]: spin completed successfully
[planner_server-5] [WARN] [1788843136.454190853] [planner_server]: Cannot create a plan: the robot's start position is off the global costmap. Planning will always fail, are you sure the robot has been properly localized?
[planner_server-5] [WARN] [1788843136.454212978] [planner_server]: GridBased: failed to create plan with tolerance 0.50.
[planner_server-5] [WARN] [1788843136.454217603] [planner_server]: Planning algorithm GridBased failed to generate a valid path to (-0.01, -0.01)
[planner_server-5] [WARN] [1788843136.454222769] [planner_server]: [compute_path_to_pose] [ActionServer] Aborting handle.
[behavior_server-6] [INFO] [1788843136.475382154] [behavior_server]: Running spin
[behavior_server-6] [INFO] [1788843136.475451529] [behavior_server]: Turning -1.57 for spin behavior.
[behavior_server-6] [INFO] [1788843136.876771621] [behavior_server]: spin completed successfully
[planner_server-5] [WARN] [1788843136.903124205] [planner_server]: Cannot create a plan: the robot's start position is off the global costmap. Planning will always fail, are you sure the robot has been properly localized?
[planner_server-5] [WARN] [1788843136.903149205] [planner_server]: GridBased: failed to create plan with tolerance 0.50.
[planner_server-5] [WARN] [1788843136.903154330] [planner_server]: Planning algorithm GridBased failed to generate a valid path to (-0.01, -0.01)
[planner_server-5] [WARN] [1788843136.903159414] [planner_server]: [compute_path_to_pose] [ActionServer] Aborting handle.
[controller_server-3] [INFO] [1788843136.923595669] [local_costmap.local_costmap]: Received request to clear entirely the local_costmap
[planner_server-5] [INFO] [1788843136.924004588] [global_costmap.global_costmap]: Received request to clear entirely the global_costmap
[planner_server-5] [WARN] [1788843137.383143755] [nav2_costmap_2d]: Robot is out of bounds of the costmap!
[planner_server-5] [WARN] [1788843137.383164422] [global_costmap.global_costmap]: Sensor origin at (0.14, -0.49) is out of map bounds (-5.87, -0.41) to (0.07, 6.24). The costmap cannot raytrace for it.
[planner_server-5] [WARN] [1788843137.386007315] [planner_server]: Cannot create a plan: the robot's start position is off the global costmap. Planning will always fail, are you sure the robot has been properly localized?
[planner_server-5] [WARN] [1788843137.386203066] [planner_server]: GridBased: failed to create plan with tolerance 0.50.
[planner_server-5] [WARN] [1788843137.386349109] [planner_server]: Planning algorithm GridBased failed to generate a valid path to (-0.01, -0.01)
[planner_server-5] [WARN] [1788843137.386476693] [planner_server]: [compute_path_to_pose] [ActionServer] Aborting handle.
[behavior_server-6] [INFO] [1788843137.404163764] [behavior_server]: Running backup
[planner_server-5] [WARN] [1788843138.386567881] [nav2_costmap_2d]: Robot is out of bounds of the costmap!
[planner_server-5] [WARN] [1788843138.386950592] [global_costmap.global_costmap]: Sensor origin at (0.14, -0.49) is out of map bounds (-5.87, -0.41) to (0.07, 6.24). The costmap cannot raytrace for it.
[planner_server-5] [WARN] [1788843139.383173713] [nav2_costmap_2d]: Robot is out of bounds of the costmap!
[planner_server-5] [WARN] [1788843139.383759592] [global_costmap.global_costmap]: Sensor origin at (0.14, -0.49) is out of map bounds (-5.87, -0.41) to (0.07, 6.24). The costmap cannot raytrace for it.
[behavior_server-6] [WARN] [1788843139.904847695] [behavior_server]: Exceeded time allowance before reaching the DriveOnHeading goal - Exiting DriveOnHeading
[behavior_server-6] [WARN] [1788843139.904877653] [behavior_server]: backup failed
[behavior_server-6] [WARN] [1788843139.904883820] [behavior_server]: [backup] [ActionServer] Aborting handle.
[behavior_server-6] [INFO] [1788843139.915820848] [behavior_server]: Running spin
[behavior_server-6] [INFO] [1788843139.915854181] [behavior_server]: Turning 1.57 for spin behavior.
[behavior_server-6] [INFO] [1788843140.316111016] [behavior_server]: spin completed successfully
[planner_server-5] [WARN] [1788843140.345208160] [planner_server]: Cannot create a plan: the robot's start position is off the global costmap. Planning will always fail, are you sure the robot has been properly localized?
[planner_server-5] [WARN] [1788843140.345231785] [planner_server]: GridBased: failed to create plan with tolerance 0.50.
[planner_server-5] [WARN] [1788843140.345236493] [planner_server]: Planning algorithm GridBased failed to generate a valid path to (-0.01, -0.01)
[planner_server-5] [WARN] [1788843140.345241201] [planner_server]: [compute_path_to_pose] [ActionServer] Aborting handle.
[bt_navigator-7] [WARN] [1788843140.373944676] [bt_navigator]: [navigate_to_pose] [ActionServer] Aborting handle.
[bt_navigator-7] [ERROR] [1788843140.374101302] [bt_navigator]: Goal failed
[INFO] [1788843140.374579638] [candidate_explorer]: return-home goal finished, success=False
[WARN] [1788843140.374880806] [candidate_explorer]: Nav2 could not reach home. Trying recovery direction 7/8 before retrying home.
[INFO] [1788843140.375112475] [candidate_explorer]: Return-home recovery move 7/8: right, 0.3 m
[bt_navigator-7] [INFO] [1788843140.375531811] [bt_navigator]: Begin navigating from current location (0.14, -0.49) to (-0.04, -0.25)
[planner_server-5] [WARN] [1788843140.375757729] [planner_server]: Cannot create a plan: the robot's start position is off the global costmap. Planning will always fail, are you sure the robot has been properly localized?
[planner_server-5] [WARN] [1788843140.375776895] [planner_server]: GridBased: failed to create plan with tolerance 0.50.
[planner_server-5] [WARN] [1788843140.375781437] [planner_server]: Planning algorithm GridBased failed to generate a valid path to (-0.04, -0.25)
[planner_server-5] [WARN] [1788843140.375786146] [planner_server]: [compute_path_to_pose] [ActionServer] Aborting handle.
[planner_server-5] [WARN] [1788843140.385240331] [nav2_costmap_2d]: Robot is out of bounds of the costmap!
[planner_server-5] [WARN] [1788843140.385530832] [global_costmap.global_costmap]: Sensor origin at (0.14, -0.49) is out of map bounds (-5.87, -0.41) to (0.07, 6.24). The costmap cannot raytrace for it.
[behavior_server-6] [INFO] [1788843140.396323359] [behavior_server]: Running spin
[behavior_server-6] [INFO] [1788843140.396356776] [behavior_server]: Turning -1.57 for spin behavior.
[behavior_server-6] [INFO] [1788843140.797419908] [behavior_server]: spin completed successfully
[planner_server-5] [WARN] [1788843140.826357175] [planner_server]: Cannot create a plan: the robot's start position is off the global costmap. Planning will always fail, are you sure the robot has been properly localized?
[planner_server-5] [WARN] [1788843140.826382050] [planner_server]: GridBased: failed to create plan with tolerance 0.50.
[planner_server-5] [WARN] [1788843140.826386925] [planner_server]: Planning algorithm GridBased failed to generate a valid path to (-0.04, -0.25)
[planner_server-5] [WARN] [1788843140.826391967] [planner_server]: [compute_path_to_pose] [ActionServer] Aborting handle.
[controller_server-3] [INFO] [1788843140.847704436] [local_costmap.local_costmap]: Received request to clear entirely the local_costmap
[planner_server-5] [INFO] [1788843140.848207439] [global_costmap.global_costmap]: Received request to clear entirely the global_costmap
[planner_server-5] [WARN] [1788843141.386121440] [nav2_costmap_2d]: Robot is out of bounds of the costmap!
[planner_server-5] [WARN] [1788843141.386462192] [global_costmap.global_costmap]: Sensor origin at (0.14, -0.49) is out of map bounds (-5.87, -0.41) to (0.07, 6.24). The costmap cannot raytrace for it.
[planner_server-5] [WARN] [1788843141.391285598] [planner_server]: Cannot create a plan: the robot's start position is off the global costmap. Planning will always fail, are you sure the robot has been properly localized?
[planner_server-5] [WARN] [1788843141.391303598] [planner_server]: GridBased: failed to create plan with tolerance 0.50.
[planner_server-5] [WARN] [1788843141.391308473] [planner_server]: Planning algorithm GridBased failed to generate a valid path to (-0.04, -0.25)
[planner_server-5] [WARN] [1788843141.391314390] [planner_server]: [compute_path_to_pose] [ActionServer] Aborting handle.
[behavior_server-6] [INFO] [1788843141.406174609] [behavior_server]: Running backup
[planner_server-5] [WARN] [1788843142.383182192] [nav2_costmap_2d]: Robot is out of bounds of the costmap!
[planner_server-5] [WARN] [1788843142.383532944] [global_costmap.global_costmap]: Sensor origin at (0.14, -0.49) is out of map bounds (-5.87, -0.41) to (0.07, 6.24). The costmap cannot raytrace for it.
[planner_server-5] [WARN] [1788843143.383165713] [nav2_costmap_2d]: Robot is out of bounds of the costmap!
[planner_server-5] [WARN] [1788843143.383187005] [global_costmap.global_costmap]: Sensor origin at (0.14, -0.49) is out of map bounds (-5.87, -0.41) to (0.07, 6.24). The costmap cannot raytrace for it.
[behavior_server-6] [WARN] [1788843144.006361631] [behavior_server]: Exceeded time allowance before reaching the DriveOnHeading goal - Exiting DriveOnHeading
[behavior_server-6] [WARN] [1788843144.006398548] [behavior_server]: backup failed
[behavior_server-6] [WARN] [1788843144.006405673] [behavior_server]: [backup] [ActionServer] Aborting handle.
[behavior_server-6] [INFO] [1788843144.028586897] [behavior_server]: Running spin
[behavior_server-6] [INFO] [1788843144.028638648] [behavior_server]: Turning 1.57 for spin behavior.
[planner_server-5] [WARN] [1788843144.383182984] [nav2_costmap_2d]: Robot is out of bounds of the costmap!
[planner_server-5] [WARN] [1788843144.383491319] [global_costmap.global_costmap]: Sensor origin at (0.14, -0.49) is out of map bounds (-5.87, -0.41) to (0.07, 6.24). The costmap cannot raytrace for it.
[behavior_server-6] [INFO] [1788843144.431819334] [behavior_server]: spin completed successfully
[planner_server-5] [WARN] [1788843144.456138781] [planner_server]: Cannot create a plan: the robot's start position is off the global costmap. Planning will always fail, are you sure the robot has been properly localized?
[planner_server-5] [WARN] [1788843144.456163947] [planner_server]: GridBased: failed to create plan with tolerance 0.50.
[planner_server-5] [WARN] [1788843144.456168614] [planner_server]: Planning algorithm GridBased failed to generate a valid path to (-0.04, -0.25)
[planner_server-5] [WARN] [1788843144.456173572] [planner_server]: [compute_path_to_pose] [ActionServer] Aborting handle.
[behavior_server-6] [INFO] [1788843144.475888364] [behavior_server]: Running spin
[behavior_server-6] [INFO] [1788843144.475923115] [behavior_server]: Turning -1.57 for spin behavior.
[behavior_server-6] [INFO] [1788843144.876646661] [behavior_server]: spin completed successfully
[planner_server-5] [WARN] [1788843144.905910263] [planner_server]: Cannot create a plan: the robot's start position is off the global costmap. Planning will always fail, are you sure the robot has been properly localized?
[planner_server-5] [WARN] [1788843144.905937514] [planner_server]: GridBased: failed to create plan with tolerance 0.50.
[planner_server-5] [WARN] [1788843144.905942680] [planner_server]: Planning algorithm GridBased failed to generate a valid path to (-0.04, -0.25)
[planner_server-5] [WARN] [1788843144.905947597] [planner_server]: [compute_path_to_pose] [ActionServer] Aborting handle.
[controller_server-3] [INFO] [1788843144.926199684] [local_costmap.local_costmap]: Received request to clear entirely the local_costmap
[planner_server-5] [INFO] [1788843144.926615437] [global_costmap.global_costmap]: Received request to clear entirely the global_costmap
[planner_server-5] [WARN] [1788843145.386922445] [nav2_costmap_2d]: Robot is out of bounds of the costmap!
[planner_server-5] [WARN] [1788843145.387237613] [global_costmap.global_costmap]: Sensor origin at (0.14, -0.49) is out of map bounds (-5.87, -0.41) to (0.07, 6.24). The costmap cannot raytrace for it.
[planner_server-5] [WARN] [1788843145.389022542] [planner_server]: Cannot create a plan: the robot's start position is off the global costmap. Planning will always fail, are you sure the robot has been properly localized?
[planner_server-5] [WARN] [1788843145.389041792] [planner_server]: GridBased: failed to create plan with tolerance 0.50.
[planner_server-5] [WARN] [1788843145.389046750] [planner_server]: Planning algorithm GridBased failed to generate a valid path to (-0.04, -0.25)
[planner_server-5] [WARN] [1788843145.389052917] [planner_server]: [compute_path_to_pose] [ActionServer] Aborting handle.
[behavior_server-6] [INFO] [1788843145.407521951] [behavior_server]: Running backup
[planner_server-5] [WARN] [1788843146.383136941] [nav2_costmap_2d]: Robot is out of bounds of the costmap!
[planner_server-5] [WARN] [1788843146.383895863] [global_costmap.global_costmap]: Sensor origin at (0.14, -0.49) is out of map bounds (-5.87, -0.41) to (0.07, 6.24). The costmap cannot raytrace for it.
[planner_server-5] [WARN] [1788843147.386011689] [nav2_costmap_2d]: Robot is out of bounds of the costmap!
[planner_server-5] [WARN] [1788843147.386384858] [global_costmap.global_costmap]: Sensor origin at (0.14, -0.49) is out of map bounds (-5.87, -0.41) to (0.07, 6.24). The costmap cannot raytrace for it.
[behavior_server-6] [WARN] [1788843147.908057714] [behavior_server]: Exceeded time allowance before reaching the DriveOnHeading goal - Exiting DriveOnHeading
[behavior_server-6] [WARN] [1788843147.908096548] [behavior_server]: backup failed
[behavior_server-6] [WARN] [1788843147.908102923] [behavior_server]: [backup] [ActionServer] Aborting handle.
[behavior_server-6] [INFO] [1788843147.927249711] [behavior_server]: Running spin
[behavior_server-6] [INFO] [1788843147.927286961] [behavior_server]: Turning 1.57 for spin behavior.
[behavior_server-6] [INFO] [1788843148.329418267] [behavior_server]: spin completed successfully
[planner_server-5] [WARN] [1788843148.355959477] [planner_server]: Cannot create a plan: the robot's start position is off the global costmap. Planning will always fail, are you sure the robot has been properly localized?
[planner_server-5] [WARN] [1788843148.355991935] [planner_server]: GridBased: failed to create plan with tolerance 0.50.
[planner_server-5] [WARN] [1788843148.355996977] [planner_server]: Planning algorithm GridBased failed to generate a valid path to (-0.04, -0.25)
[planner_server-5] [WARN] [1788843148.356006019] [planner_server]: [compute_path_to_pose] [ActionServer] Aborting handle.
[planner_server-5] [WARN] [1788843148.384947494] [nav2_costmap_2d]: Robot is out of bounds of the costmap!
[planner_server-5] [WARN] [1788843148.385269413] [global_costmap.global_costmap]: Sensor origin at (0.14, -0.49) is out of map bounds (-5.87, -0.41) to (0.07, 6.24). The costmap cannot raytrace for it.
[bt_navigator-7] [WARN] [1788843148.386247544] [bt_navigator]: [navigate_to_pose] [ActionServer] Aborting handle.
[bt_navigator-7] [ERROR] [1788843148.386320086] [bt_navigator]: Goal failed
[WARN] [1788843148.387403927] [candidate_explorer]: Return-home recovery move 'right' failed; retrying home before the next direction.
[bt_navigator-7] [INFO] [1788843148.933908774] [bt_navigator]: Begin navigating from current location (0.14, -0.49) to (-0.01, -0.01)
[planner_server-5] [WARN] [1788843148.934195609] [planner_server]: Cannot create a plan: the robot's start position is off the global costmap. Planning will always fail, are you sure the robot has been properly localized?
[planner_server-5] [WARN] [1788843148.934216234] [planner_server]: GridBased: failed to create plan with tolerance 0.50.
[planner_server-5] [WARN] [1788843148.934221443] [planner_server]: Planning algorithm GridBased failed to generate a valid path to (-0.01, -0.01)
[planner_server-5] [WARN] [1788843148.934226610] [planner_server]: [compute_path_to_pose] [ActionServer] Aborting handle.
[behavior_server-6] [INFO] [1788843148.954228320] [behavior_server]: Running spin
[behavior_server-6] [INFO] [1788843148.954266029] [behavior_server]: Turning -1.57 for spin behavior.
[behavior_server-6] [INFO] [1788843149.356062457] [behavior_server]: spin completed successfully
[planner_server-5] [WARN] [1788843149.383514756] [nav2_costmap_2d]: Robot is out of bounds of the costmap!
[planner_server-5] [WARN] [1788843149.383557631] [global_costmap.global_costmap]: Sensor origin at (0.14, -0.49) is out of map bounds (-5.87, -0.41) to (0.07, 6.24). The costmap cannot raytrace for it.
[planner_server-5] [WARN] [1788843149.385398351] [planner_server]: Cannot create a plan: the robot's start position is off the global costmap. Planning will always fail, are you sure the robot has been properly localized?
[planner_server-5] [WARN] [1788843149.385416976] [planner_server]: GridBased: failed to create plan with tolerance 0.50.
[planner_server-5] [WARN] [1788843149.385421601] [planner_server]: Planning algorithm GridBased failed to generate a valid path to (-0.01, -0.01)
[planner_server-5] [WARN] [1788843149.385426435] [planner_server]: [compute_path_to_pose] [ActionServer] Aborting handle.
[controller_server-3] [INFO] [1788843149.405177227] [local_costmap.local_costmap]: Received request to clear entirely the local_costmap
[planner_server-5] [INFO] [1788843149.405366312] [global_costmap.global_costmap]: Received request to clear entirely the global_costmap
[planner_server-5] [WARN] [1788843150.383158483] [nav2_costmap_2d]: Robot is out of bounds of the costmap!
[planner_server-5] [WARN] [1788843150.383456860] [global_costmap.global_costmap]: Sensor origin at (0.14, -0.49) is out of map bounds (-5.87, -0.41) to (0.07, 6.24). The costmap cannot raytrace for it.
[planner_server-5] [WARN] [1788843150.386645963] [planner_server]: Cannot create a plan: the robot's start position is off the global costmap. Planning will always fail, are you sure the robot has been properly localized?
[planner_server-5] [WARN] [1788843150.386667380] [planner_server]: GridBased: failed to create plan with tolerance 0.50.
[planner_server-5] [WARN] [1788843150.386672422] [planner_server]: Planning algorithm GridBased failed to generate a valid path to (-0.01, -0.01)
[planner_server-5] [WARN] [1788843150.386679213] [planner_server]: [compute_path_to_pose] [ActionServer] Aborting handle.
[behavior_server-6] [INFO] [1788843150.406099837] [behavior_server]: Running backup
[planner_server-5] [WARN] [1788843151.385728228] [nav2_costmap_2d]: Robot is out of bounds of the costmap!
[planner_server-5] [WARN] [1788843151.386123606] [global_costmap.global_costmap]: Sensor origin at (0.14, -0.49) is out of map bounds (-5.87, -0.41) to (0.07, 6.24). The costmap cannot raytrace for it.
[planner_server-5] [WARN] [1788843152.386396711] [nav2_costmap_2d]: Robot is out of bounds of the costmap!
[planner_server-5] [WARN] [1788843152.386795964] [global_costmap.global_costmap]: Sensor origin at (0.14, -0.49) is out of map bounds (-5.87, -0.41) to (0.07, 6.24). The costmap cannot raytrace for it.
[behavior_server-6] [WARN] [1788843153.006233525] [behavior_server]: Exceeded time allowance before reaching the DriveOnHeading goal - Exiting DriveOnHeading
[behavior_server-6] [WARN] [1788843153.006265108] [behavior_server]: backup failed
[behavior_server-6] [WARN] [1788843153.006271192] [behavior_server]: [backup] [ActionServer] Aborting handle.
[behavior_server-6] [INFO] [1788843153.025741316] [behavior_server]: Running spin
[behavior_server-6] [INFO] [1788843153.025805983] [behavior_server]: Turning 1.57 for spin behavior.
[planner_server-5] [WARN] [1788843153.383079253] [nav2_costmap_2d]: Robot is out of bounds of the costmap!
[planner_server-5] [WARN] [1788843153.383099128] [global_costmap.global_costmap]: Sensor origin at (0.14, -0.49) is out of map bounds (-5.87, -0.41) to (0.07, 6.24). The costmap cannot raytrace for it.
[behavior_server-6] [INFO] [1788843153.428862002] [behavior_server]: spin completed successfully
[planner_server-5] [WARN] [1788843153.455701173] [planner_server]: Cannot create a plan: the robot's start position is off the global costmap. Planning will always fail, are you sure the robot has been properly localized?
[planner_server-5] [WARN] [1788843153.455729464] [planner_server]: GridBased: failed to create plan with tolerance 0.50.
[planner_server-5] [WARN] [1788843153.455734423] [planner_server]: Planning algorithm GridBased failed to generate a valid path to (-0.01, -0.01)
[planner_server-5] [WARN] [1788843153.455740131] [planner_server]: [compute_path_to_pose] [ActionServer] Aborting handle.
[behavior_server-6] [INFO] [1788843153.474373333] [behavior_server]: Running spin
[behavior_server-6] [INFO] [1788843153.474405750] [behavior_server]: Turning -1.57 for spin behavior.
[behavior_server-6] [INFO] [1788843153.877318810] [behavior_server]: spin completed successfully
[planner_server-5] [WARN] [1788843153.905970034] [planner_server]: Cannot create a plan: the robot's start position is off the global costmap. Planning will always fail, are you sure the robot has been properly localized?
[planner_server-5] [WARN] [1788843153.906005825] [planner_server]: GridBased: failed to create plan with tolerance 0.50.
[planner_server-5] [WARN] [1788843153.906011075] [planner_server]: Planning algorithm GridBased failed to generate a valid path to (-0.01, -0.01)
[planner_server-5] [WARN] [1788843153.906016325] [planner_server]: [compute_path_to_pose] [ActionServer] Aborting handle.
[controller_server-3] [INFO] [1788843153.924565277] [local_costmap.local_costmap]: Received request to clear entirely the local_costmap
[planner_server-5] [INFO] [1788843153.925148655] [global_costmap.global_costmap]: Received request to clear entirely the global_costmap
[planner_server-5] [WARN] [1788843154.383495151] [nav2_costmap_2d]: Robot is out of bounds of the costmap!
[planner_server-5] [WARN] [1788843154.383821403] [global_costmap.global_costmap]: Sensor origin at (0.14, -0.49) is out of map bounds (-5.87, -0.41) to (0.07, 6.24). The costmap cannot raytrace for it.
[planner_server-5] [WARN] [1788843154.389130520] [planner_server]: Cannot create a plan: the robot's start position is off the global costmap. Planning will always fail, are you sure the robot has been properly localized?
[planner_server-5] [WARN] [1788843154.389153812] [planner_server]: GridBased: failed to create plan with tolerance 0.50.
[planner_server-5] [WARN] [1788843154.389159020] [planner_server]: Planning algorithm GridBased failed to generate a valid path to (-0.01, -0.01)
[planner_server-5] [WARN] [1788843154.389166020] [planner_server]: [compute_path_to_pose] [ActionServer] Aborting handle.
[behavior_server-6] [INFO] [1788843154.406620256] [behavior_server]: Running backup
[planner_server-5] [WARN] [1788843155.383429880] [nav2_costmap_2d]: Robot is out of bounds of the costmap!
[planner_server-5] [WARN] [1788843155.383459713] [global_costmap.global_costmap]: Sensor origin at (0.14, -0.49) is out of map bounds (-5.87, -0.41) to (0.07, 6.24). The costmap cannot raytrace for it.
[planner_server-5] [WARN] [1788843156.384198447] [nav2_costmap_2d]: Robot is out of bounds of the costmap!
[planner_server-5] [WARN] [1788843156.384532532] [global_costmap.global_costmap]: Sensor origin at (0.14, -0.49) is out of map bounds (-5.87, -0.41) to (0.07, 6.24). The costmap cannot raytrace for it.
[behavior_server-6] [WARN] [1788843156.907315521] [behavior_server]: Exceeded time allowance before reaching the DriveOnHeading goal - Exiting DriveOnHeading
[behavior_server-6] [WARN] [1788843156.907347271] [behavior_server]: backup failed
[behavior_server-6] [WARN] [1788843156.907353813] [behavior_server]: [backup] [ActionServer] Aborting handle.
[behavior_server-6] [INFO] [1788843156.926193432] [behavior_server]: Running spin
[behavior_server-6] [INFO] [1788843156.926230141] [behavior_server]: Turning 1.57 for spin behavior.
[behavior_server-6] [INFO] [1788843157.328191445] [behavior_server]: spin completed successfully
[planner_server-5] [WARN] [1788843157.355357659] [planner_server]: Cannot create a plan: the robot's start position is off the global costmap. Planning will always fail, are you sure the robot has been properly localized?
[planner_server-5] [WARN] [1788843157.355384285] [planner_server]: GridBased: failed to create plan with tolerance 0.50.
[planner_server-5] [WARN] [1788843157.355389410] [planner_server]: Planning algorithm GridBased failed to generate a valid path to (-0.01, -0.01)
[planner_server-5] [WARN] [1788843157.355394743] [planner_server]: [compute_path_to_pose] [ActionServer] Aborting handle.
[planner_server-5] [WARN] [1788843157.383494047] [nav2_costmap_2d]: Robot is out of bounds of the costmap!
[planner_server-5] [WARN] [1788843157.383538088] [global_costmap.global_costmap]: Sensor origin at (0.14, -0.49) is out of map bounds (-5.87, -0.41) to (0.07, 6.24). The costmap cannot raytrace for it.
[bt_navigator-7] [WARN] [1788843157.384125551] [bt_navigator]: [navigate_to_pose] [ActionServer] Aborting handle.
[bt_navigator-7] [ERROR] [1788843157.384195968] [bt_navigator]: Goal failed
[INFO] [1788843157.385205307] [candidate_explorer]: return-home goal finished, success=False
[WARN] [1788843157.385507518] [candidate_explorer]: Nav2 could not reach home. Trying recovery direction 8/8 before retrying home.
[INFO] [1788843157.385764728] [candidate_explorer]: Return-home recovery move 8/8: forward-right, 0.3 m
[bt_navigator-7] [INFO] [1788843157.386282439] [bt_navigator]: Begin navigating from current location (0.14, -0.49) to (-0.16, -0.48)
[planner_server-5] [WARN] [1788843157.386557899] [planner_server]: Cannot create a plan: the robot's start position is off the global costmap. Planning will always fail, are you sure the robot has been properly localized?
[planner_server-5] [WARN] [1788843157.386574191] [planner_server]: GridBased: failed to create plan with tolerance 0.50.
[planner_server-5] [WARN] [1788843157.386578608] [planner_server]: Planning algorithm GridBased failed to generate a valid path to (-0.16, -0.48)
[planner_server-5] [WARN] [1788843157.386583149] [planner_server]: [compute_path_to_pose] [ActionServer] Aborting handle.
[behavior_server-6] [INFO] [1788843157.409411795] [behavior_server]: Running spin
[behavior_server-6] [INFO] [1788843157.409448836] [behavior_server]: Turning -1.57 for spin behavior.
[behavior_server-6] [INFO] [1788843157.810334717] [behavior_server]: spin completed successfully
[planner_server-5] [WARN] [1788843157.838475521] [planner_server]: Cannot create a plan: the robot's start position is off the global costmap. Planning will always fail, are you sure the robot has been properly localized?
[planner_server-5] [WARN] [1788843157.838507063] [planner_server]: GridBased: failed to create plan with tolerance 0.50.
[planner_server-5] [WARN] [1788843157.838511854] [planner_server]: Planning algorithm GridBased failed to generate a valid path to (-0.16, -0.48)
[planner_server-5] [WARN] [1788843157.838516813] [planner_server]: [compute_path_to_pose] [ActionServer] Aborting handle.
[controller_server-3] [INFO] [1788843157.857176348] [local_costmap.local_costmap]: Received request to clear entirely the local_costmap
[planner_server-5] [INFO] [1788843157.857540767] [global_costmap.global_costmap]: Received request to clear entirely the global_costmap
[planner_server-5] [WARN] [1788843158.383151732] [nav2_costmap_2d]: Robot is out of bounds of the costmap!
[planner_server-5] [WARN] [1788843158.383752944] [global_costmap.global_costmap]: Sensor origin at (0.14, -0.49) is out of map bounds (-5.87, -0.41) to (0.07, 6.24). The costmap cannot raytrace for it.
[planner_server-5] [WARN] [1788843158.389200437] [planner_server]: Cannot create a plan: the robot's start position is off the global costmap. Planning will always fail, are you sure the robot has been properly localized?
[planner_server-5] [WARN] [1788843158.389228020] [planner_server]: GridBased: failed to create plan with tolerance 0.50.
[planner_server-5] [WARN] [1788843158.389233145] [planner_server]: Planning algorithm GridBased failed to generate a valid path to (-0.16, -0.48)
[planner_server-5] [WARN] [1788843158.389240229] [planner_server]: [compute_path_to_pose] [ActionServer] Aborting handle.
[behavior_server-6] [INFO] [1788843158.397536281] [behavior_server]: Running backup
[planner_server-5] [WARN] [1788843159.383807757] [nav2_costmap_2d]: Robot is out of bounds of the costmap!
[planner_server-5] [WARN] [1788843159.383828382] [global_costmap.global_costmap]: Sensor origin at (0.14, -0.49) is out of map bounds (-5.87, -0.41) to (0.07, 6.24). The costmap cannot raytrace for it.
[planner_server-5] [WARN] [1788843160.384449323] [nav2_costmap_2d]: Robot is out of bounds of the costmap!
[planner_server-5] [WARN] [1788843160.384809075] [global_costmap.global_costmap]: Sensor origin at (0.14, -0.49) is out of map bounds (-5.87, -0.41) to (0.07, 6.24). The costmap cannot raytrace for it.
[behavior_server-6] [WARN] [1788843160.997759887] [behavior_server]: Exceeded time allowance before reaching the DriveOnHeading goal - Exiting DriveOnHeading
[behavior_server-6] [WARN] [1788843160.997791387] [behavior_server]: backup failed
[behavior_server-6] [WARN] [1788843160.997798137] [behavior_server]: [backup] [ActionServer] Aborting handle.
[behavior_server-6] [INFO] [1788843161.019767443] [behavior_server]: Running spin
[behavior_server-6] [INFO] [1788843161.019811819] [behavior_server]: Turning 1.57 for spin behavior.
[planner_server-5] [WARN] [1788843161.383262170] [nav2_costmap_2d]: Robot is out of bounds of the costmap!
[planner_server-5] [WARN] [1788843161.383284628] [global_costmap.global_costmap]: Sensor origin at (0.14, -0.49) is out of map bounds (-5.87, -0.41) to (0.07, 6.24). The costmap cannot raytrace for it.
[behavior_server-6] [INFO] [1788843161.420115404] [behavior_server]: spin completed successfully
[planner_server-5] [WARN] [1788843161.447461411] [planner_server]: Cannot create a plan: the robot's start position is off the global costmap. Planning will always fail, are you sure the robot has been properly localized?
[planner_server-5] [WARN] [1788843161.447487203] [planner_server]: GridBased: failed to create plan with tolerance 0.50.
[planner_server-5] [WARN] [1788843161.447491911] [planner_server]: Planning algorithm GridBased failed to generate a valid path to (-0.16, -0.48)
[planner_server-5] [WARN] [1788843161.447496786] [planner_server]: [compute_path_to_pose] [ActionServer] Aborting handle.
[behavior_server-6] [INFO] [1788843161.469303758] [behavior_server]: Running spin
[behavior_server-6] [INFO] [1788843161.469338508] [behavior_server]: Turning -1.57 for spin behavior.
[behavior_server-6] [INFO] [1788843161.869722136] [behavior_server]: spin completed successfully
[planner_server-5] [WARN] [1788843161.898736320] [planner_server]: Cannot create a plan: the robot's start position is off the global costmap. Planning will always fail, are you sure the robot has been properly localized?
[planner_server-5] [WARN] [1788843161.898764070] [planner_server]: GridBased: failed to create plan with tolerance 0.50.
[planner_server-5] [WARN] [1788843161.898769028] [planner_server]: Planning algorithm GridBased failed to generate a valid path to (-0.16, -0.48)
[planner_server-5] [WARN] [1788843161.898773862] [planner_server]: [compute_path_to_pose] [ActionServer] Aborting handle.
[controller_server-3] [INFO] [1788843161.916638559] [local_costmap.local_costmap]: Received request to clear entirely the local_costmap
[planner_server-5] [INFO] [1788843161.917131062] [global_costmap.global_costmap]: Received request to clear entirely the global_costmap
[planner_server-5] [WARN] [1788843162.384189571] [nav2_costmap_2d]: Robot is out of bounds of the costmap!
[planner_server-5] [WARN] [1788843162.384508365] [global_costmap.global_costmap]: Sensor origin at (0.14, -0.49) is out of map bounds (-5.87, -0.41) to (0.07, 6.24). The costmap cannot raytrace for it.
[planner_server-5] [WARN] [1788843162.389520230] [planner_server]: Cannot create a plan: the robot's start position is off the global costmap. Planning will always fail, are you sure the robot has been properly localized?
[planner_server-5] [WARN] [1788843162.389541439] [planner_server]: GridBased: failed to create plan with tolerance 0.50.
[planner_server-5] [WARN] [1788843162.389546397] [planner_server]: Planning algorithm GridBased failed to generate a valid path to (-0.16, -0.48)
[planner_server-5] [WARN] [1788843162.389558105] [planner_server]: [compute_path_to_pose] [ActionServer] Aborting handle.
[behavior_server-6] [INFO] [1788843162.406723381] [behavior_server]: Running backup
[planner_server-5] [WARN] [1788843163.383566755] [nav2_costmap_2d]: Robot is out of bounds of the costmap!
[planner_server-5] [WARN] [1788843163.383592755] [global_costmap.global_costmap]: Sensor origin at (0.14, -0.49) is out of map bounds (-5.87, -0.41) to (0.07, 6.24). The costmap cannot raytrace for it.
[planner_server-5] [WARN] [1788843164.383199940] [nav2_costmap_2d]: Robot is out of bounds of the costmap!
[planner_server-5] [WARN] [1788843164.383545734] [global_costmap.global_costmap]: Sensor origin at (0.14, -0.49) is out of map bounds (-5.87, -0.41) to (0.07, 6.24). The costmap cannot raytrace for it.
[behavior_server-6] [WARN] [1788843165.008530038] [behavior_server]: Exceeded time allowance before reaching the DriveOnHeading goal - Exiting DriveOnHeading
[behavior_server-6] [WARN] [1788843165.008563247] [behavior_server]: backup failed
[behavior_server-6] [WARN] [1788843165.008569038] [behavior_server]: [backup] [ActionServer] Aborting handle.
[behavior_server-6] [INFO] [1788843165.030017675] [behavior_server]: Running spin
[behavior_server-6] [INFO] [1788843165.030061467] [behavior_server]: Turning 1.57 for spin behavior.
[planner_server-5] [WARN] [1788843165.383409712] [nav2_costmap_2d]: Robot is out of bounds of the costmap!
[planner_server-5] [WARN] [1788843165.383427754] [global_costmap.global_costmap]: Sensor origin at (0.14, -0.49) is out of map bounds (-5.87, -0.41) to (0.07, 6.24). The costmap cannot raytrace for it.
[behavior_server-6] [INFO] [1788843165.430198176] [behavior_server]: spin completed successfully
[planner_server-5] [WARN] [1788843165.456578594] [planner_server]: Cannot create a plan: the robot's start position is off the global costmap. Planning will always fail, are you sure the robot has been properly localized?
[planner_server-5] [WARN] [1788843165.456607052] [planner_server]: GridBased: failed to create plan with tolerance 0.50.
[planner_server-5] [WARN] [1788843165.456611427] [planner_server]: Planning algorithm GridBased failed to generate a valid path to (-0.16, -0.48)
[planner_server-5] [WARN] [1788843165.456616177] [planner_server]: [compute_path_to_pose] [ActionServer] Aborting handle.
[bt_navigator-7] [WARN] [1788843165.488109003] [bt_navigator]: [navigate_to_pose] [ActionServer] Aborting handle.
[bt_navigator-7] [ERROR] [1788843165.488217462] [bt_navigator]: Goal failed
[WARN] [1788843165.489281885] [candidate_explorer]: Return-home recovery move 'forward-right' failed; retrying home before the next direction.
[bt_navigator-7] [INFO] [1788843166.180919697] [bt_navigator]: Begin navigating from current location (0.14, -0.49) to (-0.01, -0.01)
[planner_server-5] [WARN] [1788843166.181402784] [planner_server]: Cannot create a plan: the robot's start position is off the global costmap. Planning will always fail, are you sure the robot has been properly localized?
[planner_server-5] [WARN] [1788843166.181425909] [planner_server]: GridBased: failed to create plan with tolerance 0.50.
[planner_server-5] [WARN] [1788843166.181430659] [planner_server]: Planning algorithm GridBased failed to generate a valid path to (-0.01, -0.01)
[planner_server-5] [WARN] [1788843166.181435742] [planner_server]: [compute_path_to_pose] [ActionServer] Aborting handle.
[behavior_server-6] [INFO] [1788843166.203065797] [behavior_server]: Running spin
[behavior_server-6] [INFO] [1788843166.203105672] [behavior_server]: Turning -1.57 for spin behavior.
[planner_server-5] [WARN] [1788843166.384569367] [nav2_costmap_2d]: Robot is out of bounds of the costmap!
[planner_server-5] [WARN] [1788843166.384878869] [global_costmap.global_costmap]: Sensor origin at (0.14, -0.49) is out of map bounds (-5.87, -0.41) to (0.07, 6.24). The costmap cannot raytrace for it.
[behavior_server-6] [INFO] [1788843166.605187686] [behavior_server]: spin completed successfully
[planner_server-5] [WARN] [1788843166.631861189] [planner_server]: Cannot create a plan: the robot's start position is off the global costmap. Planning will always fail, are you sure the robot has been properly localized?
[planner_server-5] [WARN] [1788843166.631886897] [planner_server]: GridBased: failed to create plan with tolerance 0.50.
[planner_server-5] [WARN] [1788843166.631891605] [planner_server]: Planning algorithm GridBased failed to generate a valid path to (-0.01, -0.01)
[planner_server-5] [WARN] [1788843166.631896939] [planner_server]: [compute_path_to_pose] [ActionServer] Aborting handle.
[controller_server-3] [INFO] [1788843166.652318819] [local_costmap.local_costmap]: Received request to clear entirely the local_costmap
[planner_server-5] [INFO] [1788843166.652544445] [global_costmap.global_costmap]: Received request to clear entirely the global_costmap
[planner_server-5] [WARN] [1788843167.383283214] [nav2_costmap_2d]: Robot is out of bounds of the costmap!
[planner_server-5] [WARN] [1788843167.383302589] [global_costmap.global_costmap]: Sensor origin at (0.14, -0.49) is out of map bounds (-5.87, -0.41) to (0.07, 6.24). The costmap cannot raytrace for it.
[planner_server-5] [WARN] [1788843167.384587306] [planner_server]: Cannot create a plan: the robot's start position is off the global costmap. Planning will always fail, are you sure the robot has been properly localized?
[planner_server-5] [WARN] [1788843167.384606848] [planner_server]: GridBased: failed to create plan with tolerance 0.50.
[planner_server-5] [WARN] [1788843167.384612306] [planner_server]: Planning algorithm GridBased failed to generate a valid path to (-0.01, -0.01)
[planner_server-5] [WARN] [1788843167.384620556] [planner_server]: [compute_path_to_pose] [ActionServer] Aborting handle.
[behavior_server-6] [INFO] [1788843167.401615997] [behavior_server]: Running backup
[planner_server-5] [WARN] [1788843168.383940657] [nav2_costmap_2d]: Robot is out of bounds of the costmap!
[planner_server-5] [WARN] [1788843168.384351743] [global_costmap.global_costmap]: Sensor origin at (0.14, -0.49) is out of map bounds (-5.87, -0.41) to (0.07, 6.24). The costmap cannot raytrace for it.
[planner_server-5] [WARN] [1788843169.383693386] [nav2_costmap_2d]: Robot is out of bounds of the costmap!
[planner_server-5] [WARN] [1788843169.383737512] [global_costmap.global_costmap]: Sensor origin at (0.14, -0.49) is out of map bounds (-5.87, -0.41) to (0.07, 6.24). The costmap cannot raytrace for it.
[behavior_server-6] [WARN] [1788843170.004004579] [behavior_server]: Exceeded time allowance before reaching the DriveOnHeading goal - Exiting DriveOnHeading
[behavior_server-6] [WARN] [1788843170.004040537] [behavior_server]: backup failed
[behavior_server-6] [WARN] [1788843170.004047246] [behavior_server]: [backup] [ActionServer] Aborting handle.
[behavior_server-6] [INFO] [1788843170.013247471] [behavior_server]: Running spin
[behavior_server-6] [INFO] [1788843170.013294596] [behavior_server]: Turning 1.57 for spin behavior.
[planner_server-5] [WARN] [1788843170.385124918] [nav2_costmap_2d]: Robot is out of bounds of the costmap!
[planner_server-5] [WARN] [1788843170.385496920] [global_costmap.global_costmap]: Sensor origin at (0.14, -0.49) is out of map bounds (-5.87, -0.41) to (0.07, 6.24). The costmap cannot raytrace for it.
[behavior_server-6] [INFO] [1788843170.414962024] [behavior_server]: spin completed successfully
[planner_server-5] [WARN] [1788843170.443315829] [planner_server]: Cannot create a plan: the robot's start position is off the global costmap. Planning will always fail, are you sure the robot has been properly localized?
[planner_server-5] [WARN] [1788843170.443357705] [planner_server]: GridBased: failed to create plan with tolerance 0.50.
[planner_server-5] [WARN] [1788843170.443362705] [planner_server]: Planning algorithm GridBased failed to generate a valid path to (-0.01, -0.01)
[planner_server-5] [WARN] [1788843170.443368496] [planner_server]: [compute_path_to_pose] [ActionServer] Aborting handle.
[behavior_server-6] [INFO] [1788843170.463328998] [behavior_server]: Running spin
[behavior_server-6] [INFO] [1788843170.463365748] [behavior_server]: Turning -1.57 for spin behavior.
[behavior_server-6] [INFO] [1788843170.865320136] [behavior_server]: spin completed successfully
[planner_server-5] [WARN] [1788843170.892994146] [planner_server]: Cannot create a plan: the robot's start position is off the global costmap. Planning will always fail, are you sure the robot has been properly localized?
[planner_server-5] [WARN] [1788843170.893018896] [planner_server]: GridBased: failed to create plan with tolerance 0.50.
[planner_server-5] [WARN] [1788843170.893023687] [planner_server]: Planning algorithm GridBased failed to generate a valid path to (-0.01, -0.01)
[planner_server-5] [WARN] [1788843170.893028563] [planner_server]: [compute_path_to_pose] [ActionServer] Aborting handle.
[controller_server-3] [INFO] [1788843170.914505032] [local_costmap.local_costmap]: Received request to clear entirely the local_costmap
[planner_server-5] [INFO] [1788843170.915036661] [global_costmap.global_costmap]: Received request to clear entirely the global_costmap
[planner_server-5] [WARN] [1788843171.384568562] [nav2_costmap_2d]: Robot is out of bounds of the costmap!
[planner_server-5] [WARN] [1788843171.384589520] [global_costmap.global_costmap]: Sensor origin at (0.14, -0.49) is out of map bounds (-5.87, -0.41) to (0.07, 6.24). The costmap cannot raytrace for it.
[planner_server-5] [WARN] [1788843171.386014112] [planner_server]: Cannot create a plan: the robot's start position is off the global costmap. Planning will always fail, are you sure the robot has been properly localized?
[planner_server-5] [WARN] [1788843171.386211322] [planner_server]: GridBased: failed to create plan with tolerance 0.50.
[planner_server-5] [WARN] [1788843171.386333698] [planner_server]: Planning algorithm GridBased failed to generate a valid path to (-0.01, -0.01)
[planner_server-5] [WARN] [1788843171.386489365] [planner_server]: [compute_path_to_pose] [ActionServer] Aborting handle.
[behavior_server-6] [INFO] [1788843171.402179673] [behavior_server]: Running backup
[planner_server-5] [WARN] [1788843172.383442785] [nav2_costmap_2d]: Robot is out of bounds of the costmap!
[planner_server-5] [WARN] [1788843172.384135664] [global_costmap.global_costmap]: Sensor origin at (0.14, -0.49) is out of map bounds (-5.87, -0.41) to (0.07, 6.24). The costmap cannot raytrace for it.
[planner_server-5] [WARN] [1788843173.384095270] [nav2_costmap_2d]: Robot is out of bounds of the costmap!
[planner_server-5] [WARN] [1788843173.384117478] [global_costmap.global_costmap]: Sensor origin at (0.14, -0.49) is out of map bounds (-5.87, -0.41) to (0.07, 6.24). The costmap cannot raytrace for it.
[behavior_server-6] [WARN] [1788843174.005125425] [behavior_server]: Exceeded time allowance before reaching the DriveOnHeading goal - Exiting DriveOnHeading
[behavior_server-6] [WARN] [1788843174.005154842] [behavior_server]: backup failed
[behavior_server-6] [WARN] [1788843174.005161384] [behavior_server]: [backup] [ActionServer] Aborting handle.
[behavior_server-6] [INFO] [1788843174.024612216] [behavior_server]: Running spin
[behavior_server-6] [INFO] [1788843174.024652924] [behavior_server]: Turning 1.57 for spin behavior.
[planner_server-5] [WARN] [1788843174.383474205] [nav2_costmap_2d]: Robot is out of bounds of the costmap!
[planner_server-5] [WARN] [1788843174.383797957] [global_costmap.global_costmap]: Sensor origin at (0.14, -0.49) is out of map bounds (-5.87, -0.41) to (0.07, 6.24). The costmap cannot raytrace for it.
[behavior_server-6] [INFO] [1788843174.427363692] [behavior_server]: spin completed successfully
[planner_server-5] [WARN] [1788843174.452634519] [planner_server]: Cannot create a plan: the robot's start position is off the global costmap. Planning will always fail, are you sure the robot has been properly localized?
[planner_server-5] [WARN] [1788843174.452660394] [planner_server]: GridBased: failed to create plan with tolerance 0.50.
[planner_server-5] [WARN] [1788843174.452665145] [planner_server]: Planning algorithm GridBased failed to generate a valid path to (-0.01, -0.01)
[planner_server-5] [WARN] [1788843174.452670145] [planner_server]: [compute_path_to_pose] [ActionServer] Aborting handle.
[bt_navigator-7] [WARN] [1788843174.482336250] [bt_navigator]: [navigate_to_pose] [ActionServer] Aborting handle.
[bt_navigator-7] [ERROR] [1788843174.482468542] [bt_navigator]: Goal failed
[INFO] [1788843174.483444882] [candidate_explorer]: return-home goal finished, success=False
[ERROR] [1788843174.483659217] [candidate_explorer]: Return-home recovery sweep exhausted; ending the session with the robot away from home.
[sim_node-1] [INFO] [1788843174.690820116] [challenge_sim_node]: SESSION FINISHED — wrote /challenge/results/20260908_044929/report.yaml
[sim_node-1] collision_count: 38132
[sim_node-1] coverage_fraction: 0.4990295632450002
[sim_node-1] distance_to_home_m: 0.5037184393097845
[sim_node-1] elapsed_time_s: 814.9999999998065
[sim_node-1] elapsed_wall_time_s: 204.09459065599367
[sim_node-1] map_output_yaml: /challenge/results/20260908_044929/map.yaml
[sim_node-1] map_yaml: /challenge/maps/1/room.yaml
[sim_node-1] min_coverage_required: 0.8
[sim_node-1] results_path: /challenge/results/20260908_044929/report.yaml
[sim_node-1] return_tolerance_m: 0.3
[sim_node-1] seed: 0
[sim_node-1] success: false
[sim_node-1] time_scale: 4.0
[sim_node-1] timed_out: false
[sim_node-1] 
[INFO] [1788843174.691482162] [candidate_explorer]: Session result: coverage=49.9% distance_to_home=0.50m elapsed_sim=815.0s elapsed_wall=204.1s collisions=38132 success=False report_written_to=/challenge/results/20260908_044929/report.yaml
[planner_server-5] [WARN] [1788843175.385337239] [nav2_costmap_2d]: Robot is out of bounds of the costmap!
[planner_server-5] [WARN] [1788843175.385461365] [global_costmap.global_costmap]: Sensor origin at (0.14, -0.49) is out of map bounds (-5.87, -0.41) to (0.07, 6.24). The costmap cannot raytrace for it.

=== REPORT ===
collision_count: 38132
coverage_fraction: 0.4990295632450002
distance_to_home_m: 0.5037184393097845
elapsed_time_s: 814.9999999998065
elapsed_wall_time_s: 204.09459065599367
map_output_yaml: /challenge/results/20260908_044929/map.yaml
map_yaml: /challenge/maps/1/room.yaml
min_coverage_required: 0.8
results_path: /challenge/results/20260908_044929/report.yaml
return_tolerance_m: 0.3
seed: 0
success: false
time_scale: 4.0
timed_out: false
Shutting down...
[ERROR] [sim_node-1]: process has died [pid 9120, exit code -9, cmd '/challenge/ws/install/challenge_sim/lib/challenge_sim/sim_node --ros-args -r __node:=challenge_sim_node --params-file /tmp/launch_params_pgytuer9'].
[ERROR] [async_slam_toolbox_node-2]: process has died [pid 9122, exit code -9, cmd '/opt/ros/humble/lib/slam_toolbox/async_slam_toolbox_node --ros-args -r __node:=slam_toolbox --params-file /challenge/ws/install/challenge_sim/share/challenge_sim/config/slam_toolbox_params.yaml --params-file /tmp/launch_params_nbpscjzw'].
[ERROR] [smoother_server-4]: process has died [pid 9126, exit code -9, cmd '/opt/ros/humble/lib/nav2_smoother/smoother_server --ros-args --log-level info --ros-args -r __node:=smoother_server --params-file /tmp/launch_params_q05a0tgl -r /tf:=tf -r /tf_static:=tf_static'].
[ERROR] [controller_server-3]: process has died [pid 9124, exit code -9, cmd '/opt/ros/humble/lib/nav2_controller/controller_server --ros-args --log-level info --ros-args --params-file /tmp/launch_params_q05a0tgl -r /tf:=tf -r /tf_static:=tf_static -r cmd_vel:=cmd_vel_nav'].
[ERROR] [planner_server-5]: process has died [pid 9128, exit code -9, cmd '/opt/ros/humble/lib/nav2_planner/planner_server --ros-args --log-level info --ros-args -r __node:=planner_server --params-file /tmp/launch_params_q05a0tgl -r /tf:=tf -r /tf_static:=tf_static'].
[ERROR] [behavior_server-6]: process has died [pid 9130, exit code -9, cmd '/opt/ros/humble/lib/nav2_behaviors/behavior_server --ros-args --log-level info --ros-args -r __node:=behavior_server --params-file /tmp/launch_params_q05a0tgl -r /tf:=tf -r /tf_static:=tf_static'].
[ERROR] [bt_navigator-7]: process has died [pid 9132, exit code -9, cmd '/opt/ros/humble/lib/nav2_bt_navigator/bt_navigator --ros-args --log-level info --ros-args -r __node:=bt_navigator --params-file /tmp/launch_params_q05a0tgl -r /tf:=tf -r /tf_static:=tf_static'].
[ERROR] [waypoint_follower-8]: process has died [pid 9134, exit code -9, cmd '/opt/ros/humble/lib/nav2_waypoint_follower/waypoint_follower --ros-args --log-level info --ros-args -r __node:=waypoint_follower --params-file /tmp/launch_params_q05a0tgl -r /tf:=tf -r /tf_static:=tf_static'].
[ERROR] [velocity_smoother-9]: process has died [pid 9136, exit code -9, cmd '/opt/ros/humble/lib/nav2_velocity_smoother/velocity_smoother --ros-args --log-level info --ros-args -r __node:=velocity_smoother --params-file /tmp/launch_params_q05a0tgl -r /tf:=tf -r /tf_static:=tf_static -r cmd_vel:=cmd_vel_nav -r cmd_vel_smoothed:=cmd_vel'].
/challenge/eval_runner.sh: line 40:  9118 Killed                  ros2 launch challenge_sim challenge.launch.py map_yaml:="$MAP_YAML" seed:="$SEED" time_limit_s:="$TIME_LIMIT" time_scale:="$TIME_SCALE" results_path:="$RESULTS_PATH" rviz:="$RVIZ"
