Launching sim + slam_toolbox + Nav2 (map: /challenge/maps/2/room.yaml, seed: 2500000, time_scale: 4.0x)...
Waiting for bringup...
[INFO] [launch]: All log files can be found below /root/.ros/log/2026-09-08-02-02-58-469527-orbstack-9597
[INFO] [launch]: Default logging verbosity is set to INFO
[INFO] [sim_node-1]: process started with pid [9599]
[INFO] [async_slam_toolbox_node-2]: process started with pid [9601]
[INFO] [controller_server-3]: process started with pid [9603]
[INFO] [smoother_server-4]: process started with pid [9605]
[INFO] [planner_server-5]: process started with pid [9607]
[INFO] [behavior_server-6]: process started with pid [9609]
[INFO] [bt_navigator-7]: process started with pid [9611]
[INFO] [waypoint_follower-8]: process started with pid [9613]
[INFO] [velocity_smoother-9]: process started with pid [9615]
[INFO] [lifecycle_manager-10]: process started with pid [9617]
[planner_server-5] [INFO] [1788832978.577208447] [planner_server]: 
[planner_server-5] 	planner_server lifecycle node launched. 
[planner_server-5] 	Waiting on external lifecycle transitions to activate
[planner_server-5] 	See https://design.ros2.org/articles/node_lifecycle.html for more information.
[planner_server-5] [INFO] [1788832978.578438807] [planner_server]: Creating
[behavior_server-6] [INFO] [1788832978.580694287] [behavior_server]: 
[behavior_server-6] 	behavior_server lifecycle node launched. 
[behavior_server-6] 	Waiting on external lifecycle transitions to activate
[behavior_server-6] 	See https://design.ros2.org/articles/node_lifecycle.html for more information.
[async_slam_toolbox_node-2] [INFO] [1788832978.583349581] [slam_toolbox]: Node using stack size 40000000
[bt_navigator-7] [INFO] [1788832978.585281534] [bt_navigator]: 
[bt_navigator-7] 	bt_navigator lifecycle node launched. 
[bt_navigator-7] 	Waiting on external lifecycle transitions to activate
[bt_navigator-7] 	See https://design.ros2.org/articles/node_lifecycle.html for more information.
[bt_navigator-7] [INFO] [1788832978.585351448] [bt_navigator]: Creating
[planner_server-5] [INFO] [1788832978.588064281] [global_costmap.global_costmap]: 
[planner_server-5] 	global_costmap lifecycle node launched. 
[planner_server-5] 	Waiting on external lifecycle transitions to activate
[planner_server-5] 	See https://design.ros2.org/articles/node_lifecycle.html for more information.
[planner_server-5] [INFO] [1788832978.588579466] [global_costmap.global_costmap]: Creating Costmap
[smoother_server-4] [INFO] [1788832978.589077402] [smoother_server]: 
[smoother_server-4] 	smoother_server lifecycle node launched. 
[smoother_server-4] 	Waiting on external lifecycle transitions to activate
[smoother_server-4] 	See https://design.ros2.org/articles/node_lifecycle.html for more information.
[smoother_server-4] [INFO] [1788832978.590154894] [smoother_server]: Creating smoother server
[lifecycle_manager-10] [INFO] [1788832978.594309203] [lifecycle_manager_navigation]: Creating
[lifecycle_manager-10] [INFO] [1788832978.599206562] [lifecycle_manager_navigation]: [34m[1mCreating and initializing lifecycle service clients[0m[0m
[velocity_smoother-9] [INFO] [1788832978.600097229] [velocity_smoother]: 
[velocity_smoother-9] 	velocity_smoother lifecycle node launched. 
[velocity_smoother-9] 	Waiting on external lifecycle transitions to activate
[velocity_smoother-9] 	See https://design.ros2.org/articles/node_lifecycle.html for more information.
[waypoint_follower-8] [INFO] [1788832978.603204420] [waypoint_follower]: 
[waypoint_follower-8] 	waypoint_follower lifecycle node launched. 
[waypoint_follower-8] 	Waiting on external lifecycle transitions to activate
[waypoint_follower-8] 	See https://design.ros2.org/articles/node_lifecycle.html for more information.
[waypoint_follower-8] [INFO] [1788832978.603591069] [waypoint_follower]: Creating
[controller_server-3] [INFO] [1788832978.608905116] [controller_server]: 
[controller_server-3] 	controller_server lifecycle node launched. 
[controller_server-3] 	Waiting on external lifecycle transitions to activate
[controller_server-3] 	See https://design.ros2.org/articles/node_lifecycle.html for more information.
[controller_server-3] [INFO] [1788832978.611885521] [controller_server]: Creating controller server
[async_slam_toolbox_node-2] [INFO] [1788832978.612626195] [slam_toolbox]: Using solver plugin solver_plugins::CeresSolver
[async_slam_toolbox_node-2] [INFO] [1788832978.613248334] [slam_toolbox]: CeresSolver: Using SCHUR_JACOBI preconditioner.
[lifecycle_manager-10] [INFO] [1788832978.619153979] [lifecycle_manager_navigation]: [34m[1mStarting managed nodes bringup...[0m[0m
[lifecycle_manager-10] [INFO] [1788832978.619187728] [lifecycle_manager_navigation]: [34m[1mConfiguring controller_server[0m[0m
[controller_server-3] [INFO] [1788832978.625338945] [local_costmap.local_costmap]: 
[controller_server-3] 	local_costmap lifecycle node launched. 
[controller_server-3] 	Waiting on external lifecycle transitions to activate
[controller_server-3] 	See https://design.ros2.org/articles/node_lifecycle.html for more information.
[controller_server-3] [INFO] [1788832978.625687304] [local_costmap.local_costmap]: Creating Costmap
[controller_server-3] [INFO] [1788832978.626917539] [controller_server]: Configuring controller interface
[controller_server-3] [INFO] [1788832978.627011993] [controller_server]: getting goal checker plugins..
[controller_server-3] [INFO] [1788832978.627089365] [controller_server]: Controller frequency set to 20.0000Hz
[controller_server-3] [INFO] [1788832978.627107114] [local_costmap.local_costmap]: Configuring
[controller_server-3] [INFO] [1788832978.629963899] [local_costmap.local_costmap]: Using plugin "obstacle_layer"
[controller_server-3] [INFO] [1788832978.632243045] [local_costmap.local_costmap]: Subscribed to Topics: scan
[controller_server-3] [INFO] [1788832978.634067128] [local_costmap.local_costmap]: Initialized plugin "obstacle_layer"
[controller_server-3] [INFO] [1788832978.634078461] [local_costmap.local_costmap]: Using plugin "inflation_layer"
[controller_server-3] [INFO] [1788832978.634422653] [local_costmap.local_costmap]: Initialized plugin "inflation_layer"
[controller_server-3] [INFO] [1788832978.638578421] [controller_server]: Created progress_checker : progress_checker of type nav2_controller::SimpleProgressChecker
[controller_server-3] [INFO] [1788832978.638993443] [controller_server]: Created goal checker : general_goal_checker of type nav2_controller::SimpleGoalChecker
[controller_server-3] [INFO] [1788832978.639184768] [controller_server]: Controller Server has general_goal_checker  goal checkers available.
[controller_server-3] [INFO] [1788832978.640083185] [controller_server]: Created controller : FollowPath of type dwb_core::DWBLocalPlanner
[controller_server-3] [INFO] [1788832978.640712864] [controller_server]: Setting transform_tolerance to 0.200000
[controller_server-3] [INFO] [1788832978.646203487] [controller_server]: Using critic "RotateToGoal" (dwb_critics::RotateToGoalCritic)
[controller_server-3] [INFO] [1788832978.646541972] [controller_server]: Critic plugin initialized
[controller_server-3] [INFO] [1788832978.646645425] [controller_server]: Using critic "Oscillation" (dwb_critics::OscillationCritic)
[controller_server-3] [INFO] [1788832978.646880706] [controller_server]: Critic plugin initialized
[controller_server-3] [INFO] [1788832978.646934370] [controller_server]: Using critic "BaseObstacle" (dwb_critics::BaseObstacleCritic)
[controller_server-3] [INFO] [1788832978.647089447] [controller_server]: Critic plugin initialized
[controller_server-3] [INFO] [1788832978.647156610] [controller_server]: Using critic "GoalAlign" (dwb_critics::GoalAlignCritic)
[controller_server-3] [INFO] [1788832978.647402349] [controller_server]: Critic plugin initialized
[controller_server-3] [INFO] [1788832978.647478804] [controller_server]: Using critic "PathAlign" (dwb_critics::PathAlignCritic)
[controller_server-3] [INFO] [1788832978.647669378] [controller_server]: Critic plugin initialized
[controller_server-3] [INFO] [1788832978.647743375] [controller_server]: Using critic "PathDist" (dwb_critics::PathDistCritic)
[controller_server-3] [INFO] [1788832978.647882993] [controller_server]: Critic plugin initialized
[controller_server-3] [INFO] [1788832978.647988072] [controller_server]: Using critic "GoalDist" (dwb_critics::GoalDistCritic)
[controller_server-3] [INFO] [1788832978.648215770] [controller_server]: Critic plugin initialized
[controller_server-3] [INFO] [1788832978.648224519] [controller_server]: Controller Server has FollowPath  controllers available.
[lifecycle_manager-10] [INFO] [1788832978.680841605] [lifecycle_manager_navigation]: [34m[1mConfiguring smoother_server[0m[0m
[smoother_server-4] [INFO] [1788832978.681139508] [smoother_server]: Configuring smoother server
[smoother_server-4] [INFO] [1788832978.690897935] [smoother_server]: Created smoother : simple_smoother of type nav2_smoother::SimpleSmoother
[smoother_server-4] [INFO] [1788832978.691535281] [smoother_server]: Smoother Server has simple_smoother  smoothers available.
[lifecycle_manager-10] [INFO] [1788832978.696792498] [lifecycle_manager_navigation]: [34m[1mConfiguring planner_server[0m[0m
[planner_server-5] [INFO] [1788832978.697299891] [planner_server]: Configuring
[planner_server-5] [INFO] [1788832978.697325848] [global_costmap.global_costmap]: Configuring
[planner_server-5] [INFO] [1788832978.701611652] [global_costmap.global_costmap]: Using plugin "static_layer"
[planner_server-5] [INFO] [1788832978.703997459] [global_costmap.global_costmap]: Subscribing to the map topic (/map) with transient local durability
[planner_server-5] [INFO] [1788832978.704806963] [global_costmap.global_costmap]: Initialized plugin "static_layer"
[planner_server-5] [INFO] [1788832978.704816380] [global_costmap.global_costmap]: Using plugin "obstacle_layer"
[planner_server-5] [INFO] [1788832978.705388103] [global_costmap.global_costmap]: Subscribed to Topics: scan
[planner_server-5] [INFO] [1788832978.707557754] [global_costmap.global_costmap]: Initialized plugin "obstacle_layer"
[planner_server-5] [INFO] [1788832978.707571878] [global_costmap.global_costmap]: Using plugin "inflation_layer"
[planner_server-5] [INFO] [1788832978.708254013] [global_costmap.global_costmap]: Initialized plugin "inflation_layer"
[planner_server-5] [INFO] [1788832978.714863710] [planner_server]: Created global planner plugin GridBased of type nav2_navfn_planner/NavfnPlanner
[planner_server-5] [INFO] [1788832978.714883376] [planner_server]: Configuring plugin GridBased of type NavfnPlanner
[planner_server-5] [INFO] [1788832978.715747961] [planner_server]: Planner Server has GridBased  planners available.
[lifecycle_manager-10] [INFO] [1788832978.722731599] [lifecycle_manager_navigation]: [34m[1mConfiguring behavior_server[0m[0m
[behavior_server-6] [INFO] [1788832978.723114706] [behavior_server]: Configuring
[behavior_server-6] [INFO] [1788832978.727120147] [behavior_server]: Creating behavior plugin spin of type nav2_behaviors/Spin
[behavior_server-6] [INFO] [1788832978.727537670] [behavior_server]: Configuring spin
[behavior_server-6] [INFO] [1788832978.732061212] [behavior_server]: Creating behavior plugin backup of type nav2_behaviors/BackUp
[behavior_server-6] [INFO] [1788832978.732420612] [behavior_server]: Configuring backup
[behavior_server-6] [INFO] [1788832978.736536382] [behavior_server]: Creating behavior plugin drive_on_heading of type nav2_behaviors/DriveOnHeading
[behavior_server-6] [INFO] [1788832978.737080315] [behavior_server]: Configuring drive_on_heading
[behavior_server-6] [INFO] [1788832978.741434907] [behavior_server]: Creating behavior plugin assisted_teleop of type nav2_behaviors/AssistedTeleop
[behavior_server-6] [INFO] [1788832978.742388571] [behavior_server]: Configuring assisted_teleop
[behavior_server-6] [INFO] [1788832978.747693786] [behavior_server]: Creating behavior plugin wait of type nav2_behaviors/Wait
[behavior_server-6] [INFO] [1788832978.748303675] [behavior_server]: Configuring wait
[lifecycle_manager-10] [INFO] [1788832978.752914463] [lifecycle_manager_navigation]: [34m[1mConfiguring bt_navigator[0m[0m
[bt_navigator-7] [INFO] [1788832978.753065248] [bt_navigator]: Configuring
[lifecycle_manager-10] [INFO] [1788832978.797651534] [lifecycle_manager_navigation]: [34m[1mConfiguring waypoint_follower[0m[0m
[waypoint_follower-8] [INFO] [1788832978.798078764] [waypoint_follower]: Configuring
[waypoint_follower-8] [INFO] [1788832978.806091271] [waypoint_follower]: Created waypoint_task_executor : wait_at_waypoint of type nav2_waypoint_follower::WaitAtWaypoint
[lifecycle_manager-10] [INFO] [1788832978.806983772] [lifecycle_manager_navigation]: [34m[1mConfiguring velocity_smoother[0m[0m
[velocity_smoother-9] [INFO] [1788832978.807109975] [velocity_smoother]: Configuring velocity smoother
[lifecycle_manager-10] [INFO] [1788832978.811030045] [lifecycle_manager_navigation]: [34m[1mActivating controller_server[0m[0m
[controller_server-3] [INFO] [1788832978.811349447] [controller_server]: Activating
[controller_server-3] [INFO] [1788832978.811381070] [local_costmap.local_costmap]: Activating
[controller_server-3] [INFO] [1788832978.811392653] [local_costmap.local_costmap]: Checking transform
[controller_server-3] [INFO] [1788832978.811406736] [local_costmap.local_costmap]: Timed out waiting for transform from base_link to odom to become available, tf error: Invalid frame ID "odom" passed to canTransform argument target_frame - frame does not exist
[controller_server-3] [INFO] [1788832979.313010331] [local_costmap.local_costmap]: Timed out waiting for transform from base_link to odom to become available, tf error: Invalid frame ID "odom" passed to canTransform argument target_frame - frame does not exist
[controller_server-3] [INFO] [1788832979.813339694] [local_costmap.local_costmap]: Timed out waiting for transform from base_link to odom to become available, tf error: Invalid frame ID "odom" passed to canTransform argument target_frame - frame does not exist
[sim_node-1] [INFO] [1788832979.975555579] [challenge_sim_node]: Loaded /challenge/maps/2/room.yaml — spawned at world (7.91, -6.45); 486038 reachable free cells. time_scale=4.0x
[async_slam_toolbox_node-2] [WARN] [1788832980.013495921] [slam_toolbox]: minimum laser range setting (0.0 m) exceeds the capabilities of the used Lidar (0.1 m)
[async_slam_toolbox_node-2] Info: clipped range threshold to be within minimum and maximum range!
[async_slam_toolbox_node-2] Registering sensor: [Custom Described Lidar]
[controller_server-3] [INFO] [1788832980.312754056] [local_costmap.local_costmap]: start
[controller_server-3] [INFO] [1788832980.516133261] [controller_server]: Creating bond (controller_server) to lifecycle manager.
[lifecycle_manager-10] [INFO] [1788832980.620763165] [lifecycle_manager_navigation]: Server controller_server connected with bond.
[lifecycle_manager-10] [INFO] [1788832980.620803038] [lifecycle_manager_navigation]: [34m[1mActivating smoother_server[0m[0m
[smoother_server-4] [INFO] [1788832980.621042777] [smoother_server]: Activating
[smoother_server-4] [INFO] [1788832980.621077609] [smoother_server]: Creating bond (smoother_server) to lifecycle manager.
[planner_server-5] [INFO] [1788832980.625083967] [global_costmap.global_costmap]: StaticLayer: Resizing costmap to 356 X 364 at 0.015000 m/pix
[lifecycle_manager-10] [INFO] [1788832980.736926040] [lifecycle_manager_navigation]: Server smoother_server connected with bond.
[lifecycle_manager-10] [INFO] [1788832980.736966497] [lifecycle_manager_navigation]: [34m[1mActivating planner_server[0m[0m
[planner_server-5] [INFO] [1788832980.737153072] [planner_server]: Activating
[planner_server-5] [INFO] [1788832980.737176237] [global_costmap.global_costmap]: Activating
[planner_server-5] [INFO] [1788832980.737183154] [global_costmap.global_costmap]: Checking transform
[planner_server-5] [INFO] [1788832980.737251692] [global_costmap.global_costmap]: start
[planner_server-5] [INFO] [1788832981.789149731] [planner_server]: Activating plugin GridBased of type NavfnPlanner
[planner_server-5] [INFO] [1788832981.789944736] [planner_server]: Creating bond (planner_server) to lifecycle manager.
[lifecycle_manager-10] [INFO] [1788832981.904470936] [lifecycle_manager_navigation]: Server planner_server connected with bond.
[lifecycle_manager-10] [INFO] [1788832981.904517268] [lifecycle_manager_navigation]: [34m[1mActivating behavior_server[0m[0m
[behavior_server-6] [INFO] [1788832981.904885834] [behavior_server]: Activating
[behavior_server-6] [INFO] [1788832981.904905708] [behavior_server]: Activating spin
[behavior_server-6] [INFO] [1788832981.904935873] [behavior_server]: Activating backup
[behavior_server-6] [INFO] [1788832981.904946790] [behavior_server]: Activating drive_on_heading
[behavior_server-6] [INFO] [1788832981.904952164] [behavior_server]: Activating assisted_teleop
[behavior_server-6] [INFO] [1788832981.904957414] [behavior_server]: Activating wait
[behavior_server-6] [INFO] [1788832981.904964622] [behavior_server]: Creating bond (behavior_server) to lifecycle manager.
[lifecycle_manager-10] [INFO] [1788832982.019078716] [lifecycle_manager_navigation]: Server behavior_server connected with bond.
[lifecycle_manager-10] [INFO] [1788832982.019107298] [lifecycle_manager_navigation]: [34m[1mActivating bt_navigator[0m[0m
[bt_navigator-7] [INFO] [1788832982.019281915] [bt_navigator]: Activating
[bt_navigator-7] [INFO] [1788832982.045956899] [bt_navigator]: Creating bond (bt_navigator) to lifecycle manager.
[lifecycle_manager-10] [INFO] [1788832982.161625047] [lifecycle_manager_navigation]: Server bt_navigator connected with bond.
[lifecycle_manager-10] [INFO] [1788832982.161656212] [lifecycle_manager_navigation]: [34m[1mActivating waypoint_follower[0m[0m
[waypoint_follower-8] [INFO] [1788832982.161846412] [waypoint_follower]: Activating
[waypoint_follower-8] [INFO] [1788832982.161878077] [waypoint_follower]: Creating bond (waypoint_follower) to lifecycle manager.
[lifecycle_manager-10] [INFO] [1788832982.275567357] [lifecycle_manager_navigation]: Server waypoint_follower connected with bond.
[lifecycle_manager-10] [INFO] [1788832982.275597147] [lifecycle_manager_navigation]: [34m[1mActivating velocity_smoother[0m[0m
[velocity_smoother-9] [INFO] [1788832982.275777139] [velocity_smoother]: Activating
[velocity_smoother-9] [INFO] [1788832982.275823470] [velocity_smoother]: Creating bond (velocity_smoother) to lifecycle manager.
[lifecycle_manager-10] [INFO] [1788832982.380191220] [lifecycle_manager_navigation]: Server velocity_smoother connected with bond.
[lifecycle_manager-10] [INFO] [1788832982.380224219] [lifecycle_manager_navigation]: [34m[1mManaged nodes are active[0m[0m
[lifecycle_manager-10] [INFO] [1788832982.380230635] [lifecycle_manager_navigation]: [34m[1mCreating bond timer...[0m[0m
Starting your explorer node...
Running. Waiting for /challenge/results/20260908_020258/report.yaml to appear (or Ctrl-C to stop)...
[INFO] [1788833008.747673562] [candidate_explorer]: Got first /map.
[INFO] [1788833008.997409804] [candidate_explorer]: Detected 100 frontier cells
[INFO] [1788833008.998480005] [candidate_explorer]: Found 2 frontier clusters after filtering
[WARN] [1788833008.998727827] [candidate_explorer]: Frontier clusters exist, but none have a usable goal point.
[WARN] [1788833008.998984649] [candidate_explorer]: Frontier clusters exist but have no usable goal. Trying recovery direction 1/8 before checking again.
[INFO] [1788833008.999210055] [candidate_explorer]: Recovery move 1/8: forward, 0.8 m -> (0.80, 0.00)
[bt_navigator-7] [INFO] [1788833009.251355145] [bt_navigator]: Begin navigating from current location (0.00, 0.00) to (0.80, 0.00)
[controller_server-3] [INFO] [1788833009.274423336] [controller_server]: Received a goal, begin computing control effort.
[controller_server-3] [WARN] [1788833009.274741905] [controller_server]: No goal checker was specified in parameter 'current_goal_checker'. Server will use only plugin loaded general_goal_checker . This warning will appear once.
[controller_server-3] [INFO] [1788833009.926984626] [controller_server]: Reached the goal!
[bt_navigator-7] [INFO] [1788833009.963485367] [bt_navigator]: Goal succeeded
[INFO] [1788833009.964496320] [candidate_explorer]: Recovery move 'forward' succeeded.
[INFO] [1788833009.994084462] [candidate_explorer]: Detected 100 frontier cells
[INFO] [1788833009.994440487] [candidate_explorer]: Found 2 frontier clusters after filtering
[INFO] [1788833009.994712225] [candidate_explorer]: Selected frontier cluster: size=80, goal=(0.07, 0.32), distance=0.60
[INFO] [1788833009.994979171] [candidate_explorer]: Checking global path to frontier (0.07, 0.32), distance=0.60m
[INFO] [1788833009.998537258] [candidate_explorer]: Nav2 path to frontier is 0.63m (straight-line=0.60m, detour=1.1x)
[INFO] [1788833009.999570044] [candidate_explorer]: Global path accepted. Navigating to frontier (0.07, 0.32)
[bt_navigator-7] [INFO] [1788833010.000084895] [bt_navigator]: Begin navigating from current location (0.60, 0.04) to (0.07, 0.32)
[controller_server-3] [INFO] [1788833010.020854108] [controller_server]: Received a goal, begin computing control effort.
[planner_server-5] [INFO] [1788833010.737410793] [global_costmap.global_costmap]: StaticLayer: Resizing costmap to 360 X 371 at 0.015000 m/pix
[controller_server-3] [INFO] [1788833011.071118972] [controller_server]: Passing new path to controller.
[controller_server-3] [INFO] [1788833011.723632639] [controller_server]: Reached the goal!
[bt_navigator-7] [INFO] [1788833011.750401910] [bt_navigator]: Goal succeeded
[INFO] [1788833011.751045464] [candidate_explorer]: Frontier goal finished: success=True
[INFO] [1788833011.751384406] [candidate_explorer]: Reached frontier. Waiting for the map to expose new frontiers.
[INFO] [1788833012.006800809] [candidate_explorer]: Detected 933 frontier cells
[INFO] [1788833012.008087652] [candidate_explorer]: Found 7 frontier clusters after filtering
[INFO] [1788833012.008752490] [candidate_explorer]: Selected frontier cluster: size=742, goal=(0.88, 0.42), distance=0.60
[INFO] [1788833012.009079909] [candidate_explorer]: Checking global path to frontier (0.88, 0.42), distance=0.60m
[INFO] [1788833012.011833179] [candidate_explorer]: Nav2 path to frontier is 0.61m (straight-line=0.60m, detour=1.0x)
[INFO] [1788833012.012760519] [candidate_explorer]: Global path accepted. Navigating to frontier (0.88, 0.42)
[bt_navigator-7] [INFO] [1788833012.013163438] [bt_navigator]: Begin navigating from current location (0.27, 0.43) to (0.88, 0.42)
[controller_server-3] [INFO] [1788833012.035404141] [controller_server]: Received a goal, begin computing control effort.
[planner_server-5] [INFO] [1788833012.737865975] [global_costmap.global_costmap]: StaticLayer: Resizing costmap to 423 X 372 at 0.015000 m/pix
[controller_server-3] [INFO] [1788833013.086091370] [controller_server]: Passing new path to controller.
[controller_server-3] [INFO] [1788833013.439817429] [controller_server]: Reached the goal!
[bt_navigator-7] [INFO] [1788833013.475850940] [bt_navigator]: Goal succeeded
[INFO] [1788833013.476393819] [candidate_explorer]: Frontier goal finished: success=True
[INFO] [1788833013.476645404] [candidate_explorer]: Reached frontier. Waiting for the map to expose new frontiers.
[INFO] [1788833013.517539492] [candidate_explorer]: Detected 4460 frontier cells
[INFO] [1788833013.528183194] [candidate_explorer]: Found 108 frontier clusters after filtering
[INFO] [1788833013.530359251] [candidate_explorer]: Selected frontier cluster: size=1378, goal=(1.30, 0.72), distance=0.60
[INFO] [1788833013.530794838] [candidate_explorer]: Checking global path to frontier (1.30, 0.72), distance=0.60m
[planner_server-5] [ERROR] [1788833013.531861762] [planner_server]: Failed to create a plan from potential when a legal potential was found. This shouldn't happen.
[planner_server-5] [WARN] [1788833013.531909429] [planner_server]: GridBased: failed to create plan with tolerance 0.50.
[planner_server-5] [WARN] [1788833013.531915554] [planner_server]: Planning algorithm GridBased failed to generate a valid path to (1.30, 0.72)
[planner_server-5] [WARN] [1788833013.531922346] [planner_server]: [compute_path_to_pose] [ActionServer] Aborting handle.
[WARN] [1788833013.532501017] [candidate_explorer]: Path computation failed, status=6
[WARN] [1788833013.532714060] [candidate_explorer]: No global path to frontier (1.30, 0.72). Blacklisting.
[INFO] [1788833013.749571504] [candidate_explorer]: Detected 4460 frontier cells
[INFO] [1788833013.753705659] [candidate_explorer]: Found 108 frontier clusters after filtering
[INFO] [1788833013.756258969] [candidate_explorer]: Selected frontier cluster: size=962, goal=(1.15, -0.11), distance=0.77
[INFO] [1788833013.756709223] [candidate_explorer]: Checking global path to frontier (1.15, -0.11), distance=0.77m
[INFO] [1788833013.759694328] [candidate_explorer]: Nav2 path to frontier is 0.79m (straight-line=0.77m, detour=1.0x)
[INFO] [1788833013.760803794] [candidate_explorer]: Global path accepted. Navigating to frontier (1.15, -0.11)
[bt_navigator-7] [INFO] [1788833013.761179588] [bt_navigator]: Begin navigating from current location (0.72, 0.54) to (1.15, -0.11)
[controller_server-3] [INFO] [1788833013.784491840] [controller_server]: Received a goal, begin computing control effort.
[planner_server-5] [INFO] [1788833014.737460903] [global_costmap.global_costmap]: StaticLayer: Resizing costmap to 424 X 372 at 0.015000 m/pix
[controller_server-3] [INFO] [1788833014.840028979] [controller_server]: Passing new path to controller.
[controller_server-3] [INFO] [1788833014.842311579] [controller_server]: Reached the goal!
[bt_navigator-7] [INFO] [1788833014.891971105] [bt_navigator]: Goal succeeded
[INFO] [1788833014.892858778] [candidate_explorer]: Frontier goal finished: success=True
[INFO] [1788833014.893277239] [candidate_explorer]: Reached frontier. Waiting for the map to expose new frontiers.
[INFO] [1788833015.028670594] [candidate_explorer]: Detected 8761 frontier cells
[INFO] [1788833015.036272858] [candidate_explorer]: Found 172 frontier clusters after filtering
[INFO] [1788833015.042040774] [candidate_explorer]: Selected frontier cluster: size=2531, goal=(1.57, -0.34), distance=0.61
[INFO] [1788833015.042809571] [candidate_explorer]: Checking global path to frontier (1.57, -0.34), distance=0.61m
[INFO] [1788833015.045673759] [candidate_explorer]: Nav2 path to frontier is 0.63m (straight-line=0.61m, detour=1.0x)
[INFO] [1788833015.046613974] [candidate_explorer]: Global path accepted. Navigating to frontier (1.57, -0.34)
[bt_navigator-7] [INFO] [1788833015.046978393] [bt_navigator]: Begin navigating from current location (1.14, 0.09) to (1.57, -0.34)
[controller_server-3] [INFO] [1788833015.067738960] [controller_server]: Received a goal, begin computing control effort.
[controller_server-3] [INFO] [1788833015.576220765] [controller_server]: Reached the goal!
[bt_navigator-7] [INFO] [1788833015.609063336] [bt_navigator]: Goal succeeded
[INFO] [1788833015.609996384] [candidate_explorer]: Frontier goal finished: success=True
[INFO] [1788833015.610241386] [candidate_explorer]: Reached frontier. Waiting for the map to expose new frontiers.
[INFO] [1788833015.757099991] [candidate_explorer]: Detected 8761 frontier cells
[INFO] [1788833015.764827088] [candidate_explorer]: Found 172 frontier clusters after filtering
[INFO] [1788833015.770518379] [candidate_explorer]: Selected frontier cluster: size=2531, goal=(1.72, -0.75), distance=0.60
[INFO] [1788833015.771289968] [candidate_explorer]: Checking global path to frontier (1.72, -0.75), distance=0.60m
[INFO] [1788833015.773950363] [candidate_explorer]: Nav2 path to frontier is 0.61m (straight-line=0.60m, detour=1.0x)
[INFO] [1788833015.774929953] [candidate_explorer]: Global path accepted. Navigating to frontier (1.72, -0.75)
[bt_navigator-7] [INFO] [1788833015.775329414] [bt_navigator]: Begin navigating from current location (1.41, -0.23) to (1.72, -0.75)
[controller_server-3] [INFO] [1788833015.798734959] [controller_server]: Received a goal, begin computing control effort.
[controller_server-3] [INFO] [1788833016.250927273] [controller_server]: Reached the goal!
[bt_navigator-7] [INFO] [1788833016.287846081] [bt_navigator]: Goal succeeded
[INFO] [1788833016.288753796] [candidate_explorer]: Frontier goal finished: success=True
[INFO] [1788833016.289023340] [candidate_explorer]: Reached frontier. Waiting for the map to expose new frontiers.
[INFO] [1788833016.505283947] [candidate_explorer]: Detected 8761 frontier cells
[INFO] [1788833016.512987836] [candidate_explorer]: Found 172 frontier clusters after filtering
[INFO] [1788833016.518618877] [candidate_explorer]: Selected frontier cluster: size=2531, goal=(2.23, -0.76), distance=0.60
[INFO] [1788833016.519340882] [candidate_explorer]: Checking global path to frontier (2.23, -0.76), distance=0.60m
[INFO] [1788833016.522314195] [candidate_explorer]: Nav2 path to frontier is 0.64m (straight-line=0.60m, detour=1.1x)
[INFO] [1788833016.523370619] [candidate_explorer]: Global path accepted. Navigating to frontier (2.23, -0.76)
[bt_navigator-7] [INFO] [1788833016.523761705] [bt_navigator]: Begin navigating from current location (1.67, -0.55) to (2.23, -0.76)
[controller_server-3] [INFO] [1788833016.544598648] [controller_server]: Received a goal, begin computing control effort.
[planner_server-5] [INFO] [1788833016.739049472] [global_costmap.global_costmap]: StaticLayer: Resizing costmap to 506 X 373 at 0.015000 m/pix
[controller_server-3] [INFO] [1788833017.498287716] [controller_server]: Reached the goal!
[bt_navigator-7] [INFO] [1788833017.536698786] [bt_navigator]: Goal succeeded
[INFO] [1788833017.537418333] [candidate_explorer]: Frontier goal finished: success=True
[INFO] [1788833017.537689960] [candidate_explorer]: Reached frontier. Waiting for the map to expose new frontiers.
[INFO] [1788833017.779523751] [candidate_explorer]: Detected 9089 frontier cells
[INFO] [1788833017.786993764] [candidate_explorer]: Found 134 frontier clusters after filtering
[INFO] [1788833017.792612513] [candidate_explorer]: Selected frontier cluster: size=2953, goal=(2.35, -1.32), distance=0.60
[INFO] [1788833017.793327768] [candidate_explorer]: Checking global path to frontier (2.35, -1.32), distance=0.60m
[INFO] [1788833017.796343790] [candidate_explorer]: Nav2 path to frontier is 0.62m (straight-line=0.60m, detour=1.0x)
[INFO] [1788833017.797276671] [candidate_explorer]: Global path accepted. Navigating to frontier (2.35, -1.32)
[bt_navigator-7] [INFO] [1788833017.797624591] [bt_navigator]: Begin navigating from current location (2.01, -0.82) to (2.35, -1.32)
[controller_server-3] [INFO] [1788833017.820015378] [controller_server]: Received a goal, begin computing control effort.
[controller_server-3] [INFO] [1788833018.830916902] [controller_server]: Reached the goal!
[controller_server-3] [INFO] [1788833018.848099151] [controller_server]: Received a goal, begin computing control effort.
[controller_server-3] [INFO] [1788833018.849935373] [controller_server]: Reached the goal!
[bt_navigator-7] [INFO] [1788833018.890225623] [bt_navigator]: Goal succeeded
[INFO] [1788833018.890699459] [candidate_explorer]: Frontier goal finished: success=True
[INFO] [1788833018.890941586] [candidate_explorer]: Reached frontier. Waiting for the map to expose new frontiers.
[INFO] [1788833019.039924664] [candidate_explorer]: Detected 8053 frontier cells
[INFO] [1788833019.046883923] [candidate_explorer]: Found 118 frontier clusters after filtering
[INFO] [1788833019.052012543] [candidate_explorer]: Selected frontier cluster: size=1659, goal=(2.84, -1.51), distance=0.61
[INFO] [1788833019.052764132] [candidate_explorer]: Checking global path to frontier (2.84, -1.51), distance=0.61m
[INFO] [1788833019.055620819] [candidate_explorer]: Nav2 path to frontier is 0.66m (straight-line=0.61m, detour=1.1x)
[INFO] [1788833019.056550284] [candidate_explorer]: Global path accepted. Navigating to frontier (2.84, -1.51)
[bt_navigator-7] [INFO] [1788833019.056969246] [bt_navigator]: Begin navigating from current location (2.38, -1.11) to (2.84, -1.51)
[controller_server-3] [INFO] [1788833019.079266824] [controller_server]: Received a goal, begin computing control effort.
[controller_server-3] [INFO] [1788833019.535199540] [controller_server]: Reached the goal!
[bt_navigator-7] [INFO] [1788833019.570281461] [bt_navigator]: Goal succeeded
[INFO] [1788833019.571048591] [candidate_explorer]: Frontier goal finished: success=True
[INFO] [1788833019.571326468] [candidate_explorer]: Reached frontier. Waiting for the map to expose new frontiers.
[INFO] [1788833019.762847979] [candidate_explorer]: Detected 8053 frontier cells
[INFO] [1788833019.769825613] [candidate_explorer]: Found 118 frontier clusters after filtering
[INFO] [1788833019.774864608] [candidate_explorer]: Selected frontier cluster: size=1659, goal=(3.26, -1.33), distance=0.60
[INFO] [1788833019.775649447] [candidate_explorer]: Checking global path to frontier (3.26, -1.33), distance=0.60m
[INFO] [1788833019.778714344] [candidate_explorer]: Nav2 path to frontier is 0.69m (straight-line=0.60m, detour=1.1x)
[INFO] [1788833019.779694476] [candidate_explorer]: Global path accepted. Navigating to frontier (3.26, -1.33)
[bt_navigator-7] [INFO] [1788833019.780167396] [bt_navigator]: Begin navigating from current location (2.67, -1.43) to (3.26, -1.33)
[controller_server-3] [INFO] [1788833019.803768942] [controller_server]: Received a goal, begin computing control effort.
[controller_server-3] [INFO] [1788833020.306385454] [controller_server]: Reached the goal!
[bt_navigator-7] [INFO] [1788833020.341138122] [bt_navigator]: Goal succeeded
[INFO] [1788833020.341802585] [candidate_explorer]: Frontier goal finished: success=True
[INFO] [1788833020.342074087] [candidate_explorer]: Reached frontier. Waiting for the map to expose new frontiers.
[INFO] [1788833020.511589731] [candidate_explorer]: Detected 8053 frontier cells
[INFO] [1788833020.519028160] [candidate_explorer]: Found 118 frontier clusters after filtering
[INFO] [1788833020.523898570] [candidate_explorer]: Selected frontier cluster: size=1659, goal=(3.58, -1.14), distance=0.60
[INFO] [1788833020.524749451] [candidate_explorer]: Checking global path to frontier (3.58, -1.14), distance=0.60m
[INFO] [1788833020.527904891] [candidate_explorer]: Nav2 path to frontier is 0.74m (straight-line=0.60m, detour=1.2x)
[INFO] [1788833020.528880939] [candidate_explorer]: Global path accepted. Navigating to frontier (3.58, -1.14)
[bt_navigator-7] [INFO] [1788833020.529222275] [bt_navigator]: Begin navigating from current location (3.09, -1.49) to (3.58, -1.14)
[controller_server-3] [INFO] [1788833020.549911550] [controller_server]: Received a goal, begin computing control effort.
[controller_server-3] [INFO] [1788833021.004920676] [controller_server]: Reached the goal!
[bt_navigator-7] [INFO] [1788833021.039834262] [bt_navigator]: Goal succeeded
[INFO] [1788833021.040507433] [candidate_explorer]: Frontier goal finished: success=True
[INFO] [1788833021.040751435] [candidate_explorer]: Reached frontier. Waiting for the map to expose new frontiers.
[INFO] [1788833021.292619591] [candidate_explorer]: Detected 10800 frontier cells
[INFO] [1788833021.302329620] [candidate_explorer]: Found 121 frontier clusters after filtering
[INFO] [1788833021.309110294] [candidate_explorer]: Selected frontier cluster: size=1756, goal=(3.83, -0.85), distance=0.60
[INFO] [1788833021.310093843] [candidate_explorer]: Checking global path to frontier (3.83, -0.85), distance=0.60m
[INFO] [1788833021.313898329] [candidate_explorer]: Nav2 path to frontier is 0.72m (straight-line=0.60m, detour=1.2x)
[INFO] [1788833021.315000878] [candidate_explorer]: Global path accepted. Navigating to frontier (3.83, -0.85)
[bt_navigator-7] [INFO] [1788833021.315370506] [bt_navigator]: Begin navigating from current location (3.39, -1.27) to (3.83, -0.85)
[controller_server-3] [INFO] [1788833021.338564424] [controller_server]: Received a goal, begin computing control effort.
[controller_server-3] [INFO] [1788833021.848471197] [controller_server]: Reached the goal!
[bt_navigator-7] [INFO] [1788833021.885940635] [bt_navigator]: Goal succeeded
[INFO] [1788833021.886825266] [candidate_explorer]: Frontier goal finished: success=True
[INFO] [1788833021.887067518] [candidate_explorer]: Reached frontier. Waiting for the map to expose new frontiers.
[INFO] [1788833022.018340051] [candidate_explorer]: Detected 10800 frontier cells
[INFO] [1788833022.028053205] [candidate_explorer]: Found 121 frontier clusters after filtering
[INFO] [1788833022.034531169] [candidate_explorer]: Selected frontier cluster: size=1756, goal=(4.06, -0.51), distance=0.60
[INFO] [1788833022.035484884] [candidate_explorer]: Checking global path to frontier (4.06, -0.51), distance=0.60m
[INFO] [1788833022.038562781] [candidate_explorer]: Nav2 path to frontier is 0.63m (straight-line=0.60m, detour=1.0x)
[INFO] [1788833022.039541663] [candidate_explorer]: Global path accepted. Navigating to frontier (4.06, -0.51)
[bt_navigator-7] [INFO] [1788833022.039920958] [bt_navigator]: Begin navigating from current location (3.69, -0.99) to (4.06, -0.51)
[controller_server-3] [INFO] [1788833022.062569788] [controller_server]: Received a goal, begin computing control effort.
[controller_server-3] [INFO] [1788833022.514763561] [controller_server]: Reached the goal!
[bt_navigator-7] [INFO] [1788833022.553408924] [bt_navigator]: Goal succeeded
[INFO] [1788833022.554087887] [candidate_explorer]: Frontier goal finished: success=True
[INFO] [1788833022.554360639] [candidate_explorer]: Reached frontier. Waiting for the map to expose new frontiers.
[INFO] [1788833022.796698726] [candidate_explorer]: Detected 12848 frontier cells
[INFO] [1788833022.808546978] [candidate_explorer]: Found 68 frontier clusters after filtering
[INFO] [1788833022.816622328] [candidate_explorer]: Selected frontier cluster: size=11627, goal=(3.86, -0.10), distance=0.60
[INFO] [1788833022.817541960] [candidate_explorer]: Checking global path to frontier (3.86, -0.10), distance=0.60m
[INFO] [1788833022.820813692] [candidate_explorer]: Nav2 path to frontier is 0.62m (straight-line=0.60m, detour=1.0x)
[INFO] [1788833022.821755074] [candidate_explorer]: Global path accepted. Navigating to frontier (3.86, -0.10)
[bt_navigator-7] [INFO] [1788833022.822186785] [bt_navigator]: Begin navigating from current location (3.94, -0.70) to (3.86, -0.10)
[controller_server-3] [INFO] [1788833022.842697809] [controller_server]: Received a goal, begin computing control effort.
[controller_server-3] [INFO] [1788833023.893517622] [controller_server]: Passing new path to controller.
[controller_server-3] [INFO] [1788833023.997093079] [controller_server]: Reached the goal!
[bt_navigator-7] [INFO] [1788833024.035947527] [bt_navigator]: Goal succeeded
[INFO] [1788833024.036386697] [candidate_explorer]: Frontier goal finished: success=True
[INFO] [1788833024.036596532] [candidate_explorer]: Reached frontier. Waiting for the map to expose new frontiers.
[INFO] [1788833024.269751511] [candidate_explorer]: Detected 12848 frontier cells
[INFO] [1788833024.282024641] [candidate_explorer]: Found 68 frontier clusters after filtering
[INFO] [1788833024.289845365] [candidate_explorer]: Selected frontier cluster: size=11627, goal=(3.67, 0.26), distance=0.60
[INFO] [1788833024.290945289] [candidate_explorer]: Checking global path to frontier (3.67, 0.26), distance=0.60m
[INFO] [1788833024.294022187] [candidate_explorer]: Nav2 path to frontier is 0.61m (straight-line=0.60m, detour=1.0x)
[INFO] [1788833024.294898401] [candidate_explorer]: Global path accepted. Navigating to frontier (3.67, 0.26)
[bt_navigator-7] [INFO] [1788833024.295255529] [bt_navigator]: Begin navigating from current location (4.03, -0.22) to (3.67, 0.26)
[controller_server-3] [INFO] [1788833024.318144986] [controller_server]: Received a goal, begin computing control effort.
[planner_server-5] [INFO] [1788833024.738036566] [global_costmap.global_costmap]: StaticLayer: Resizing costmap to 690 X 373 at 0.015000 m/pix
[controller_server-3] [INFO] [1788833024.776564929] [controller_server]: Reached the goal!
[bt_navigator-7] [INFO] [1788833024.805405846] [bt_navigator]: Goal succeeded
[INFO] [1788833024.806230352] [candidate_explorer]: Frontier goal finished: success=True
[INFO] [1788833024.806489729] [candidate_explorer]: Reached frontier. Waiting for the map to expose new frontiers.
[INFO] [1788833025.050877789] [candidate_explorer]: Detected 11276 frontier cells
[INFO] [1788833025.061352573] [candidate_explorer]: Found 63 frontier clusters after filtering
[INFO] [1788833025.068327415] [candidate_explorer]: Selected frontier cluster: size=9875, goal=(4.19, 0.60), distance=0.60
[INFO] [1788833025.069168713] [candidate_explorer]: Checking global path to frontier (4.19, 0.60), distance=0.60m
[INFO] [1788833025.072408945] [candidate_explorer]: Nav2 path to frontier is 0.61m (straight-line=0.60m, detour=1.0x)
[INFO] [1788833025.073389452] [candidate_explorer]: Global path accepted. Navigating to frontier (4.19, 0.60)
[bt_navigator-7] [INFO] [1788833025.073763038] [bt_navigator]: Begin navigating from current location (3.81, 0.13) to (4.19, 0.60)
[controller_server-3] [INFO] [1788833025.097622335] [controller_server]: Received a goal, begin computing control effort.
[controller_server-3] [INFO] [1788833026.147907561] [controller_server]: Passing new path to controller.
[controller_server-3] [INFO] [1788833026.701241024] [controller_server]: Reached the goal!
[bt_navigator-7] [INFO] [1788833026.737130908] [bt_navigator]: Goal succeeded
[INFO] [1788833026.738111957] [candidate_explorer]: Frontier goal finished: success=True
[INFO] [1788833026.738338625] [candidate_explorer]: Reached frontier. Waiting for the map to expose new frontiers.
[INFO] [1788833027.055123085] [candidate_explorer]: Detected 6160 frontier cells
[INFO] [1788833027.060562749] [candidate_explorer]: Found 95 frontier clusters after filtering
[INFO] [1788833027.064563778] [candidate_explorer]: Selected frontier cluster: size=1987, goal=(4.84, 0.44), distance=0.89
[INFO] [1788833027.065302950] [candidate_explorer]: Checking global path to frontier (4.84, 0.44), distance=0.89m
[INFO] [1788833027.069210062] [candidate_explorer]: Nav2 path to frontier is 0.92m (straight-line=0.89m, detour=1.0x)
[INFO] [1788833027.070498696] [candidate_explorer]: Global path accepted. Navigating to frontier (4.84, 0.44)
[bt_navigator-7] [INFO] [1788833027.070922741] [bt_navigator]: Begin navigating from current location (3.98, 0.68) to (4.84, 0.44)
[controller_server-3] [INFO] [1788833027.091767183] [controller_server]: Received a goal, begin computing control effort.
[controller_server-3] [INFO] [1788833028.147001945] [controller_server]: Passing new path to controller.
[controller_server-3] [INFO] [1788833028.294724014] [controller_server]: Reached the goal!
[bt_navigator-7] [INFO] [1788833028.323980350] [bt_navigator]: Goal succeeded
[INFO] [1788833028.324922315] [candidate_explorer]: Frontier goal finished: success=True
[INFO] [1788833028.325137734] [candidate_explorer]: Reached frontier. Waiting for the map to expose new frontiers.
[INFO] [1788833028.528601123] [candidate_explorer]: Detected 6160 frontier cells
[INFO] [1788833028.534021579] [candidate_explorer]: Found 95 frontier clusters after filtering
[INFO] [1788833028.537856481] [candidate_explorer]: Selected frontier cluster: size=1987, goal=(5.05, 0.09), distance=0.60
[INFO] [1788833028.538559320] [candidate_explorer]: Checking global path to frontier (5.05, 0.09), distance=0.60m
[INFO] [1788833028.541801218] [candidate_explorer]: Nav2 path to frontier is 0.64m (straight-line=0.60m, detour=1.1x)
[INFO] [1788833028.542688725] [candidate_explorer]: Global path accepted. Navigating to frontier (5.05, 0.09)
[bt_navigator-7] [INFO] [1788833028.543091728] [bt_navigator]: Begin navigating from current location (4.69, 0.57) to (5.05, 0.09)
[controller_server-3] [INFO] [1788833028.564324840] [controller_server]: Received a goal, begin computing control effort.
[planner_server-5] [INFO] [1788833028.737495593] [global_costmap.global_costmap]: StaticLayer: Resizing costmap to 690 X 431 at 0.015000 m/pix
[controller_server-3] [INFO] [1788833029.167935416] [controller_server]: Reached the goal!
[bt_navigator-7] [INFO] [1788833029.196132370] [bt_navigator]: Goal succeeded
[INFO] [1788833029.196532790] [candidate_explorer]: Frontier goal finished: success=True
[INFO] [1788833029.196786042] [candidate_explorer]: Reached frontier. Waiting for the map to expose new frontiers.
[INFO] [1788833029.310942784] [candidate_explorer]: Detected 5310 frontier cells
[INFO] [1788833029.315917487] [candidate_explorer]: Found 91 frontier clusters after filtering
[INFO] [1788833029.319173844] [candidate_explorer]: Selected frontier cluster: size=1898, goal=(5.51, 0.04), distance=0.60
[INFO] [1788833029.319713306] [candidate_explorer]: Checking global path to frontier (5.51, 0.04), distance=0.60m
[INFO] [1788833029.323169331] [candidate_explorer]: Nav2 path to frontier is 0.64m (straight-line=0.60m, detour=1.1x)
[INFO] [1788833029.324054629] [candidate_explorer]: Global path accepted. Navigating to frontier (5.51, 0.04)
[bt_navigator-7] [INFO] [1788833029.324522299] [bt_navigator]: Begin navigating from current location (4.98, 0.32) to (5.51, 0.04)
[controller_server-3] [INFO] [1788833029.346541209] [controller_server]: Received a goal, begin computing control effort.
[controller_server-3] [INFO] [1788833029.848650967] [controller_server]: Reached the goal!
[bt_navigator-7] [INFO] [1788833029.886515533] [bt_navigator]: Goal succeeded
[INFO] [1788833029.887423206] [candidate_explorer]: Frontier goal finished: success=True
[INFO] [1788833029.887680958] [candidate_explorer]: Reached frontier. Waiting for the map to expose new frontiers.
[INFO] [1788833030.029405942] [candidate_explorer]: Detected 5310 frontier cells
[INFO] [1788833030.034118143] [candidate_explorer]: Found 91 frontier clusters after filtering
[INFO] [1788833030.037166456] [candidate_explorer]: Selected frontier cluster: size=1898, goal=(5.81, 0.34), distance=0.60
[INFO] [1788833030.037791794] [candidate_explorer]: Checking global path to frontier (5.81, 0.34), distance=0.60m
[INFO] [1788833030.041225986] [candidate_explorer]: Nav2 path to frontier is 0.60m (straight-line=0.60m, detour=1.0x)
[INFO] [1788833030.042140451] [candidate_explorer]: Global path accepted. Navigating to frontier (5.81, 0.34)
[bt_navigator-7] [INFO] [1788833030.042494953] [bt_navigator]: Begin navigating from current location (5.29, 0.03) to (5.81, 0.34)
[controller_server-3] [INFO] [1788833030.064448571] [controller_server]: Received a goal, begin computing control effort.
[planner_server-5] [INFO] [1788833030.741093217] [global_costmap.global_costmap]: StaticLayer: Resizing costmap to 759 X 496 at 0.015000 m/pix
[controller_server-3] [INFO] [1788833031.118067862] [controller_server]: Passing new path to controller.
[controller_server-3] [INFO] [1788833031.120333878] [controller_server]: Reached the goal!
[bt_navigator-7] [INFO] [1788833031.162934770] [bt_navigator]: Goal succeeded
[INFO] [1788833031.163769109] [candidate_explorer]: Frontier goal finished: success=True
[INFO] [1788833031.164011653] [candidate_explorer]: Reached frontier. Waiting for the map to expose new frontiers.
[INFO] [1788833031.324936442] [candidate_explorer]: Detected 4350 frontier cells
[INFO] [1788833031.329657227] [candidate_explorer]: Found 159 frontier clusters after filtering
[INFO] [1788833031.332202703] [candidate_explorer]: Selected frontier cluster: size=1009, goal=(6.29, -0.07), distance=0.60
[INFO] [1788833031.332729957] [candidate_explorer]: Checking global path to frontier (6.29, -0.07), distance=0.60m
[INFO] [1788833031.336373067] [candidate_explorer]: Nav2 path to frontier is 0.63m (straight-line=0.60m, detour=1.0x)
[INFO] [1788833031.337299657] [candidate_explorer]: Global path accepted. Navigating to frontier (6.29, -0.07)
[bt_navigator-7] [INFO] [1788833031.337679035] [bt_navigator]: Begin navigating from current location (5.72, 0.13) to (6.29, -0.07)
[controller_server-3] [INFO] [1788833031.361211497] [controller_server]: Received a goal, begin computing control effort.
[controller_server-3] [INFO] [1788833032.411678890] [controller_server]: Passing new path to controller.
[planner_server-5] [INFO] [1788833032.737652624] [global_costmap.global_costmap]: StaticLayer: Resizing costmap to 761 X 531 at 0.015000 m/pix
[controller_server-3] [INFO] [1788833032.763942689] [controller_server]: Reached the goal!
[bt_navigator-7] [INFO] [1788833032.798232604] [bt_navigator]: Goal succeeded
[INFO] [1788833032.798748525] [candidate_explorer]: Frontier goal finished: success=True
[INFO] [1788833032.798969151] [candidate_explorer]: Reached frontier. Waiting for the map to expose new frontiers.
[INFO] [1788833033.081562655] [candidate_explorer]: Detected 5467 frontier cells
[INFO] [1788833033.087347613] [candidate_explorer]: Found 150 frontier clusters after filtering
[INFO] [1788833033.090355427] [candidate_explorer]: Selected frontier cluster: size=1784, goal=(6.71, -0.26), distance=0.60
[INFO] [1788833033.091116682] [candidate_explorer]: Checking global path to frontier (6.71, -0.26), distance=0.60m
[INFO] [1788833033.095223462] [candidate_explorer]: Nav2 path to frontier is 0.67m (straight-line=0.60m, detour=1.1x)
[INFO] [1788833033.096207677] [candidate_explorer]: Global path accepted. Navigating to frontier (6.71, -0.26)
[bt_navigator-7] [INFO] [1788833033.096655305] [bt_navigator]: Begin navigating from current location (6.26, 0.14) to (6.71, -0.26)
[controller_server-3] [INFO] [1788833033.117391497] [controller_server]: Received a goal, begin computing control effort.
[controller_server-3] [INFO] [1788833033.620704390] [controller_server]: Reached the goal!
[bt_navigator-7] [INFO] [1788833033.660240551] [bt_navigator]: Goal succeeded
[INFO] [1788833033.660719637] [candidate_explorer]: Frontier goal finished: success=True
[INFO] [1788833033.660942056] [candidate_explorer]: Reached frontier. Waiting for the map to expose new frontiers.
[INFO] [1788833033.786185754] [candidate_explorer]: Detected 5467 frontier cells
[INFO] [1788833033.791138331] [candidate_explorer]: Found 150 frontier clusters after filtering
[INFO] [1788833033.794133978] [candidate_explorer]: Selected frontier cluster: size=1784, goal=(6.61, -0.69), distance=0.60
[INFO] [1788833033.794811066] [candidate_explorer]: Checking global path to frontier (6.61, -0.69), distance=0.60m
[INFO] [1788833033.798520176] [candidate_explorer]: Nav2 path to frontier is 0.64m (straight-line=0.60m, detour=1.1x)
[INFO] [1788833033.799384558] [candidate_explorer]: Global path accepted. Navigating to frontier (6.61, -0.69)
[bt_navigator-7] [INFO] [1788833033.799779560] [bt_navigator]: Begin navigating from current location (6.53, -0.10) to (6.61, -0.69)
[controller_server-3] [INFO] [1788833033.822380391] [controller_server]: Received a goal, begin computing control effort.
[controller_server-3] [INFO] [1788833034.275354044] [controller_server]: Reached the goal!
[bt_navigator-7] [INFO] [1788833034.311126886] [bt_navigator]: Goal succeeded
[INFO] [1788833034.311594514] [candidate_explorer]: Frontier goal finished: success=True
[INFO] [1788833034.311837141] [candidate_explorer]: Reached frontier. Waiting for the map to expose new frontiers.
[INFO] [1788833034.535897513] [candidate_explorer]: Detected 5467 frontier cells
[INFO] [1788833034.541144509] [candidate_explorer]: Found 150 frontier clusters after filtering
[INFO] [1788833034.544050113] [candidate_explorer]: Selected frontier cluster: size=1784, goal=(6.82, -1.10), distance=0.60
[INFO] [1788833034.544718493] [candidate_explorer]: Checking global path to frontier (6.82, -1.10), distance=0.60m
[INFO] [1788833034.549451527] [candidate_explorer]: Nav2 path to frontier is 0.62m (straight-line=0.60m, detour=1.0x)
[INFO] [1788833034.550318867] [candidate_explorer]: Global path accepted. Navigating to frontier (6.82, -1.10)
[bt_navigator-7] [INFO] [1788833034.550773370] [bt_navigator]: Begin navigating from current location (6.69, -0.51) to (6.82, -1.10)
[controller_server-3] [INFO] [1788833034.573635827] [controller_server]: Received a goal, begin computing control effort.
[planner_server-5] [INFO] [1788833034.737512638] [global_costmap.global_costmap]: StaticLayer: Resizing costmap to 761 X 564 at 0.015000 m/pix
[controller_server-3] [INFO] [1788833035.078276354] [controller_server]: Reached the goal!
[bt_navigator-7] [INFO] [1788833035.110991716] [bt_navigator]: Goal succeeded
[INFO] [1788833035.112026848] [candidate_explorer]: Frontier goal finished: success=True
[INFO] [1788833035.112247267] [candidate_explorer]: Reached frontier. Waiting for the map to expose new frontiers.
[INFO] [1788833035.339356827] [candidate_explorer]: Detected 7328 frontier cells
[INFO] [1788833035.345820707] [candidate_explorer]: Found 172 frontier clusters after filtering
[INFO] [1788833035.350334281] [candidate_explorer]: Selected frontier cluster: size=3663, goal=(6.55, -1.49), distance=0.60
[INFO] [1788833035.351055203] [candidate_explorer]: Checking global path to frontier (6.55, -1.49), distance=0.60m
[INFO] [1788833035.354916148] [candidate_explorer]: Nav2 path to frontier is 0.61m (straight-line=0.60m, detour=1.0x)
[INFO] [1788833035.355793238] [candidate_explorer]: Global path accepted. Navigating to frontier (6.55, -1.49)
[bt_navigator-7] [INFO] [1788833035.356159949] [bt_navigator]: Begin navigating from current location (6.72, -0.92) to (6.55, -1.49)
[controller_server-3] [INFO] [1788833035.379425992] [controller_server]: Received a goal, begin computing control effort.
[controller_server-3] [INFO] [1788833035.883635766] [controller_server]: Reached the goal!
[bt_navigator-7] [INFO] [1788833035.917444844] [bt_navigator]: Goal succeeded
[INFO] [1788833035.918296433] [candidate_explorer]: Frontier goal finished: success=True
[INFO] [1788833035.918560602] [candidate_explorer]: Reached frontier. Waiting for the map to expose new frontiers.
[INFO] [1788833036.041576034] [candidate_explorer]: Detected 7328 frontier cells
[INFO] [1788833036.047885579] [candidate_explorer]: Found 172 frontier clusters after filtering
[INFO] [1788833036.052146860] [candidate_explorer]: Selected frontier cluster: size=3663, goal=(6.11, -1.25), distance=0.60
[INFO] [1788833036.052963783] [candidate_explorer]: Checking global path to frontier (6.11, -1.25), distance=0.60m
[INFO] [1788833036.056771102] [candidate_explorer]: Nav2 path to frontier is 0.62m (straight-line=0.60m, detour=1.0x)
[INFO] [1788833036.057714609] [candidate_explorer]: Global path accepted. Navigating to frontier (6.11, -1.25)
[bt_navigator-7] [INFO] [1788833036.058055986] [bt_navigator]: Begin navigating from current location (6.70, -1.36) to (6.11, -1.25)
[controller_server-3] [INFO] [1788833036.080852401] [controller_server]: Received a goal, begin computing control effort.
[planner_server-5] [INFO] [1788833036.738578328] [global_costmap.global_costmap]: StaticLayer: Resizing costmap to 761 X 565 at 0.015000 m/pix
[controller_server-3] [INFO] [1788833037.132553220] [controller_server]: Passing new path to controller.
[controller_server-3] [INFO] [1788833037.534002709] [controller_server]: Reached the goal!
[bt_navigator-7] [INFO] [1788833037.568985170] [bt_navigator]: Goal succeeded
[INFO] [1788833037.569879552] [candidate_explorer]: Frontier goal finished: success=True
[INFO] [1788833037.570140387] [candidate_explorer]: Reached frontier. Waiting for the map to expose new frontiers.
[INFO] [1788833037.848591569] [candidate_explorer]: Detected 4553 frontier cells
[INFO] [1788833037.853640814] [candidate_explorer]: Found 140 frontier clusters after filtering
[INFO] [1788833037.856389209] [candidate_explorer]: Selected frontier cluster: size=34, goal=(5.92, -1.98), distance=0.61
[INFO] [1788833037.856893171] [candidate_explorer]: Checking global path to frontier (5.92, -1.98), distance=0.61m
[INFO] [1788833037.860626448] [candidate_explorer]: Nav2 path to frontier is 0.61m (straight-line=0.61m, detour=1.0x)
[INFO] [1788833037.861634497] [candidate_explorer]: Global path accepted. Navigating to frontier (5.92, -1.98)
[bt_navigator-7] [INFO] [1788833037.862105083] [bt_navigator]: Begin navigating from current location (6.17, -1.43) to (5.92, -1.98)
[controller_server-3] [INFO] [1788833037.886418093] [controller_server]: Received a goal, begin computing control effort.
[controller_server-3] [INFO] [1788833038.937252531] [controller_server]: Passing new path to controller.
[controller_server-3] [INFO] [1788833039.389953807] [controller_server]: Reached the goal!
[bt_navigator-7] [INFO] [1788833039.423720551] [bt_navigator]: Goal succeeded
[INFO] [1788833039.424620724] [candidate_explorer]: Frontier goal finished: success=True
[INFO] [1788833039.424871059] [candidate_explorer]: Reached frontier. Waiting for the map to expose new frontiers.
[INFO] [1788833039.598025646] [candidate_explorer]: Detected 4125 frontier cells
[INFO] [1788833039.602542262] [candidate_explorer]: Found 154 frontier clusters after filtering
[INFO] [1788833039.605125280] [candidate_explorer]: Selected frontier cluster: size=144, goal=(6.47, -3.06), distance=1.42
[INFO] [1788833039.605635826] [candidate_explorer]: Checking global path to frontier (6.47, -3.06), distance=1.42m
[INFO] [1788833039.612190623] [candidate_explorer]: Nav2 path to frontier is 1.78m (straight-line=1.42m, detour=1.3x)
[INFO] [1788833039.614094137] [candidate_explorer]: Global path accepted. Navigating to frontier (6.47, -3.06)
[bt_navigator-7] [INFO] [1788833039.614545557] [bt_navigator]: Begin navigating from current location (5.78, -1.82) to (6.47, -3.06)
[controller_server-3] [INFO] [1788833039.637472265] [controller_server]: Received a goal, begin computing control effort.
[bt_navigator-7] [WARN] [1788833040.175042446] [BehaviorTreeEngine]: Behavior Tree tick rate 100.00 was exceeded!
[controller_server-3] [INFO] [1788833040.691026097] [controller_server]: Passing new path to controller.
[planner_server-5] [INFO] [1788833040.737466558] [global_costmap.global_costmap]: StaticLayer: Resizing costmap to 761 X 565 at 0.015000 m/pix
[controller_server-3] [INFO] [1788833041.737680630] [controller_server]: Passing new path to controller.
[controller_server-3] [INFO] [1788833042.489894240] [controller_server]: Reached the goal!
[bt_navigator-7] [INFO] [1788833042.528567978] [bt_navigator]: Goal succeeded
[INFO] [1788833042.529283733] [candidate_explorer]: Frontier goal finished: success=True
[INFO] [1788833042.529575611] [candidate_explorer]: Reached frontier. Waiting for the map to expose new frontiers.
[planner_server-5] [INFO] [1788833042.745223546] [global_costmap.global_costmap]: StaticLayer: Resizing costmap to 761 X 567 at 0.015000 m/pix
[INFO] [1788833042.849140882] [candidate_explorer]: Detected 3623 frontier cells
[INFO] [1788833042.853217703] [candidate_explorer]: Found 151 frontier clusters after filtering
[INFO] [1788833042.855522844] [candidate_explorer]: Selected frontier cluster: size=204, goal=(9.28, -2.14), distance=2.81
[INFO] [1788833042.855996139] [candidate_explorer]: Checking global path to frontier (9.28, -2.14), distance=2.81m
[INFO] [1788833042.871242416] [candidate_explorer]: Nav2 path to frontier is 5.86m (straight-line=2.81m, detour=2.1x)
[INFO] [1788833042.877098375] [candidate_explorer]: Global path accepted. Navigating to frontier (9.28, -2.14)
[bt_navigator-7] [INFO] [1788833042.877515420] [bt_navigator]: Begin navigating from current location (6.56, -2.88) to (9.28, -2.14)
[controller_server-3] [INFO] [1788833042.898615990] [controller_server]: Received a goal, begin computing control effort.
[controller_server-3] [INFO] [1788833043.949161675] [controller_server]: Passing new path to controller.
[controller_server-3] [INFO] [1788833044.948757618] [controller_server]: Passing new path to controller.
[controller_server-3] [INFO] [1788833045.999103052] [controller_server]: Passing new path to controller.
[controller_server-3] [INFO] [1788833047.001456597] [controller_server]: Passing new path to controller.
[controller_server-3] [INFO] [1788833048.049450431] [controller_server]: Passing new path to controller.
[planner_server-5] [INFO] [1788833048.737396910] [global_costmap.global_costmap]: StaticLayer: Resizing costmap to 762 X 567 at 0.015000 m/pix
[controller_server-3] [INFO] [1788833049.000917394] [controller_server]: Reached the goal!
[bt_navigator-7] [INFO] [1788833049.039061246] [bt_navigator]: Goal succeeded
[INFO] [1788833049.039523324] [candidate_explorer]: Frontier goal finished: success=True
[INFO] [1788833049.039773488] [candidate_explorer]: Reached frontier. Waiting for the map to expose new frontiers.
[INFO] [1788833049.359698796] [candidate_explorer]: Detected 2753 frontier cells
[INFO] [1788833049.362303766] [candidate_explorer]: Found 122 frontier clusters after filtering
[INFO] [1788833049.364137703] [candidate_explorer]: Selected frontier cluster: size=8, goal=(10.15, -1.92), distance=0.85
[INFO] [1788833049.364636239] [candidate_explorer]: Checking global path to frontier (10.15, -1.92), distance=0.85m
[INFO] [1788833049.368958522] [candidate_explorer]: Nav2 path to frontier is 0.86m (straight-line=0.85m, detour=1.0x)
[INFO] [1788833049.370089384] [candidate_explorer]: Global path accepted. Navigating to frontier (10.15, -1.92)
[bt_navigator-7] [INFO] [1788833049.370526754] [bt_navigator]: Begin navigating from current location (9.30, -1.93) to (10.15, -1.92)
[controller_server-3] [INFO] [1788833049.391704676] [controller_server]: Received a goal, begin computing control effort.
[controller_server-3] [INFO] [1788833050.045033428] [controller_server]: Reached the goal!
[bt_navigator-7] [INFO] [1788833050.072275572] [bt_navigator]: Goal succeeded
[INFO] [1788833050.073208270] [candidate_explorer]: Frontier goal finished: success=True
[INFO] [1788833050.073447309] [candidate_explorer]: Reached frontier. Waiting for the map to expose new frontiers.
[INFO] [1788833050.301444386] [candidate_explorer]: Detected 2753 frontier cells
[INFO] [1788833050.304098355] [candidate_explorer]: Found 122 frontier clusters after filtering
[INFO] [1788833050.305708712] [candidate_explorer]: Selected frontier cluster: size=6, goal=(9.68, -2.94), distance=1.04
[INFO] [1788833050.306130624] [candidate_explorer]: Checking global path to frontier (9.68, -2.94), distance=1.04m
[INFO] [1788833050.311314731] [candidate_explorer]: Nav2 path to frontier is 1.12m (straight-line=1.04m, detour=1.1x)
[INFO] [1788833050.312750589] [candidate_explorer]: Global path accepted. Navigating to frontier (9.68, -2.94)
[bt_navigator-7] [INFO] [1788833050.313426206] [bt_navigator]: Begin navigating from current location (9.93, -1.93) to (9.68, -2.94)
[controller_server-3] [INFO] [1788833050.336798645] [controller_server]: Received a goal, begin computing control effort.
[controller_server-3] [INFO] [1788833051.387948181] [controller_server]: Passing new path to controller.
[controller_server-3] [INFO] [1788833051.539511724] [controller_server]: Reached the goal!
[bt_navigator-7] [INFO] [1788833051.574650985] [bt_navigator]: Goal succeeded
[INFO] [1788833051.575075355] [candidate_explorer]: Frontier goal finished: success=True
[INFO] [1788833051.575320727] [candidate_explorer]: Reached frontier. Waiting for the map to expose new frontiers.
[INFO] [1788833051.858904579] [candidate_explorer]: Detected 2884 frontier cells
[INFO] [1788833051.862379706] [candidate_explorer]: Found 126 frontier clusters after filtering
[INFO] [1788833051.864427557] [candidate_explorer]: Selected frontier cluster: size=438, goal=(9.77, -3.30), distance=0.60
[INFO] [1788833051.864950301] [candidate_explorer]: Checking global path to frontier (9.77, -3.30), distance=0.60m
[INFO] [1788833051.868898339] [candidate_explorer]: Nav2 path to frontier is 0.63m (straight-line=0.60m, detour=1.0x)
[INFO] [1788833051.869789370] [candidate_explorer]: Global path accepted. Navigating to frontier (9.77, -3.30)
[bt_navigator-7] [INFO] [1788833051.870122658] [bt_navigator]: Begin navigating from current location (9.67, -2.71) to (9.77, -3.30)
[controller_server-3] [INFO] [1788833051.892187987] [controller_server]: Received a goal, begin computing control effort.
[controller_server-3] [INFO] [1788833052.348268974] [controller_server]: Reached the goal!
[bt_navigator-7] [INFO] [1788833052.383655274] [bt_navigator]: Goal succeeded
[INFO] [1788833052.384509597] [candidate_explorer]: Frontier goal finished: success=True
[INFO] [1788833052.384740469] [candidate_explorer]: Reached frontier. Waiting for the map to expose new frontiers.
[INFO] [1788833052.553086652] [candidate_explorer]: Detected 2884 frontier cells
[INFO] [1788833052.555762787] [candidate_explorer]: Found 126 frontier clusters after filtering
[INFO] [1788833052.557349353] [candidate_explorer]: Selected frontier cluster: size=5, goal=(10.18, -1.96), distance=1.24
[INFO] [1788833052.557780098] [candidate_explorer]: Checking global path to frontier (10.18, -1.96), distance=1.24m
[INFO] [1788833052.563368241] [candidate_explorer]: Nav2 path to frontier is 1.50m (straight-line=1.24m, detour=1.2x)
[INFO] [1788833052.565078472] [candidate_explorer]: Global path accepted. Navigating to frontier (10.18, -1.96)
[bt_navigator-7] [INFO] [1788833052.565493092] [bt_navigator]: Begin navigating from current location (9.68, -3.10) to (10.18, -1.96)
[controller_server-3] [INFO] [1788833052.586330351] [controller_server]: Received a goal, begin computing control effort.
[controller_server-3] [INFO] [1788833053.637255349] [controller_server]: Passing new path to controller.
[controller_server-3] [INFO] [1788833054.638332171] [controller_server]: Passing new path to controller.
[controller_server-3] [INFO] [1788833054.890064016] [controller_server]: Reached the goal!
[bt_navigator-7] [INFO] [1788833054.928144868] [bt_navigator]: Goal succeeded
[INFO] [1788833054.929148148] [candidate_explorer]: Frontier goal finished: success=True
[INFO] [1788833054.929404854] [candidate_explorer]: Reached frontier. Waiting for the map to expose new frontiers.
[INFO] [1788833055.109394151] [candidate_explorer]: Detected 3611 frontier cells
[INFO] [1788833055.113579228] [candidate_explorer]: Found 117 frontier clusters after filtering
[INFO] [1788833055.115962159] [candidate_explorer]: Selected frontier cluster: size=780, goal=(9.35, 0.96), distance=3.03
[INFO] [1788833055.116516778] [candidate_explorer]: Checking global path to frontier (9.35, 0.96), distance=3.03m
[INFO] [1788833055.126412122] [candidate_explorer]: Nav2 path to frontier is 3.41m (straight-line=3.03m, detour=1.1x)
[INFO] [1788833055.129533711] [candidate_explorer]: Global path accepted. Navigating to frontier (9.35, 0.96)
[bt_navigator-7] [INFO] [1788833055.129930289] [bt_navigator]: Begin navigating from current location (9.97, -2.01) to (9.35, 0.96)
[controller_server-3] [INFO] [1788833055.152788026] [controller_server]: Received a goal, begin computing control effort.
[controller_server-3] [INFO] [1788833056.204348182] [controller_server]: Passing new path to controller.
[controller_server-3] [INFO] [1788833057.254871267] [controller_server]: Passing new path to controller.
[controller_server-3] [INFO] [1788833058.254843602] [controller_server]: Passing new path to controller.
[controller_server-3] [INFO] [1788833058.305416810] [controller_server]: Reached the goal!
[bt_navigator-7] [INFO] [1788833058.332581039] [bt_navigator]: Goal succeeded
[INFO] [1788833058.333147157] [candidate_explorer]: Frontier goal finished: success=True
[INFO] [1788833058.333362113] [candidate_explorer]: Reached frontier. Waiting for the map to expose new frontiers.
[INFO] [1788833058.610799870] [candidate_explorer]: Detected 4171 frontier cells
[INFO] [1788833058.615616939] [candidate_explorer]: Found 99 frontier clusters after filtering
[INFO] [1788833058.618283908] [candidate_explorer]: Selected frontier cluster: size=2101, goal=(9.38, 1.34), distance=0.60
[INFO] [1788833058.618823610] [candidate_explorer]: Checking global path to frontier (9.38, 1.34), distance=0.60m
[INFO] [1788833058.622926355] [candidate_explorer]: Nav2 path to frontier is 0.62m (straight-line=0.60m, detour=1.0x)
[INFO] [1788833058.623896427] [candidate_explorer]: Global path accepted. Navigating to frontier (9.38, 1.34)
[bt_navigator-7] [INFO] [1788833058.624375588] [bt_navigator]: Begin navigating from current location (9.33, 0.74) to (9.38, 1.34)
[controller_server-3] [INFO] [1788833058.646719288] [controller_server]: Received a goal, begin computing control effort.
[planner_server-5] [INFO] [1788833058.737588656] [global_costmap.global_costmap]: StaticLayer: Resizing costmap to 800 X 626 at 0.015000 m/pix
[controller_server-3] [INFO] [1788833059.100909297] [controller_server]: Reached the goal!
[bt_navigator-7] [INFO] [1788833059.136386221] [bt_navigator]: Goal succeeded
[INFO] [1788833059.137390751] [candidate_explorer]: Frontier goal finished: success=True
[INFO] [1788833059.137626082] [candidate_explorer]: Reached frontier. Waiting for the map to expose new frontiers.
[INFO] [1788833059.367497970] [candidate_explorer]: Detected 3868 frontier cells
[INFO] [1788833059.371858545] [candidate_explorer]: Found 114 frontier clusters after filtering
[INFO] [1788833059.374174352] [candidate_explorer]: Selected frontier cluster: size=664, goal=(9.62, 1.68), distance=0.60
[INFO] [1788833059.374657763] [candidate_explorer]: Checking global path to frontier (9.62, 1.68), distance=0.60m
[INFO] [1788833059.378897506] [candidate_explorer]: Nav2 path to frontier is 0.65m (straight-line=0.60m, detour=1.1x)
[INFO] [1788833059.379842620] [candidate_explorer]: Global path accepted. Navigating to frontier (9.62, 1.68)
[bt_navigator-7] [INFO] [1788833059.380275948] [bt_navigator]: Begin navigating from current location (9.36, 1.14) to (9.62, 1.68)
[controller_server-3] [INFO] [1788833059.403591221] [controller_server]: Received a goal, begin computing control effort.
[controller_server-3] [INFO] [1788833059.858898550] [controller_server]: Reached the goal!
[bt_navigator-7] [INFO] [1788833059.892134749] [bt_navigator]: Goal succeeded
[INFO] [1788833059.893064364] [candidate_explorer]: Frontier goal finished: success=True
[INFO] [1788833059.893312152] [candidate_explorer]: Reached frontier. Waiting for the map to expose new frontiers.
[INFO] [1788833060.059042407] [candidate_explorer]: Detected 3868 frontier cells
[INFO] [1788833060.062854446] [candidate_explorer]: Found 114 frontier clusters after filtering
[INFO] [1788833060.065143003] [candidate_explorer]: Selected frontier cluster: size=664, goal=(9.83, 2.00), distance=0.60
[INFO] [1788833060.065662330] [candidate_explorer]: Checking global path to frontier (9.83, 2.00), distance=0.60m
[INFO] [1788833060.069839282] [candidate_explorer]: Nav2 path to frontier is 0.61m (straight-line=0.60m, detour=1.0x)
[INFO] [1788833060.070750688] [candidate_explorer]: Global path accepted. Navigating to frontier (9.83, 2.00)
[bt_navigator-7] [INFO] [1788833060.071152808] [bt_navigator]: Begin navigating from current location (9.48, 1.51) to (9.83, 2.00)
[controller_server-3] [INFO] [1788833060.094407332] [controller_server]: Received a goal, begin computing control effort.
[controller_server-3] [INFO] [1788833060.550129906] [controller_server]: Reached the goal!
[bt_navigator-7] [INFO] [1788833060.583535062] [bt_navigator]: Goal succeeded
[INFO] [1788833060.584510801] [candidate_explorer]: Frontier goal finished: success=True
[INFO] [1788833060.584756381] [candidate_explorer]: Reached frontier. Waiting for the map to expose new frontiers.
[planner_server-5] [INFO] [1788833060.737545368] [global_costmap.global_costmap]: StaticLayer: Resizing costmap to 1064 X 626 at 0.015000 m/pix
[INFO] [1788833060.887391264] [candidate_explorer]: Detected 4292 frontier cells
[INFO] [1788833060.891854254] [candidate_explorer]: Found 127 frontier clusters after filtering
[INFO] [1788833060.894730054] [candidate_explorer]: Selected frontier cluster: size=27, goal=(10.30, 1.89), distance=0.61
[INFO] [1788833060.895327422] [candidate_explorer]: Checking global path to frontier (10.30, 1.89), distance=0.61m
[INFO] [1788833060.902390341] [candidate_explorer]: Nav2 path to frontier is 1.55m (straight-line=0.61m, detour=2.5x)
[INFO] [1788833060.904289527] [candidate_explorer]: Global path accepted. Navigating to frontier (10.30, 1.89)
[bt_navigator-7] [INFO] [1788833060.904679856] [bt_navigator]: Begin navigating from current location (9.69, 1.82) to (10.30, 1.89)
[controller_server-3] [INFO] [1788833060.928402541] [controller_server]: Received a goal, begin computing control effort.
[controller_server-3] [INFO] [1788833061.882536905] [controller_server]: Reached the goal!
[bt_navigator-7] [INFO] [1788833061.915519982] [bt_navigator]: Goal succeeded
[INFO] [1788833061.916094434] [candidate_explorer]: Frontier goal finished: success=True
[INFO] [1788833061.916334473] [candidate_explorer]: Reached frontier. Waiting for the map to expose new frontiers.
[INFO] [1788833062.066512615] [candidate_explorer]: Detected 4292 frontier cells
[INFO] [1788833062.070614193] [candidate_explorer]: Found 127 frontier clusters after filtering
[INFO] [1788833062.073390327] [candidate_explorer]: Selected frontier cluster: size=1423, goal=(8.83, 2.19), distance=1.32
[INFO] [1788833062.073924946] [candidate_explorer]: Checking global path to frontier (8.83, 2.19), distance=1.32m
[INFO] [1788833062.079501798] [candidate_explorer]: Nav2 path to frontier is 1.38m (straight-line=1.32m, detour=1.1x)
[INFO] [1788833062.081161321] [candidate_explorer]: Global path accepted. Navigating to frontier (8.83, 2.19)
[bt_navigator-7] [INFO] [1788833062.081599441] [bt_navigator]: Begin navigating from current location (10.13, 2.00) to (8.83, 2.19)
[controller_server-3] [INFO] [1788833062.104893505] [controller_server]: Received a goal, begin computing control effort.
[planner_server-5] [INFO] [1788833062.737737327] [global_costmap.global_costmap]: StaticLayer: Resizing costmap to 1069 X 626 at 0.015000 m/pix
[controller_server-3] [INFO] [1788833063.155121719] [controller_server]: Passing new path to controller.
[controller_server-3] [INFO] [1788833063.758985459] [controller_server]: Reached the goal!
[bt_navigator-7] [INFO] [1788833063.794635089] [bt_navigator]: Goal succeeded
[INFO] [1788833063.795078750] [candidate_explorer]: Frontier goal finished: success=True
[INFO] [1788833063.795318623] [candidate_explorer]: Reached frontier. Waiting for the map to expose new frontiers.
[INFO] [1788833064.140854635] [candidate_explorer]: Detected 4644 frontier cells
[INFO] [1788833064.146383780] [candidate_explorer]: Found 91 frontier clusters after filtering
[INFO] [1788833064.149428953] [candidate_explorer]: Selected frontier cluster: size=2555, goal=(8.45, 2.10), distance=0.60
[INFO] [1788833064.149994405] [candidate_explorer]: Checking global path to frontier (8.45, 2.10), distance=0.60m
[INFO] [1788833064.154954139] [candidate_explorer]: Nav2 path to frontier is 0.61m (straight-line=0.60m, detour=1.0x)
[INFO] [1788833064.155791379] [candidate_explorer]: Global path accepted. Navigating to frontier (8.45, 2.10)
[bt_navigator-7] [INFO] [1788833064.156152167] [bt_navigator]: Begin navigating from current location (9.05, 2.17) to (8.45, 2.10)
[controller_server-3] [INFO] [1788833064.179397565] [controller_server]: Received a goal, begin computing control effort.
[controller_server-3] [INFO] [1788833064.631805678] [controller_server]: Reached the goal!
[bt_navigator-7] [INFO] [1788833064.667915678] [bt_navigator]: Goal succeeded
[INFO] [1788833064.668350006] [candidate_explorer]: Frontier goal finished: success=True
[INFO] [1788833064.668586753] [candidate_explorer]: Reached frontier. Waiting for the map to expose new frontiers.
[INFO] [1788833064.891948926] [candidate_explorer]: Detected 4359 frontier cells
[INFO] [1788833064.897270114] [candidate_explorer]: Found 86 frontier clusters after filtering
[INFO] [1788833064.899967125] [candidate_explorer]: Selected frontier cluster: size=2462, goal=(8.41, 1.59), distance=0.60
[INFO] [1788833064.900496244] [candidate_explorer]: Checking global path to frontier (8.41, 1.59), distance=0.60m
[INFO] [1788833064.905444270] [candidate_explorer]: Nav2 path to frontier is 0.61m (straight-line=0.60m, detour=1.0x)
[INFO] [1788833064.906429258] [candidate_explorer]: Global path accepted. Navigating to frontier (8.41, 1.59)
[bt_navigator-7] [INFO] [1788833064.906811379] [bt_navigator]: Begin navigating from current location (8.65, 2.14) to (8.41, 1.59)
[controller_server-3] [INFO] [1788833064.929572616] [controller_server]: Received a goal, begin computing control effort.
[controller_server-3] [INFO] [1788833065.983181791] [controller_server]: Passing new path to controller.
[controller_server-3] [INFO] [1788833066.131831784] [controller_server]: Reached the goal!
[bt_navigator-7] [INFO] [1788833066.169066729] [bt_navigator]: Goal succeeded
[INFO] [1788833066.169559848] [candidate_explorer]: Frontier goal finished: success=True
[INFO] [1788833066.169787304] [candidate_explorer]: Reached frontier. Waiting for the map to expose new frontiers.
[INFO] [1788833066.318290632] [candidate_explorer]: Detected 4359 frontier cells
[INFO] [1788833066.322611332] [candidate_explorer]: Found 86 frontier clusters after filtering
[INFO] [1788833066.325287885] [candidate_explorer]: Selected frontier cluster: size=2462, goal=(7.72, 1.61), distance=0.60
[INFO] [1788833066.325820087] [candidate_explorer]: Checking global path to frontier (7.72, 1.61), distance=0.60m
[INFO] [1788833066.330329285] [candidate_explorer]: Nav2 path to frontier is 0.61m (straight-line=0.60m, detour=1.0x)
[INFO] [1788833066.331185817] [candidate_explorer]: Global path accepted. Navigating to frontier (7.72, 1.61)
[bt_navigator-7] [INFO] [1788833066.331540021] [bt_navigator]: Begin navigating from current location (8.29, 1.77) to (7.72, 1.61)
[controller_server-3] [INFO] [1788833066.355148040] [controller_server]: Received a goal, begin computing control effort.
[planner_server-5] [INFO] [1788833066.740698882] [global_costmap.global_costmap]: StaticLayer: Resizing costmap to 1069 X 810 at 0.015000 m/pix
[controller_server-3] [INFO] [1788833067.411089354] [controller_server]: Passing new path to controller.
[controller_server-3] [INFO] [1788833067.666139911] [controller_server]: Reached the goal!
[bt_navigator-7] [INFO] [1788833067.703450814] [bt_navigator]: Goal succeeded
[INFO] [1788833067.704564509] [candidate_explorer]: Frontier goal finished: success=True
[INFO] [1788833067.704793923] [candidate_explorer]: Reached frontier. Waiting for the map to expose new frontiers.
[INFO] [1788833067.904628867] [candidate_explorer]: Detected 2096 frontier cells
[INFO] [1788833067.909594185] [candidate_explorer]: Found 96 frontier clusters after filtering
[INFO] [1788833067.911020710] [candidate_explorer]: Selected frontier cluster: size=26, goal=(7.76, 2.57), distance=1.11
[INFO] [1788833067.911433955] [candidate_explorer]: Checking global path to frontier (7.76, 2.57), distance=1.11m
[INFO] [1788833067.918249127] [candidate_explorer]: Nav2 path to frontier is 1.19m (straight-line=1.11m, detour=1.1x)
[INFO] [1788833067.919690610] [candidate_explorer]: Global path accepted. Navigating to frontier (7.76, 2.57)
[bt_navigator-7] [INFO] [1788833067.920069147] [bt_navigator]: Begin navigating from current location (7.88, 1.47) to (7.76, 2.57)
[controller_server-3] [INFO] [1788833067.943049799] [controller_server]: Received a goal, begin computing control effort.
[controller_server-3] [INFO] [1788833068.995317280] [controller_server]: Passing new path to controller.
[controller_server-3] [INFO] [1788833069.145784377] [controller_server]: Reached the goal!
[bt_navigator-7] [INFO] [1788833069.180390186] [bt_navigator]: Goal succeeded
[INFO] [1788833069.181533548] [candidate_explorer]: Frontier goal finished: success=True
[INFO] [1788833069.181934710] [candidate_explorer]: Reached frontier. Waiting for the map to expose new frontiers.
[INFO] [1788833069.404655806] [candidate_explorer]: Detected 1907 frontier cells
[INFO] [1788833069.407980935] [candidate_explorer]: Found 89 frontier clusters after filtering
[INFO] [1788833069.409349961] [candidate_explorer]: Selected frontier cluster: size=5, goal=(7.81, 4.07), distance=1.70
[INFO] [1788833069.409707248] [candidate_explorer]: Checking global path to frontier (7.81, 4.07), distance=1.70m
[INFO] [1788833069.417910278] [candidate_explorer]: Nav2 path to frontier is 1.87m (straight-line=1.70m, detour=1.1x)
[INFO] [1788833069.420043462] [candidate_explorer]: Global path accepted. Navigating to frontier (7.81, 4.07)
[bt_navigator-7] [INFO] [1788833069.420443833] [bt_navigator]: Begin navigating from current location (7.80, 2.36) to (7.81, 4.07)
[controller_server-3] [INFO] [1788833069.443677314] [controller_server]: Received a goal, begin computing control effort.
[controller_server-3] [INFO] [1788833070.497439404] [controller_server]: Passing new path to controller.
[planner_server-5] [INFO] [1788833070.739073865] [global_costmap.global_costmap]: StaticLayer: Resizing costmap to 1069 X 907 at 0.015000 m/pix
[controller_server-3] [INFO] [1788833071.097928974] [controller_server]: Reached the goal!
[bt_navigator-7] [INFO] [1788833071.130713137] [bt_navigator]: Goal succeeded
[INFO] [1788833071.131924540] [candidate_explorer]: Frontier goal finished: success=True
[INFO] [1788833071.132229912] [candidate_explorer]: Reached frontier. Waiting for the map to expose new frontiers.
[INFO] [1788833071.411899684] [candidate_explorer]: Detected 1951 frontier cells
[INFO] [1788833071.415685057] [candidate_explorer]: Found 88 frontier clusters after filtering
[INFO] [1788833071.417098374] [candidate_explorer]: Selected frontier cluster: size=8, goal=(7.82, 5.33), distance=1.44
[INFO] [1788833071.417520328] [candidate_explorer]: Checking global path to frontier (7.82, 5.33), distance=1.44m
[INFO] [1788833071.424969617] [candidate_explorer]: Nav2 path to frontier is 1.62m (straight-line=1.44m, detour=1.1x)
[INFO] [1788833071.426777471] [candidate_explorer]: Global path accepted. Navigating to frontier (7.82, 5.33)
[bt_navigator-7] [INFO] [1788833071.427168716] [bt_navigator]: Begin navigating from current location (7.88, 3.89) to (7.82, 5.33)
[controller_server-3] [INFO] [1788833071.447704979] [controller_server]: Received a goal, begin computing control effort.
[controller_server-3] [INFO] [1788833072.500205750] [controller_server]: Passing new path to controller.
[controller_server-3] [INFO] [1788833072.600332428] [controller_server]: Reached the goal!
[bt_navigator-7] [INFO] [1788833072.640141927] [bt_navigator]: Goal succeeded
[INFO] [1788833072.640592255] [candidate_explorer]: Frontier goal finished: success=True
[INFO] [1788833072.640810044] [candidate_explorer]: Reached frontier. Waiting for the map to expose new frontiers.
[planner_server-5] [INFO] [1788833072.737521095] [global_costmap.global_costmap]: StaticLayer: Resizing costmap to 1069 X 911 at 0.015000 m/pix
[INFO] [1788833072.921272432] [candidate_explorer]: Detected 3722 frontier cells
[INFO] [1788833072.927096448] [candidate_explorer]: Found 145 frontier clusters after filtering
[INFO] [1788833072.929498504] [candidate_explorer]: Selected frontier cluster: size=435, goal=(7.90, 5.73), distance=0.61
[INFO] [1788833072.930117080] [candidate_explorer]: Checking global path to frontier (7.90, 5.73), distance=0.61m
[INFO] [1788833072.935589392] [candidate_explorer]: Nav2 path to frontier is 0.67m (straight-line=0.61m, detour=1.1x)
[INFO] [1788833072.936559839] [candidate_explorer]: Global path accepted. Navigating to frontier (7.90, 5.73)
[bt_navigator-7] [INFO] [1788833072.937009209] [bt_navigator]: Begin navigating from current location (7.89, 5.13) to (7.90, 5.73)
[controller_server-3] [INFO] [1788833072.960708602] [controller_server]: Received a goal, begin computing control effort.
[controller_server-3] [INFO] [1788833073.412949467] [controller_server]: Reached the goal!
[bt_navigator-7] [INFO] [1788833073.447510276] [bt_navigator]: Goal succeeded
[INFO] [1788833073.448627722] [candidate_explorer]: Frontier goal finished: success=True
[INFO] [1788833073.448873177] [candidate_explorer]: Reached frontier. Waiting for the map to expose new frontiers.
[INFO] [1788833073.583051004] [candidate_explorer]: Detected 3722 frontier cells
[INFO] [1788833073.586709378] [candidate_explorer]: Found 145 frontier clusters after filtering
[INFO] [1788833073.588659731] [candidate_explorer]: Selected frontier cluster: size=33, goal=(7.90, 6.14), distance=0.61
[INFO] [1788833073.589216058] [candidate_explorer]: Checking global path to frontier (7.90, 6.14), distance=0.61m
[INFO] [1788833073.594627412] [candidate_explorer]: Nav2 path to frontier is 0.61m (straight-line=0.61m, detour=1.0x)
[INFO] [1788833073.595618317] [candidate_explorer]: Global path accepted. Navigating to frontier (7.90, 6.14)
[bt_navigator-7] [INFO] [1788833073.596082353] [bt_navigator]: Begin navigating from current location (7.88, 5.53) to (7.90, 6.14)
[controller_server-3] [INFO] [1788833073.619356501] [controller_server]: Received a goal, begin computing control effort.
[controller_server-3] [INFO] [1788833074.021475569] [controller_server]: Reached the goal!
[bt_navigator-7] [INFO] [1788833074.056851578] [bt_navigator]: Goal succeeded
[INFO] [1788833074.057930940] [candidate_explorer]: Frontier goal finished: success=True
[INFO] [1788833074.058222728] [candidate_explorer]: Reached frontier. Waiting for the map to expose new frontiers.
[INFO] [1788833074.332735144] [candidate_explorer]: Detected 3722 frontier cells
[INFO] [1788833074.336180229] [candidate_explorer]: Found 145 frontier clusters after filtering
[INFO] [1788833074.338198581] [candidate_explorer]: Selected frontier cluster: size=33, goal=(7.88, 6.50), distance=0.60
[INFO] [1788833074.338841698] [candidate_explorer]: Checking global path to frontier (7.88, 6.50), distance=0.60m
[INFO] [1788833074.342739612] [candidate_explorer]: Nav2 path to frontier is 0.63m (straight-line=0.60m, detour=1.1x)
[INFO] [1788833074.343753058] [candidate_explorer]: Global path accepted. Navigating to frontier (7.88, 6.50)
[bt_navigator-7] [INFO] [1788833074.344200178] [bt_navigator]: Begin navigating from current location (7.90, 5.90) to (7.88, 6.50)
[controller_server-3] [INFO] [1788833074.367340619] [controller_server]: Received a goal, begin computing control effort.
[planner_server-5] [INFO] [1788833074.737348766] [global_costmap.global_costmap]: StaticLayer: Resizing costmap to 1069 X 912 at 0.015000 m/pix
[controller_server-3] [INFO] [1788833074.823322232] [controller_server]: Reached the goal!
[bt_navigator-7] [INFO] [1788833074.856466975] [bt_navigator]: Goal succeeded
[INFO] [1788833074.857537546] [candidate_explorer]: Frontier goal finished: success=True
[INFO] [1788833074.857780335] [candidate_explorer]: Reached frontier. Waiting for the map to expose new frontiers.
[INFO] [1788833075.181060562] [candidate_explorer]: Detected 7524 frontier cells
[INFO] [1788833075.194363450] [candidate_explorer]: Found 222 frontier clusters after filtering
[INFO] [1788833075.198927398] [candidate_explorer]: Selected frontier cluster: size=17, goal=(8.09, 6.86), distance=0.62
[INFO] [1788833075.199707055] [candidate_explorer]: Checking global path to frontier (8.09, 6.86), distance=0.62m
[INFO] [1788833075.204901496] [candidate_explorer]: Nav2 path to frontier is 0.61m (straight-line=0.62m, detour=1.0x)
[INFO] [1788833075.205856610] [candidate_explorer]: Global path accepted. Navigating to frontier (8.09, 6.86)
[bt_navigator-7] [INFO] [1788833075.206277730] [bt_navigator]: Begin navigating from current location (7.90, 6.27) to (8.09, 6.86)
[controller_server-3] [INFO] [1788833075.227563067] [controller_server]: Received a goal, begin computing control effort.
[controller_server-3] [INFO] [1788833075.731046007] [controller_server]: Reached the goal!
[bt_navigator-7] [INFO] [1788833075.766529264] [bt_navigator]: Goal succeeded
[INFO] [1788833075.767585669] [candidate_explorer]: Frontier goal finished: success=True
[INFO] [1788833075.767828874] [candidate_explorer]: Reached frontier. Waiting for the map to expose new frontiers.
[INFO] [1788833076.099551671] [candidate_explorer]: Detected 7524 frontier cells
[INFO] [1788833076.106163303] [candidate_explorer]: Found 222 frontier clusters after filtering
[INFO] [1788833076.110356963] [candidate_explorer]: Selected frontier cluster: size=33, goal=(8.11, 7.26), distance=0.60
[INFO] [1788833076.111196412] [candidate_explorer]: Checking global path to frontier (8.11, 7.26), distance=0.60m
[INFO] [1788833076.116398810] [candidate_explorer]: Nav2 path to frontier is 0.61m (straight-line=0.60m, detour=1.0x)
[INFO] [1788833076.117484964] [candidate_explorer]: Global path accepted. Navigating to frontier (8.11, 7.26)
[bt_navigator-7] [INFO] [1788833076.118021458] [bt_navigator]: Begin navigating from current location (7.99, 6.67) to (8.11, 7.26)
[controller_server-3] [INFO] [1788833076.139032632] [controller_server]: Received a goal, begin computing control effort.
[controller_server-3] [INFO] [1788833076.594274504] [controller_server]: Reached the goal!
[bt_navigator-7] [INFO] [1788833076.632104900] [bt_navigator]: Goal succeeded
[INFO] [1788833076.633182846] [candidate_explorer]: Frontier goal finished: success=True
[INFO] [1788833076.633391552] [candidate_explorer]: Reached frontier. Waiting for the map to expose new frontiers.
[planner_server-5] [INFO] [1788833076.737317145] [global_costmap.global_costmap]: StaticLayer: Resizing costmap to 1069 X 913 at 0.015000 m/pix
[INFO] [1788833076.940199845] [candidate_explorer]: Detected 8370 frontier cells
[INFO] [1788833076.947799965] [candidate_explorer]: Found 171 frontier clusters after filtering
[INFO] [1788833076.953067988] [candidate_explorer]: Selected frontier cluster: size=3223, goal=(8.09, 7.65), distance=0.60
[INFO] [1788833076.953870479] [candidate_explorer]: Checking global path to frontier (8.09, 7.65), distance=0.60m
[INFO] [1788833076.959498789] [candidate_explorer]: Nav2 path to frontier is 0.64m (straight-line=0.60m, detour=1.1x)
[INFO] [1788833076.960601026] [candidate_explorer]: Global path accepted. Navigating to frontier (8.09, 7.65)
[bt_navigator-7] [INFO] [1788833076.961389517] [bt_navigator]: Begin navigating from current location (8.10, 7.05) to (8.09, 7.65)
[controller_server-3] [INFO] [1788833076.981818740] [controller_server]: Received a goal, begin computing control effort.
[controller_server-3] [INFO] [1788833077.535574141] [controller_server]: Reached the goal!
[bt_navigator-7] [INFO] [1788833077.572008887] [bt_navigator]: Goal succeeded
[INFO] [1788833077.573089458] [candidate_explorer]: Frontier goal finished: success=True
[INFO] [1788833077.573297372] [candidate_explorer]: Reached frontier. Waiting for the map to expose new frontiers.
[INFO] [1788833077.841723399] [candidate_explorer]: Detected 8370 frontier cells
[INFO] [1788833077.849433019] [candidate_explorer]: Found 171 frontier clusters after filtering
[INFO] [1788833077.854624834] [candidate_explorer]: Selected frontier cluster: size=3223, goal=(8.69, 7.58), distance=0.60
[INFO] [1788833077.855466574] [candidate_explorer]: Checking global path to frontier (8.69, 7.58), distance=0.60m
[INFO] [1788833077.860701097] [candidate_explorer]: Nav2 path to frontier is 0.61m (straight-line=0.60m, detour=1.0x)
[INFO] [1788833077.861663128] [candidate_explorer]: Global path accepted. Navigating to frontier (8.69, 7.58)
[bt_navigator-7] [INFO] [1788833077.862072456] [bt_navigator]: Begin navigating from current location (8.11, 7.42) to (8.69, 7.58)
[controller_server-3] [INFO] [1788833077.883139255] [controller_server]: Received a goal, begin computing control effort.
[controller_server-3] [INFO] [1788833078.936521390] [controller_server]: Passing new path to controller.
[controller_server-3] [INFO] [1788833079.387862765] [controller_server]: Reached the goal!
[bt_navigator-7] [INFO] [1788833079.422308159] [bt_navigator]: Goal succeeded
[INFO] [1788833079.423459063] [candidate_explorer]: Frontier goal finished: success=True
[INFO] [1788833079.423730601] [candidate_explorer]: Reached frontier. Waiting for the map to expose new frontiers.
[INFO] [1788833079.696802033] [candidate_explorer]: Detected 5012 frontier cells
[INFO] [1788833079.703045628] [candidate_explorer]: Found 167 frontier clusters after filtering
[INFO] [1788833079.706269507] [candidate_explorer]: Selected frontier cluster: size=842, goal=(8.95, 8.19), distance=0.61
[INFO] [1788833079.706864042] [candidate_explorer]: Checking global path to frontier (8.95, 8.19), distance=0.61m
[INFO] [1788833079.712453686] [candidate_explorer]: Nav2 path to frontier is 0.61m (straight-line=0.61m, detour=1.0x)
[INFO] [1788833079.713490007] [candidate_explorer]: Global path accepted. Navigating to frontier (8.95, 8.19)
[bt_navigator-7] [INFO] [1788833079.713909586] [bt_navigator]: Begin navigating from current location (8.56, 7.72) to (8.95, 8.19)
[controller_server-3] [INFO] [1788833079.736653407] [controller_server]: Received a goal, begin computing control effort.
[controller_server-3] [INFO] [1788833080.738813883] [controller_server]: Reached the goal!
[bt_navigator-7] [INFO] [1788833080.774515721] [bt_navigator]: Goal succeeded
[INFO] [1788833080.775658666] [candidate_explorer]: Frontier goal finished: success=True
[INFO] [1788833080.775860372] [candidate_explorer]: Reached frontier. Waiting for the map to expose new frontiers.
[INFO] [1788833081.206335405] [candidate_explorer]: Detected 4623 frontier cells
[INFO] [1788833081.212501458] [candidate_explorer]: Found 178 frontier clusters after filtering
[INFO] [1788833081.215602923] [candidate_explorer]: Selected frontier cluster: size=11, goal=(8.95, 8.73), distance=0.76
[INFO] [1788833081.216163166] [candidate_explorer]: Checking global path to frontier (8.95, 8.73), distance=0.76m
[INFO] [1788833081.222044223] [candidate_explorer]: Nav2 path to frontier is 0.76m (straight-line=0.76m, detour=1.0x)
[INFO] [1788833081.223099628] [candidate_explorer]: Global path accepted. Navigating to frontier (8.95, 8.73)
[bt_navigator-7] [INFO] [1788833081.223589830] [bt_navigator]: Begin navigating from current location (8.94, 7.97) to (8.95, 8.73)
[controller_server-3] [INFO] [1788833081.246660231] [controller_server]: Received a goal, begin computing control effort.
[controller_server-3] [INFO] [1788833081.298230219] [controller_server]: Passing new path to controller.
[controller_server-3] [INFO] [1788833081.852127910] [controller_server]: Reached the goal!
[bt_navigator-7] [INFO] [1788833081.884873949] [bt_navigator]: Goal succeeded
[INFO] [1788833081.886461264] [candidate_explorer]: Frontier goal finished: success=True
[INFO] [1788833081.886787385] [candidate_explorer]: Reached frontier. Waiting for the map to expose new frontiers.
[INFO] [1788833082.097201999] [candidate_explorer]: Detected 4623 frontier cells
[INFO] [1788833082.101740988] [candidate_explorer]: Found 178 frontier clusters after filtering
[INFO] [1788833082.104749828] [candidate_explorer]: Selected frontier cluster: size=8, goal=(8.45, 8.76), distance=0.60
[INFO] [1788833082.105272697] [candidate_explorer]: Checking global path to frontier (8.45, 8.76), distance=0.60m
[INFO] [1788833082.110601886] [candidate_explorer]: Nav2 path to frontier is 0.61m (straight-line=0.60m, detour=1.0x)
[INFO] [1788833082.111541500] [candidate_explorer]: Global path accepted. Navigating to frontier (8.45, 8.76)
[bt_navigator-7] [INFO] [1788833082.112000328] [bt_navigator]: Begin navigating from current location (9.00, 8.52) to (8.45, 8.76)
[controller_server-3] [INFO] [1788833082.135743679] [controller_server]: Received a goal, begin computing control effort.
[controller_server-3] [INFO] [1788833083.189050232] [controller_server]: Passing new path to controller.
[controller_server-3] [INFO] [1788833083.337859265] [controller_server]: Reached the goal!
[bt_navigator-7] [INFO] [1788833083.374595507] [bt_navigator]: Goal succeeded
[INFO] [1788833083.375619496] [candidate_explorer]: Frontier goal finished: success=True
[INFO] [1788833083.375862826] [candidate_explorer]: Reached frontier. Waiting for the map to expose new frontiers.
[INFO] [1788833083.702164102] [candidate_explorer]: Detected 4439 frontier cells
[INFO] [1788833083.706486344] [candidate_explorer]: Found 154 frontier clusters after filtering
[INFO] [1788833083.709443685] [candidate_explorer]: Selected frontier cluster: size=1014, goal=(7.81, 8.96), distance=0.83
[INFO] [1788833083.709976595] [candidate_explorer]: Checking global path to frontier (7.81, 8.96), distance=0.83m
[INFO] [1788833083.715016829] [candidate_explorer]: Nav2 path to frontier is 0.90m (straight-line=0.83m, detour=1.1x)
[INFO] [1788833083.716116525] [candidate_explorer]: Global path accepted. Navigating to frontier (7.81, 8.96)
[bt_navigator-7] [INFO] [1788833083.716535395] [bt_navigator]: Begin navigating from current location (8.63, 8.87) to (7.81, 8.96)
[controller_server-3] [INFO] [1788833083.738303935] [controller_server]: Received a goal, begin computing control effort.
[controller_server-3] [INFO] [1788833084.390532450] [controller_server]: Reached the goal!
[INFO] [1788833084.428980256] [candidate_explorer]: Frontier goal finished: success=True
[INFO] [1788833084.429192129] [candidate_explorer]: Reached frontier. Waiting for the map to expose new frontiers.
[bt_navigator-7] [INFO] [1788833084.429292628] [bt_navigator]: Goal succeeded
[INFO] [1788833084.595507668] [candidate_explorer]: Detected 4439 frontier cells
[INFO] [1788833084.599840368] [candidate_explorer]: Found 154 frontier clusters after filtering
[INFO] [1788833084.602731668] [candidate_explorer]: Selected frontier cluster: size=1014, goal=(7.48, 8.70), distance=0.60
[INFO] [1788833084.603297703] [candidate_explorer]: Checking global path to frontier (7.48, 8.70), distance=0.60m
[INFO] [1788833084.608599350] [candidate_explorer]: Nav2 path to frontier is 0.63m (straight-line=0.60m, detour=1.0x)
[INFO] [1788833084.609437924] [candidate_explorer]: Global path accepted. Navigating to frontier (7.48, 8.70)
[bt_navigator-7] [INFO] [1788833084.609828628] [bt_navigator]: Begin navigating from current location (8.04, 8.92) to (7.48, 8.70)
[controller_server-3] [INFO] [1788833084.631473753] [controller_server]: Received a goal, begin computing control effort.
[planner_server-5] [INFO] [1788833084.741318277] [global_costmap.global_costmap]: StaticLayer: Resizing costmap to 1069 X 914 at 0.015000 m/pix
[controller_server-3] [INFO] [1788833085.086820873] [controller_server]: Reached the goal!
[bt_navigator-7] [INFO] [1788833085.122724292] [bt_navigator]: Goal succeeded
[INFO] [1788833085.123262869] [candidate_explorer]: Frontier goal finished: success=True
[INFO] [1788833085.123486575] [candidate_explorer]: Reached frontier. Waiting for the map to expose new frontiers.
[INFO] [1788833085.452513320] [candidate_explorer]: Detected 3684 frontier cells
[INFO] [1788833085.457486595] [candidate_explorer]: Found 174 frontier clusters after filtering
[INFO] [1788833085.459933942] [candidate_explorer]: Selected frontier cluster: size=131, goal=(7.25, 8.37), distance=0.60
[INFO] [1788833085.460451728] [candidate_explorer]: Checking global path to frontier (7.25, 8.37), distance=0.60m
[INFO] [1788833085.466807280] [candidate_explorer]: Nav2 path to frontier is 0.67m (straight-line=0.60m, detour=1.1x)
[INFO] [1788833085.467752769] [candidate_explorer]: Global path accepted. Navigating to frontier (7.25, 8.37)
[bt_navigator-7] [INFO] [1788833085.468201888] [bt_navigator]: Begin navigating from current location (7.64, 8.83) to (7.25, 8.37)
[controller_server-3] [INFO] [1788833085.489562767] [controller_server]: Received a goal, begin computing control effort.
[controller_server-3] [INFO] [1788833085.992218216] [controller_server]: Reached the goal!
[bt_navigator-7] [INFO] [1788833086.031065768] [bt_navigator]: Goal succeeded
[INFO] [1788833086.032137464] [candidate_explorer]: Frontier goal finished: success=True
[INFO] [1788833086.032339628] [candidate_explorer]: Reached frontier. Waiting for the map to expose new frontiers.
[INFO] [1788833086.352019897] [candidate_explorer]: Detected 3684 frontier cells
[INFO] [1788833086.355403108] [candidate_explorer]: Found 174 frontier clusters after filtering
[INFO] [1788833086.357758956] [candidate_explorer]: Selected frontier cluster: size=66, goal=(7.10, 7.74), distance=0.83
[INFO] [1788833086.358259742] [candidate_explorer]: Checking global path to frontier (7.10, 7.74), distance=0.83m
[INFO] [1788833086.364998664] [candidate_explorer]: Nav2 path to frontier is 0.97m (straight-line=0.83m, detour=1.2x)
[INFO] [1788833086.366090818] [candidate_explorer]: Global path accepted. Navigating to frontier (7.10, 7.74)
[bt_navigator-7] [INFO] [1788833086.366547271] [bt_navigator]: Begin navigating from current location (7.32, 8.55) to (7.10, 7.74)
[controller_server-3] [INFO] [1788833086.387307365] [controller_server]: Received a goal, begin computing control effort.
[controller_server-3] [INFO] [1788833087.039558546] [controller_server]: Reached the goal!
[bt_navigator-7] [INFO] [1788833087.068077509] [bt_navigator]: Goal succeeded
[INFO] [1788833087.068533962] [candidate_explorer]: Frontier goal finished: success=True
[INFO] [1788833087.068846500] [candidate_explorer]: Reached frontier. Waiting for the map to expose new frontiers.
[INFO] [1788833087.448246997] [candidate_explorer]: Detected 3171 frontier cells
[INFO] [1788833087.451342753] [candidate_explorer]: Found 133 frontier clusters after filtering
[INFO] [1788833087.453454687] [candidate_explorer]: Selected frontier cluster: size=8, goal=(5.80, 7.28), distance=1.46
[INFO] [1788833087.453937348] [candidate_explorer]: Checking global path to frontier (5.80, 7.28), distance=1.46m
[INFO] [1788833087.464358311] [candidate_explorer]: Nav2 path to frontier is 1.91m (straight-line=1.46m, detour=1.3x)
[INFO] [1788833087.466459120] [candidate_explorer]: Global path accepted. Navigating to frontier (5.80, 7.28)
[bt_navigator-7] [INFO] [1788833087.466885948] [bt_navigator]: Begin navigating from current location (7.09, 7.95) to (5.80, 7.28)
[controller_server-3] [INFO] [1788833087.488394825] [controller_server]: Received a goal, begin computing control effort.
[controller_server-3] [INFO] [1788833088.541960500] [controller_server]: Passing new path to controller.
[controller_server-3] [INFO] [1788833089.196717569] [controller_server]: Reached the goal!
[bt_navigator-7] [INFO] [1788833089.228508869] [bt_navigator]: Goal succeeded
[INFO] [1788833089.229706438] [candidate_explorer]: Frontier goal finished: success=True
[INFO] [1788833089.229969935] [candidate_explorer]: Reached frontier. Waiting for the map to expose new frontiers.
[INFO] [1788833089.453345107] [candidate_explorer]: Detected 3191 frontier cells
[INFO] [1788833089.456313115] [candidate_explorer]: Found 135 frontier clusters after filtering
[INFO] [1788833089.458425382] [candidate_explorer]: Selected frontier cluster: size=15, goal=(5.39, 7.26), distance=0.61
[INFO] [1788833089.458898502] [candidate_explorer]: Checking global path to frontier (5.39, 7.26), distance=0.61m
[INFO] [1788833089.466149668] [candidate_explorer]: Nav2 path to frontier is 0.64m (straight-line=0.61m, detour=1.0x)
[INFO] [1788833089.466990992] [candidate_explorer]: Global path accepted. Navigating to frontier (5.39, 7.26)
[bt_navigator-7] [INFO] [1788833089.467440195] [bt_navigator]: Begin navigating from current location (6.00, 7.30) to (5.39, 7.26)
[controller_server-3] [INFO] [1788833089.488416828] [controller_server]: Received a goal, begin computing control effort.
[controller_server-3] [INFO] [1788833089.940921106] [controller_server]: Reached the goal!
[bt_navigator-7] [INFO] [1788833089.978741669] [bt_navigator]: Goal succeeded
[INFO] [1788833089.979196164] [candidate_explorer]: Frontier goal finished: success=True
[INFO] [1788833089.979472786] [candidate_explorer]: Reached frontier. Waiting for the map to expose new frontiers.
[INFO] [1788833090.099139655] [candidate_explorer]: Detected 3191 frontier cells
[INFO] [1788833090.102175495] [candidate_explorer]: Found 135 frontier clusters after filtering
[INFO] [1788833090.104344970] [candidate_explorer]: Selected frontier cluster: size=139, goal=(2.51, 2.54), distance=5.64
[INFO] [1788833090.104846047] [candidate_explorer]: Checking global path to frontier (2.51, 2.54), distance=5.64m
[INFO] [1788833090.157089028] [candidate_explorer]: Nav2 path to frontier is 13.95m (straight-line=5.64m, detour=2.5x)
[WARN] [1788833090.164985270] [candidate_explorer]: Narrow passage detected: 0.52 m
[WARN] [1788833090.165235184] [candidate_explorer]: Rejecting frontier (2.51, 2.54): global path contains a narrow passage.
[INFO] [1788833090.346987253] [candidate_explorer]: Detected 3191 frontier cells
[INFO] [1788833090.350179341] [candidate_explorer]: Found 135 frontier clusters after filtering
[INFO] [1788833090.352356524] [candidate_explorer]: Selected frontier cluster: size=41, goal=(1.87, 1.97), distance=6.47
[INFO] [1788833090.352861185] [candidate_explorer]: Checking global path to frontier (1.87, 1.97), distance=6.47m
[planner_server-5] [ERROR] [1788833090.371111058] [planner_server]: Failed to create a plan from potential when a legal potential was found. This shouldn't happen.
[planner_server-5] [WARN] [1788833090.371162182] [planner_server]: GridBased: failed to create plan with tolerance 0.50.
[planner_server-5] [WARN] [1788833090.371169974] [planner_server]: Planning algorithm GridBased failed to generate a valid path to (1.87, 1.97)
[planner_server-5] [WARN] [1788833090.371183682] [planner_server]: [compute_path_to_pose] [ActionServer] Aborting handle.
[WARN] [1788833090.373200617] [candidate_explorer]: Path computation failed, status=6
[WARN] [1788833090.373453698] [candidate_explorer]: No global path to frontier (1.87, 1.97). Blacklisting.
[INFO] [1788833090.597289364] [candidate_explorer]: Detected 3191 frontier cells
[INFO] [1788833090.600506827] [candidate_explorer]: Found 135 frontier clusters after filtering
[INFO] [1788833090.602466138] [candidate_explorer]: Selected frontier cluster: size=34, goal=(2.78, 1.65), distance=6.27
[INFO] [1788833090.602959299] [candidate_explorer]: Checking global path to frontier (2.78, 1.65), distance=6.27m
[INFO] [1788833090.645294977] [candidate_explorer]: Nav2 path to frontier is 13.14m (straight-line=6.27m, detour=2.1x)
[WARN] [1788833090.652795182] [candidate_explorer]: Narrow passage detected: 0.54 m
[WARN] [1788833090.653008888] [candidate_explorer]: Rejecting frontier (2.78, 1.65): global path contains a narrow passage.
[INFO] [1788833090.950584579] [candidate_explorer]: Detected 3202 frontier cells
[INFO] [1788833090.955197026] [candidate_explorer]: Found 136 frontier clusters after filtering
[INFO] [1788833090.957209753] [candidate_explorer]: Selected frontier cluster: size=13, goal=(5.06, 7.61), distance=0.63
[INFO] [1788833090.957717205] [candidate_explorer]: Checking global path to frontier (5.06, 7.61), distance=0.63m
[INFO] [1788833090.963999924] [candidate_explorer]: Nav2 path to frontier is 0.77m (straight-line=0.63m, detour=1.2x)
[INFO] [1788833090.964954038] [candidate_explorer]: Global path accepted. Navigating to frontier (5.06, 7.61)
[bt_navigator-7] [INFO] [1788833090.965393866] [bt_navigator]: Begin navigating from current location (5.59, 7.26) to (5.06, 7.61)
[controller_server-3] [INFO] [1788833090.987821649] [controller_server]: Received a goal, begin computing control effort.
[controller_server-3] [INFO] [1788833091.942897711] [controller_server]: Reached the goal!
[bt_navigator-7] [INFO] [1788833091.979591996] [bt_navigator]: Goal succeeded
[INFO] [1788833091.980810857] [candidate_explorer]: Frontier goal finished: success=True
[INFO] [1788833091.981051687] [candidate_explorer]: Reached frontier. Waiting for the map to expose new frontiers.
[INFO] [1788833092.098096753] [candidate_explorer]: Detected 3202 frontier cells
[INFO] [1788833092.101298216] [candidate_explorer]: Found 136 frontier clusters after filtering
[INFO] [1788833092.103267569] [candidate_explorer]: Selected frontier cluster: size=58, goal=(5.72, 7.28), distance=0.60
[INFO] [1788833092.103712605] [candidate_explorer]: Checking global path to frontier (5.72, 7.28), distance=0.60m
[INFO] [1788833092.109334790] [candidate_explorer]: Nav2 path to frontier is 0.67m (straight-line=0.60m, detour=1.1x)
[INFO] [1788833092.110129448] [candidate_explorer]: Global path accepted. Navigating to frontier (5.72, 7.28)
[bt_navigator-7] [INFO] [1788833092.110539776] [bt_navigator]: Begin navigating from current location (5.13, 7.41) to (5.72, 7.28)
[controller_server-3] [INFO] [1788833092.132049570] [controller_server]: Received a goal, begin computing control effort.
[planner_server-5] [INFO] [1788833092.740903960] [global_costmap.global_costmap]: StaticLayer: Resizing costmap to 1086 X 916 at 0.015000 m/pix
[controller_server-3] [INFO] [1788833093.186458402] [controller_server]: Passing new path to controller.
[controller_server-3] [INFO] [1788833093.535571664] [controller_server]: Reached the goal!
[bt_navigator-7] [INFO] [1788833093.572049535] [bt_navigator]: Goal succeeded
[INFO] [1788833093.573214438] [candidate_explorer]: Frontier goal finished: success=True
[INFO] [1788833093.573439436] [candidate_explorer]: Reached frontier. Waiting for the map to expose new frontiers.
[INFO] [1788833093.963921763] [candidate_explorer]: Detected 3225 frontier cells
[INFO] [1788833093.968660750] [candidate_explorer]: Found 138 frontier clusters after filtering
[INFO] [1788833093.970828600] [candidate_explorer]: Selected frontier cluster: size=111, goal=(4.99, 7.44), distance=0.60
[INFO] [1788833093.971349802] [candidate_explorer]: Checking global path to frontier (4.99, 7.44), distance=0.60m
[INFO] [1788833093.977281609] [candidate_explorer]: Nav2 path to frontier is 0.68m (straight-line=0.60m, detour=1.1x)
[INFO] [1788833093.978053600] [candidate_explorer]: Global path accepted. Navigating to frontier (4.99, 7.44)
[bt_navigator-7] [INFO] [1788833093.978463428] [bt_navigator]: Begin navigating from current location (5.59, 7.43) to (4.99, 7.44)
[controller_server-3] [INFO] [1788833094.001075459] [controller_server]: Received a goal, begin computing control effort.
[controller_server-3] [INFO] [1788833095.051312256] [controller_server]: Passing new path to controller.
[controller_server-3] [INFO] [1788833095.504524359] [controller_server]: Reached the goal!
[bt_navigator-7] [INFO] [1788833095.538835921] [bt_navigator]: Goal succeeded
[INFO] [1788833095.540022741] [candidate_explorer]: Frontier goal finished: success=True
[INFO] [1788833095.540272280] [candidate_explorer]: Reached frontier. Waiting for the map to expose new frontiers.
[INFO] [1788833095.965772120] [candidate_explorer]: Detected 3529 frontier cells
[INFO] [1788833095.970798603] [candidate_explorer]: Found 148 frontier clusters after filtering
[INFO] [1788833095.973234908] [candidate_explorer]: Selected frontier cluster: size=128, goal=(4.54, 7.38), distance=0.60
[INFO] [1788833095.973731069] [candidate_explorer]: Checking global path to frontier (4.54, 7.38), distance=0.60m
[INFO] [1788833095.981047027] [candidate_explorer]: Nav2 path to frontier is 0.63m (straight-line=0.60m, detour=1.0x)
[INFO] [1788833095.981789518] [candidate_explorer]: Global path accepted. Navigating to frontier (4.54, 7.38)
[bt_navigator-7] [INFO] [1788833095.982120181] [bt_navigator]: Begin navigating from current location (5.13, 7.26) to (4.54, 7.38)
[controller_server-3] [INFO] [1788833096.004938543] [controller_server]: Received a goal, begin computing control effort.
[controller_server-3] [INFO] [1788833096.509507511] [controller_server]: Reached the goal!
[bt_navigator-7] [INFO] [1788833096.543227331] [bt_navigator]: Goal succeeded
[INFO] [1788833096.544564982] [candidate_explorer]: Frontier goal finished: success=True
[INFO] [1788833096.544829104] [candidate_explorer]: Reached frontier. Waiting for the map to expose new frontiers.
[INFO] [1788833096.967213229] [candidate_explorer]: Detected 4154 frontier cells
[INFO] [1788833096.972731957] [candidate_explorer]: Found 173 frontier clusters after filtering
[INFO] [1788833096.975629674] [candidate_explorer]: Selected frontier cluster: size=408, goal=(4.90, 8.34), distance=1.01
[INFO] [1788833096.976230750] [candidate_explorer]: Checking global path to frontier (4.90, 8.34), distance=1.01m
[INFO] [1788833096.983066671] [candidate_explorer]: Nav2 path to frontier is 1.13m (straight-line=1.01m, detour=1.1x)
[INFO] [1788833096.984482488] [candidate_explorer]: Global path accepted. Navigating to frontier (4.90, 8.34)
[bt_navigator-7] [INFO] [1788833096.984866692] [bt_navigator]: Begin navigating from current location (4.76, 7.34) to (4.90, 8.34)
[controller_server-3] [INFO] [1788833097.007931926] [controller_server]: Received a goal, begin computing control effort.
[controller_server-3] [INFO] [1788833098.066163589] [controller_server]: Passing new path to controller.
[controller_server-3] [INFO] [1788833098.211587036] [controller_server]: Reached the goal!
[bt_navigator-7] [INFO] [1788833098.246541341] [bt_navigator]: Goal succeeded
[INFO] [1788833098.247027835] [candidate_explorer]: Frontier goal finished: success=True
[INFO] [1788833098.247245333] [candidate_explorer]: Reached frontier. Waiting for the map to expose new frontiers.
[INFO] [1788833098.603541263] [candidate_explorer]: Detected 4154 frontier cells
[INFO] [1788833098.607593549] [candidate_explorer]: Found 173 frontier clusters after filtering
[INFO] [1788833098.610320101] [candidate_explorer]: Selected frontier cluster: size=408, goal=(4.81, 8.72), distance=0.60
[INFO] [1788833098.610809679] [candidate_explorer]: Checking global path to frontier (4.81, 8.72), distance=0.60m
[INFO] [1788833098.616782776] [candidate_explorer]: Nav2 path to frontier is 0.65m (straight-line=0.60m, detour=1.1x)
[INFO] [1788833098.617862222] [candidate_explorer]: Global path accepted. Navigating to frontier (4.81, 8.72)
[bt_navigator-7] [INFO] [1788833098.618283551] [bt_navigator]: Begin navigating from current location (4.93, 8.13) to (4.81, 8.72)
[controller_server-3] [INFO] [1788833098.639523806] [controller_server]: Received a goal, begin computing control effort.
[controller_server-3] [INFO] [1788833099.142559834] [controller_server]: Reached the goal!
[bt_navigator-7] [INFO] [1788833099.178876456] [bt_navigator]: Goal succeeded
[INFO] [1788833099.180154858] [candidate_explorer]: Frontier goal finished: success=True
[INFO] [1788833099.180413772] [candidate_explorer]: Reached frontier. Waiting for the map to expose new frontiers.
[INFO] [1788833099.472889563] [candidate_explorer]: Detected 5023 frontier cells
[INFO] [1788833099.477412928] [candidate_explorer]: Found 187 frontier clusters after filtering
[INFO] [1788833099.480874763] [candidate_explorer]: Selected frontier cluster: size=363, goal=(5.28, 9.02), distance=0.61
[INFO] [1788833099.481573047] [candidate_explorer]: Checking global path to frontier (5.28, 9.02), distance=0.61m
[INFO] [1788833099.487942806] [candidate_explorer]: Nav2 path to frontier is 0.62m (straight-line=0.61m, detour=1.0x)
[INFO] [1788833099.488846588] [candidate_explorer]: Global path accepted. Navigating to frontier (5.28, 9.02)
[bt_navigator-7] [INFO] [1788833099.489332582] [bt_navigator]: Begin navigating from current location (4.91, 8.53) to (5.28, 9.02)
[controller_server-3] [INFO] [1788833099.510242257] [controller_server]: Received a goal, begin computing control effort.
[controller_server-3] [INFO] [1788833100.563903265] [controller_server]: Passing new path to controller.
[controller_server-3] [INFO] [1788833100.566073365] [controller_server]: Reached the goal!
[bt_navigator-7] [INFO] [1788833100.610355145] [bt_navigator]: Goal succeeded
[INFO] [1788833100.611679755] [candidate_explorer]: Frontier goal finished: success=True
[INFO] [1788833100.611923044] [candidate_explorer]: Reached frontier. Waiting for the map to expose new frontiers.
[planner_server-5] [INFO] [1788833100.737903965] [global_costmap.global_costmap]: StaticLayer: Resizing costmap to 1086 X 917 at 0.015000 m/pix
[INFO] [1788833100.972875712] [candidate_explorer]: Detected 4661 frontier cells
[INFO] [1788833100.977474742] [candidate_explorer]: Found 181 frontier clusters after filtering
[INFO] [1788833100.980730663] [candidate_explorer]: Selected frontier cluster: size=168, goal=(5.64, 8.85), distance=0.60
[INFO] [1788833100.981327072] [candidate_explorer]: Checking global path to frontier (5.64, 8.85), distance=0.60m
[INFO] [1788833100.987634000] [candidate_explorer]: Nav2 path to frontier is 0.63m (straight-line=0.60m, detour=1.1x)
[INFO] [1788833100.988515948] [candidate_explorer]: Global path accepted. Navigating to frontier (5.64, 8.85)
[bt_navigator-7] [INFO] [1788833100.988986901] [bt_navigator]: Begin navigating from current location (5.05, 8.99) to (5.64, 8.85)
[controller_server-3] [INFO] [1788833101.010398904] [controller_server]: Received a goal, begin computing control effort.
[controller_server-3] [INFO] [1788833102.060817865] [controller_server]: Passing new path to controller.
[controller_server-3] [INFO] [1788833102.114950782] [controller_server]: Reached the goal!
[bt_navigator-7] [INFO] [1788833102.149551674] [bt_navigator]: Goal succeeded
[INFO] [1788833102.150908867] [candidate_explorer]: Frontier goal finished: success=True
[INFO] [1788833102.151160322] [candidate_explorer]: Reached frontier. Waiting for the map to expose new frontiers.
[INFO] [1788833102.354360852] [candidate_explorer]: Detected 4661 frontier cells
[INFO] [1788833102.358772385] [candidate_explorer]: Found 181 frontier clusters after filtering
[INFO] [1788833102.362034389] [candidate_explorer]: Selected frontier cluster: size=606, goal=(10.21, 7.49), distance=4.93
[INFO] [1788833102.362590341] [candidate_explorer]: Checking global path to frontier (10.21, 7.49), distance=4.93m
[INFO] [1788833102.385164664] [candidate_explorer]: Nav2 path to frontier is 7.23m (straight-line=4.93m, detour=1.5x)
[INFO] [1788833102.392169958] [candidate_explorer]: Global path accepted. Navigating to frontier (10.21, 7.49)
[bt_navigator-7] [INFO] [1788833102.392759618] [bt_navigator]: Begin navigating from current location (5.53, 9.04) to (10.21, 7.49)
[controller_server-3] [INFO] [1788833102.415851643] [controller_server]: Received a goal, begin computing control effort.
[controller_server-3] [INFO] [1788833103.475215292] [controller_server]: Passing new path to controller.
[controller_server-3] [INFO] [1788833104.468509913] [controller_server]: Passing new path to controller.
[planner_server-5] [INFO] [1788833104.740549774] [global_costmap.global_costmap]: StaticLayer: Resizing costmap to 1086 X 917 at 0.015000 m/pix
[controller_server-3] [INFO] [1788833105.516473736] [controller_server]: Passing new path to controller.
[controller_server-3] [INFO] [1788833106.517554558] [controller_server]: Passing new path to controller.
[async_slam_toolbox_node-2] WARNING: Logging before InitGoogleLogging() is written to STDERR
[async_slam_toolbox_node-2] W0908 02:05:06.784452  9601 preprocessor.cc:62] Specified options.num_threads: 50 exceeds maximum available from the threading model Ceres was compiled with: 14.  Bounding to maximum number available.
[controller_server-3] [INFO] [1788833107.569255630] [controller_server]: Passing new path to controller.
[controller_server-3] [INFO] [1788833108.569250590] [controller_server]: Passing new path to controller.
[planner_server-5] [INFO] [1788833108.740992983] [global_costmap.global_costmap]: StaticLayer: Resizing costmap to 1085 X 917 at 0.015000 m/pix
[controller_server-3] [INFO] [1788833108.969178058] [controller_server]: Reached the goal!
[bt_navigator-7] [INFO] [1788833109.004552816] [bt_navigator]: Goal succeeded
[INFO] [1788833109.005032019] [candidate_explorer]: Frontier goal finished: success=True
[INFO] [1788833109.005252808] [candidate_explorer]: Reached frontier. Waiting for the map to expose new frontiers.
[INFO] [1788833109.474386728] [candidate_explorer]: Detected 5889 frontier cells
[INFO] [1788833109.481461729] [candidate_explorer]: Found 149 frontier clusters after filtering
[INFO] [1788833109.485985802] [candidate_explorer]: Selected frontier cluster: size=912, goal=(10.59, 7.55), distance=0.60
[INFO] [1788833109.486684627] [candidate_explorer]: Checking global path to frontier (10.59, 7.55), distance=0.60m
[INFO] [1788833109.492939263] [candidate_explorer]: Nav2 path to frontier is 0.64m (straight-line=0.60m, detour=1.1x)
[INFO] [1788833109.493804378] [candidate_explorer]: Global path accepted. Navigating to frontier (10.59, 7.55)
[bt_navigator-7] [INFO] [1788833109.494292498] [bt_navigator]: Begin navigating from current location (10.00, 7.42) to (10.59, 7.55)
[controller_server-3] [INFO] [1788833109.514998509] [controller_server]: Received a goal, begin computing control effort.
[controller_server-3] [INFO] [1788833109.970424087] [controller_server]: Reached the goal!
[INFO] [1788833110.006552586] [candidate_explorer]: Frontier goal finished: success=True
[INFO] [1788833110.006784625] [candidate_explorer]: Reached frontier. Waiting for the map to expose new frontiers.
[bt_navigator-7] [INFO] [1788833110.006904957] [bt_navigator]: Goal succeeded
[INFO] [1788833110.359457889] [candidate_explorer]: Detected 5889 frontier cells
[INFO] [1788833110.370786008] [candidate_explorer]: Found 149 frontier clusters after filtering
[INFO] [1788833110.374992584] [candidate_explorer]: Selected frontier cluster: size=912, goal=(10.98, 7.53), distance=0.60
[INFO] [1788833110.375630410] [candidate_explorer]: Checking global path to frontier (10.98, 7.53), distance=0.60m
[INFO] [1788833110.381679716] [candidate_explorer]: Nav2 path to frontier is 0.61m (straight-line=0.60m, detour=1.0x)
[INFO] [1788833110.382611496] [candidate_explorer]: Global path accepted. Navigating to frontier (10.98, 7.53)
[bt_navigator-7] [INFO] [1788833110.382992909] [bt_navigator]: Begin navigating from current location (10.38, 7.46) to (10.98, 7.53)
[controller_server-3] [INFO] [1788833110.405450066] [controller_server]: Received a goal, begin computing control effort.
[planner_server-5] [INFO] [1788833110.739013467] [global_costmap.global_costmap]: StaticLayer: Resizing costmap to 1120 X 917 at 0.015000 m/pix
[controller_server-3] [INFO] [1788833110.858144050] [controller_server]: Reached the goal!
[bt_navigator-7] [INFO] [1788833110.893437893] [bt_navigator]: Goal succeeded
[INFO] [1788833110.894733836] [candidate_explorer]: Frontier goal finished: success=True
[INFO] [1788833110.894981209] [candidate_explorer]: Reached frontier. Waiting for the map to expose new frontiers.
[INFO] [1788833111.227362873] [candidate_explorer]: Detected 5945 frontier cells
[INFO] [1788833111.234210544] [candidate_explorer]: Found 150 frontier clusters after filtering
[INFO] [1788833111.238567119] [candidate_explorer]: Selected frontier cluster: size=1225, goal=(11.34, 7.64), distance=0.60
[INFO] [1788833111.239261694] [candidate_explorer]: Checking global path to frontier (11.34, 7.64), distance=0.60m
[INFO] [1788833111.245399665] [candidate_explorer]: Nav2 path to frontier is 0.61m (straight-line=0.60m, detour=1.0x)
[INFO] [1788833111.246207405] [candidate_explorer]: Global path accepted. Navigating to frontier (11.34, 7.64)
[bt_navigator-7] [INFO] [1788833111.246696691] [bt_navigator]: Begin navigating from current location (10.75, 7.52) to (11.34, 7.64)
[controller_server-3] [INFO] [1788833111.267338912] [controller_server]: Received a goal, begin computing control effort.
[controller_server-3] [INFO] [1788833111.720138978] [controller_server]: Reached the goal!
[bt_navigator-7] [INFO] [1788833111.747152291] [bt_navigator]: Goal succeeded
[INFO] [1788833111.748545900] [candidate_explorer]: Frontier goal finished: success=True
[INFO] [1788833111.748786856] [candidate_explorer]: Reached frontier. Waiting for the map to expose new frontiers.
[INFO] [1788833112.112796946] [candidate_explorer]: Detected 5945 frontier cells
[INFO] [1788833112.118156843] [candidate_explorer]: Found 150 frontier clusters after filtering
[INFO] [1788833112.122293879] [candidate_explorer]: Selected frontier cluster: size=1225, goal=(11.73, 7.49), distance=0.60
[INFO] [1788833112.122969579] [candidate_explorer]: Checking global path to frontier (11.73, 7.49), distance=0.60m
[INFO] [1788833112.129309214] [candidate_explorer]: Nav2 path to frontier is 0.62m (straight-line=0.60m, detour=1.0x)
[INFO] [1788833112.130205246] [candidate_explorer]: Global path accepted. Navigating to frontier (11.73, 7.49)
[bt_navigator-7] [INFO] [1788833112.130654240] [bt_navigator]: Begin navigating from current location (11.14, 7.58) to (11.73, 7.49)
[controller_server-3] [INFO] [1788833112.154206427] [controller_server]: Received a goal, begin computing control effort.
[controller_server-3] [INFO] [1788833112.606520124] [controller_server]: Reached the goal!
[bt_navigator-7] [INFO] [1788833112.642318127] [bt_navigator]: Goal succeeded
[INFO] [1788833112.642799205] [candidate_explorer]: Frontier goal finished: success=True
[INFO] [1788833112.643029953] [candidate_explorer]: Reached frontier. Waiting for the map to expose new frontiers.
[planner_server-5] [INFO] [1788833112.738397727] [global_costmap.global_costmap]: StaticLayer: Resizing costmap to 1132 X 917 at 0.015000 m/pix
[INFO] [1788833112.985783705] [candidate_explorer]: Detected 5975 frontier cells
[INFO] [1788833112.991209809] [candidate_explorer]: Found 148 frontier clusters after filtering
[INFO] [1788833112.995406469] [candidate_explorer]: Selected frontier cluster: size=1237, goal=(12.12, 7.67), distance=0.60
[INFO] [1788833112.996091295] [candidate_explorer]: Checking global path to frontier (12.12, 7.67), distance=0.60m
[INFO] [1788833113.002364681] [candidate_explorer]: Nav2 path to frontier is 0.60m (straight-line=0.60m, detour=1.0x)
[INFO] [1788833113.003219588] [candidate_explorer]: Global path accepted. Navigating to frontier (12.12, 7.67)
[bt_navigator-7] [INFO] [1788833113.003640749] [bt_navigator]: Begin navigating from current location (11.53, 7.58) to (12.12, 7.67)
[controller_server-3] [INFO] [1788833113.025693245] [controller_server]: Received a goal, begin computing control effort.
[controller_server-3] [INFO] [1788833113.479632548] [controller_server]: Reached the goal!
[bt_navigator-7] [INFO] [1788833113.513970985] [bt_navigator]: Goal succeeded
[INFO] [1788833113.515363802] [candidate_explorer]: Frontier goal finished: success=True
[INFO] [1788833113.515633216] [candidate_explorer]: Reached frontier. Waiting for the map to expose new frontiers.
[INFO] [1788833113.863719699] [candidate_explorer]: Detected 5975 frontier cells
[INFO] [1788833113.869124386] [candidate_explorer]: Found 148 frontier clusters after filtering
[INFO] [1788833113.873134632] [candidate_explorer]: Selected frontier cluster: size=1237, goal=(12.51, 7.79), distance=0.60
[INFO] [1788833113.873903165] [candidate_explorer]: Checking global path to frontier (12.51, 7.79), distance=0.60m
[INFO] [1788833113.880042052] [candidate_explorer]: Nav2 path to frontier is 0.61m (straight-line=0.60m, detour=1.0x)
[INFO] [1788833113.880944792] [candidate_explorer]: Global path accepted. Navigating to frontier (12.51, 7.79)
[bt_navigator-7] [INFO] [1788833113.881425620] [bt_navigator]: Begin navigating from current location (11.95, 7.57) to (12.51, 7.79)
[controller_server-3] [INFO] [1788833113.905090638] [controller_server]: Received a goal, begin computing control effort.
[controller_server-3] [INFO] [1788833114.359955139] [controller_server]: Reached the goal!
[bt_navigator-7] [INFO] [1788833114.395613686] [bt_navigator]: Goal succeeded
[INFO] [1788833114.396999378] [candidate_explorer]: Frontier goal finished: success=True
[INFO] [1788833114.397213292] [candidate_explorer]: Reached frontier. Waiting for the map to expose new frontiers.
[INFO] [1788833114.612600057] [candidate_explorer]: Detected 5975 frontier cells
[INFO] [1788833114.618041702] [candidate_explorer]: Found 148 frontier clusters after filtering
[INFO] [1788833114.621789617] [candidate_explorer]: Selected frontier cluster: size=245, goal=(12.38, 8.30), distance=0.60
[INFO] [1788833114.622513776] [candidate_explorer]: Checking global path to frontier (12.38, 8.30), distance=0.60m
[INFO] [1788833114.627212680] [candidate_explorer]: Nav2 path to frontier is 0.61m (straight-line=0.60m, detour=1.0x)
[INFO] [1788833114.628161835] [candidate_explorer]: Global path accepted. Navigating to frontier (12.38, 8.30)
[bt_navigator-7] [INFO] [1788833114.628558747] [bt_navigator]: Begin navigating from current location (12.31, 7.70) to (12.38, 8.30)
[controller_server-3] [INFO] [1788833114.649237467] [controller_server]: Received a goal, begin computing control effort.
[controller_server-3] [INFO] [1788833115.703451051] [controller_server]: Passing new path to controller.
[controller_server-3] [INFO] [1788833115.951264733] [controller_server]: Reached the goal!
[bt_navigator-7] [INFO] [1788833115.979533657] [bt_navigator]: Goal succeeded
[INFO] [1788833115.980982140] [candidate_explorer]: Frontier goal finished: success=True
[INFO] [1788833115.981229721] [candidate_explorer]: Reached frontier. Waiting for the map to expose new frontiers.
[INFO] [1788833116.235391413] [candidate_explorer]: Detected 5850 frontier cells
[INFO] [1788833116.242210292] [candidate_explorer]: Found 151 frontier clusters after filtering
[INFO] [1788833116.245794418] [candidate_explorer]: Selected frontier cluster: size=1098, goal=(12.84, 8.69), distance=0.61
[INFO] [1788833116.246506368] [candidate_explorer]: Checking global path to frontier (12.84, 8.69), distance=0.61m
[INFO] [1788833116.251359520] [candidate_explorer]: Nav2 path to frontier is 0.61m (straight-line=0.61m, detour=1.0x)
[INFO] [1788833116.252300301] [candidate_explorer]: Global path accepted. Navigating to frontier (12.84, 8.69)
[bt_navigator-7] [INFO] [1788833116.252773420] [bt_navigator]: Begin navigating from current location (12.55, 8.15) to (12.84, 8.69)
[controller_server-3] [INFO] [1788833116.273431557] [controller_server]: Received a goal, begin computing control effort.
[controller_server-3] [INFO] [1788833116.775553971] [controller_server]: Reached the goal!
[bt_navigator-7] [INFO] [1788833116.816335667] [bt_navigator]: Goal succeeded
[INFO] [1788833116.817635402] [candidate_explorer]: Frontier goal finished: success=True
[INFO] [1788833116.817876191] [candidate_explorer]: Reached frontier. Waiting for the map to expose new frontiers.
[INFO] [1788833117.239073205] [candidate_explorer]: Detected 5596 frontier cells
[INFO] [1788833117.245728086] [candidate_explorer]: Found 160 frontier clusters after filtering
[INFO] [1788833117.249484376] [candidate_explorer]: Selected frontier cluster: size=153, goal=(13.16, 8.19), distance=0.61
[INFO] [1788833117.250231076] [candidate_explorer]: Checking global path to frontier (13.16, 8.19), distance=0.61m
[INFO] [1788833117.256533962] [candidate_explorer]: Nav2 path to frontier is 0.68m (straight-line=0.61m, detour=1.1x)
[INFO] [1788833117.257489451] [candidate_explorer]: Global path accepted. Navigating to frontier (13.16, 8.19)
[bt_navigator-7] [INFO] [1788833117.257880738] [bt_navigator]: Begin navigating from current location (12.67, 8.55) to (13.16, 8.19)
[controller_server-3] [INFO] [1788833117.279588737] [controller_server]: Received a goal, begin computing control effort.
[controller_server-3] [INFO] [1788833118.330849064] [controller_server]: Passing new path to controller.
[controller_server-3] [INFO] [1788833118.382100556] [controller_server]: Reached the goal!
[bt_navigator-7] [INFO] [1788833118.418118307] [bt_navigator]: Goal succeeded
[INFO] [1788833118.419510624] [candidate_explorer]: Frontier goal finished: success=True
[INFO] [1788833118.419935453] [candidate_explorer]: Reached frontier. Waiting for the map to expose new frontiers.
[INFO] [1788833118.613578051] [candidate_explorer]: Detected 5596 frontier cells
[INFO] [1788833118.618599618] [candidate_explorer]: Found 160 frontier clusters after filtering
[INFO] [1788833118.622400949] [candidate_explorer]: Selected frontier cluster: size=12, goal=(13.94, 8.46), distance=0.85
[INFO] [1788833118.623056484] [candidate_explorer]: Checking global path to frontier (13.94, 8.46), distance=0.85m
[INFO] [1788833118.630788811] [candidate_explorer]: Nav2 path to frontier is 1.04m (straight-line=0.85m, detour=1.2x)
[INFO] [1788833118.631963464] [candidate_explorer]: Global path accepted. Navigating to frontier (13.94, 8.46)
[bt_navigator-7] [INFO] [1788833118.632435250] [bt_navigator]: Begin navigating from current location (13.09, 8.37) to (13.94, 8.46)
[controller_server-3] [INFO] [1788833118.654281832] [controller_server]: Received a goal, begin computing control effort.
[controller_server-3] [INFO] [1788833119.705059997] [controller_server]: Passing new path to controller.
[controller_server-3] [INFO] [1788833119.860071250] [controller_server]: Reached the goal!
[bt_navigator-7] [INFO] [1788833119.892781289] [bt_navigator]: Goal succeeded
[INFO] [1788833119.894242980] [candidate_explorer]: Frontier goal finished: success=True
[INFO] [1788833119.894501644] [candidate_explorer]: Reached frontier. Waiting for the map to expose new frontiers.
[INFO] [1788833120.241279267] [candidate_explorer]: Detected 5017 frontier cells
[INFO] [1788833120.247583028] [candidate_explorer]: Found 154 frontier clusters after filtering
[INFO] [1788833120.251226694] [candidate_explorer]: Selected frontier cluster: size=215, goal=(14.34, 8.60), distance=0.62
[INFO] [1788833120.251839229] [candidate_explorer]: Checking global path to frontier (14.34, 8.60), distance=0.62m
[INFO] [1788833120.258186239] [candidate_explorer]: Nav2 path to frontier is 0.62m (straight-line=0.62m, detour=1.0x)
[INFO] [1788833120.259070312] [candidate_explorer]: Global path accepted. Navigating to frontier (14.34, 8.60)
[bt_navigator-7] [INFO] [1788833120.259462099] [bt_navigator]: Begin navigating from current location (13.80, 8.29) to (14.34, 8.60)
[controller_server-3] [INFO] [1788833120.282559874] [controller_server]: Received a goal, begin computing control effort.
[controller_server-3] [INFO] [1788833120.737555040] [controller_server]: Reached the goal!
[bt_navigator-7] [INFO] [1788833120.770217205] [bt_navigator]: Goal succeeded
[INFO] [1788833120.770614992] [candidate_explorer]: Frontier goal finished: success=True
[INFO] [1788833120.770828865] [candidate_explorer]: Reached frontier. Waiting for the map to expose new frontiers.
[INFO] [1788833121.246342252] [candidate_explorer]: Detected 4977 frontier cells
[INFO] [1788833121.252714637] [candidate_explorer]: Found 138 frontier clusters after filtering
[INFO] [1788833121.256120681] [candidate_explorer]: Selected frontier cluster: size=627, goal=(14.76, 8.66), distance=0.60
[INFO] [1788833121.256717716] [candidate_explorer]: Checking global path to frontier (14.76, 8.66), distance=0.60m
[INFO] [1788833121.263352139] [candidate_explorer]: Nav2 path to frontier is 0.61m (straight-line=0.60m, detour=1.0x)
[INFO] [1788833121.264346628] [candidate_explorer]: Global path accepted. Navigating to frontier (14.76, 8.66)
[bt_navigator-7] [INFO] [1788833121.264729873] [bt_navigator]: Begin navigating from current location (14.19, 8.48) to (14.76, 8.66)
[controller_server-3] [INFO] [1788833121.286441914] [controller_server]: Received a goal, begin computing control effort.
[controller_server-3] [INFO] [1788833121.738677362] [controller_server]: Reached the goal!
[bt_navigator-7] [INFO] [1788833121.774928110] [bt_navigator]: Goal succeeded
[INFO] [1788833121.776445676] [candidate_explorer]: Frontier goal finished: success=True
[INFO] [1788833121.776711256] [candidate_explorer]: Reached frontier. Waiting for the map to expose new frontiers.
[INFO] [1788833122.118997348] [candidate_explorer]: Detected 4977 frontier cells
[INFO] [1788833122.123777043] [candidate_explorer]: Found 138 frontier clusters after filtering
[INFO] [1788833122.126959298] [candidate_explorer]: Selected frontier cluster: size=627, goal=(15.12, 8.88), distance=0.60
[INFO] [1788833122.127554499] [candidate_explorer]: Checking global path to frontier (15.12, 8.88), distance=0.60m
[INFO] [1788833122.133894468] [candidate_explorer]: Nav2 path to frontier is 0.66m (straight-line=0.60m, detour=1.1x)
[INFO] [1788833122.134764124] [candidate_explorer]: Global path accepted. Navigating to frontier (15.12, 8.88)
[bt_navigator-7] [INFO] [1788833122.135188036] [bt_navigator]: Begin navigating from current location (14.57, 8.64) to (15.12, 8.88)
[controller_server-3] [INFO] [1788833122.158487684] [controller_server]: Received a goal, begin computing control effort.
[controller_server-3] [INFO] [1788833122.612025575] [controller_server]: Reached the goal!
[bt_navigator-7] [INFO] [1788833122.645531688] [bt_navigator]: Goal succeeded
[INFO] [1788833122.647067879] [candidate_explorer]: Frontier goal finished: success=True
[INFO] [1788833122.647280460] [candidate_explorer]: Reached frontier. Waiting for the map to expose new frontiers.
[planner_server-5] [INFO] [1788833122.737711791] [global_costmap.global_costmap]: StaticLayer: Resizing costmap to 1134 X 917 at 0.015000 m/pix
[INFO] [1788833122.996133142] [candidate_explorer]: Detected 4285 frontier cells
[INFO] [1788833123.000267053] [candidate_explorer]: Found 132 frontier clusters after filtering
[INFO] [1788833123.003100645] [candidate_explorer]: Selected frontier cluster: size=114, goal=(11.49, 8.79), distance=3.44
[INFO] [1788833123.003602348] [candidate_explorer]: Checking global path to frontier (11.49, 8.79), distance=3.44m
[INFO] [1788833123.016761613] [candidate_explorer]: Nav2 path to frontier is 3.86m (straight-line=3.44m, detour=1.1x)
[INFO] [1788833123.020423779] [candidate_explorer]: Global path accepted. Navigating to frontier (11.49, 8.79)
[bt_navigator-7] [INFO] [1788833123.020891482] [bt_navigator]: Begin navigating from current location (14.93, 8.77) to (11.49, 8.79)
[controller_server-3] [INFO] [1788833123.044201713] [controller_server]: Received a goal, begin computing control effort.
[controller_server-3] [INFO] [1788833124.098369006] [controller_server]: Passing new path to controller.
[planner_server-5] [INFO] [1788833124.737449589] [global_costmap.global_costmap]: StaticLayer: Resizing costmap to 1135 X 917 at 0.015000 m/pix
[controller_server-3] [INFO] [1788833125.145227758] [controller_server]: Passing new path to controller.
[controller_server-3] [INFO] [1788833126.145246676] [controller_server]: Passing new path to controller.
[controller_server-3] [INFO] [1788833126.797694272] [controller_server]: Reached the goal!
[bt_navigator-7] [INFO] [1788833126.834504972] [bt_navigator]: Goal succeeded
[INFO] [1788833126.835815623] [candidate_explorer]: Frontier goal finished: success=True
[INFO] [1788833126.836065287] [candidate_explorer]: Reached frontier. Waiting for the map to expose new frontiers.
[INFO] [1788833127.246884546] [candidate_explorer]: Detected 4089 frontier cells
[INFO] [1788833127.252498232] [candidate_explorer]: Found 124 frontier clusters after filtering
[INFO] [1788833127.255254283] [candidate_explorer]: Selected frontier cluster: size=63, goal=(10.79, 6.50), distance=2.54
[INFO] [1788833127.255730236] [candidate_explorer]: Checking global path to frontier (10.79, 6.50), distance=2.54m
[INFO] [1788833127.268507130] [candidate_explorer]: Nav2 path to frontier is 3.83m (straight-line=2.54m, detour=1.5x)
[INFO] [1788833127.272012715] [candidate_explorer]: Global path accepted. Navigating to frontier (10.79, 6.50)
[bt_navigator-7] [INFO] [1788833127.272596625] [bt_navigator]: Begin navigating from current location (11.69, 8.87) to (10.79, 6.50)
[controller_server-3] [INFO] [1788833127.294086710] [controller_server]: Received a goal, begin computing control effort.
[controller_server-3] [INFO] [1788833128.344995291] [controller_server]: Passing new path to controller.
[controller_server-3] [INFO] [1788833129.348547959] [controller_server]: Passing new path to controller.
[controller_server-3] [INFO] [1788833130.396047246] [controller_server]: Passing new path to controller.
[controller_server-3] [INFO] [1788833131.446315667] [controller_server]: Passing new path to controller.
[controller_server-3] [INFO] [1788833131.597032553] [controller_server]: Reached the goal!
[bt_navigator-7] [INFO] [1788833131.633494507] [bt_navigator]: Goal succeeded
[INFO] [1788833131.634948449] [candidate_explorer]: Frontier goal finished: success=True
[INFO] [1788833131.635224029] [candidate_explorer]: Reached frontier. Waiting for the map to expose new frontiers.
[INFO] [1788833131.997301559] [candidate_explorer]: Detected 4287 frontier cells
[INFO] [1788833132.001667134] [candidate_explorer]: Found 126 frontier clusters after filtering
[INFO] [1788833132.004435143] [candidate_explorer]: Selected frontier cluster: size=212, goal=(10.89, 6.12), distance=0.60
[INFO] [1788833132.004990929] [candidate_explorer]: Checking global path to frontier (10.89, 6.12), distance=0.60m
[INFO] [1788833132.011747392] [candidate_explorer]: Nav2 path to frontier is 0.63m (straight-line=0.60m, detour=1.0x)
[INFO] [1788833132.012525050] [candidate_explorer]: Global path accepted. Navigating to frontier (10.89, 6.12)
[bt_navigator-7] [INFO] [1788833132.013055669] [bt_navigator]: Begin navigating from current location (10.76, 6.71) to (10.89, 6.12)
[controller_server-3] [INFO] [1788833132.035851156] [controller_server]: Received a goal, begin computing control effort.
[controller_server-3] [INFO] [1788833132.493150337] [controller_server]: Reached the goal!
[bt_navigator-7] [INFO] [1788833132.524163854] [bt_navigator]: Goal succeeded
[INFO] [1788833132.524702139] [candidate_explorer]: Frontier goal finished: success=True
[INFO] [1788833132.524936678] [candidate_explorer]: Reached frontier. Waiting for the map to expose new frontiers.
[INFO] [1788833133.005840879] [candidate_explorer]: Detected 4532 frontier cells
[INFO] [1788833133.011908434] [candidate_explorer]: Found 126 frontier clusters after filtering
[INFO] [1788833133.014914440] [candidate_explorer]: Selected frontier cluster: size=529, goal=(10.95, 5.73), distance=0.60
[INFO] [1788833133.015464392] [candidate_explorer]: Checking global path to frontier (10.95, 5.73), distance=0.60m
[INFO] [1788833133.021942943] [candidate_explorer]: Nav2 path to frontier is 0.63m (straight-line=0.60m, detour=1.0x)
[INFO] [1788833133.022791433] [candidate_explorer]: Global path accepted. Navigating to frontier (10.95, 5.73)
[bt_navigator-7] [INFO] [1788833133.023224761] [bt_navigator]: Begin navigating from current location (10.80, 6.32) to (10.95, 5.73)
[controller_server-3] [INFO] [1788833133.046332661] [controller_server]: Received a goal, begin computing control effort.
[controller_server-3] [INFO] [1788833133.548310618] [controller_server]: Reached the goal!
[bt_navigator-7] [INFO] [1788833133.584949154] [bt_navigator]: Goal succeeded
[INFO] [1788833133.586471595] [candidate_explorer]: Frontier goal finished: success=True
[INFO] [1788833133.586726050] [candidate_explorer]: Reached frontier. Waiting for the map to expose new frontiers.
[INFO] [1788833133.873711946] [candidate_explorer]: Detected 4532 frontier cells
[INFO] [1788833133.878229603] [candidate_explorer]: Found 126 frontier clusters after filtering
[INFO] [1788833133.881116528] [candidate_explorer]: Selected frontier cluster: size=529, goal=(11.06, 5.33), distance=0.60
[INFO] [1788833133.881662813] [candidate_explorer]: Checking global path to frontier (11.06, 5.33), distance=0.60m
[INFO] [1788833133.888324236] [candidate_explorer]: Nav2 path to frontier is 0.62m (straight-line=0.60m, detour=1.0x)
[INFO] [1788833133.889141477] [candidate_explorer]: Global path accepted. Navigating to frontier (11.06, 5.33)
[bt_navigator-7] [INFO] [1788833133.889631179] [bt_navigator]: Begin navigating from current location (10.93, 5.91) to (11.06, 5.33)
[controller_server-3] [INFO] [1788833133.911534635] [controller_server]: Received a goal, begin computing control effort.
[controller_server-3] [INFO] [1788833134.464375880] [controller_server]: Reached the goal!
[bt_navigator-7] [INFO] [1788833134.499814763] [bt_navigator]: Goal succeeded
[INFO] [1788833134.501229330] [candidate_explorer]: Frontier goal finished: success=True
[INFO] [1788833134.501479744] [candidate_explorer]: Reached frontier. Waiting for the map to expose new frontiers.
[INFO] [1788833135.001717262] [candidate_explorer]: Detected 4144 frontier cells
[INFO] [1788833135.007380822] [candidate_explorer]: Found 131 frontier clusters after filtering
[INFO] [1788833135.010168998] [candidate_explorer]: Selected frontier cluster: size=18, goal=(10.76, 4.59), distance=1.00
[INFO] [1788833135.010656118] [candidate_explorer]: Checking global path to frontier (10.76, 4.59), distance=1.00m
[INFO] [1788833135.018300238] [candidate_explorer]: Nav2 path to frontier is 1.04m (straight-line=1.00m, detour=1.0x)
[INFO] [1788833135.019479724] [candidate_explorer]: Global path accepted. Navigating to frontier (10.76, 4.59)
[bt_navigator-7] [INFO] [1788833135.019834053] [bt_navigator]: Begin navigating from current location (11.00, 5.56) to (10.76, 4.59)
[controller_server-3] [INFO] [1788833135.042182379] [controller_server]: Received a goal, begin computing control effort.
[controller_server-3] [INFO] [1788833135.852556110] [controller_server]: Reached the goal!
[bt_navigator-7] [INFO] [1788833135.892484441] [bt_navigator]: Goal succeeded
[INFO] [1788833135.893900466] [candidate_explorer]: Frontier goal finished: success=True
[INFO] [1788833135.894174922] [candidate_explorer]: Reached frontier. Waiting for the map to expose new frontiers.
[INFO] [1788833136.127260065] [candidate_explorer]: Detected 4144 frontier cells
[INFO] [1788833136.131225603] [candidate_explorer]: Found 131 frontier clusters after filtering
[INFO] [1788833136.134039820] [candidate_explorer]: Selected frontier cluster: size=32, goal=(10.88, 5.39), distance=0.61
[INFO] [1788833136.134595522] [candidate_explorer]: Checking global path to frontier (10.88, 5.39), distance=0.61m
[INFO] [1788833136.141943854] [candidate_explorer]: Nav2 path to frontier is 0.67m (straight-line=0.61m, detour=1.1x)
[INFO] [1788833136.142680012] [candidate_explorer]: Global path accepted. Navigating to frontier (10.88, 5.39)
[bt_navigator-7] [INFO] [1788833136.143159548] [bt_navigator]: Begin navigating from current location (10.88, 4.78) to (10.88, 5.39)
[controller_server-3] [INFO] [1788833136.164423136] [controller_server]: Received a goal, begin computing control effort.
[controller_server-3] [INFO] [1788833137.216172624] [controller_server]: Passing new path to controller.
[controller_server-3] [INFO] [1788833137.466519985] [controller_server]: Reached the goal!
[bt_navigator-7] [INFO] [1788833137.504839251] [bt_navigator]: Goal succeeded
[INFO] [1788833137.506485649] [candidate_explorer]: Frontier goal finished: success=True
[INFO] [1788833137.506738104] [candidate_explorer]: Reached frontier. Waiting for the map to expose new frontiers.
[INFO] [1788833138.010002338] [candidate_explorer]: Detected 3950 frontier cells
[INFO] [1788833138.015590815] [candidate_explorer]: Found 121 frontier clusters after filtering
[INFO] [1788833138.018309909] [candidate_explorer]: Selected frontier cluster: size=7, goal=(10.82, 4.44), distance=0.73
[INFO] [1788833138.018837903] [candidate_explorer]: Checking global path to frontier (10.82, 4.44), distance=0.73m
[INFO] [1788833138.026122194] [candidate_explorer]: Nav2 path to frontier is 0.75m (straight-line=0.73m, detour=1.0x)
[INFO] [1788833138.026909268] [candidate_explorer]: Global path accepted. Navigating to frontier (10.82, 4.44)
[bt_navigator-7] [INFO] [1788833138.027326471] [bt_navigator]: Begin navigating from current location (10.93, 5.17) to (10.82, 4.44)
[controller_server-3] [INFO] [1788833138.049357134] [controller_server]: Received a goal, begin computing control effort.
[controller_server-3] [INFO] [1788833139.100165591] [controller_server]: Passing new path to controller.
[controller_server-3] [INFO] [1788833139.602854331] [controller_server]: Reached the goal!
[bt_navigator-7] [INFO] [1788833139.638065966] [bt_navigator]: Goal succeeded
[INFO] [1788833139.639655448] [candidate_explorer]: Frontier goal finished: success=True
[INFO] [1788833139.639930945] [candidate_explorer]: Reached frontier. Waiting for the map to expose new frontiers.
[INFO] [1788833140.008402318] [candidate_explorer]: Detected 3939 frontier cells
[INFO] [1788833140.013993837] [candidate_explorer]: Found 120 frontier clusters after filtering
[INFO] [1788833140.016650848] [candidate_explorer]: Selected frontier cluster: size=28, goal=(12.00, 1.76), distance=3.07
[INFO] [1788833140.017142384] [candidate_explorer]: Checking global path to frontier (12.00, 1.76), distance=3.07m
[INFO] [1788833140.053517880] [candidate_explorer]: Nav2 path to frontier is 13.74m (straight-line=3.07m, detour=4.5x)
[INFO] [1788833140.053769586] [candidate_explorer]: Deferring frontier (12.00, 1.76): its 4.5x Nav2 detour has been added as a score penalty, not blacklisted.
[INFO] [1788833140.376352321] [candidate_explorer]: Detected 3939 frontier cells
[INFO] [1788833140.380025362] [candidate_explorer]: Found 120 frontier clusters after filtering
[INFO] [1788833140.382726706] [candidate_explorer]: Selected frontier cluster: size=5, goal=(13.04, 1.65), distance=3.66
[INFO] [1788833140.383211451] [candidate_explorer]: Checking global path to frontier (13.04, 1.65), distance=3.66m
[INFO] [1788833140.430464114] [candidate_explorer]: Nav2 path to frontier is 15.01m (straight-line=3.66m, detour=4.1x)
[INFO] [1788833140.430734527] [candidate_explorer]: Deferring frontier (13.04, 1.65): its 4.1x Nav2 detour has been added as a score penalty, not blacklisted.
[INFO] [1788833140.622507981] [candidate_explorer]: Detected 3939 frontier cells
[INFO] [1788833140.626370353] [candidate_explorer]: Found 120 frontier clusters after filtering
[INFO] [1788833140.629090238] [candidate_explorer]: Selected frontier cluster: size=5, goal=(10.58, 2.03), distance=2.62
[INFO] [1788833140.629534941] [candidate_explorer]: Checking global path to frontier (10.58, 2.03), distance=2.62m
[INFO] [1788833140.661944317] [candidate_explorer]: Nav2 path to frontier is 12.17m (straight-line=2.62m, detour=4.6x)
[INFO] [1788833140.672374197] [candidate_explorer]: Global path accepted. Navigating to frontier (10.58, 2.03)
[bt_navigator-7] [INFO] [1788833140.672908233] [bt_navigator]: Begin navigating from current location (10.91, 4.63) to (10.58, 2.03)
[controller_server-3] [INFO] [1788833140.696653625] [controller_server]: Received a goal, begin computing control effort.
[planner_server-5] [WARN] [1788833141.708593239] [planner_server]: GridBased: failed to create plan with tolerance 0.50.
[planner_server-5] [WARN] [1788833141.708646322] [planner_server]: Planning algorithm GridBased failed to generate a valid path to (10.58, 2.03)
[planner_server-5] [WARN] [1788833141.708659071] [planner_server]: [compute_path_to_pose] [ActionServer] Aborting handle.
[bt_navigator-7] [ERROR] [1788833141.745677061] [bt_navigator_navigate_to_pose_rclcpp_node]: Failed to get result for follow_path in node halt!
[controller_server-3] [INFO] [1788833141.746513343] [local_costmap.local_costmap]: Received request to clear entirely the local_costmap
[controller_server-3] [INFO] [1788833141.746850756] [controller_server]: Goal was canceled. Stopping the robot.
[controller_server-3] [INFO] [1788833141.746873547] [controller_server]: [follow_path] [ActionServer] Client requested to cancel the goal. Cancelling.
[planner_server-5] [INFO] [1788833141.747041295] [global_costmap.global_costmap]: Received request to clear entirely the global_costmap
[bt_navigator-7] [WARN] [1788833141.752338651] [bt_navigator_navigate_to_pose_rclcpp_node]: Node timed out while executing service call to global_costmap/clear_entirely_global_costmap.
[behavior_server-6] [INFO] [1788833141.752912227] [behavior_server]: Running backup
[behavior_server-6] [INFO] [1788833141.753237474] [behavior_server]: DriveOnHeading: no acceleration or deceleration limits set
[behavior_server-6] [WARN] [1788833141.753353347] [behavior_server]: Collision Ahead - Exiting DriveOnHeading
[behavior_server-6] [WARN] [1788833141.753360431] [behavior_server]: backup failed
[behavior_server-6] [WARN] [1788833141.753365264] [behavior_server]: [backup] [ActionServer] Aborting handle.
[bt_navigator-7] [WARN] [1788833141.753374555] [BehaviorTreeEngine]: Behavior Tree tick rate 100.00 was exceeded!
[behavior_server-6] [INFO] [1788833141.791835070] [behavior_server]: Running spin
[behavior_server-6] [INFO] [1788833141.791903027] [behavior_server]: Turning 1.57 for spin behavior.
[behavior_server-6] [WARN] [1788833141.895198960] [behavior_server]: Collision Ahead - Exiting Spin
[behavior_server-6] [WARN] [1788833141.895230043] [behavior_server]: spin failed
[behavior_server-6] [WARN] [1788833141.895242210] [behavior_server]: [spin] [ActionServer] Aborting handle.
[behavior_server-6] [INFO] [1788833141.913708163] [behavior_server]: Running spin
[behavior_server-6] [INFO] [1788833141.913750871] [behavior_server]: Turning -1.57 for spin behavior.
[behavior_server-6] [WARN] [1788833142.018208791] [behavior_server]: Collision Ahead - Exiting Spin
[behavior_server-6] [WARN] [1788833142.018237832] [behavior_server]: spin failed
[behavior_server-6] [WARN] [1788833142.018243207] [behavior_server]: [spin] [ActionServer] Aborting handle.
[bt_navigator-7] [WARN] [1788833142.055514235] [bt_navigator]: [navigate_to_pose] [ActionServer] Aborting handle.
[bt_navigator-7] [ERROR] [1788833142.055874523] [bt_navigator]: Goal failed
[INFO] [1788833142.057336589] [candidate_explorer]: Frontier goal finished: success=False
[WARN] [1788833142.057582003] [candidate_explorer]: Blacklisting failed frontier (10.58, 2.03)
[INFO] [1788833142.503615439] [candidate_explorer]: Detected 3939 frontier cells
[INFO] [1788833142.509049085] [candidate_explorer]: Found 120 frontier clusters after filtering
[INFO] [1788833142.512006051] [candidate_explorer]: Selected frontier cluster: size=1125, goal=(3.39, 7.37), distance=8.09
[INFO] [1788833142.512531420] [candidate_explorer]: Checking global path to frontier (3.39, 7.37), distance=8.09m
[planner_server-5] [WARN] [1788833142.758842327] [planner_server]: Planner loop missed its desired rate of 20.0000 Hz. Current loop rate is 1.0526 Hz
[INFO] [1788833142.780575826] [candidate_explorer]: Nav2 path to frontier is 10.10m (straight-line=8.09m, detour=1.2x)
[INFO] [1788833142.789731304] [candidate_explorer]: Global path accepted. Navigating to frontier (3.39, 7.37)
[bt_navigator-7] [INFO] [1788833142.790272256] [bt_navigator]: Begin navigating from current location (11.05, 4.76) to (3.39, 7.37)
[controller_server-3] [INFO] [1788833142.814279146] [controller_server]: Received a goal, begin computing control effort.
[controller_server-3] [INFO] [1788833143.869730841] [controller_server]: Passing new path to controller.
[controller_server-3] [INFO] [1788833144.866343964] [controller_server]: Passing new path to controller.
[controller_server-3] [ERROR] [1788833145.367245226] [controller_server]: Failed to make progress
[controller_server-3] [WARN] [1788833145.367319766] [controller_server]: [follow_path] [ActionServer] Aborting handle.
[controller_server-3] [INFO] [1788833145.383477580] [local_costmap.local_costmap]: Received request to clear entirely the local_costmap
[planner_server-5] [INFO] [1788833145.383718036] [global_costmap.global_costmap]: Received request to clear entirely the global_costmap
[planner_server-5] [WARN] [1788833145.761521509] [planner_server]: Planner loop missed its desired rate of 20.0000 Hz. Current loop rate is 0.6452 Hz
[controller_server-3] [INFO] [1788833145.773707993] [controller_server]: Received a goal, begin computing control effort.
[controller_server-3] [INFO] [1788833146.826486552] [controller_server]: Passing new path to controller.
[controller_server-3] [INFO] [1788833147.827414252] [controller_server]: Passing new path to controller.
[controller_server-3] [ERROR] [1788833148.327394023] [controller_server]: Failed to make progress
[controller_server-3] [WARN] [1788833148.327821727] [controller_server]: [follow_path] [ActionServer] Aborting handle.
[behavior_server-6] [INFO] [1788833148.342525057] [behavior_server]: Running backup
[behavior_server-6] [WARN] [1788833148.342669930] [behavior_server]: Collision Ahead - Exiting DriveOnHeading
[behavior_server-6] [WARN] [1788833148.342680889] [behavior_server]: backup failed
[behavior_server-6] [WARN] [1788833148.342687014] [behavior_server]: [backup] [ActionServer] Aborting handle.
[behavior_server-6] [INFO] [1788833148.371860552] [behavior_server]: Running spin
[behavior_server-6] [INFO] [1788833148.371901718] [behavior_server]: Turning 1.57 for spin behavior.
[behavior_server-6] [WARN] [1788833148.674105231] [behavior_server]: Collision Ahead - Exiting Spin
[behavior_server-6] [WARN] [1788833148.674127564] [behavior_server]: spin failed
[behavior_server-6] [WARN] [1788833148.674131855] [behavior_server]: [spin] [ActionServer] Aborting handle.
[behavior_server-6] [INFO] [1788833148.691303907] [behavior_server]: Running spin
[behavior_server-6] [INFO] [1788833148.691339490] [behavior_server]: Turning -1.57 for spin behavior.
[behavior_server-6] [WARN] [1788833148.892317046] [behavior_server]: Collision Ahead - Exiting Spin
[behavior_server-6] [WARN] [1788833148.892341129] [behavior_server]: spin failed
[behavior_server-6] [WARN] [1788833148.892346087] [behavior_server]: [spin] [ActionServer] Aborting handle.
[controller_server-3] [INFO] [1788833148.911243411] [local_costmap.local_costmap]: Received request to clear entirely the local_costmap
[planner_server-5] [INFO] [1788833148.911629448] [global_costmap.global_costmap]: Received request to clear entirely the global_costmap
[planner_server-5] [WARN] [1788833149.758898504] [planner_server]: Planner loop missed its desired rate of 20.0000 Hz. Current loop rate is 0.2985 Hz
[controller_server-3] [INFO] [1788833149.774497240] [controller_server]: Received a goal, begin computing control effort.
[controller_server-3] [INFO] [1788833150.827405923] [controller_server]: Passing new path to controller.
[controller_server-3] [INFO] [1788833151.877479346] [controller_server]: Passing new path to controller.
[controller_server-3] [ERROR] [1788833152.326888077] [controller_server]: Failed to make progress
[controller_server-3] [WARN] [1788833152.326960451] [controller_server]: [follow_path] [ActionServer] Aborting handle.
[behavior_server-6] [INFO] [1788833152.342336315] [behavior_server]: Running backup
[behavior_server-6] [WARN] [1788833152.342439064] [behavior_server]: Collision Ahead - Exiting DriveOnHeading
[behavior_server-6] [WARN] [1788833152.342446022] [behavior_server]: backup failed
[behavior_server-6] [WARN] [1788833152.342450730] [behavior_server]: [backup] [ActionServer] Aborting handle.
[behavior_server-6] [INFO] [1788833152.373151043] [behavior_server]: Running spin
[behavior_server-6] [INFO] [1788833152.373182293] [behavior_server]: Turning 1.57 for spin behavior.
[behavior_server-6] [WARN] [1788833152.675130350] [behavior_server]: Collision Ahead - Exiting Spin
[behavior_server-6] [WARN] [1788833152.675151933] [behavior_server]: spin failed
[behavior_server-6] [WARN] [1788833152.675156516] [behavior_server]: [spin] [ActionServer] Aborting handle.
[behavior_server-6] [INFO] [1788833152.703520480] [behavior_server]: Running spin
[behavior_server-6] [INFO] [1788833152.703567855] [behavior_server]: Turning -1.57 for spin behavior.
[behavior_server-6] [WARN] [1788833152.806504834] [behavior_server]: Collision Ahead - Exiting Spin
[behavior_server-6] [WARN] [1788833152.806531042] [behavior_server]: spin failed
[behavior_server-6] [WARN] [1788833152.806535875] [behavior_server]: [spin] [ActionServer] Aborting handle.
[controller_server-3] [INFO] [1788833152.833086485] [local_costmap.local_costmap]: Received request to clear entirely the local_costmap
[planner_server-5] [INFO] [1788833152.833282108] [global_costmap.global_costmap]: Received request to clear entirely the global_costmap
[planner_server-5] [WARN] [1788833153.759281422] [planner_server]: Planner loop missed its desired rate of 20.0000 Hz. Current loop rate is 0.2703 Hz
[controller_server-3] [INFO] [1788833153.774133292] [controller_server]: Received a goal, begin computing control effort.
[controller_server-3] [INFO] [1788833154.824788584] [controller_server]: Passing new path to controller.
[controller_server-3] [INFO] [1788833155.826373442] [controller_server]: Passing new path to controller.
[controller_server-3] [ERROR] [1788833156.325751929] [controller_server]: Failed to make progress
[controller_server-3] [WARN] [1788833156.325833470] [controller_server]: [follow_path] [ActionServer] Aborting handle.
[behavior_server-6] [INFO] [1788833156.341939867] [behavior_server]: Running backup
[behavior_server-6] [WARN] [1788833156.342057699] [behavior_server]: Collision Ahead - Exiting DriveOnHeading
[behavior_server-6] [WARN] [1788833156.342064533] [behavior_server]: backup failed
[behavior_server-6] [WARN] [1788833156.342068949] [behavior_server]: [backup] [ActionServer] Aborting handle.
[behavior_server-6] [INFO] [1788833156.372309808] [behavior_server]: Running spin
[behavior_server-6] [INFO] [1788833156.372350266] [behavior_server]: Turning 1.57 for spin behavior.
[behavior_server-6] [WARN] [1788833156.573027826] [behavior_server]: Collision Ahead - Exiting Spin
[behavior_server-6] [WARN] [1788833156.573052200] [behavior_server]: spin failed
[behavior_server-6] [WARN] [1788833156.573056908] [behavior_server]: [spin] [ActionServer] Aborting handle.
[behavior_server-6] [INFO] [1788833156.591852442] [behavior_server]: Running spin
[behavior_server-6] [INFO] [1788833156.591887233] [behavior_server]: Turning -1.57 for spin behavior.
[behavior_server-6] [WARN] [1788833156.692177159] [behavior_server]: Collision Ahead - Exiting Spin
[behavior_server-6] [WARN] [1788833156.692202617] [behavior_server]: spin failed
[behavior_server-6] [WARN] [1788833156.692208075] [behavior_server]: [spin] [ActionServer] Aborting handle.
[controller_server-3] [INFO] [1788833156.711382854] [local_costmap.local_costmap]: Received request to clear entirely the local_costmap
[planner_server-5] [INFO] [1788833156.711588560] [global_costmap.global_costmap]: Received request to clear entirely the global_costmap
[planner_server-5] [WARN] [1788833156.760410705] [planner_server]: Planner loop missed its desired rate of 20.0000 Hz. Current loop rate is 6.6667 Hz
[controller_server-3] [INFO] [1788833156.774635332] [controller_server]: Received a goal, begin computing control effort.
[controller_server-3] [INFO] [1788833157.826109281] [controller_server]: Passing new path to controller.
[controller_server-3] [INFO] [1788833158.878401096] [controller_server]: Passing new path to controller.
[controller_server-3] [ERROR] [1788833159.325082691] [controller_server]: Failed to make progress
[controller_server-3] [WARN] [1788833159.325149607] [controller_server]: [follow_path] [ActionServer] Aborting handle.
[behavior_server-6] [INFO] [1788833159.343909182] [behavior_server]: Running backup
[behavior_server-6] [WARN] [1788833159.344020598] [behavior_server]: Collision Ahead - Exiting DriveOnHeading
[behavior_server-6] [WARN] [1788833159.344027556] [behavior_server]: backup failed
[behavior_server-6] [WARN] [1788833159.344031639] [behavior_server]: [backup] [ActionServer] Aborting handle.
[behavior_server-6] [INFO] [1788833159.371901193] [behavior_server]: Running spin
[behavior_server-6] [INFO] [1788833159.371938817] [behavior_server]: Turning 1.57 for spin behavior.
[behavior_server-6] [WARN] [1788833159.774079801] [behavior_server]: Collision Ahead - Exiting Spin
[behavior_server-6] [WARN] [1788833159.774102718] [behavior_server]: spin failed
[behavior_server-6] [WARN] [1788833159.774108676] [behavior_server]: [spin] [ActionServer] Aborting handle.
[behavior_server-6] [INFO] [1788833159.804661407] [behavior_server]: Running spin
[behavior_server-6] [INFO] [1788833159.804688323] [behavior_server]: Turning -1.57 for spin behavior.
[behavior_server-6] [WARN] [1788833159.907587886] [behavior_server]: Collision Ahead - Exiting Spin
[behavior_server-6] [WARN] [1788833159.907612552] [behavior_server]: spin failed
[behavior_server-6] [WARN] [1788833159.907617927] [behavior_server]: [spin] [ActionServer] Aborting handle.
[controller_server-3] [INFO] [1788833159.932369516] [local_costmap.local_costmap]: Received request to clear entirely the local_costmap
[planner_server-5] [INFO] [1788833159.932541973] [global_costmap.global_costmap]: Received request to clear entirely the global_costmap
[planner_server-5] [WARN] [1788833160.757707158] [planner_server]: Planner loop missed its desired rate of 20.0000 Hz. Current loop rate is 0.3030 Hz
[controller_server-3] [INFO] [1788833160.773879847] [controller_server]: Received a goal, begin computing control effort.
[controller_server-3] [INFO] [1788833161.824018436] [controller_server]: Passing new path to controller.
[controller_server-3] [INFO] [1788833162.824352184] [controller_server]: Passing new path to controller.
[controller_server-3] [ERROR] [1788833163.274388407] [controller_server]: Failed to make progress
[controller_server-3] [WARN] [1788833163.274776736] [controller_server]: [follow_path] [ActionServer] Aborting handle.
[behavior_server-6] [INFO] [1788833163.291422086] [behavior_server]: Running backup
[behavior_server-6] [WARN] [1788833163.291528168] [behavior_server]: Collision Ahead - Exiting DriveOnHeading
[behavior_server-6] [WARN] [1788833163.291535459] [behavior_server]: backup failed
[behavior_server-6] [WARN] [1788833163.291540334] [behavior_server]: [backup] [ActionServer] Aborting handle.
[behavior_server-6] [INFO] [1788833163.322145606] [behavior_server]: Running spin
[behavior_server-6] [INFO] [1788833163.322182772] [behavior_server]: Turning 1.57 for spin behavior.
[behavior_server-6] [WARN] [1788833163.724752293] [behavior_server]: Collision Ahead - Exiting Spin
[behavior_server-6] [WARN] [1788833163.724775085] [behavior_server]: spin failed
[behavior_server-6] [WARN] [1788833163.724780043] [behavior_server]: [spin] [ActionServer] Aborting handle.
[behavior_server-6] [INFO] [1788833163.754260411] [behavior_server]: Running spin
[behavior_server-6] [INFO] [1788833163.754300661] [behavior_server]: Turning -1.57 for spin behavior.
[behavior_server-6] [WARN] [1788833163.859181909] [behavior_server]: Collision Ahead - Exiting Spin
[behavior_server-6] [WARN] [1788833163.859206283] [behavior_server]: spin failed
[behavior_server-6] [WARN] [1788833163.859211283] [behavior_server]: [spin] [ActionServer] Aborting handle.
[controller_server-3] [INFO] [1788833163.881845980] [local_costmap.local_costmap]: Received request to clear entirely the local_costmap
[planner_server-5] [INFO] [1788833163.882040186] [global_costmap.global_costmap]: Received request to clear entirely the global_costmap
[planner_server-5] [WARN] [1788833164.767578800] [planner_server]: Planner loop missed its desired rate of 20.0000 Hz. Current loop rate is 0.2817 Hz
[controller_server-3] [INFO] [1788833164.783915737] [controller_server]: Received a goal, begin computing control effort.
[controller_server-3] [INFO] [1788833165.837100458] [controller_server]: Passing new path to controller.
[controller_server-3] [INFO] [1788833166.889080360] [controller_server]: Passing new path to controller.
[controller_server-3] [ERROR] [1788833167.340183445] [controller_server]: Failed to make progress
[controller_server-3] [WARN] [1788833167.340268694] [controller_server]: [follow_path] [ActionServer] Aborting handle.
[bt_navigator-7] [WARN] [1788833167.362234149] [bt_navigator]: [navigate_to_pose] [ActionServer] Aborting handle.
[bt_navigator-7] [ERROR] [1788833167.362658936] [bt_navigator]: Goal failed
[INFO] [1788833167.364646621] [candidate_explorer]: Frontier goal finished: success=False
[WARN] [1788833167.364963701] [candidate_explorer]: Blacklisting failed frontier (3.39, 7.37)
[INFO] [1788833167.760101099] [candidate_explorer]: Detected 3939 frontier cells
[INFO] [1788833167.765759909] [candidate_explorer]: Found 120 frontier clusters after filtering
[INFO] [1788833167.768798082] [candidate_explorer]: Selected frontier cluster: size=1125, goal=(2.66, 6.99), distance=8.68
[INFO] [1788833167.769330701] [candidate_explorer]: Checking global path to frontier (2.66, 6.99), distance=8.68m
[planner_server-5] [ERROR] [1788833167.775454672] [planner_server]: Failed to create a plan from potential when a legal potential was found. This shouldn't happen.
[planner_server-5] [WARN] [1788833167.775488797] [planner_server]: GridBased: failed to create plan with tolerance 0.50.
[planner_server-5] [WARN] [1788833167.775494630] [planner_server]: Planning algorithm GridBased failed to generate a valid path to (2.66, 6.99)
[planner_server-5] [WARN] [1788833167.775499172] [planner_server]: [compute_path_to_pose] [ActionServer] Aborting handle.
[WARN] [1788833167.778498804] [candidate_explorer]: Path computation failed, status=6
[WARN] [1788833167.778720760] [candidate_explorer]: No global path to frontier (2.66, 6.99). Blacklisting.
[INFO] [1788833168.122944371] [candidate_explorer]: Detected 3939 frontier cells
[INFO] [1788833168.132288804] [candidate_explorer]: Found 120 frontier clusters after filtering
[INFO] [1788833168.135384060] [candidate_explorer]: Selected frontier cluster: size=1125, goal=(1.86, 7.08), distance=9.47
[INFO] [1788833168.135929554] [candidate_explorer]: Checking global path to frontier (1.86, 7.08), distance=9.47m
[planner_server-5] [ERROR] [1788833168.142271981] [planner_server]: Failed to create a plan from potential when a legal potential was found. This shouldn't happen.
[planner_server-5] [WARN] [1788833168.142313689] [planner_server]: GridBased: failed to create plan with tolerance 0.50.
[planner_server-5] [WARN] [1788833168.142322897] [planner_server]: Planning algorithm GridBased failed to generate a valid path to (1.86, 7.08)
[planner_server-5] [WARN] [1788833168.142327897] [planner_server]: [compute_path_to_pose] [ActionServer] Aborting handle.
[WARN] [1788833168.145220238] [candidate_explorer]: Path computation failed, status=6
[WARN] [1788833168.145472152] [candidate_explorer]: No global path to frontier (1.86, 7.08). Blacklisting.
[INFO] [1788833168.374308428] [candidate_explorer]: Detected 3939 frontier cells
[INFO] [1788833168.378378631] [candidate_explorer]: Found 120 frontier clusters after filtering
[INFO] [1788833168.381459971] [candidate_explorer]: Selected frontier cluster: size=97, goal=(2.85, 7.97), distance=8.80
[INFO] [1788833168.381916257] [candidate_explorer]: Checking global path to frontier (2.85, 7.97), distance=8.80m
[INFO] [1788833168.408690740] [candidate_explorer]: Nav2 path to frontier is 10.98m (straight-line=8.80m, detour=1.2x)
[INFO] [1788833168.418724666] [candidate_explorer]: Global path accepted. Navigating to frontier (2.85, 7.97)
[bt_navigator-7] [INFO] [1788833168.419402199] [bt_navigator]: Begin navigating from current location (11.05, 4.76) to (2.85, 7.97)
[controller_server-3] [INFO] [1788833168.442569307] [controller_server]: Received a goal, begin computing control effort.
[controller_server-3] [INFO] [1788833169.493108225] [controller_server]: Passing new path to controller.
[controller_server-3] [INFO] [1788833170.544874921] [controller_server]: Passing new path to controller.
[controller_server-3] [ERROR] [1788833170.993890614] [controller_server]: Failed to make progress
[controller_server-3] [WARN] [1788833170.994324151] [controller_server]: [follow_path] [ActionServer] Aborting handle.
[behavior_server-6] [INFO] [1788833171.009796681] [behavior_server]: Running backup
[behavior_server-6] [WARN] [1788833171.009909679] [behavior_server]: Collision Ahead - Exiting DriveOnHeading
[behavior_server-6] [WARN] [1788833171.009916888] [behavior_server]: backup failed
[behavior_server-6] [WARN] [1788833171.009920804] [behavior_server]: [backup] [ActionServer] Aborting handle.
[behavior_server-6] [INFO] [1788833171.041503481] [behavior_server]: Running spin
[behavior_server-6] [INFO] [1788833171.041546939] [behavior_server]: Turning 1.57 for spin behavior.
[behavior_server-6] [WARN] [1788833171.144132547] [behavior_server]: Collision Ahead - Exiting Spin
[behavior_server-6] [WARN] [1788833171.144493251] [behavior_server]: spin failed
[behavior_server-6] [WARN] [1788833171.144500918] [behavior_server]: [spin] [ActionServer] Aborting handle.
[behavior_server-6] [INFO] [1788833171.170599283] [behavior_server]: Running spin
[behavior_server-6] [INFO] [1788833171.170635741] [behavior_server]: Turning -1.57 for spin behavior.
[behavior_server-6] [WARN] [1788833171.572981681] [behavior_server]: Collision Ahead - Exiting Spin
[behavior_server-6] [WARN] [1788833171.573002848] [behavior_server]: spin failed
[behavior_server-6] [WARN] [1788833171.573007264] [behavior_server]: [spin] [ActionServer] Aborting handle.
[controller_server-3] [INFO] [1788833171.589752405] [local_costmap.local_costmap]: Received request to clear entirely the local_costmap
[planner_server-5] [INFO] [1788833171.590195983] [global_costmap.global_costmap]: Received request to clear entirely the global_costmap
[planner_server-5] [WARN] [1788833171.759784317] [planner_server]: Planner loop missed its desired rate of 20.0000 Hz. Current loop rate is 1.5385 Hz
[controller_server-3] [INFO] [1788833171.771297393] [controller_server]: Received a goal, begin computing control effort.
[controller_server-3] [INFO] [1788833172.823003589] [controller_server]: Passing new path to controller.
[controller_server-3] [INFO] [1788833173.823405419] [controller_server]: Passing new path to controller.
[controller_server-3] [ERROR] [1788833174.273159229] [controller_server]: Failed to make progress
[controller_server-3] [WARN] [1788833174.273221645] [controller_server]: [follow_path] [ActionServer] Aborting handle.
[behavior_server-6] [INFO] [1788833174.292262259] [behavior_server]: Running backup
[behavior_server-6] [WARN] [1788833174.292365924] [behavior_server]: Collision Ahead - Exiting DriveOnHeading
[behavior_server-6] [WARN] [1788833174.292372341] [behavior_server]: backup failed
[behavior_server-6] [WARN] [1788833174.292376591] [behavior_server]: [backup] [ActionServer] Aborting handle.
[behavior_server-6] [INFO] [1788833174.321306132] [behavior_server]: Running spin
[behavior_server-6] [INFO] [1788833174.321354548] [behavior_server]: Turning 1.57 for spin behavior.
[behavior_server-6] [WARN] [1788833174.529396397] [behavior_server]: Collision Ahead - Exiting Spin
[behavior_server-6] [WARN] [1788833174.529424522] [behavior_server]: spin failed
[behavior_server-6] [WARN] [1788833174.529429813] [behavior_server]: [spin] [ActionServer] Aborting handle.
[behavior_server-6] [INFO] [1788833174.551260312] [behavior_server]: Running spin
[behavior_server-6] [INFO] [1788833174.551293728] [behavior_server]: Turning -1.57 for spin behavior.
[behavior_server-6] [WARN] [1788833174.651490363] [behavior_server]: Collision Ahead - Exiting Spin
[behavior_server-6] [WARN] [1788833174.651514613] [behavior_server]: spin failed
[behavior_server-6] [WARN] [1788833174.651519238] [behavior_server]: [spin] [ActionServer] Aborting handle.
[controller_server-3] [INFO] [1788833174.683610784] [local_costmap.local_costmap]: Received request to clear entirely the local_costmap
[planner_server-5] [INFO] [1788833174.684151820] [global_costmap.global_costmap]: Received request to clear entirely the global_costmap
[planner_server-5] [WARN] [1788833174.764201229] [planner_server]: Planner loop missed its desired rate of 20.0000 Hz. Current loop rate is 2.8571 Hz
[controller_server-3] [INFO] [1788833174.782086314] [controller_server]: Received a goal, begin computing control effort.
[controller_server-3] [INFO] [1788833175.836055651] [controller_server]: Passing new path to controller.
[controller_server-3] [INFO] [1788833176.834111717] [controller_server]: Passing new path to controller.
[controller_server-3] [ERROR] [1788833177.288512977] [controller_server]: Failed to make progress
[controller_server-3] [WARN] [1788833177.288580644] [controller_server]: [follow_path] [ActionServer] Aborting handle.
[behavior_server-6] [INFO] [1788833177.302444790] [behavior_server]: Running backup
[behavior_server-6] [WARN] [1788833177.302557123] [behavior_server]: Collision Ahead - Exiting DriveOnHeading
[behavior_server-6] [WARN] [1788833177.302564748] [behavior_server]: backup failed
[behavior_server-6] [WARN] [1788833177.302569790] [behavior_server]: [backup] [ActionServer] Aborting handle.
[behavior_server-6] [INFO] [1788833177.331344170] [behavior_server]: Running spin
[behavior_server-6] [INFO] [1788833177.331385795] [behavior_server]: Turning 1.57 for spin behavior.
[behavior_server-6] [WARN] [1788833177.631577025] [behavior_server]: Collision Ahead - Exiting Spin
[behavior_server-6] [WARN] [1788833177.631601191] [behavior_server]: spin failed
[behavior_server-6] [WARN] [1788833177.631606150] [behavior_server]: [spin] [ActionServer] Aborting handle.
[behavior_server-6] [INFO] [1788833177.653576499] [behavior_server]: Running spin
[behavior_server-6] [INFO] [1788833177.653612957] [behavior_server]: Turning -1.57 for spin behavior.
[behavior_server-6] [WARN] [1788833177.754408454] [behavior_server]: Collision Ahead - Exiting Spin
[behavior_server-6] [WARN] [1788833177.754429746] [behavior_server]: spin failed
[behavior_server-6] [WARN] [1788833177.754434287] [behavior_server]: [spin] [ActionServer] Aborting handle.
[controller_server-3] [INFO] [1788833177.780342362] [local_costmap.local_costmap]: Received request to clear entirely the local_costmap
[planner_server-5] [INFO] [1788833177.780528155] [global_costmap.global_costmap]: Received request to clear entirely the global_costmap
[planner_server-5] [WARN] [1788833178.767527900] [planner_server]: Planner loop missed its desired rate of 20.0000 Hz. Current loop rate is 0.2532 Hz
[controller_server-3] [INFO] [1788833178.783381805] [controller_server]: Received a goal, begin computing control effort.
[controller_server-3] [INFO] [1788833179.834458755] [controller_server]: Passing new path to controller.
[controller_server-3] [INFO] [1788833180.884324076] [controller_server]: Passing new path to controller.
[controller_server-3] [ERROR] [1788833181.334263856] [controller_server]: Failed to make progress
[controller_server-3] [WARN] [1788833181.334332231] [controller_server]: [follow_path] [ActionServer] Aborting handle.
[behavior_server-6] [INFO] [1788833181.351789560] [behavior_server]: Running backup
[behavior_server-6] [WARN] [1788833181.351897685] [behavior_server]: Collision Ahead - Exiting DriveOnHeading
[behavior_server-6] [WARN] [1788833181.351905477] [behavior_server]: backup failed
[behavior_server-6] [WARN] [1788833181.351910227] [behavior_server]: [backup] [ActionServer] Aborting handle.
[behavior_server-6] [INFO] [1788833181.380725565] [behavior_server]: Running spin
[behavior_server-6] [INFO] [1788833181.380759440] [behavior_server]: Turning 1.57 for spin behavior.
[behavior_server-6] [WARN] [1788833181.584290442] [behavior_server]: Collision Ahead - Exiting Spin
[behavior_server-6] [WARN] [1788833181.584309651] [behavior_server]: spin failed
[behavior_server-6] [WARN] [1788833181.584314359] [behavior_server]: [spin] [ActionServer] Aborting handle.
[behavior_server-6] [INFO] [1788833181.611707816] [behavior_server]: Running spin
[behavior_server-6] [INFO] [1788833181.611744983] [behavior_server]: Turning -1.57 for spin behavior.
[behavior_server-6] [INFO] [1788833182.011874163] [behavior_server]: spin completed successfully
[controller_server-3] [INFO] [1788833182.062018639] [controller_server]: Received a goal, begin computing control effort.
[controller_server-3] [INFO] [1788833183.115523768] [controller_server]: Passing new path to controller.
[controller_server-3] [INFO] [1788833184.163010619] [controller_server]: Passing new path to controller.
[controller_server-3] [ERROR] [1788833184.613310734] [controller_server]: Failed to make progress
[controller_server-3] [WARN] [1788833184.613374942] [controller_server]: [follow_path] [ActionServer] Aborting handle.
[controller_server-3] [INFO] [1788833184.631963485] [local_costmap.local_costmap]: Received request to clear entirely the local_costmap
[planner_server-5] [INFO] [1788833184.632255444] [global_costmap.global_costmap]: Received request to clear entirely the global_costmap
[planner_server-5] [WARN] [1788833184.759986020] [planner_server]: Planner loop missed its desired rate of 20.0000 Hz. Current loop rate is 2.0000 Hz
[controller_server-3] [INFO] [1788833184.771523323] [controller_server]: Received a goal, begin computing control effort.
[controller_server-3] [INFO] [1788833185.821997020] [controller_server]: Passing new path to controller.
[controller_server-3] [INFO] [1788833186.872015216] [controller_server]: Passing new path to controller.
[controller_server-3] [ERROR] [1788833187.322403832] [controller_server]: Failed to make progress
[controller_server-3] [WARN] [1788833187.322498041] [controller_server]: [follow_path] [ActionServer] Aborting handle.
[behavior_server-6] [INFO] [1788833187.341301834] [behavior_server]: Running backup
[behavior_server-6] [WARN] [1788833187.341401918] [behavior_server]: Collision Ahead - Exiting DriveOnHeading
[behavior_server-6] [WARN] [1788833187.341409543] [behavior_server]: backup failed
[behavior_server-6] [WARN] [1788833187.341414043] [behavior_server]: [backup] [ActionServer] Aborting handle.
[behavior_server-6] [INFO] [1788833187.371125593] [behavior_server]: Running spin
[behavior_server-6] [INFO] [1788833187.371157218] [behavior_server]: Turning 1.57 for spin behavior.
[behavior_server-6] [WARN] [1788833187.773685535] [behavior_server]: Collision Ahead - Exiting Spin
[behavior_server-6] [WARN] [1788833187.773707743] [behavior_server]: spin failed
[behavior_server-6] [WARN] [1788833187.773712160] [behavior_server]: [spin] [ActionServer] Aborting handle.
[behavior_server-6] [INFO] [1788833187.801704661] [behavior_server]: Running spin
[behavior_server-6] [INFO] [1788833187.801737286] [behavior_server]: Turning -1.57 for spin behavior.
[behavior_server-6] [WARN] [1788833187.905086294] [behavior_server]: Collision Ahead - Exiting Spin
[behavior_server-6] [WARN] [1788833187.905110211] [behavior_server]: spin failed
[behavior_server-6] [WARN] [1788833187.905114419] [behavior_server]: [spin] [ActionServer] Aborting handle.
[controller_server-3] [INFO] [1788833187.932207083] [local_costmap.local_costmap]: Received request to clear entirely the local_costmap
[planner_server-5] [INFO] [1788833187.932356501] [global_costmap.global_costmap]: Received request to clear entirely the global_costmap
[planner_server-5] [WARN] [1788833188.759076397] [planner_server]: Planner loop missed its desired rate of 20.0000 Hz. Current loop rate is 0.3030 Hz
[controller_server-3] [INFO] [1788833188.770316948] [controller_server]: Received a goal, begin computing control effort.
[controller_server-3] [INFO] [1788833189.821496566] [controller_server]: Passing new path to controller.
[controller_server-3] [INFO] [1788833190.821363535] [controller_server]: Passing new path to controller.
[controller_server-3] [ERROR] [1788833191.322299796] [controller_server]: Failed to make progress
[controller_server-3] [WARN] [1788833191.322363212] [controller_server]: [follow_path] [ActionServer] Aborting handle.
[bt_navigator-7] [WARN] [1788833191.351847137] [bt_navigator]: [navigate_to_pose] [ActionServer] Aborting handle.
[bt_navigator-7] [ERROR] [1788833191.352249014] [bt_navigator]: Goal failed
[INFO] [1788833191.354159939] [candidate_explorer]: Frontier goal finished: success=False
[WARN] [1788833191.354502983] [candidate_explorer]: Blacklisting failed frontier (2.85, 7.97)
[INFO] [1788833191.754757788] [candidate_explorer]: Detected 3939 frontier cells
[INFO] [1788833191.760271438] [candidate_explorer]: Found 120 frontier clusters after filtering
[INFO] [1788833191.763512786] [candidate_explorer]: Selected frontier cluster: size=1125, goal=(1.05, 7.14), distance=10.28
[INFO] [1788833191.764128414] [candidate_explorer]: Checking global path to frontier (1.05, 7.14), distance=10.28m
[planner_server-5] [ERROR] [1788833191.770099233] [planner_server]: Failed to create a plan from potential when a legal potential was found. This shouldn't happen.
[planner_server-5] [WARN] [1788833191.770135649] [planner_server]: GridBased: failed to create plan with tolerance 0.50.
[planner_server-5] [WARN] [1788833191.770141858] [planner_server]: Planning algorithm GridBased failed to generate a valid path to (1.05, 7.14)
[planner_server-5] [WARN] [1788833191.770146566] [planner_server]: [compute_path_to_pose] [ActionServer] Aborting handle.
[WARN] [1788833191.773414123] [candidate_explorer]: Path computation failed, status=6
[WARN] [1788833191.773635915] [candidate_explorer]: No global path to frontier (1.05, 7.14). Blacklisting.
[INFO] [1788833192.124427248] [candidate_explorer]: Detected 3939 frontier cells
[INFO] [1788833192.128219182] [candidate_explorer]: Found 120 frontier clusters after filtering
[INFO] [1788833192.130887444] [candidate_explorer]: Selected frontier cluster: size=97, goal=(2.06, 8.10), distance=9.59
[INFO] [1788833192.131378196] [candidate_explorer]: Checking global path to frontier (2.06, 8.10), distance=9.59m
[INFO] [1788833192.162378461] [candidate_explorer]: Nav2 path to frontier is 11.86m (straight-line=9.59m, detour=1.2x)
[INFO] [1788833192.173504969] [candidate_explorer]: Global path accepted. Navigating to frontier (2.06, 8.10)
[bt_navigator-7] [INFO] [1788833192.174033555] [bt_navigator]: Begin navigating from current location (11.05, 4.76) to (2.06, 8.10)
[controller_server-3] [INFO] [1788833192.196569782] [controller_server]: Received a goal, begin computing control effort.
[controller_server-3] [INFO] [1788833193.249505241] [controller_server]: Passing new path to controller.
[controller_server-3] [INFO] [1788833194.296741966] [controller_server]: Passing new path to controller.
[controller_server-3] [ERROR] [1788833194.697678608] [controller_server]: Failed to make progress
[controller_server-3] [WARN] [1788833194.697773275] [controller_server]: [follow_path] [ActionServer] Aborting handle.
[behavior_server-6] [INFO] [1788833194.716791903] [behavior_server]: Running backup
[behavior_server-6] [WARN] [1788833194.717107113] [behavior_server]: Collision Ahead - Exiting DriveOnHeading
[behavior_server-6] [WARN] [1788833194.717113613] [behavior_server]: backup failed
[behavior_server-6] [WARN] [1788833194.717117446] [behavior_server]: [backup] [ActionServer] Aborting handle.
[behavior_server-6] [INFO] [1788833194.744646445] [behavior_server]: Running spin
[behavior_server-6] [INFO] [1788833194.744681945] [behavior_server]: Turning 1.57 for spin behavior.
[behavior_server-6] [WARN] [1788833194.945828353] [behavior_server]: Collision Ahead - Exiting Spin
[behavior_server-6] [WARN] [1788833194.945853270] [behavior_server]: spin failed
[behavior_server-6] [WARN] [1788833194.945858270] [behavior_server]: [spin] [ActionServer] Aborting handle.
[behavior_server-6] [INFO] [1788833194.974916192] [behavior_server]: Running spin
[behavior_server-6] [INFO] [1788833194.974951026] [behavior_server]: Turning -1.57 for spin behavior.
[behavior_server-6] [WARN] [1788833195.175329138] [behavior_server]: Collision Ahead - Exiting Spin
[behavior_server-6] [WARN] [1788833195.175353013] [behavior_server]: spin failed
[behavior_server-6] [WARN] [1788833195.175357763] [behavior_server]: [spin] [ActionServer] Aborting handle.
[controller_server-3] [INFO] [1788833195.205048814] [local_costmap.local_costmap]: Received request to clear entirely the local_costmap
[planner_server-5] [INFO] [1788833195.205274648] [global_costmap.global_costmap]: Received request to clear entirely the global_costmap
[planner_server-5] [WARN] [1788833195.765918761] [planner_server]: Planner loop missed its desired rate of 20.0000 Hz. Current loop rate is 0.4444 Hz
[controller_server-3] [INFO] [1788833195.774938927] [controller_server]: Received a goal, begin computing control effort.
[controller_server-3] [INFO] [1788833196.828438430] [controller_server]: Passing new path to controller.
[controller_server-3] [INFO] [1788833197.878134333] [controller_server]: Passing new path to controller.
[controller_server-3] [ERROR] [1788833198.329913996] [controller_server]: Failed to make progress
[controller_server-3] [WARN] [1788833198.329990080] [controller_server]: [follow_path] [ActionServer] Aborting handle.
[behavior_server-6] [INFO] [1788833198.345340608] [behavior_server]: Running backup
[behavior_server-6] [WARN] [1788833198.345446608] [behavior_server]: Collision Ahead - Exiting DriveOnHeading
[behavior_server-6] [WARN] [1788833198.345453358] [behavior_server]: backup failed
[behavior_server-6] [WARN] [1788833198.345457858] [behavior_server]: [backup] [ActionServer] Aborting handle.
[behavior_server-6] [INFO] [1788833198.376771583] [behavior_server]: Running spin
[behavior_server-6] [INFO] [1788833198.376800125] [behavior_server]: Turning 1.57 for spin behavior.
[behavior_server-6] [WARN] [1788833198.580498419] [behavior_server]: Collision Ahead - Exiting Spin
[behavior_server-6] [WARN] [1788833198.580527544] [behavior_server]: spin failed
[behavior_server-6] [WARN] [1788833198.580532252] [behavior_server]: [spin] [ActionServer] Aborting handle.
[behavior_server-6] [INFO] [1788833198.604785570] [behavior_server]: Running spin
[behavior_server-6] [INFO] [1788833198.604826737] [behavior_server]: Turning -1.57 for spin behavior.
[behavior_server-6] [WARN] [1788833198.805335642] [behavior_server]: Collision Ahead - Exiting Spin
[behavior_server-6] [WARN] [1788833198.805368142] [behavior_server]: spin failed
[behavior_server-6] [WARN] [1788833198.805374350] [behavior_server]: [spin] [ActionServer] Aborting handle.
[controller_server-3] [INFO] [1788833198.835359444] [local_costmap.local_costmap]: Received request to clear entirely the local_costmap
[planner_server-5] [INFO] [1788833198.835815071] [global_costmap.global_costmap]: Received request to clear entirely the global_costmap
[planner_server-5] [WARN] [1788833199.765107055] [planner_server]: Planner loop missed its desired rate of 20.0000 Hz. Current loop rate is 0.2667 Hz
[controller_server-3] [INFO] [1788833199.774815557] [controller_server]: Received a goal, begin computing control effort.
[controller_server-3] [INFO] [1788833200.826503594] [controller_server]: Passing new path to controller.
[controller_server-3] [INFO] [1788833201.876399998] [controller_server]: Passing new path to controller.
[controller_server-3] [ERROR] [1788833202.327336324] [controller_server]: Failed to make progress
[controller_server-3] [WARN] [1788833202.327497075] [controller_server]: [follow_path] [ActionServer] Aborting handle.
[behavior_server-6] [INFO] [1788833202.344381484] [behavior_server]: Running backup
[behavior_server-6] [WARN] [1788833202.344491193] [behavior_server]: Collision Ahead - Exiting DriveOnHeading
[behavior_server-6] [WARN] [1788833202.344498401] [behavior_server]: backup failed
[behavior_server-6] [WARN] [1788833202.344502943] [behavior_server]: [backup] [ActionServer] Aborting handle.
[behavior_server-6] [INFO] [1788833202.374481578] [behavior_server]: Running spin
[behavior_server-6] [INFO] [1788833202.374523120] [behavior_server]: Turning 1.57 for spin behavior.
[behavior_server-6] [WARN] [1788833202.575130484] [behavior_server]: Collision Ahead - Exiting Spin
[behavior_server-6] [WARN] [1788833202.575153859] [behavior_server]: spin failed
[behavior_server-6] [WARN] [1788833202.575158692] [behavior_server]: [spin] [ActionServer] Aborting handle.
[behavior_server-6] [INFO] [1788833202.605948164] [behavior_server]: Running spin
[behavior_server-6] [INFO] [1788833202.605985331] [behavior_server]: Turning -1.57 for spin behavior.
[behavior_server-6] [WARN] [1788833202.713011731] [behavior_server]: Collision Ahead - Exiting Spin
[behavior_server-6] [WARN] [1788833202.713038898] [behavior_server]: spin failed
[behavior_server-6] [WARN] [1788833202.713043773] [behavior_server]: [spin] [ActionServer] Aborting handle.
[controller_server-3] [INFO] [1788833202.734756121] [local_costmap.local_costmap]: Received request to clear entirely the local_costmap
[planner_server-5] [INFO] [1788833202.735391582] [global_costmap.global_costmap]: Received request to clear entirely the global_costmap
[planner_server-5] [WARN] [1788833202.766429680] [planner_server]: Planner loop missed its desired rate of 20.0000 Hz. Current loop rate is 6.6667 Hz
[controller_server-3] [INFO] [1788833202.786741897] [controller_server]: Received a goal, begin computing control effort.
[controller_server-3] [WARN] [1788833202.920172791] [controller_server]: Control loop missed its desired rate of 20.0000Hz
[controller_server-3] [INFO] [1788833203.871377707] [controller_server]: Passing new path to controller.
[controller_server-3] [INFO] [1788833204.872202765] [controller_server]: Passing new path to controller.
[controller_server-3] [ERROR] [1788833205.470935716] [controller_server]: Failed to make progress
[controller_server-3] [WARN] [1788833205.470999216] [controller_server]: [follow_path] [ActionServer] Aborting handle.
[behavior_server-6] [INFO] [1788833205.486044284] [behavior_server]: Running backup
[behavior_server-6] [WARN] [1788833205.486148826] [behavior_server]: Collision Ahead - Exiting DriveOnHeading
[behavior_server-6] [WARN] [1788833205.486156076] [behavior_server]: backup failed
[behavior_server-6] [WARN] [1788833205.486160826] [behavior_server]: [backup] [ActionServer] Aborting handle.
[behavior_server-6] [INFO] [1788833205.516709964] [behavior_server]: Running spin
[behavior_server-6] [INFO] [1788833205.516747923] [behavior_server]: Turning 1.57 for spin behavior.
[behavior_server-6] [WARN] [1788833205.917045729] [behavior_server]: Collision Ahead - Exiting Spin
[behavior_server-6] [WARN] [1788833205.917080354] [behavior_server]: spin failed
[behavior_server-6] [WARN] [1788833205.917086354] [behavior_server]: [spin] [ActionServer] Aborting handle.
[behavior_server-6] [INFO] [1788833205.945190481] [behavior_server]: Running spin
[behavior_server-6] [INFO] [1788833205.945225314] [behavior_server]: Turning -1.57 for spin behavior.
[behavior_server-6] [WARN] [1788833206.046130478] [behavior_server]: Collision Ahead - Exiting Spin
[behavior_server-6] [WARN] [1788833206.046153811] [behavior_server]: spin failed
[behavior_server-6] [WARN] [1788833206.046158561] [behavior_server]: [spin] [ActionServer] Aborting handle.
[controller_server-3] [INFO] [1788833206.074885149] [local_costmap.local_costmap]: Received request to clear entirely the local_costmap
[planner_server-5] [INFO] [1788833206.075111192] [global_costmap.global_costmap]: Received request to clear entirely the global_costmap
[planner_server-5] [WARN] [1788833206.764050634] [planner_server]: Planner loop missed its desired rate of 20.0000 Hz. Current loop rate is 0.3636 Hz
[controller_server-3] [INFO] [1788833206.764818595] [controller_server]: Received a goal, begin computing control effort.
[controller_server-3] [INFO] [1788833207.815305085] [controller_server]: Passing new path to controller.
[controller_server-3] [INFO] [1788833208.815202930] [controller_server]: Passing new path to controller.
[controller_server-3] [ERROR] [1788833209.316470733] [controller_server]: Failed to make progress
[controller_server-3] [WARN] [1788833209.316852235] [controller_server]: [follow_path] [ActionServer] Aborting handle.
[behavior_server-6] [INFO] [1788833209.334362481] [behavior_server]: Running backup
[behavior_server-6] [WARN] [1788833209.334511023] [behavior_server]: Collision Ahead - Exiting DriveOnHeading
[behavior_server-6] [WARN] [1788833209.334520315] [behavior_server]: backup failed
[behavior_server-6] [WARN] [1788833209.334525440] [behavior_server]: [backup] [ActionServer] Aborting handle.
[behavior_server-6] [INFO] [1788833209.364903452] [behavior_server]: Running spin
[behavior_server-6] [INFO] [1788833209.364942285] [behavior_server]: Turning 1.57 for spin behavior.
[behavior_server-6] [WARN] [1788833209.568183952] [behavior_server]: Collision Ahead - Exiting Spin
[behavior_server-6] [WARN] [1788833209.568209161] [behavior_server]: spin failed
[behavior_server-6] [WARN] [1788833209.568213952] [behavior_server]: [spin] [ActionServer] Aborting handle.
[behavior_server-6] [INFO] [1788833209.596617206] [behavior_server]: Running spin
[behavior_server-6] [INFO] [1788833209.596648914] [behavior_server]: Turning -1.57 for spin behavior.
[behavior_server-6] [WARN] [1788833209.701361553] [behavior_server]: Collision Ahead - Exiting Spin
[behavior_server-6] [WARN] [1788833209.701387720] [behavior_server]: spin failed
[behavior_server-6] [WARN] [1788833209.701392803] [behavior_server]: [spin] [ActionServer] Aborting handle.
[controller_server-3] [INFO] [1788833209.724243073] [local_costmap.local_costmap]: Received request to clear entirely the local_costmap
[planner_server-5] [INFO] [1788833209.724422199] [global_costmap.global_costmap]: Received request to clear entirely the global_costmap
[planner_server-5] [WARN] [1788833209.762509121] [planner_server]: Planner loop missed its desired rate of 20.0000 Hz. Current loop rate is 6.6667 Hz
[controller_server-3] [INFO] [1788833209.774678801] [controller_server]: Received a goal, begin computing control effort.
[controller_server-3] [WARN] [1788833209.919088036] [controller_server]: Control loop missed its desired rate of 20.0000Hz
[controller_server-3] [INFO] [1788833210.821178856] [controller_server]: Passing new path to controller.
[controller_server-3] [INFO] [1788833211.821419869] [controller_server]: Passing new path to controller.
[controller_server-3] [ERROR] [1788833212.471443676] [controller_server]: Failed to make progress
[controller_server-3] [WARN] [1788833212.471523760] [controller_server]: [follow_path] [ActionServer] Aborting handle.
[behavior_server-6] [INFO] [1788833212.484747487] [behavior_server]: Running backup
[behavior_server-6] [WARN] [1788833212.484865154] [behavior_server]: Collision Ahead - Exiting DriveOnHeading
[behavior_server-6] [WARN] [1788833212.484872987] [behavior_server]: backup failed
[behavior_server-6] [WARN] [1788833212.484878112] [behavior_server]: [backup] [ActionServer] Aborting handle.
[behavior_server-6] [INFO] [1788833212.515832418] [behavior_server]: Running spin
[behavior_server-6] [INFO] [1788833212.515877127] [behavior_server]: Turning 1.57 for spin behavior.
[behavior_server-6] [WARN] [1788833212.619027509] [behavior_server]: Collision Ahead - Exiting Spin
[behavior_server-6] [WARN] [1788833212.619050092] [behavior_server]: spin failed
[behavior_server-6] [WARN] [1788833212.619055134] [behavior_server]: [spin] [ActionServer] Aborting handle.
[behavior_server-6] [INFO] [1788833212.645151585] [behavior_server]: Running spin
[behavior_server-6] [INFO] [1788833212.645194627] [behavior_server]: Turning -1.57 for spin behavior.
[behavior_server-6] [WARN] [1788833212.845351864] [behavior_server]: Collision Ahead - Exiting Spin
[behavior_server-6] [WARN] [1788833212.845374905] [behavior_server]: spin failed
[behavior_server-6] [WARN] [1788833212.845379697] [behavior_server]: [spin] [ActionServer] Aborting handle.
[controller_server-3] [INFO] [1788833212.874245702] [local_costmap.local_costmap]: Received request to clear entirely the local_costmap
[planner_server-5] [INFO] [1788833212.874721038] [global_costmap.global_costmap]: Received request to clear entirely the global_costmap
[planner_server-5] [WARN] [1788833213.761968124] [planner_server]: Planner loop missed its desired rate of 20.0000 Hz. Current loop rate is 0.2817 Hz
[controller_server-3] [INFO] [1788833213.775649186] [controller_server]: Received a goal, begin computing control effort.
[controller_server-3] [INFO] [1788833214.826960263] [controller_server]: Passing new path to controller.
[controller_server-3] [INFO] [1788833215.829268910] [controller_server]: Passing new path to controller.
[controller_server-3] [ERROR] [1788833216.327176823] [controller_server]: Failed to make progress
[controller_server-3] [WARN] [1788833216.327251990] [controller_server]: [follow_path] [ActionServer] Aborting handle.
[bt_navigator-7] [WARN] [1788833216.356687456] [bt_navigator]: [navigate_to_pose] [ActionServer] Aborting handle.
[bt_navigator-7] [ERROR] [1788833216.356858707] [bt_navigator]: Goal failed
[INFO] [1788833216.358765466] [candidate_explorer]: Frontier goal finished: success=False
[WARN] [1788833216.359123676] [candidate_explorer]: Blacklisting failed frontier (2.06, 8.10)
[INFO] [1788833216.757941683] [candidate_explorer]: Detected 3939 frontier cells
[INFO] [1788833216.761621283] [candidate_explorer]: Found 120 frontier clusters after filtering
[INFO] [1788833216.764623880] [candidate_explorer]: Selected frontier cluster: size=103, goal=(1.26, 8.27), distance=10.40
[INFO] [1788833216.765176341] [candidate_explorer]: Checking global path to frontier (1.26, 8.27), distance=10.40m
[INFO] [1788833216.798828076] [candidate_explorer]: Nav2 path to frontier is 12.73m (straight-line=10.40m, detour=1.2x)
[INFO] [1788833216.810457170] [candidate_explorer]: Global path accepted. Navigating to frontier (1.26, 8.27)
[bt_navigator-7] [INFO] [1788833216.810943422] [bt_navigator]: Begin navigating from current location (11.05, 4.76) to (1.26, 8.27)
[controller_server-3] [INFO] [1788833216.832395144] [controller_server]: Received a goal, begin computing control effort.
[controller_server-3] [INFO] [1788833217.883038593] [controller_server]: Passing new path to controller.
[controller_server-3] [INFO] [1788833218.933646458] [controller_server]: Passing new path to controller.
[controller_server-3] [ERROR] [1788833219.336326192] [controller_server]: Failed to make progress
[controller_server-3] [WARN] [1788833219.336401734] [controller_server]: [follow_path] [ActionServer] Aborting handle.
[behavior_server-6] [INFO] [1788833219.354407523] [behavior_server]: Running backup
[behavior_server-6] [WARN] [1788833219.354504774] [behavior_server]: Collision Ahead - Exiting DriveOnHeading
[behavior_server-6] [WARN] [1788833219.354511440] [behavior_server]: backup failed
[behavior_server-6] [WARN] [1788833219.354515732] [behavior_server]: [backup] [ActionServer] Aborting handle.
[behavior_server-6] [INFO] [1788833219.381420145] [behavior_server]: Running spin
[behavior_server-6] [INFO] [1788833219.381461604] [behavior_server]: Turning 1.57 for spin behavior.
[behavior_server-6] [WARN] [1788833219.683341924] [behavior_server]: Collision Ahead - Exiting Spin
[behavior_server-6] [WARN] [1788833219.683365716] [behavior_server]: spin failed
[behavior_server-6] [WARN] [1788833219.683370174] [behavior_server]: [spin] [ActionServer] Aborting handle.
[behavior_server-6] [INFO] [1788833219.704692354] [behavior_server]: Running spin
[behavior_server-6] [INFO] [1788833219.704725021] [behavior_server]: Turning -1.57 for spin behavior.
[behavior_server-6] [WARN] [1788833220.005530544] [behavior_server]: Collision Ahead - Exiting Spin
[behavior_server-6] [WARN] [1788833220.005561211] [behavior_server]: spin failed
[behavior_server-6] [WARN] [1788833220.005566420] [behavior_server]: [spin] [ActionServer] Aborting handle.
[controller_server-3] [INFO] [1788833220.032909918] [local_costmap.local_costmap]: Received request to clear entirely the local_costmap
[planner_server-5] [INFO] [1788833220.033115044] [global_costmap.global_costmap]: Received request to clear entirely the global_costmap
[planner_server-5] [WARN] [1788833220.761506205] [planner_server]: Planner loop missed its desired rate of 20.0000 Hz. Current loop rate is 0.3390 Hz
[controller_server-3] [INFO] [1788833220.773054341] [controller_server]: Received a goal, begin computing control effort.
[controller_server-3] [INFO] [1788833221.825295713] [controller_server]: Passing new path to controller.
[controller_server-3] [INFO] [1788833222.877403752] [controller_server]: Passing new path to controller.
[controller_server-3] [ERROR] [1788833223.323417973] [controller_server]: Failed to make progress
[controller_server-3] [WARN] [1788833223.323485473] [controller_server]: [follow_path] [ActionServer] Aborting handle.
[behavior_server-6] [INFO] [1788833223.344110233] [behavior_server]: Running backup
[behavior_server-6] [WARN] [1788833223.344289775] [behavior_server]: Collision Ahead - Exiting DriveOnHeading
[behavior_server-6] [WARN] [1788833223.344297275] [behavior_server]: backup failed
[behavior_server-6] [WARN] [1788833223.344302109] [behavior_server]: [backup] [ActionServer] Aborting handle.
[behavior_server-6] [INFO] [1788833223.372278902] [behavior_server]: Running spin
[behavior_server-6] [INFO] [1788833223.372322943] [behavior_server]: Turning 1.57 for spin behavior.
[behavior_server-6] [WARN] [1788833223.575112067] [behavior_server]: Collision Ahead - Exiting Spin
[behavior_server-6] [WARN] [1788833223.575137650] [behavior_server]: spin failed
[behavior_server-6] [WARN] [1788833223.575142775] [behavior_server]: [spin] [ActionServer] Aborting handle.
[behavior_server-6] [INFO] [1788833223.605411370] [behavior_server]: Running spin
[behavior_server-6] [INFO] [1788833223.605446287] [behavior_server]: Turning -1.57 for spin behavior.
[behavior_server-6] [WARN] [1788833223.709630049] [behavior_server]: Collision Ahead - Exiting Spin
[behavior_server-6] [WARN] [1788833223.709650965] [behavior_server]: spin failed
[behavior_server-6] [WARN] [1788833223.709655674] [behavior_server]: [spin] [ActionServer] Aborting handle.
[controller_server-3] [INFO] [1788833223.734571578] [local_costmap.local_costmap]: Received request to clear entirely the local_costmap
[planner_server-5] [INFO] [1788833223.735003538] [global_costmap.global_costmap]: Received request to clear entirely the global_costmap
[planner_server-5] [WARN] [1788833223.764951840] [planner_server]: Planner loop missed its desired rate of 20.0000 Hz. Current loop rate is 6.6667 Hz
[controller_server-3] [INFO] [1788833223.783899342] [controller_server]: Received a goal, begin computing control effort.
[controller_server-3] [WARN] [1788833223.925932941] [controller_server]: Control loop missed its desired rate of 20.0000Hz
[controller_server-3] [INFO] [1788833224.826389587] [controller_server]: Passing new path to controller.
[controller_server-3] [INFO] [1788833225.878030624] [controller_server]: Passing new path to controller.
[controller_server-3] [ERROR] [1788833226.478073623] [controller_server]: Failed to make progress
[controller_server-3] [WARN] [1788833226.478471750] [controller_server]: [follow_path] [ActionServer] Aborting handle.
[behavior_server-6] [INFO] [1788833226.494574697] [behavior_server]: Running backup
[behavior_server-6] [WARN] [1788833226.494898574] [behavior_server]: Collision Ahead - Exiting DriveOnHeading
[behavior_server-6] [WARN] [1788833226.494906615] [behavior_server]: backup failed
[behavior_server-6] [WARN] [1788833226.494910949] [behavior_server]: [backup] [ActionServer] Aborting handle.
[behavior_server-6] [INFO] [1788833226.521444735] [behavior_server]: Running spin
[behavior_server-6] [INFO] [1788833226.521485235] [behavior_server]: Turning 1.57 for spin behavior.
[behavior_server-6] [WARN] [1788833226.725745532] [behavior_server]: Collision Ahead - Exiting Spin
[behavior_server-6] [WARN] [1788833226.725775574] [behavior_server]: spin failed
[behavior_server-6] [WARN] [1788833226.725780699] [behavior_server]: [spin] [ActionServer] Aborting handle.
[behavior_server-6] [INFO] [1788833226.752344402] [behavior_server]: Running spin
[behavior_server-6] [INFO] [1788833226.752384652] [behavior_server]: Turning -1.57 for spin behavior.
[behavior_server-6] [WARN] [1788833226.852928023] [behavior_server]: Collision Ahead - Exiting Spin
[behavior_server-6] [WARN] [1788833226.852956731] [behavior_server]: spin failed
[behavior_server-6] [WARN] [1788833226.852961481] [behavior_server]: [spin] [ActionServer] Aborting handle.
[controller_server-3] [INFO] [1788833226.872807571] [local_costmap.local_costmap]: Received request to clear entirely the local_costmap
[planner_server-5] [INFO] [1788833226.872994905] [global_costmap.global_costmap]: Received request to clear entirely the global_costmap
[planner_server-5] [WARN] [1788833227.771189291] [planner_server]: Planner loop missed its desired rate of 20.0000 Hz. Current loop rate is 0.2778 Hz
[controller_server-3] [INFO] [1788833227.791809925] [controller_server]: Received a goal, begin computing control effort.
[controller_server-3] [INFO] [1788833228.843854464] [controller_server]: Passing new path to controller.
[controller_server-3] [INFO] [1788833229.842887013] [controller_server]: Passing new path to controller.
[controller_server-3] [ERROR] [1788833230.343763023] [controller_server]: Failed to make progress
[controller_server-3] [WARN] [1788833230.343846648] [controller_server]: [follow_path] [ActionServer] Aborting handle.
[behavior_server-6] [INFO] [1788833230.344189441] [behavior_server]: Running backup
[behavior_server-6] [WARN] [1788833230.344274900] [behavior_server]: Collision Ahead - Exiting DriveOnHeading
[behavior_server-6] [WARN] [1788833230.344281525] [behavior_server]: backup failed
[behavior_server-6] [WARN] [1788833230.344285775] [behavior_server]: [backup] [ActionServer] Aborting handle.
[behavior_server-6] [INFO] [1788833230.362938984] [behavior_server]: Running spin
[behavior_server-6] [INFO] [1788833230.362983068] [behavior_server]: Turning 1.57 for spin behavior.
[behavior_server-6] [WARN] [1788833230.663158214] [behavior_server]: Collision Ahead - Exiting Spin
[behavior_server-6] [WARN] [1788833230.663182214] [behavior_server]: spin failed
[behavior_server-6] [WARN] [1788833230.663186964] [behavior_server]: [spin] [ActionServer] Aborting handle.
[behavior_server-6] [INFO] [1788833230.692272345] [behavior_server]: Running spin
[behavior_server-6] [INFO] [1788833230.692303095] [behavior_server]: Turning -1.57 for spin behavior.
[behavior_server-6] [WARN] [1788833230.792784132] [behavior_server]: Collision Ahead - Exiting Spin
[behavior_server-6] [WARN] [1788833230.792809590] [behavior_server]: spin failed
[behavior_server-6] [WARN] [1788833230.792814841] [behavior_server]: [spin] [ActionServer] Aborting handle.
[controller_server-3] [INFO] [1788833230.812385720] [local_costmap.local_costmap]: Received request to clear entirely the local_costmap
[planner_server-5] [INFO] [1788833230.812568888] [global_costmap.global_costmap]: Received request to clear entirely the global_costmap
[planner_server-5] [WARN] [1788833231.760432831] [planner_server]: Planner loop missed its desired rate of 20.0000 Hz. Current loop rate is 0.2667 Hz
[controller_server-3] [INFO] [1788833231.774400561] [controller_server]: Received a goal, begin computing control effort.
[controller_server-3] [INFO] [1788833232.826518683] [controller_server]: Passing new path to controller.
[controller_server-3] [INFO] [1788833233.882443197] [controller_server]: Passing new path to controller.
[controller_server-3] [ERROR] [1788833234.325105736] [controller_server]: Failed to make progress
[controller_server-3] [WARN] [1788833234.325513905] [controller_server]: [follow_path] [ActionServer] Aborting handle.
[behavior_server-6] [INFO] [1788833234.342514148] [behavior_server]: Running backup
[behavior_server-6] [WARN] [1788833234.342613565] [behavior_server]: Collision Ahead - Exiting DriveOnHeading
[behavior_server-6] [WARN] [1788833234.342620565] [behavior_server]: backup failed
[behavior_server-6] [WARN] [1788833234.342624899] [behavior_server]: [backup] [ActionServer] Aborting handle.
[behavior_server-6] [INFO] [1788833234.373211745] [behavior_server]: Running spin
[behavior_server-6] [INFO] [1788833234.373251370] [behavior_server]: Turning 1.57 for spin behavior.
[behavior_server-6] [WARN] [1788833234.578479421] [behavior_server]: Collision Ahead - Exiting Spin
[behavior_server-6] [WARN] [1788833234.578510713] [behavior_server]: spin failed
[behavior_server-6] [WARN] [1788833234.578515963] [behavior_server]: [spin] [ActionServer] Aborting handle.
[behavior_server-6] [INFO] [1788833234.604622164] [behavior_server]: Running spin
[behavior_server-6] [INFO] [1788833234.604651789] [behavior_server]: Turning -1.57 for spin behavior.
[behavior_server-6] [WARN] [1788833234.705153118] [behavior_server]: Collision Ahead - Exiting Spin
[behavior_server-6] [WARN] [1788833234.705176534] [behavior_server]: spin failed
[behavior_server-6] [WARN] [1788833234.705181201] [behavior_server]: [spin] [ActionServer] Aborting handle.
[controller_server-3] [INFO] [1788833234.732718200] [local_costmap.local_costmap]: Received request to clear entirely the local_costmap
[planner_server-5] [INFO] [1788833234.733122827] [global_costmap.global_costmap]: Received request to clear entirely the global_costmap
[planner_server-5] [WARN] [1788833234.762820461] [planner_server]: Planner loop missed its desired rate of 20.0000 Hz. Current loop rate is 6.6667 Hz
[controller_server-3] [INFO] [1788833234.783287970] [controller_server]: Received a goal, begin computing control effort.
[controller_server-3] [WARN] [1788833234.917654743] [controller_server]: Control loop missed its desired rate of 20.0000Hz
[controller_server-3] [INFO] [1788833235.819888980] [controller_server]: Passing new path to controller.
[controller_server-3] [INFO] [1788833236.869294715] [controller_server]: Passing new path to controller.
[controller_server-3] [ERROR] [1788833237.468120917] [controller_server]: Failed to make progress
[controller_server-3] [WARN] [1788833237.468209959] [controller_server]: [follow_path] [ActionServer] Aborting handle.
[behavior_server-6] [INFO] [1788833237.482853109] [behavior_server]: Running backup
[behavior_server-6] [WARN] [1788833237.482951026] [behavior_server]: Collision Ahead - Exiting DriveOnHeading
[behavior_server-6] [WARN] [1788833237.482957734] [behavior_server]: backup failed
[behavior_server-6] [WARN] [1788833237.482962109] [behavior_server]: [backup] [ActionServer] Aborting handle.
[behavior_server-6] [INFO] [1788833237.512097241] [behavior_server]: Running spin
[behavior_server-6] [INFO] [1788833237.512125907] [behavior_server]: Turning 1.57 for spin behavior.
[behavior_server-6] [WARN] [1788833237.814558564] [behavior_server]: Collision Ahead - Exiting Spin
[behavior_server-6] [WARN] [1788833237.814605689] [behavior_server]: spin failed
[behavior_server-6] [WARN] [1788833237.814611064] [behavior_server]: [spin] [ActionServer] Aborting handle.
[behavior_server-6] [INFO] [1788833237.842274605] [behavior_server]: Running spin
[behavior_server-6] [INFO] [1788833237.842306064] [behavior_server]: Turning -1.57 for spin behavior.
[behavior_server-6] [WARN] [1788833237.942784767] [behavior_server]: Collision Ahead - Exiting Spin
[behavior_server-6] [WARN] [1788833237.942836517] [behavior_server]: spin failed
[behavior_server-6] [WARN] [1788833237.942842267] [behavior_server]: [spin] [ActionServer] Aborting handle.
[controller_server-3] [INFO] [1788833237.961656436] [local_costmap.local_costmap]: Received request to clear entirely the local_costmap
[planner_server-5] [INFO] [1788833237.962086187] [global_costmap.global_costmap]: Received request to clear entirely the global_costmap
[planner_server-5] [WARN] [1788833238.771848299] [planner_server]: Planner loop missed its desired rate of 20.0000 Hz. Current loop rate is 0.3077 Hz
[controller_server-3] [INFO] [1788833238.781953887] [controller_server]: Received a goal, begin computing control effort.
[controller_server-3] [INFO] [1788833239.834089675] [controller_server]: Passing new path to controller.
[controller_server-3] [INFO] [1788833240.832233346] [controller_server]: Passing new path to controller.
[controller_server-3] [ERROR] [1788833241.333230856] [controller_server]: Failed to make progress
[controller_server-3] [WARN] [1788833241.333295815] [controller_server]: [follow_path] [ActionServer] Aborting handle.
[bt_navigator-7] [WARN] [1788833241.353282071] [bt_navigator]: [navigate_to_pose] [ActionServer] Aborting handle.
[bt_navigator-7] [ERROR] [1788833241.353519906] [bt_navigator]: Goal failed
[INFO] [1788833241.354092200] [candidate_explorer]: Frontier goal finished: success=False
[WARN] [1788833241.354371326] [candidate_explorer]: Blacklisting failed frontier (1.26, 8.27)
[INFO] [1788833241.754707758] [candidate_explorer]: Detected 3939 frontier cells
[INFO] [1788833241.760123407] [candidate_explorer]: Found 120 frontier clusters after filtering
[INFO] [1788833241.762899711] [candidate_explorer]: Selected frontier cluster: size=103, goal=(0.47, 8.43), distance=11.20
[INFO] [1788833241.763438755] [candidate_explorer]: Checking global path to frontier (0.47, 8.43), distance=11.20m
[INFO] [1788833241.806302657] [candidate_explorer]: Nav2 path to frontier is 13.60m (straight-line=11.20m, detour=1.2x)
[INFO] [1788833241.819072840] [candidate_explorer]: Global path accepted. Navigating to frontier (0.47, 8.43)
[bt_navigator-7] [INFO] [1788833241.819704259] [bt_navigator]: Begin navigating from current location (11.05, 4.76) to (0.47, 8.43)
[controller_server-3] [INFO] [1788833241.840682312] [controller_server]: Received a goal, begin computing control effort.
[controller_server-3] [INFO] [1788833242.894333775] [controller_server]: Passing new path to controller.
[planner_server-5] [ERROR] [1788833243.902133738] [planner_server]: Failed to create a plan from potential when a legal potential was found. This shouldn't happen.
[planner_server-5] [WARN] [1788833243.902492490] [planner_server]: GridBased: failed to create plan with tolerance 0.50.
[planner_server-5] [WARN] [1788833243.902633532] [planner_server]: Planning algorithm GridBased failed to generate a valid path to (0.47, 8.43)
[planner_server-5] [WARN] [1788833243.902641116] [planner_server]: [compute_path_to_pose] [ActionServer] Aborting handle.
[controller_server-3] [INFO] [1788833243.945042307] [controller_server]: Goal was canceled. Stopping the robot.
[controller_server-3] [INFO] [1788833243.945071724] [controller_server]: [follow_path] [ActionServer] Client requested to cancel the goal. Cancelling.
[bt_navigator-7] [ERROR] [1788833243.945087057] [bt_navigator_navigate_to_pose_rclcpp_node]: Failed to get result for follow_path in node halt!
[behavior_server-6] [INFO] [1788833243.945298891] [behavior_server]: Running backup
[behavior_server-6] [WARN] [1788833243.945377975] [behavior_server]: Collision Ahead - Exiting DriveOnHeading
[behavior_server-6] [WARN] [1788833243.945384100] [behavior_server]: backup failed
[behavior_server-6] [WARN] [1788833243.945388142] [behavior_server]: [backup] [ActionServer] Aborting handle.
[bt_navigator-7] [WARN] [1788833243.945377350] [BehaviorTreeEngine]: Behavior Tree tick rate 100.00 was exceeded!
[behavior_server-6] [INFO] [1788833243.971232258] [behavior_server]: Running spin
[behavior_server-6] [INFO] [1788833243.971272092] [behavior_server]: Turning 1.57 for spin behavior.
[behavior_server-6] [WARN] [1788833244.371565731] [behavior_server]: Collision Ahead - Exiting Spin
[behavior_server-6] [WARN] [1788833244.371589356] [behavior_server]: spin failed
[behavior_server-6] [WARN] [1788833244.371594523] [behavior_server]: [spin] [ActionServer] Aborting handle.
[behavior_server-6] [INFO] [1788833244.398630645] [behavior_server]: Running spin
[behavior_server-6] [INFO] [1788833244.398667437] [behavior_server]: Turning -1.57 for spin behavior.
[behavior_server-6] [WARN] [1788833244.599131466] [behavior_server]: Collision Ahead - Exiting Spin
[behavior_server-6] [WARN] [1788833244.599156092] [behavior_server]: spin failed
[behavior_server-6] [WARN] [1788833244.599161008] [behavior_server]: [spin] [ActionServer] Aborting handle.
[controller_server-3] [INFO] [1788833244.615758458] [local_costmap.local_costmap]: Received request to clear entirely the local_costmap
[planner_server-5] [INFO] [1788833244.616192043] [global_costmap.global_costmap]: Received request to clear entirely the global_costmap
[planner_server-5] [WARN] [1788833244.766056261] [planner_server]: Planner loop missed its desired rate of 20.0000 Hz. Current loop rate is 1.6667 Hz
[controller_server-3] [INFO] [1788833244.777802564] [controller_server]: Received a goal, begin computing control effort.
[controller_server-3] [INFO] [1788833245.829175225] [controller_server]: Passing new path to controller.
[controller_server-3] [INFO] [1788833246.879235837] [controller_server]: Passing new path to controller.
[controller_server-3] [ERROR] [1788833247.330250789] [controller_server]: Failed to make progress
[controller_server-3] [WARN] [1788833247.330349081] [controller_server]: [follow_path] [ActionServer] Aborting handle.
[behavior_server-6] [INFO] [1788833247.347738785] [behavior_server]: Running backup
[behavior_server-6] [WARN] [1788833247.347860493] [behavior_server]: Collision Ahead - Exiting DriveOnHeading
[behavior_server-6] [WARN] [1788833247.347868827] [behavior_server]: backup failed
[behavior_server-6] [WARN] [1788833247.347873327] [behavior_server]: [backup] [ActionServer] Aborting handle.
[behavior_server-6] [INFO] [1788833247.375689786] [behavior_server]: Running spin
[behavior_server-6] [INFO] [1788833247.375746203] [behavior_server]: Turning 1.57 for spin behavior.
[behavior_server-6] [WARN] [1788833247.577840031] [behavior_server]: Collision Ahead - Exiting Spin
[behavior_server-6] [WARN] [1788833247.577878906] [behavior_server]: spin failed
[behavior_server-6] [WARN] [1788833247.577888365] [behavior_server]: [spin] [ActionServer] Aborting handle.
[behavior_server-6] [INFO] [1788833247.609200298] [behavior_server]: Running spin
[behavior_server-6] [INFO] [1788833247.609233006] [behavior_server]: Turning -1.57 for spin behavior.
[behavior_server-6] [WARN] [1788833247.809538285] [behavior_server]: Collision Ahead - Exiting Spin
[behavior_server-6] [WARN] [1788833247.809562327] [behavior_server]: spin failed
[behavior_server-6] [WARN] [1788833247.809567452] [behavior_server]: [spin] [ActionServer] Aborting handle.
[controller_server-3] [INFO] [1788833247.837380952] [local_costmap.local_costmap]: Received request to clear entirely the local_costmap
[planner_server-5] [INFO] [1788833247.837611661] [global_costmap.global_costmap]: Received request to clear entirely the global_costmap
[planner_server-5] [WARN] [1788833248.768740863] [planner_server]: Planner loop missed its desired rate of 20.0000 Hz. Current loop rate is 0.2703 Hz
[controller_server-3] [INFO] [1788833248.786771277] [controller_server]: Received a goal, begin computing control effort.
[controller_server-3] [INFO] [1788833249.838109771] [controller_server]: Passing new path to controller.
[controller_server-3] [INFO] [1788833250.890632645] [controller_server]: Passing new path to controller.
[controller_server-3] [ERROR] [1788833251.339761504] [controller_server]: Failed to make progress
[controller_server-3] [WARN] [1788833251.339834588] [controller_server]: [follow_path] [ActionServer] Aborting handle.
[behavior_server-6] [INFO] [1788833251.357148416] [behavior_server]: Running backup
[behavior_server-6] [WARN] [1788833251.357262708] [behavior_server]: Collision Ahead - Exiting DriveOnHeading
[behavior_server-6] [WARN] [1788833251.357272417] [behavior_server]: backup failed
[behavior_server-6] [WARN] [1788833251.357277167] [behavior_server]: [backup] [ActionServer] Aborting handle.
[behavior_server-6] [INFO] [1788833251.389171602] [behavior_server]: Running spin
[behavior_server-6] [INFO] [1788833251.389296770] [behavior_server]: Turning 1.57 for spin behavior.
[behavior_server-6] [WARN] [1788833251.589772466] [behavior_server]: Collision Ahead - Exiting Spin
[behavior_server-6] [WARN] [1788833251.589800341] [behavior_server]: spin failed
[behavior_server-6] [WARN] [1788833251.589805216] [behavior_server]: [spin] [ActionServer] Aborting handle.
[behavior_server-6] [INFO] [1788833251.616140626] [behavior_server]: Running spin
[behavior_server-6] [INFO] [1788833251.616174543] [behavior_server]: Turning -1.57 for spin behavior.
[behavior_server-6] [WARN] [1788833251.816385280] [behavior_server]: Collision Ahead - Exiting Spin
[behavior_server-6] [WARN] [1788833251.816407738] [behavior_server]: spin failed
[behavior_server-6] [WARN] [1788833251.816411863] [behavior_server]: [spin] [ActionServer] Aborting handle.
[controller_server-3] [INFO] [1788833251.835519200] [local_costmap.local_costmap]: Received request to clear entirely the local_costmap
[planner_server-5] [INFO] [1788833251.836048994] [global_costmap.global_costmap]: Received request to clear entirely the global_costmap
[planner_server-5] [WARN] [1788833252.768516701] [planner_server]: Planner loop missed its desired rate of 20.0000 Hz. Current loop rate is 0.2703 Hz
[controller_server-3] [INFO] [1788833252.778270787] [controller_server]: Received a goal, begin computing control effort.
[controller_server-3] [INFO] [1788833253.832028291] [controller_server]: Passing new path to controller.
[controller_server-3] [INFO] [1788833254.830219920] [controller_server]: Passing new path to controller.
[controller_server-3] [ERROR] [1788833255.331521765] [controller_server]: Failed to make progress
[controller_server-3] [WARN] [1788833255.331588598] [controller_server]: [follow_path] [ActionServer] Aborting handle.
[behavior_server-6] [INFO] [1788833255.339114674] [behavior_server]: Running backup
[behavior_server-6] [WARN] [1788833255.339283258] [behavior_server]: Collision Ahead - Exiting DriveOnHeading
[behavior_server-6] [WARN] [1788833255.339290717] [behavior_server]: backup failed
[behavior_server-6] [WARN] [1788833255.339295175] [behavior_server]: [backup] [ActionServer] Aborting handle.
[behavior_server-6] [INFO] [1788833255.367210093] [behavior_server]: Running spin
[behavior_server-6] [INFO] [1788833255.367249634] [behavior_server]: Turning 1.57 for spin behavior.
[behavior_server-6] [WARN] [1788833255.668097617] [behavior_server]: Collision Ahead - Exiting Spin
[behavior_server-6] [WARN] [1788833255.668135284] [behavior_server]: spin failed
[behavior_server-6] [WARN] [1788833255.668141575] [behavior_server]: [spin] [ActionServer] Aborting handle.
[behavior_server-6] [INFO] [1788833255.687079411] [behavior_server]: Running spin
[behavior_server-6] [INFO] [1788833255.687111203] [behavior_server]: Turning -1.57 for spin behavior.
[behavior_server-6] [WARN] [1788833255.788133950] [behavior_server]: Collision Ahead - Exiting Spin
[behavior_server-6] [WARN] [1788833255.788160075] [behavior_server]: spin failed
[behavior_server-6] [WARN] [1788833255.788164909] [behavior_server]: [spin] [ActionServer] Aborting handle.
[controller_server-3] [INFO] [1788833255.818004085] [local_costmap.local_costmap]: Received request to clear entirely the local_costmap
[planner_server-5] [INFO] [1788833255.818279128] [global_costmap.global_costmap]: Received request to clear entirely the global_costmap
[planner_server-5] [WARN] [1788833256.769465628] [planner_server]: Planner loop missed its desired rate of 20.0000 Hz. Current loop rate is 0.2632 Hz
[controller_server-3] [INFO] [1788833256.786402871] [controller_server]: Received a goal, begin computing control effort.
[controller_server-3] [INFO] [1788833257.836999903] [controller_server]: Passing new path to controller.
[planner_server-5] [ERROR] [1788833258.826912661] [planner_server]: Failed to create a plan from potential when a legal potential was found. This shouldn't happen.
[planner_server-5] [WARN] [1788833258.827291454] [planner_server]: GridBased: failed to create plan with tolerance 0.50.
[planner_server-5] [WARN] [1788833258.827308371] [planner_server]: Planning algorithm GridBased failed to generate a valid path to (0.47, 8.43)
[planner_server-5] [WARN] [1788833258.827314579] [planner_server]: [compute_path_to_pose] [ActionServer] Aborting handle.
[bt_navigator-7] [ERROR] [1788833258.859826601] [bt_navigator_navigate_to_pose_rclcpp_node]: Failed to get result for follow_path in node halt!
[behavior_server-6] [INFO] [1788833258.860208269] [behavior_server]: Running backup
[behavior_server-6] [WARN] [1788833258.860302811] [behavior_server]: Collision Ahead - Exiting DriveOnHeading
[behavior_server-6] [WARN] [1788833258.860310770] [behavior_server]: backup failed
[behavior_server-6] [WARN] [1788833258.860315395] [behavior_server]: [backup] [ActionServer] Aborting handle.
[bt_navigator-7] [WARN] [1788833258.860313936] [BehaviorTreeEngine]: Behavior Tree tick rate 100.00 was exceeded!
[behavior_server-6] [INFO] [1788833258.884368878] [behavior_server]: Running spin
[behavior_server-6] [INFO] [1788833258.884396003] [behavior_server]: Turning 1.57 for spin behavior.
[controller_server-3] [INFO] [1788833258.887020099] [controller_server]: Goal was canceled. Stopping the robot.
[controller_server-3] [INFO] [1788833258.887052515] [controller_server]: [follow_path] [ActionServer] Client requested to cancel the goal. Cancelling.
[behavior_server-6] [WARN] [1788833258.986567089] [behavior_server]: Collision Ahead - Exiting Spin
[behavior_server-6] [WARN] [1788833258.986591048] [behavior_server]: spin failed
[behavior_server-6] [WARN] [1788833258.986595964] [behavior_server]: [spin] [ActionServer] Aborting handle.
[behavior_server-6] [INFO] [1788833259.013026375] [behavior_server]: Running spin
[behavior_server-6] [INFO] [1788833259.013061459] [behavior_server]: Turning -1.57 for spin behavior.
[behavior_server-6] [WARN] [1788833259.316197827] [behavior_server]: Collision Ahead - Exiting Spin
[behavior_server-6] [WARN] [1788833259.316218243] [behavior_server]: spin failed
[behavior_server-6] [WARN] [1788833259.316222952] [behavior_server]: [spin] [ActionServer] Aborting handle.
[controller_server-3] [INFO] [1788833259.342032652] [local_costmap.local_costmap]: Received request to clear entirely the local_costmap
[planner_server-5] [INFO] [1788833259.342492862] [global_costmap.global_costmap]: Received request to clear entirely the global_costmap
[planner_server-5] [WARN] [1788833259.762838550] [planner_server]: Planner loop missed its desired rate of 20.0000 Hz. Current loop rate is 0.5882 Hz
[controller_server-3] [INFO] [1788833259.782280221] [controller_server]: Received a goal, begin computing control effort.
[controller_server-3] [INFO] [1788833260.832751711] [controller_server]: Passing new path to controller.
[controller_server-3] [INFO] [1788833261.835053233] [controller_server]: Passing new path to controller.
[controller_server-3] [ERROR] [1788833262.334085026] [controller_server]: Failed to make progress
[controller_server-3] [WARN] [1788833262.334195860] [controller_server]: [follow_path] [ActionServer] Aborting handle.
[behavior_server-6] [INFO] [1788833262.354626869] [behavior_server]: Running backup
[behavior_server-6] [WARN] [1788833262.354729953] [behavior_server]: Collision Ahead - Exiting DriveOnHeading
[behavior_server-6] [WARN] [1788833262.354736953] [behavior_server]: backup failed
[behavior_server-6] [WARN] [1788833262.354741536] [behavior_server]: [backup] [ActionServer] Aborting handle.
[behavior_server-6] [INFO] [1788833262.381850575] [behavior_server]: Running spin
[behavior_server-6] [INFO] [1788833262.381904159] [behavior_server]: Turning 1.57 for spin behavior.
[behavior_server-6] [WARN] [1788833262.685102193] [behavior_server]: Collision Ahead - Exiting Spin
[behavior_server-6] [WARN] [1788833262.685130152] [behavior_server]: spin failed
[behavior_server-6] [WARN] [1788833262.685135235] [behavior_server]: [spin] [ActionServer] Aborting handle.
[behavior_server-6] [INFO] [1788833262.710723184] [behavior_server]: Running spin
[behavior_server-6] [INFO] [1788833262.710753809] [behavior_server]: Turning -1.57 for spin behavior.
[behavior_server-6] [WARN] [1788833262.811262888] [behavior_server]: Collision Ahead - Exiting Spin
[behavior_server-6] [WARN] [1788833262.811286971] [behavior_server]: spin failed
[behavior_server-6] [WARN] [1788833262.811291513] [behavior_server]: [spin] [ActionServer] Aborting handle.
[controller_server-3] [INFO] [1788833262.842595029] [local_costmap.local_costmap]: Received request to clear entirely the local_costmap
[planner_server-5] [INFO] [1788833262.842788238] [global_costmap.global_costmap]: Received request to clear entirely the global_costmap
[planner_server-5] [WARN] [1788833263.767094909] [planner_server]: Planner loop missed its desired rate of 20.0000 Hz. Current loop rate is 0.2703 Hz
[controller_server-3] [INFO] [1788833263.782440186] [controller_server]: Received a goal, begin computing control effort.
[controller_server-3] [INFO] [1788833264.835040394] [controller_server]: Passing new path to controller.
[controller_server-3] [INFO] [1788833265.833720608] [controller_server]: Passing new path to controller.
[controller_server-3] [ERROR] [1788833266.333431113] [controller_server]: Failed to make progress
[controller_server-3] [WARN] [1788833266.333500280] [controller_server]: [follow_path] [ActionServer] Aborting handle.
[bt_navigator-7] [WARN] [1788833266.361039821] [bt_navigator]: [navigate_to_pose] [ActionServer] Aborting handle.
[bt_navigator-7] [ERROR] [1788833266.361166696] [bt_navigator]: Goal failed
[INFO] [1788833266.363091371] [candidate_explorer]: Frontier goal finished: success=False
[WARN] [1788833266.363513540] [candidate_explorer]: Blacklisting failed frontier (0.47, 8.43)
[INFO] [1788833266.755608976] [candidate_explorer]: Detected 3939 frontier cells
[INFO] [1788833266.761044125] [candidate_explorer]: Found 120 frontier clusters after filtering
[INFO] [1788833266.763927263] [candidate_explorer]: Selected frontier cluster: size=69, goal=(0.24, 7.07), distance=11.05
[INFO] [1788833266.764449016] [candidate_explorer]: Checking global path to frontier (0.24, 7.07), distance=11.05m
[planner_server-5] [ERROR] [1788833266.771235296] [planner_server]: Failed to create a plan from potential when a legal potential was found. This shouldn't happen.
[planner_server-5] [WARN] [1788833266.771267921] [planner_server]: GridBased: failed to create plan with tolerance 0.50.
[planner_server-5] [WARN] [1788833266.771274880] [planner_server]: Planning algorithm GridBased failed to generate a valid path to (0.24, 7.07)
[planner_server-5] [WARN] [1788833266.771280963] [planner_server]: [compute_path_to_pose] [ActionServer] Aborting handle.
[WARN] [1788833266.774574186] [candidate_explorer]: Path computation failed, status=6
[WARN] [1788833266.774801812] [candidate_explorer]: No global path to frontier (0.24, 7.07). Blacklisting.
[INFO] [1788833267.256215443] [candidate_explorer]: Detected 3939 frontier cells
[INFO] [1788833267.261632217] [candidate_explorer]: Found 120 frontier clusters after filtering
[INFO] [1788833267.264299313] [candidate_explorer]: Selected frontier cluster: size=10, goal=(3.99, 2.16), distance=7.52
[INFO] [1788833267.264752315] [candidate_explorer]: Checking global path to frontier (3.99, 2.16), distance=7.52m
[INFO] [1788833267.307625258] [candidate_explorer]: Nav2 path to frontier is 15.77m (straight-line=7.52m, detour=2.1x)
[WARN] [1788833267.317486053] [candidate_explorer]: Narrow passage detected: 0.54 m
[WARN] [1788833267.317735387] [candidate_explorer]: Rejecting frontier (3.99, 2.16): global path contains a narrow passage.
[INFO] [1788833267.621707425] [candidate_explorer]: Detected 3939 frontier cells
[INFO] [1788833267.625639485] [candidate_explorer]: Found 120 frontier clusters after filtering
[INFO] [1788833267.628123662] [candidate_explorer]: Selected frontier cluster: size=5, goal=(12.06, 2.27), distance=2.69
[INFO] [1788833267.628592165] [candidate_explorer]: Checking global path to frontier (12.06, 2.27), distance=2.69m
[INFO] [1788833267.669848392] [candidate_explorer]: Nav2 path to frontier is 13.69m (straight-line=2.69m, detour=5.1x)
[INFO] [1788833267.681878072] [candidate_explorer]: Global path accepted. Navigating to frontier (12.06, 2.27)
[bt_navigator-7] [INFO] [1788833267.682457366] [bt_navigator]: Begin navigating from current location (11.05, 4.76) to (12.06, 2.27)
[controller_server-3] [INFO] [1788833267.706689392] [controller_server]: Received a goal, begin computing control effort.
[controller_server-3] [INFO] [1788833268.757214048] [controller_server]: Passing new path to controller.
[planner_server-5] [WARN] [1788833269.765046721] [planner_server]: Planner loop missed its desired rate of 20.0000 Hz. Current loop rate is 10.0000 Hz
[controller_server-3] [INFO] [1788833269.809283962] [controller_server]: Passing new path to controller.
[controller_server-3] [ERROR] [1788833270.209052141] [controller_server]: Failed to make progress
[controller_server-3] [WARN] [1788833270.209166725] [controller_server]: [follow_path] [ActionServer] Aborting handle.
[behavior_server-6] [INFO] [1788833270.223837666] [behavior_server]: Running backup
[behavior_server-6] [WARN] [1788833270.224017125] [behavior_server]: Collision Ahead - Exiting DriveOnHeading
[behavior_server-6] [WARN] [1788833270.224026167] [behavior_server]: backup failed
[behavior_server-6] [WARN] [1788833270.224031417] [behavior_server]: [backup] [ActionServer] Aborting handle.
[behavior_server-6] [INFO] [1788833270.255663893] [behavior_server]: Running spin
[behavior_server-6] [INFO] [1788833270.255716143] [behavior_server]: Turning 1.57 for spin behavior.
[behavior_server-6] [WARN] [1788833270.458057806] [behavior_server]: Collision Ahead - Exiting Spin
[behavior_server-6] [WARN] [1788833270.458378807] [behavior_server]: spin failed
[behavior_server-6] [WARN] [1788833270.458385557] [behavior_server]: [spin] [ActionServer] Aborting handle.
[behavior_server-6] [INFO] [1788833270.485176012] [behavior_server]: Running spin
[behavior_server-6] [INFO] [1788833270.485212262] [behavior_server]: Turning -1.57 for spin behavior.
[behavior_server-6] [WARN] [1788833270.686209127] [behavior_server]: Collision Ahead - Exiting Spin
[behavior_server-6] [WARN] [1788833270.686233252] [behavior_server]: spin failed
[behavior_server-6] [WARN] [1788833270.686238002] [behavior_server]: [spin] [ActionServer] Aborting handle.
[controller_server-3] [INFO] [1788833270.713271416] [local_costmap.local_costmap]: Received request to clear entirely the local_costmap
[planner_server-5] [INFO] [1788833270.713417541] [global_costmap.global_costmap]: Received request to clear entirely the global_costmap
[planner_server-5] [WARN] [1788833270.760515046] [planner_server]: Planner loop missed its desired rate of 20.0000 Hz. Current loop rate is 6.6667 Hz
[controller_server-3] [INFO] [1788833270.773344478] [controller_server]: Received a goal, begin computing control effort.
[controller_server-3] [WARN] [1788833270.929590975] [controller_server]: Control loop missed its desired rate of 20.0000Hz
[controller_server-3] [INFO] [1788833271.830807666] [controller_server]: Passing new path to controller.
[controller_server-3] [INFO] [1788833272.830693344] [controller_server]: Passing new path to controller.
[controller_server-3] [INFO] [1788833273.881115667] [controller_server]: Passing new path to controller.
[controller_server-3] [INFO] [1788833274.931888950] [controller_server]: Passing new path to controller.
[async_slam_toolbox_node-2] W0908 02:07:55.804665  9601 preprocessor.cc:62] Specified options.num_threads: 50 exceeds maximum available from the threading model Ceres was compiled with: 14.  Bounding to maximum number available.
[controller_server-3] [INFO] [1788833275.930272413] [controller_server]: Passing new path to controller.
[planner_server-5] [INFO] [1788833276.740450068] [global_costmap.global_costmap]: StaticLayer: Resizing costmap to 1134 X 917 at 0.015000 m/pix
[controller_server-3] [INFO] [1788833276.931039470] [controller_server]: Passing new path to controller.
[controller_server-3] [INFO] [1788833277.981768252] [controller_server]: Passing new path to controller.
[controller_server-3] [INFO] [1788833278.980459216] [controller_server]: Passing new path to controller.
[async_slam_toolbox_node-2] W0908 02:07:59.754825  9601 preprocessor.cc:62] Specified options.num_threads: 50 exceeds maximum available from the threading model Ceres was compiled with: 14.  Bounding to maximum number available.
[controller_server-3] [INFO] [1788833280.032970090] [controller_server]: Passing new path to controller.
[planner_server-5] [INFO] [1788833280.737492769] [global_costmap.global_costmap]: StaticLayer: Resizing costmap to 1133 X 916 at 0.015000 m/pix
[controller_server-3] [INFO] [1788833281.081898781] [controller_server]: Passing new path to controller.
[controller_server-3] [INFO] [1788833282.082832714] [controller_server]: Passing new path to controller.
[controller_server-3] [INFO] [1788833283.132392199] [controller_server]: Passing new path to controller.
[controller_server-3] [INFO] [1788833284.130441286] [controller_server]: Passing new path to controller.
[controller_server-3] [INFO] [1788833284.481747454] [controller_server]: Reached the goal!
[bt_navigator-7] [INFO] [1788833284.514957187] [bt_navigator]: Goal succeeded
[INFO] [1788833284.516265277] [candidate_explorer]: Frontier goal finished: success=True
[INFO] [1788833284.516539153] [candidate_explorer]: Reached frontier. Waiting for the map to expose new frontiers.
[planner_server-5] [INFO] [1788833284.737526858] [global_costmap.global_costmap]: StaticLayer: Resizing costmap to 1154 X 916 at 0.015000 m/pix
[INFO] [1788833285.020940720] [candidate_explorer]: Detected 4939 frontier cells
[INFO] [1788833285.027318624] [candidate_explorer]: Found 139 frontier clusters after filtering
[INFO] [1788833285.030985891] [candidate_explorer]: Selected frontier cluster: size=494, goal=(12.10, 1.67), distance=0.60
[INFO] [1788833285.031556102] [candidate_explorer]: Checking global path to frontier (12.10, 1.67), distance=0.60m
[INFO] [1788833285.039328803] [candidate_explorer]: Nav2 path to frontier is 0.63m (straight-line=0.60m, detour=1.1x)
[INFO] [1788833285.040161765] [candidate_explorer]: Global path accepted. Navigating to frontier (12.10, 1.67)
[bt_navigator-7] [INFO] [1788833285.040664351] [bt_navigator]: Begin navigating from current location (11.85, 2.22) to (12.10, 1.67)
[controller_server-3] [INFO] [1788833285.063748997] [controller_server]: Received a goal, begin computing control effort.
[controller_server-3] [INFO] [1788833285.567821355] [controller_server]: Reached the goal!
[bt_navigator-7] [INFO] [1788833285.601875342] [bt_navigator]: Goal succeeded
[INFO] [1788833285.603283306] [candidate_explorer]: Frontier goal finished: success=True
[INFO] [1788833285.603505432] [candidate_explorer]: Reached frontier. Waiting for the map to expose new frontiers.
[INFO] [1788833285.886332708] [candidate_explorer]: Detected 4939 frontier cells
[INFO] [1788833285.891116272] [candidate_explorer]: Found 139 frontier clusters after filtering
[INFO] [1788833285.894566870] [candidate_explorer]: Selected frontier cluster: size=494, goal=(12.53, 1.57), distance=0.60
[INFO] [1788833285.895178332] [candidate_explorer]: Checking global path to frontier (12.53, 1.57), distance=0.60m
[INFO] [1788833285.902670615] [candidate_explorer]: Nav2 path to frontier is 0.62m (straight-line=0.60m, detour=1.0x)
[INFO] [1788833285.903566203] [candidate_explorer]: Global path accepted. Navigating to frontier (12.53, 1.57)
[bt_navigator-7] [INFO] [1788833285.903909621] [bt_navigator]: Begin navigating from current location (12.03, 1.90) to (12.53, 1.57)
[controller_server-3] [INFO] [1788833285.925773678] [controller_server]: Received a goal, begin computing control effort.
[controller_server-3] [INFO] [1788833286.428719781] [controller_server]: Reached the goal!
[bt_navigator-7] [INFO] [1788833286.464843402] [bt_navigator]: Goal succeeded
[INFO] [1788833286.466219783] [candidate_explorer]: Frontier goal finished: success=True
[INFO] [1788833286.466530826] [candidate_explorer]: Reached frontier. Waiting for the map to expose new frontiers.
[INFO] [1788833286.640771529] [candidate_explorer]: Detected 4939 frontier cells
[INFO] [1788833286.645801052] [candidate_explorer]: Found 139 frontier clusters after filtering
[INFO] [1788833286.649622902] [candidate_explorer]: Selected frontier cluster: size=494, goal=(12.92, 1.70), distance=0.60
[INFO] [1788833286.650328864] [candidate_explorer]: Checking global path to frontier (12.92, 1.70), distance=0.60m
[INFO] [1788833286.657747731] [candidate_explorer]: Nav2 path to frontier is 0.61m (straight-line=0.60m, detour=1.0x)
[INFO] [1788833286.658731902] [candidate_explorer]: Global path accepted. Navigating to frontier (12.92, 1.70)
[bt_navigator-7] [INFO] [1788833286.659116820] [bt_navigator]: Begin navigating from current location (12.33, 1.60) to (12.92, 1.70)
[controller_server-3] [INFO] [1788833286.681256253] [controller_server]: Received a goal, begin computing control effort.
[planner_server-5] [INFO] [1788833286.740128394] [global_costmap.global_costmap]: StaticLayer: Resizing costmap to 1155 X 916 at 0.015000 m/pix
[controller_server-3] [INFO] [1788833287.184459732] [controller_server]: Reached the goal!
[bt_navigator-7] [INFO] [1788833287.220514353] [bt_navigator]: Goal succeeded
[INFO] [1788833287.221706608] [candidate_explorer]: Frontier goal finished: success=True
[INFO] [1788833287.221956651] [candidate_explorer]: Reached frontier. Waiting for the map to expose new frontiers.
[INFO] [1788833287.538527455] [candidate_explorer]: Detected 7168 frontier cells
[INFO] [1788833287.544855483] [candidate_explorer]: Found 203 frontier clusters after filtering
[INFO] [1788833287.550721176] [candidate_explorer]: Selected frontier cluster: size=701, goal=(13.07, 2.12), distance=0.60
[INFO] [1788833287.551464596] [candidate_explorer]: Checking global path to frontier (13.07, 2.12), distance=0.60m
[INFO] [1788833287.558864421] [candidate_explorer]: Nav2 path to frontier is 0.63m (straight-line=0.60m, detour=1.1x)
[INFO] [1788833287.559761425] [candidate_explorer]: Global path accepted. Navigating to frontier (13.07, 2.12)
[bt_navigator-7] [INFO] [1788833287.560172844] [bt_navigator]: Begin navigating from current location (12.75, 1.62) to (13.07, 2.12)
[controller_server-3] [INFO] [1788833287.583806367] [controller_server]: Received a goal, begin computing control effort.
[controller_server-3] [INFO] [1788833288.087141471] [controller_server]: Reached the goal!
[bt_navigator-7] [INFO] [1788833288.121380793] [bt_navigator]: Goal succeeded
[INFO] [1788833288.121944629] [candidate_explorer]: Frontier goal finished: success=True
[INFO] [1788833288.122205588] [candidate_explorer]: Reached frontier. Waiting for the map to expose new frontiers.
[INFO] [1788833288.390658174] [candidate_explorer]: Detected 7168 frontier cells
[INFO] [1788833288.397024328] [candidate_explorer]: Found 203 frontier clusters after filtering
[INFO] [1788833288.402790521] [candidate_explorer]: Selected frontier cluster: size=160, goal=(13.42, 2.41), distance=0.60
[INFO] [1788833288.403567982] [candidate_explorer]: Checking global path to frontier (13.42, 2.41), distance=0.60m
[INFO] [1788833288.411156600] [candidate_explorer]: Nav2 path to frontier is 0.63m (straight-line=0.60m, detour=1.0x)
[INFO] [1788833288.412215897] [candidate_explorer]: Global path accepted. Navigating to frontier (13.42, 2.41)
[bt_navigator-7] [INFO] [1788833288.412643148] [bt_navigator]: Begin navigating from current location (13.07, 1.92) to (13.42, 2.41)
[controller_server-3] [INFO] [1788833288.435788295] [controller_server]: Received a goal, begin computing control effort.
[controller_server-3] [INFO] [1788833288.937893643] [controller_server]: Reached the goal!
[bt_navigator-7] [INFO] [1788833288.975440396] [bt_navigator]: Goal succeeded
[INFO] [1788833288.975980649] [candidate_explorer]: Frontier goal finished: success=True
[INFO] [1788833288.976222733] [candidate_explorer]: Reached frontier. Waiting for the map to expose new frontiers.
[INFO] [1788833289.297934643] [candidate_explorer]: Detected 13003 frontier cells
[INFO] [1788833289.309698529] [candidate_explorer]: Found 294 frontier clusters after filtering
[INFO] [1788833289.328160571] [candidate_explorer]: Selected frontier cluster: size=1747, goal=(13.84, 2.45), distance=0.60
[INFO] [1788833289.329387368] [candidate_explorer]: Checking global path to frontier (13.84, 2.45), distance=0.60m
[INFO] [1788833289.336740193] [candidate_explorer]: Nav2 path to frontier is 0.60m (straight-line=0.60m, detour=1.0x)
[INFO] [1788833289.337648280] [candidate_explorer]: Global path accepted. Navigating to frontier (13.84, 2.45)
[bt_navigator-7] [INFO] [1788833289.338070824] [bt_navigator]: Begin navigating from current location (13.27, 2.25) to (13.84, 2.45)
[controller_server-3] [INFO] [1788833289.361576763] [controller_server]: Received a goal, begin computing control effort.
[controller_server-3] [INFO] [1788833289.865680913] [controller_server]: Reached the goal!
[bt_navigator-7] [INFO] [1788833289.898385685] [bt_navigator]: Goal succeeded
[INFO] [1788833289.899600816] [candidate_explorer]: Frontier goal finished: success=True
[INFO] [1788833289.899876900] [candidate_explorer]: Reached frontier. Waiting for the map to expose new frontiers.
[INFO] [1788833290.150368739] [candidate_explorer]: Detected 13003 frontier cells
[INFO] [1788833290.161979125] [candidate_explorer]: Found 294 frontier clusters after filtering
[INFO] [1788833290.179095994] [candidate_explorer]: Selected frontier cluster: size=1747, goal=(14.20, 2.36), distance=0.60
[INFO] [1788833290.180359874] [candidate_explorer]: Checking global path to frontier (14.20, 2.36), distance=0.60m
[INFO] [1788833290.188018534] [candidate_explorer]: Nav2 path to frontier is 0.63m (straight-line=0.60m, detour=1.0x)
[INFO] [1788833290.188928996] [candidate_explorer]: Global path accepted. Navigating to frontier (14.20, 2.36)
[bt_navigator-7] [INFO] [1788833290.189340665] [bt_navigator]: Begin navigating from current location (13.60, 2.45) to (14.20, 2.36)
[controller_server-3] [INFO] [1788833290.210400468] [controller_server]: Received a goal, begin computing control effort.
[controller_server-3] [INFO] [1788833290.663723097] [controller_server]: Reached the goal!
[bt_navigator-7] [INFO] [1788833290.702613689] [bt_navigator]: Goal succeeded
[INFO] [1788833290.703812694] [candidate_explorer]: Frontier goal finished: success=True
[INFO] [1788833290.704027320] [candidate_explorer]: Reached frontier. Waiting for the map to expose new frontiers.
[INFO] [1788833291.052520643] [candidate_explorer]: Detected 13431 frontier cells
[INFO] [1788833291.065088741] [candidate_explorer]: Found 214 frontier clusters after filtering
[INFO] [1788833291.084192494] [candidate_explorer]: Selected frontier cluster: size=180, goal=(14.65, 1.91), distance=0.85
[INFO] [1788833291.085496208] [candidate_explorer]: Checking global path to frontier (14.65, 1.91), distance=0.85m
[INFO] [1788833291.093771079] [candidate_explorer]: Nav2 path to frontier is 0.88m (straight-line=0.85m, detour=1.0x)
[INFO] [1788833291.094950084] [candidate_explorer]: Global path accepted. Navigating to frontier (14.65, 1.91)
[bt_navigator-7] [INFO] [1788833291.095369169] [bt_navigator]: Begin navigating from current location (13.99, 2.44) to (14.65, 1.91)
[controller_server-3] [INFO] [1788833291.117135851] [controller_server]: Received a goal, begin computing control effort.
[controller_server-3] [INFO] [1788833291.871947048] [controller_server]: Reached the goal!
[bt_navigator-7] [INFO] [1788833291.906500662] [bt_navigator]: Goal succeeded
[INFO] [1788833291.907833460] [candidate_explorer]: Frontier goal finished: success=True
[INFO] [1788833291.908055794] [candidate_explorer]: Reached frontier. Waiting for the map to expose new frontiers.
[INFO] [1788833292.155529744] [candidate_explorer]: Detected 13431 frontier cells
[INFO] [1788833292.168077426] [candidate_explorer]: Found 214 frontier clusters after filtering
[INFO] [1788833292.186699510] [candidate_explorer]: Selected frontier cluster: size=180, goal=(15.02, 1.78), distance=0.60
[INFO] [1788833292.188003391] [candidate_explorer]: Checking global path to frontier (15.02, 1.78), distance=0.60m
[INFO] [1788833292.195606008] [candidate_explorer]: Nav2 path to frontier is 0.65m (straight-line=0.60m, detour=1.1x)
[INFO] [1788833292.196532513] [candidate_explorer]: Global path accepted. Navigating to frontier (15.02, 1.78)
[bt_navigator-7] [INFO] [1788833292.196967473] [bt_navigator]: Begin navigating from current location (14.53, 2.12) to (15.02, 1.78)
[controller_server-3] [INFO] [1788833292.219354616] [controller_server]: Received a goal, begin computing control effort.
[controller_server-3] [INFO] [1788833292.723205306] [controller_server]: Reached the goal!
[bt_navigator-7] [INFO] [1788833292.760771392] [bt_navigator]: Goal succeeded
[INFO] [1788833292.761207977] [candidate_explorer]: Frontier goal finished: success=True
[INFO] [1788833292.761437061] [candidate_explorer]: Reached frontier. Waiting for the map to expose new frontiers.
[INFO] [1788833293.310006328] [candidate_explorer]: Detected 13582 frontier cells
[INFO] [1788833293.322751136] [candidate_explorer]: Found 222 frontier clusters after filtering
[INFO] [1788833293.342735184] [candidate_explorer]: Selected frontier cluster: size=7492, goal=(14.93, 1.28), distance=0.60
[INFO] [1788833293.344126315] [candidate_explorer]: Checking global path to frontier (14.93, 1.28), distance=0.60m
[INFO] [1788833293.351914142] [candidate_explorer]: Nav2 path to frontier is 0.62m (straight-line=0.60m, detour=1.0x)
[INFO] [1788833293.352760188] [candidate_explorer]: Global path accepted. Navigating to frontier (14.93, 1.28)
[bt_navigator-7] [INFO] [1788833293.353193690] [bt_navigator]: Begin navigating from current location (14.83, 1.88) to (14.93, 1.28)
[controller_server-3] [INFO] [1788833293.374220785] [controller_server]: Received a goal, begin computing control effort.
[controller_server-3] [INFO] [1788833294.426170156] [controller_server]: Passing new path to controller.
[controller_server-3] [INFO] [1788833294.527351196] [controller_server]: Reached the goal!
[bt_navigator-7] [INFO] [1788833294.564832532] [bt_navigator]: Goal succeeded
[INFO] [1788833294.565485909] [candidate_explorer]: Frontier goal finished: success=True
[INFO] [1788833294.565714077] [candidate_explorer]: Reached frontier. Waiting for the map to expose new frontiers.
[INFO] [1788833295.058573093] [candidate_explorer]: Detected 13046 frontier cells
[INFO] [1788833295.070885731] [candidate_explorer]: Found 226 frontier clusters after filtering
[INFO] [1788833295.089329190] [candidate_explorer]: Selected frontier cluster: size=6640, goal=(14.77, 0.83), distance=0.67
[INFO] [1788833295.090661237] [candidate_explorer]: Checking global path to frontier (14.77, 0.83), distance=0.67m
[INFO] [1788833295.098274730] [candidate_explorer]: Nav2 path to frontier is 0.68m (straight-line=0.67m, detour=1.0x)
[INFO] [1788833295.099247776] [candidate_explorer]: Global path accepted. Navigating to frontier (14.77, 0.83)
[bt_navigator-7] [INFO] [1788833295.099629986] [bt_navigator]: Begin navigating from current location (15.05, 1.44) to (14.77, 0.83)
[controller_server-3] [INFO] [1788833295.120389163] [controller_server]: Received a goal, begin computing control effort.
[controller_server-3] [INFO] [1788833295.623357182] [controller_server]: Reached the goal!
[bt_navigator-7] [INFO] [1788833295.662247191] [bt_navigator]: Goal succeeded
[INFO] [1788833295.663625072] [candidate_explorer]: Frontier goal finished: success=True
[INFO] [1788833295.663854699] [candidate_explorer]: Reached frontier. Waiting for the map to expose new frontiers.
[INFO] [1788833295.907745674] [candidate_explorer]: Detected 13046 frontier cells
[INFO] [1788833295.919996396] [candidate_explorer]: Found 226 frontier clusters after filtering
[INFO] [1788833295.937995602] [candidate_explorer]: Selected frontier cluster: size=6640, goal=(14.36, 0.76), distance=0.60
[INFO] [1788833295.939332608] [candidate_explorer]: Checking global path to frontier (14.36, 0.76), distance=0.60m
[INFO] [1788833295.946607891] [candidate_explorer]: Nav2 path to frontier is 0.61m (straight-line=0.60m, detour=1.0x)
[INFO] [1788833295.947506853] [candidate_explorer]: Global path accepted. Navigating to frontier (14.36, 0.76)
[bt_navigator-7] [INFO] [1788833295.947942397] [bt_navigator]: Begin navigating from current location (14.90, 1.01) to (14.36, 0.76)
[controller_server-3] [INFO] [1788833295.970692166] [controller_server]: Received a goal, begin computing control effort.
[controller_server-3] [INFO] [1788833296.481391637] [controller_server]: Reached the goal!
[bt_navigator-7] [INFO] [1788833296.508735219] [bt_navigator]: Goal succeeded
[INFO] [1788833296.509970099] [candidate_explorer]: Frontier goal finished: success=True
[INFO] [1788833296.510179809] [candidate_explorer]: Reached frontier. Waiting for the map to expose new frontiers.
[INFO] [1788833297.063342680] [candidate_explorer]: Detected 10702 frontier cells
[INFO] [1788833297.073357558] [candidate_explorer]: Found 200 frontier clusters after filtering
[INFO] [1788833297.087409496] [candidate_explorer]: Selected frontier cluster: size=10, goal=(14.08, 0.38), distance=0.62
[INFO] [1788833297.088460626] [candidate_explorer]: Checking global path to frontier (14.08, 0.38), distance=0.62m
[INFO] [1788833297.096152411] [candidate_explorer]: Nav2 path to frontier is 0.62m (straight-line=0.62m, detour=1.0x)
[INFO] [1788833297.097085498] [candidate_explorer]: Global path accepted. Navigating to frontier (14.08, 0.38)
[bt_navigator-7] [INFO] [1788833297.097459417] [bt_navigator]: Begin navigating from current location (14.56, 0.77) to (14.08, 0.38)
[controller_server-3] [INFO] [1788833297.118924597] [controller_server]: Received a goal, begin computing control effort.
[controller_server-3] [INFO] [1788833297.621116488] [controller_server]: Reached the goal!
[bt_navigator-7] [INFO] [1788833297.660803750] [bt_navigator]: Goal succeeded
[INFO] [1788833297.662151631] [candidate_explorer]: Frontier goal finished: success=True
[INFO] [1788833297.662412757] [candidate_explorer]: Reached frontier. Waiting for the map to expose new frontiers.
[INFO] [1788833297.905941231] [candidate_explorer]: Detected 10702 frontier cells
[INFO] [1788833297.915868651] [candidate_explorer]: Found 200 frontier clusters after filtering
[INFO] [1788833297.930050507] [candidate_explorer]: Selected frontier cluster: size=91, goal=(13.90, 0.04), distance=0.60
[INFO] [1788833297.931044678] [candidate_explorer]: Checking global path to frontier (13.90, 0.04), distance=0.60m
[INFO] [1788833297.939136798] [candidate_explorer]: Nav2 path to frontier is 0.60m (straight-line=0.60m, detour=1.0x)
[INFO] [1788833297.940018718] [candidate_explorer]: Global path accepted. Navigating to frontier (13.90, 0.04)
[bt_navigator-7] [INFO] [1788833297.940431637] [bt_navigator]: Begin navigating from current location (14.18, 0.57) to (13.90, 0.04)
[controller_server-3] [INFO] [1788833297.962343902] [controller_server]: Received a goal, begin computing control effort.
[controller_server-3] [INFO] [1788833298.416838953] [controller_server]: Reached the goal!
[bt_navigator-7] [INFO] [1788833298.454571457] [bt_navigator]: Goal succeeded
[INFO] [1788833298.455820587] [candidate_explorer]: Frontier goal finished: success=True
[INFO] [1788833298.456076547] [candidate_explorer]: Reached frontier. Waiting for the map to expose new frontiers.
[INFO] [1788833298.661693099] [candidate_explorer]: Detected 10702 frontier cells
[INFO] [1788833298.671623853] [candidate_explorer]: Found 200 frontier clusters after filtering
[INFO] [1788833298.684963871] [candidate_explorer]: Selected frontier cluster: size=5177, goal=(13.15, -0.22), distance=0.94
[INFO] [1788833298.686056501] [candidate_explorer]: Checking global path to frontier (13.15, -0.22), distance=0.94m
[INFO] [1788833298.694530123] [candidate_explorer]: Nav2 path to frontier is 1.02m (straight-line=0.94m, detour=1.1x)
[INFO] [1788833298.695789378] [candidate_explorer]: Global path accepted. Navigating to frontier (13.15, -0.22)
[bt_navigator-7] [INFO] [1788833298.696177547] [bt_navigator]: Begin navigating from current location (13.97, 0.24) to (13.15, -0.22)
[controller_server-3] [INFO] [1788833298.718434439] [controller_server]: Received a goal, begin computing control effort.
[controller_server-3] [INFO] [1788833299.472762259] [controller_server]: Reached the goal!
[bt_navigator-7] [INFO] [1788833299.506874830] [bt_navigator]: Goal succeeded
[INFO] [1788833299.508171335] [candidate_explorer]: Frontier goal finished: success=True
[INFO] [1788833299.508406753] [candidate_explorer]: Reached frontier. Waiting for the map to expose new frontiers.
[INFO] [1788833300.064268511] [candidate_explorer]: Detected 8976 frontier cells
[INFO] [1788833300.072500757] [candidate_explorer]: Found 176 frontier clusters after filtering
[INFO] [1788833300.083616015] [candidate_explorer]: Selected frontier cluster: size=37, goal=(12.79, -0.37), distance=0.61
[INFO] [1788833300.084560519] [candidate_explorer]: Checking global path to frontier (12.79, -0.37), distance=0.61m
[INFO] [1788833300.092190179] [candidate_explorer]: Nav2 path to frontier is 0.63m (straight-line=0.61m, detour=1.0x)
[INFO] [1788833300.093162808] [candidate_explorer]: Global path accepted. Navigating to frontier (12.79, -0.37)
[bt_navigator-7] [INFO] [1788833300.093542560] [bt_navigator]: Begin navigating from current location (13.35, -0.15) to (12.79, -0.37)
[controller_server-3] [INFO] [1788833300.116538039] [controller_server]: Received a goal, begin computing control effort.
[controller_server-3] [INFO] [1788833300.571166173] [controller_server]: Reached the goal!
[bt_navigator-7] [INFO] [1788833300.604719908] [bt_navigator]: Goal succeeded
[INFO] [1788833300.606052122] [candidate_explorer]: Frontier goal finished: success=True
[INFO] [1788833300.606288207] [candidate_explorer]: Reached frontier. Waiting for the map to expose new frontiers.
[INFO] [1788833301.063874355] [candidate_explorer]: Detected 7104 frontier cells
[INFO] [1788833301.070384467] [candidate_explorer]: Found 196 frontier clusters after filtering
[INFO] [1788833301.078553004] [candidate_explorer]: Selected frontier cluster: size=73, goal=(12.34, -0.77), distance=0.81
[INFO] [1788833301.079355091] [candidate_explorer]: Checking global path to frontier (12.34, -0.77), distance=0.81m
[INFO] [1788833301.087174835] [candidate_explorer]: Nav2 path to frontier is 0.80m (straight-line=0.81m, detour=1.0x)
[INFO] [1788833301.088292173] [candidate_explorer]: Global path accepted. Navigating to frontier (12.34, -0.77)
[bt_navigator-7] [INFO] [1788833301.088698883] [bt_navigator]: Begin navigating from current location (12.98, -0.28) to (12.34, -0.77)
[controller_server-3] [INFO] [1788833301.110528315] [controller_server]: Received a goal, begin computing control effort.
[controller_server-3] [INFO] [1788833301.713069159] [controller_server]: Reached the goal!
[bt_navigator-7] [INFO] [1788833301.749477865] [bt_navigator]: Goal succeeded
[INFO] [1788833301.750066951] [candidate_explorer]: Frontier goal finished: success=True
[INFO] [1788833301.750268201] [candidate_explorer]: Reached frontier. Waiting for the map to expose new frontiers.
[INFO] [1788833301.912041223] [candidate_explorer]: Detected 7104 frontier cells
[INFO] [1788833301.918366918] [candidate_explorer]: Found 196 frontier clusters after filtering
[INFO] [1788833301.925731826] [candidate_explorer]: Selected frontier cluster: size=88, goal=(12.50, -1.19), distance=0.60
[INFO] [1788833301.926462996] [candidate_explorer]: Checking global path to frontier (12.50, -1.19), distance=0.60m
[INFO] [1788833301.933742863] [candidate_explorer]: Nav2 path to frontier is 0.62m (straight-line=0.60m, detour=1.0x)
[INFO] [1788833301.934653867] [candidate_explorer]: Global path accepted. Navigating to frontier (12.50, -1.19)
[bt_navigator-7] [INFO] [1788833301.935198328] [bt_navigator]: Begin navigating from current location (12.50, -0.59) to (12.50, -1.19)
[controller_server-3] [INFO] [1788833301.956029380] [controller_server]: Received a goal, begin computing control effort.
[controller_server-3] [INFO] [1788833302.816724972] [controller_server]: Reached the goal!
[bt_navigator-7] [INFO] [1788833302.856453359] [bt_navigator]: Goal succeeded
[INFO] [1788833302.857727823] [candidate_explorer]: Frontier goal finished: success=True
[INFO] [1788833302.857961241] [candidate_explorer]: Reached frontier. Waiting for the map to expose new frontiers.
[INFO] [1788833303.316436976] [candidate_explorer]: Detected 5641 frontier cells
[INFO] [1788833303.321588499] [candidate_explorer]: Found 186 frontier clusters after filtering
[INFO] [1788833303.327160191] [candidate_explorer]: Selected frontier cluster: size=27, goal=(12.98, -1.37), distance=0.70
[INFO] [1788833303.327845236] [candidate_explorer]: Checking global path to frontier (12.98, -1.37), distance=0.70m
[INFO] [1788833303.335499646] [candidate_explorer]: Nav2 path to frontier is 0.72m (straight-line=0.70m, detour=1.0x)
[INFO] [1788833303.336531150] [candidate_explorer]: Global path accepted. Navigating to frontier (12.98, -1.37)
[bt_navigator-7] [INFO] [1788833303.336991527] [bt_navigator]: Begin navigating from current location (12.37, -1.02) to (12.98, -1.37)
[controller_server-3] [INFO] [1788833303.360364174] [controller_server]: Received a goal, begin computing control effort.
[controller_server-3] [INFO] [1788833304.364975874] [controller_server]: Reached the goal!
[bt_navigator-7] [INFO] [1788833304.397905481] [bt_navigator]: Goal succeeded
[INFO] [1788833304.399101486] [candidate_explorer]: Frontier goal finished: success=True
[INFO] [1788833304.399318445] [candidate_explorer]: Reached frontier. Waiting for the map to expose new frontiers.
[INFO] [1788833304.660878501] [candidate_explorer]: Detected 5641 frontier cells
[INFO] [1788833304.671865592] [candidate_explorer]: Found 186 frontier clusters after filtering
[INFO] [1788833304.677126407] [candidate_explorer]: Selected frontier cluster: size=16, goal=(13.36, -1.48), distance=0.61
[INFO] [1788833304.677784035] [candidate_explorer]: Checking global path to frontier (13.36, -1.48), distance=0.61m
[INFO] [1788833304.685374944] [candidate_explorer]: Nav2 path to frontier is 0.64m (straight-line=0.61m, detour=1.0x)
[INFO] [1788833304.686288573] [candidate_explorer]: Global path accepted. Navigating to frontier (13.36, -1.48)
[bt_navigator-7] [INFO] [1788833304.686718200] [bt_navigator]: Begin navigating from current location (12.75, -1.39) to (13.36, -1.48)
[controller_server-3] [INFO] [1788833304.709784846] [controller_server]: Received a goal, begin computing control effort.
[controller_server-3] [INFO] [1788833304.760321783] [controller_server]: Passing new path to controller.
[controller_server-3] [INFO] [1788833305.162390063] [controller_server]: Reached the goal!
[bt_navigator-7] [INFO] [1788833305.199124404] [bt_navigator]: Goal succeeded
[INFO] [1788833305.199589491] [candidate_explorer]: Frontier goal finished: success=True
[INFO] [1788833305.199837368] [candidate_explorer]: Reached frontier. Waiting for the map to expose new frontiers.
[INFO] [1788833305.564624008] [candidate_explorer]: Detected 4979 frontier cells
[INFO] [1788833305.570873600] [candidate_explorer]: Found 170 frontier clusters after filtering
[INFO] [1788833305.575349845] [candidate_explorer]: Selected frontier cluster: size=21, goal=(14.15, -1.37), distance=1.00
[INFO] [1788833305.576000642] [candidate_explorer]: Checking global path to frontier (14.15, -1.37), distance=1.00m
[INFO] [1788833305.584213334] [candidate_explorer]: Nav2 path to frontier is 1.01m (straight-line=1.00m, detour=1.0x)
[INFO] [1788833305.585535178] [candidate_explorer]: Global path accepted. Navigating to frontier (14.15, -1.37)
[bt_navigator-7] [INFO] [1788833305.586020182] [bt_navigator]: Begin navigating from current location (13.15, -1.47) to (14.15, -1.37)
[controller_server-3] [INFO] [1788833305.608180363] [controller_server]: Received a goal, begin computing control effort.
[controller_server-3] [INFO] [1788833306.412313542] [controller_server]: Reached the goal!
[bt_navigator-7] [INFO] [1788833306.446298485] [bt_navigator]: Goal succeeded
[INFO] [1788833306.447512620] [candidate_explorer]: Frontier goal finished: success=True
[INFO] [1788833306.447755164] [candidate_explorer]: Reached frontier. Waiting for the map to expose new frontiers.
[INFO] [1788833306.663580048] [candidate_explorer]: Detected 4979 frontier cells
[INFO] [1788833306.668301086] [candidate_explorer]: Found 170 frontier clusters after filtering
[INFO] [1788833306.672638330] [candidate_explorer]: Selected frontier cluster: size=36, goal=(14.60, -1.30), distance=0.66
[INFO] [1788833306.673315502] [candidate_explorer]: Checking global path to frontier (14.60, -1.30), distance=0.66m
[INFO] [1788833306.680899231] [candidate_explorer]: Nav2 path to frontier is 0.67m (straight-line=0.66m, detour=1.0x)
[INFO] [1788833306.681824488] [candidate_explorer]: Global path accepted. Navigating to frontier (14.60, -1.30)
[bt_navigator-7] [INFO] [1788833306.682228366] [bt_navigator]: Begin navigating from current location (13.95, -1.40) to (14.60, -1.30)
[controller_server-3] [INFO] [1788833306.704606090] [controller_server]: Received a goal, begin computing control effort.
[controller_server-3] [INFO] [1788833307.208720449] [controller_server]: Reached the goal!
[bt_navigator-7] [INFO] [1788833307.244262989] [bt_navigator]: Goal succeeded
[INFO] [1788833307.244690576] [candidate_explorer]: Frontier goal finished: success=True
[INFO] [1788833307.244900161] [candidate_explorer]: Reached frontier. Waiting for the map to expose new frontiers.
[INFO] [1788833307.563401840] [candidate_explorer]: Detected 4599 frontier cells
[INFO] [1788833307.569641599] [candidate_explorer]: Found 153 frontier clusters after filtering
[INFO] [1788833307.573284712] [candidate_explorer]: Selected frontier cluster: size=12, goal=(14.98, -1.45), distance=0.60
[INFO] [1788833307.573842508] [candidate_explorer]: Checking global path to frontier (14.98, -1.45), distance=0.60m
[INFO] [1788833307.581241527] [candidate_explorer]: Nav2 path to frontier is 0.62m (straight-line=0.60m, detour=1.0x)
[INFO] [1788833307.582072034] [candidate_explorer]: Global path accepted. Navigating to frontier (14.98, -1.45)
[bt_navigator-7] [INFO] [1788833307.582424537] [bt_navigator]: Begin navigating from current location (14.39, -1.35) to (14.98, -1.45)
[controller_server-3] [INFO] [1788833307.605682268] [controller_server]: Received a goal, begin computing control effort.
[controller_server-3] [INFO] [1788833308.058727585] [controller_server]: Reached the goal!
[bt_navigator-7] [INFO] [1788833308.092791029] [bt_navigator]: Goal succeeded
[INFO] [1788833308.094014206] [candidate_explorer]: Frontier goal finished: success=True
[INFO] [1788833308.094214208] [candidate_explorer]: Reached frontier. Waiting for the map to expose new frontiers.
[INFO] [1788833308.412369342] [candidate_explorer]: Detected 4599 frontier cells
[INFO] [1788833308.416735795] [candidate_explorer]: Found 153 frontier clusters after filtering
[INFO] [1788833308.420304199] [candidate_explorer]: Selected frontier cluster: size=163, goal=(13.94, 3.76), distance=5.18
[INFO] [1788833308.420860745] [candidate_explorer]: Checking global path to frontier (13.94, 3.76), distance=5.18m
[INFO] [1788833308.440200319] [candidate_explorer]: Nav2 path to frontier is 6.97m (straight-line=5.18m, detour=1.3x)
[INFO] [1788833308.447494212] [candidate_explorer]: Global path accepted. Navigating to frontier (13.94, 3.76)
[bt_navigator-7] [INFO] [1788833308.448051717] [bt_navigator]: Begin navigating from current location (14.76, -1.36) to (13.94, 3.76)
[controller_server-3] [INFO] [1788833308.468666301] [controller_server]: Received a goal, begin computing control effort.
[controller_server-3] [INFO] [1788833309.518772110] [controller_server]: Passing new path to controller.
[controller_server-3] [INFO] [1788833310.569163629] [controller_server]: Passing new path to controller.
[controller_server-3] [INFO] [1788833311.569320906] [controller_server]: Passing new path to controller.
[controller_server-3] [INFO] [1788833312.569781726] [controller_server]: Passing new path to controller.
[controller_server-3] [INFO] [1788833313.619174571] [controller_server]: Passing new path to controller.
[async_slam_toolbox_node-2] W0908 02:08:33.956842  9601 preprocessor.cc:62] Specified options.num_threads: 50 exceeds maximum available from the threading model Ceres was compiled with: 14.  Bounding to maximum number available.
[controller_server-3] [INFO] [1788833314.675126885] [controller_server]: Passing new path to controller.
[planner_server-5] [INFO] [1788833314.737932522] [global_costmap.global_costmap]: StaticLayer: Resizing costmap to 1156 X 916 at 0.015000 m/pix
[controller_server-3] [INFO] [1788833314.820645905] [controller_server]: Reached the goal!
[bt_navigator-7] [INFO] [1788833314.859173010] [bt_navigator]: Goal succeeded
[INFO] [1788833314.859605431] [candidate_explorer]: Frontier goal finished: success=True
[INFO] [1788833314.859807224] [candidate_explorer]: Reached frontier. Waiting for the map to expose new frontiers.
[INFO] [1788833315.314394179] [candidate_explorer]: Detected 4846 frontier cells
[INFO] [1788833315.320765481] [candidate_explorer]: Found 155 frontier clusters after filtering
[INFO] [1788833315.324922681] [candidate_explorer]: Selected frontier cluster: size=218, goal=(13.70, 4.09), distance=0.60
[INFO] [1788833315.325522353] [candidate_explorer]: Checking global path to frontier (13.70, 4.09), distance=0.60m
[INFO] [1788833315.333010081] [candidate_explorer]: Nav2 path to frontier is 0.73m (straight-line=0.60m, detour=1.2x)
[INFO] [1788833315.333897088] [candidate_explorer]: Global path accepted. Navigating to frontier (13.70, 4.09)
[bt_navigator-7] [INFO] [1788833315.334269049] [bt_navigator]: Begin navigating from current location (13.97, 3.55) to (13.70, 4.09)
[controller_server-3] [INFO] [1788833315.357993076] [controller_server]: Received a goal, begin computing control effort.
[controller_server-3] [INFO] [1788833315.860213169] [controller_server]: Reached the goal!
[bt_navigator-7] [INFO] [1788833315.894456448] [bt_navigator]: Goal succeeded
[INFO] [1788833315.895663333] [candidate_explorer]: Frontier goal finished: success=True
[INFO] [1788833315.895860126] [candidate_explorer]: Reached frontier. Waiting for the map to expose new frontiers.
[INFO] [1788833316.163685767] [candidate_explorer]: Detected 4846 frontier cells
[INFO] [1788833316.168263805] [candidate_explorer]: Found 155 frontier clusters after filtering
[INFO] [1788833316.171905793] [candidate_explorer]: Selected frontier cluster: size=218, goal=(13.50, 4.42), distance=0.60
[INFO] [1788833316.172459756] [candidate_explorer]: Checking global path to frontier (13.50, 4.42), distance=0.60m
[INFO] [1788833316.179877316] [candidate_explorer]: Nav2 path to frontier is 0.64m (straight-line=0.60m, detour=1.1x)
[INFO] [1788833316.180742865] [candidate_explorer]: Global path accepted. Navigating to frontier (13.50, 4.42)
[bt_navigator-7] [INFO] [1788833316.181103743] [bt_navigator]: Begin navigating from current location (13.86, 3.93) to (13.50, 4.42)
[controller_server-3] [INFO] [1788833316.204851311] [controller_server]: Received a goal, begin computing control effort.
[controller_server-3] [INFO] [1788833316.656869579] [controller_server]: Reached the goal!
[bt_navigator-7] [INFO] [1788833316.694211466] [bt_navigator]: Goal succeeded
[INFO] [1788833316.694628678] [candidate_explorer]: Frontier goal finished: success=True
[INFO] [1788833316.694873763] [candidate_explorer]: Reached frontier. Waiting for the map to expose new frontiers.
[INFO] [1788833317.070351740] [candidate_explorer]: Detected 5327 frontier cells
[INFO] [1788833317.077047253] [candidate_explorer]: Found 134 frontier clusters after filtering
[INFO] [1788833317.081595624] [candidate_explorer]: Selected frontier cluster: size=1281, goal=(13.19, 4.66), distance=0.60
[INFO] [1788833317.082217754] [candidate_explorer]: Checking global path to frontier (13.19, 4.66), distance=0.60m
[INFO] [1788833317.089709023] [candidate_explorer]: Nav2 path to frontier is 0.67m (straight-line=0.60m, detour=1.1x)
[INFO] [1788833317.090675489] [candidate_explorer]: Global path accepted. Navigating to frontier (13.19, 4.66)
[bt_navigator-7] [INFO] [1788833317.091093576] [bt_navigator]: Begin navigating from current location (13.63, 4.26) to (13.19, 4.66)
[controller_server-3] [INFO] [1788833317.113873012] [controller_server]: Received a goal, begin computing control effort.
[controller_server-3] [INFO] [1788833317.566167198] [controller_server]: Reached the goal!
[bt_navigator-7] [INFO] [1788833317.604521386] [bt_navigator]: Goal succeeded
[INFO] [1788833317.605005556] [candidate_explorer]: Frontier goal finished: success=True
[INFO] [1788833317.605251017] [candidate_explorer]: Reached frontier. Waiting for the map to expose new frontiers.
[INFO] [1788833317.914861832] [candidate_explorer]: Detected 5327 frontier cells
[INFO] [1788833317.919825164] [candidate_explorer]: Found 134 frontier clusters after filtering
[INFO] [1788833317.923917322] [candidate_explorer]: Selected frontier cluster: size=1281, goal=(13.10, 5.06), distance=0.60
[INFO] [1788833317.924685953] [candidate_explorer]: Checking global path to frontier (13.10, 5.06), distance=0.60m
[INFO] [1788833317.931791720] [candidate_explorer]: Nav2 path to frontier is 0.62m (straight-line=0.60m, detour=1.0x)
[INFO] [1788833317.932732394] [candidate_explorer]: Global path accepted. Navigating to frontier (13.10, 5.06)
[bt_navigator-7] [INFO] [1788833317.933201523] [bt_navigator]: Begin navigating from current location (13.37, 4.53) to (13.10, 5.06)
[controller_server-3] [INFO] [1788833317.954424404] [controller_server]: Received a goal, begin computing control effort.
[controller_server-3] [INFO] [1788833318.407916683] [controller_server]: Reached the goal!
[bt_navigator-7] [INFO] [1788833318.444346314] [bt_navigator]: Goal succeeded
[INFO] [1788833318.445660574] [candidate_explorer]: Frontier goal finished: success=True
[INFO] [1788833318.445906035] [candidate_explorer]: Reached frontier. Waiting for the map to expose new frontiers.
[INFO] [1788833318.663919270] [candidate_explorer]: Detected 5327 frontier cells
[INFO] [1788833318.669038728] [candidate_explorer]: Found 134 frontier clusters after filtering
[INFO] [1788833318.672594716] [candidate_explorer]: Selected frontier cluster: size=1281, goal=(13.31, 5.44), distance=0.60
[INFO] [1788833318.673252971] [candidate_explorer]: Checking global path to frontier (13.31, 5.44), distance=0.60m
[INFO] [1788833318.680855200] [candidate_explorer]: Nav2 path to frontier is 0.60m (straight-line=0.60m, detour=1.0x)
[INFO] [1788833318.681725207] [candidate_explorer]: Global path accepted. Navigating to frontier (13.31, 5.44)
[bt_navigator-7] [INFO] [1788833318.682072918] [bt_navigator]: Begin navigating from current location (13.15, 4.86) to (13.31, 5.44)
[controller_server-3] [INFO] [1788833318.705421942] [controller_server]: Received a goal, begin computing control effort.
[controller_server-3] [INFO] [1788833319.211370482] [controller_server]: Reached the goal!
[bt_navigator-7] [INFO] [1788833319.244182624] [bt_navigator]: Goal succeeded
[INFO] [1788833319.245506552] [candidate_explorer]: Frontier goal finished: success=True
[INFO] [1788833319.245758804] [candidate_explorer]: Reached frontier. Waiting for the map to expose new frontiers.
[INFO] [1788833319.571300540] [candidate_explorer]: Detected 5005 frontier cells
[INFO] [1788833319.577637175] [candidate_explorer]: Found 130 frontier clusters after filtering
[INFO] [1788833319.580787409] [candidate_explorer]: Selected frontier cluster: size=1042, goal=(12.93, 5.83), distance=0.60
[INFO] [1788833319.581382039] [candidate_explorer]: Checking global path to frontier (12.93, 5.83), distance=0.60m
[INFO] [1788833319.588969059] [candidate_explorer]: Nav2 path to frontier is 0.63m (straight-line=0.60m, detour=1.1x)
[INFO] [1788833319.589941609] [candidate_explorer]: Global path accepted. Navigating to frontier (12.93, 5.83)
[bt_navigator-7] [INFO] [1788833319.590392696] [bt_navigator]: Begin navigating from current location (13.15, 5.27) to (12.93, 5.83)
[controller_server-3] [INFO] [1788833319.613907846] [controller_server]: Received a goal, begin computing control effort.
[controller_server-3] [INFO] [1788833320.615967138] [controller_server]: Reached the goal!
[bt_navigator-7] [INFO] [1788833320.651935223] [bt_navigator]: Goal succeeded
[INFO] [1788833320.653030523] [candidate_explorer]: Frontier goal finished: success=True
[INFO] [1788833320.653267817] [candidate_explorer]: Reached frontier. Waiting for the map to expose new frontiers.
[INFO] [1788833321.076787935] [candidate_explorer]: Detected 3797 frontier cells
[INFO] [1788833321.082142687] [candidate_explorer]: Found 121 frontier clusters after filtering
[WARN] [1788833321.084524498] [candidate_explorer]: Frontier clusters exist, but none have a usable goal point.
[WARN] [1788833321.085016294] [candidate_explorer]: Frontier clusters exist but have no usable goal. Trying recovery direction 1/8 before checking again.
[INFO] [1788833321.085259671] [candidate_explorer]: Recovery move 1/8: forward, 0.8 m -> (12.68, 6.39)
[bt_navigator-7] [INFO] [1788833321.085830759] [bt_navigator]: Begin navigating from current location (13.13, 5.72) to (12.68, 6.39)
[controller_server-3] [INFO] [1788833321.117445350] [controller_server]: Received a goal, begin computing control effort.
[controller_server-3] [INFO] [1788833321.168268473] [controller_server]: Passing new path to controller.
[async_slam_toolbox_node-2] W0908 02:08:41.708328  9601 preprocessor.cc:62] Specified options.num_threads: 50 exceeds maximum available from the threading model Ceres was compiled with: 14.  Bounding to maximum number available.
[WARN] [1788833321.749729462] [candidate_explorer]: Large map->odom correction detected (translation=1.72m, yaw=0.1deg). Pausing frontier navigation for 3.0s.
[controller_server-3] [WARN] [1788833321.770255004] [controller_server]: Resulting plan has 0 poses in it.
[controller_server-3] [WARN] [1788833321.818501731] [controller_server]: Received plan with zero length
[controller_server-3] [ERROR] [1788833321.818797733] [controller_server]: Controller patience exceeded
[controller_server-3] [WARN] [1788833321.818945151] [controller_server]: [follow_path] [ActionServer] Aborting handle.
[behavior_server-6] [INFO] [1788833321.837305384] [behavior_server]: Running backup
[INFO] [1788833322.500734749] [candidate_explorer]: Map/costmap stabilization window complete; replanning.
[planner_server-5] [INFO] [1788833322.737413512] [global_costmap.global_costmap]: StaticLayer: Resizing costmap to 1166 X 900 at 0.015000 m/pix
[behavior_server-6] [INFO] [1788833323.239702814] [behavior_server]: backup completed successfully
[planner_server-5] [WARN] [1788833323.270594649] [planner_server]: GridBased: failed to create plan with tolerance 0.50.
[planner_server-5] [WARN] [1788833323.270922151] [planner_server]: Planning algorithm GridBased failed to generate a valid path to (12.68, 6.39)
[planner_server-5] [WARN] [1788833323.270931277] [planner_server]: [compute_path_to_pose] [ActionServer] Aborting handle.
[behavior_server-6] [INFO] [1788833323.286878573] [behavior_server]: Running spin
[behavior_server-6] [INFO] [1788833323.286922282] [behavior_server]: Turning 1.57 for spin behavior.
[behavior_server-6] [INFO] [1788833323.687368962] [behavior_server]: spin completed successfully
[planner_server-5] [WARN] [1788833323.719360098] [planner_server]: GridBased: failed to create plan with tolerance 0.50.
[planner_server-5] [WARN] [1788833323.719674267] [planner_server]: Planning algorithm GridBased failed to generate a valid path to (12.68, 6.39)
[planner_server-5] [WARN] [1788833323.719681809] [planner_server]: [compute_path_to_pose] [ActionServer] Aborting handle.
[behavior_server-6] [INFO] [1788833323.737221369] [behavior_server]: Running spin
[behavior_server-6] [INFO] [1788833323.737362953] [behavior_server]: Turning -1.57 for spin behavior.
[behavior_server-6] [INFO] [1788833324.140999743] [behavior_server]: spin completed successfully
[planner_server-5] [WARN] [1788833324.170345857] [planner_server]: GridBased: failed to create plan with tolerance 0.50.
[planner_server-5] [WARN] [1788833324.170608109] [planner_server]: Planning algorithm GridBased failed to generate a valid path to (12.68, 6.39)
[planner_server-5] [WARN] [1788833324.170615359] [planner_server]: [compute_path_to_pose] [ActionServer] Aborting handle.
[controller_server-3] [INFO] [1788833324.186274153] [local_costmap.local_costmap]: Received request to clear entirely the local_costmap
[planner_server-5] [INFO] [1788833324.186482030] [global_costmap.global_costmap]: Received request to clear entirely the global_costmap
[planner_server-5] [WARN] [1788833324.771759175] [planner_server]: GridBased: failed to create plan with tolerance 0.50.
[planner_server-5] [WARN] [1788833324.771796301] [planner_server]: Planning algorithm GridBased failed to generate a valid path to (12.68, 6.39)
[planner_server-5] [WARN] [1788833324.771819092] [planner_server]: [compute_path_to_pose] [ActionServer] Aborting handle.
[behavior_server-6] [INFO] [1788833324.786467837] [behavior_server]: Running backup
[WARN] [1788833325.000580957] [candidate_explorer]: Large map->odom correction detected (translation=2.05m, yaw=8.3deg). Pausing frontier navigation for 3.0s.
[INFO] [1788833325.750701862] [candidate_explorer]: Map/costmap stabilization window complete; replanning.
[behavior_server-6] [INFO] [1788833326.089366997] [behavior_server]: backup completed successfully
[controller_server-3] [INFO] [1788833326.136836343] [controller_server]: Received a goal, begin computing control effort.
[WARN] [1788833326.999660083] [candidate_explorer]: Large map->odom correction detected (translation=0.64m, yaw=2.4deg). Pausing frontier navigation for 3.0s.
[controller_server-3] [INFO] [1788833327.191404896] [controller_server]: Passing new path to controller.
[INFO] [1788833327.748954773] [candidate_explorer]: Map/costmap stabilization window complete; replanning.
[controller_server-3] [INFO] [1788833328.090135513] [controller_server]: Reached the goal!
[bt_navigator-7] [INFO] [1788833328.127917154] [bt_navigator]: Goal succeeded
[INFO] [1788833328.128392533] [candidate_explorer]: Recovery move 'forward' succeeded.
[INFO] [1788833328.568688996] [candidate_explorer]: Detected 3483 frontier cells
[INFO] [1788833328.573484827] [candidate_explorer]: Found 109 frontier clusters after filtering
[INFO] [1788833328.575749012] [candidate_explorer]: Selected frontier cluster: size=10, goal=(0.88, 1.87), distance=12.47
[INFO] [1788833328.576235766] [candidate_explorer]: Checking global path to frontier (0.88, 1.87), distance=12.47m
[planner_server-5] [WARN] [1788833328.578391784] [planner_server]: GridBased: failed to create plan with tolerance 0.50.
[planner_server-5] [WARN] [1788833328.578664369] [planner_server]: Planning algorithm GridBased failed to generate a valid path to (0.88, 1.87)
[planner_server-5] [WARN] [1788833328.578671661] [planner_server]: [compute_path_to_pose] [ActionServer] Aborting handle.
[WARN] [1788833328.582576984] [candidate_explorer]: Path computation failed, status=6
[WARN] [1788833328.582791861] [candidate_explorer]: No global path to frontier (0.88, 1.87). Blacklisting.
[INFO] [1788833329.066937849] [candidate_explorer]: Detected 3483 frontier cells
[INFO] [1788833329.070109000] [candidate_explorer]: Found 109 frontier clusters after filtering
[WARN] [1788833329.072313101] [candidate_explorer]: Frontier clusters exist, but none have a usable goal point.
[WARN] [1788833329.072763063] [candidate_explorer]: Frontier clusters exist but have no usable goal. Trying recovery direction 1/8 before checking again.
[INFO] [1788833329.073003731] [candidate_explorer]: Recovery move 1/8: forward, 0.8 m -> (12.16, 7.18)
[bt_navigator-7] [INFO] [1788833329.073657112] [bt_navigator]: Begin navigating from current location (12.48, 6.44) to (12.16, 7.18)
[controller_server-3] [INFO] [1788833329.095694541] [controller_server]: Received a goal, begin computing control effort.
[controller_server-3] [INFO] [1788833329.747986191] [controller_server]: Reached the goal!
[WARN] [1788833329.749778039] [candidate_explorer]: Large map->odom correction detected (translation=0.62m, yaw=2.9deg). Pausing frontier navigation for 3.0s.
[bt_navigator-7] [INFO] [1788833329.785945334] [bt_navigator]: Goal succeeded
[INFO] [1788833329.787051634] [candidate_explorer]: Recovery move 'forward' succeeded.
[INFO] [1788833330.499243856] [candidate_explorer]: Map/costmap stabilization window complete; replanning.
[INFO] [1788833330.667572353] [candidate_explorer]: Detected 3483 frontier cells
[INFO] [1788833330.671159715] [candidate_explorer]: Found 109 frontier clusters after filtering
[WARN] [1788833330.673384525] [candidate_explorer]: Frontier clusters exist, but none have a usable goal point.
[WARN] [1788833330.673878696] [candidate_explorer]: Frontier clusters exist but have no usable goal. Trying recovery direction 2/8 before checking again.
[INFO] [1788833330.674129031] [candidate_explorer]: Recovery move 2/8: forward-left, 0.8 m -> (11.47, 7.35)
[bt_navigator-7] [INFO] [1788833330.675030538] [bt_navigator]: Begin navigating from current location (12.22, 7.07) to (11.47, 7.35)
[controller_server-3] [INFO] [1788833330.695424621] [controller_server]: Received a goal, begin computing control effort.
[WARN] [1788833331.249542929] [candidate_explorer]: Large map->odom correction detected (translation=1.59m, yaw=6.3deg). Pausing frontier navigation for 3.0s.
[controller_server-3] [INFO] [1788833331.399544152] [controller_server]: Reached the goal!
[bt_navigator-7] [INFO] [1788833331.436810164] [bt_navigator]: Goal succeeded
[INFO] [1788833331.438039424] [candidate_explorer]: Recovery move 'forward-left' succeeded.
[INFO] [1788833331.999325707] [candidate_explorer]: Map/costmap stabilization window complete; replanning.
[INFO] [1788833332.317191422] [candidate_explorer]: Detected 3483 frontier cells
[INFO] [1788833332.322214297] [candidate_explorer]: Found 109 frontier clusters after filtering
[WARN] [1788833332.324647275] [candidate_explorer]: Frontier clusters exist, but none have a usable goal point.
[WARN] [1788833332.325115945] [candidate_explorer]: Frontier clusters exist but have no usable goal. Trying recovery direction 3/8 before checking again.
[INFO] [1788833332.325357322] [candidate_explorer]: Recovery move 3/8: left, 0.8 m -> (11.77, 6.88)
[bt_navigator-7] [INFO] [1788833332.325861035] [bt_navigator]: Begin navigating from current location (11.76, 7.68) to (11.77, 6.88)
[controller_server-3] [INFO] [1788833332.346447911] [controller_server]: Received a goal, begin computing control effort.
[WARN] [1788833333.250348528] [candidate_explorer]: Large map->odom correction detected (translation=0.65m, yaw=2.9deg). Pausing frontier navigation for 3.0s.
[planner_server-5] [WARN] [1788833333.358943163] [planner_server]: GridBased: failed to create plan with tolerance 0.50.
[planner_server-5] [WARN] [1788833333.359321083] [planner_server]: Planning algorithm GridBased failed to generate a valid path to (11.77, 6.88)
[planner_server-5] [WARN] [1788833333.359328791] [planner_server]: [compute_path_to_pose] [ActionServer] Aborting handle.
[controller_server-3] [INFO] [1788833333.400082623] [controller_server]: Goal was canceled. Stopping the robot.
[controller_server-3] [INFO] [1788833333.400121123] [controller_server]: [follow_path] [ActionServer] Client requested to cancel the goal. Cancelling.
[bt_navigator-7] [ERROR] [1788833333.399860830] [bt_navigator_navigate_to_pose_rclcpp_node]: Failed to get result for follow_path in node halt!
[behavior_server-6] [INFO] [1788833333.400480418] [behavior_server]: Running spin
[behavior_server-6] [INFO] [1788833333.400536127] [behavior_server]: Turning 1.57 for spin behavior.
[bt_navigator-7] [WARN] [1788833333.400667211] [BehaviorTreeEngine]: Behavior Tree tick rate 100.00 was exceeded!
[INFO] [1788833334.000677810] [candidate_explorer]: Map/costmap stabilization window complete; replanning.
[behavior_server-6] [INFO] [1788833334.000719685] [behavior_server]: spin completed successfully
[controller_server-3] [INFO] [1788833334.041138181] [controller_server]: Received a goal, begin computing control effort.
[controller_server-3] [INFO] [1788833335.091354116] [controller_server]: Passing new path to controller.
[controller_server-3] [INFO] [1788833335.145800893] [controller_server]: Reached the goal!
[bt_navigator-7] [INFO] [1788833335.172534152] [bt_navigator]: Goal succeeded
[INFO] [1788833335.173746204] [candidate_explorer]: Recovery move 'left' succeeded.
[INFO] [1788833335.569855349] [candidate_explorer]: Detected 3483 frontier cells
[INFO] [1788833335.573092334] [candidate_explorer]: Found 109 frontier clusters after filtering
[WARN] [1788833335.575387852] [candidate_explorer]: Frontier clusters exist, but none have a usable goal point.
[WARN] [1788833335.575873065] [candidate_explorer]: Frontier clusters exist but have no usable goal. Trying recovery direction 4/8 before checking again.
[INFO] [1788833335.576128900] [candidate_explorer]: Recovery move 4/8: backward-left, 0.8 m -> (11.76, 8.16)
[bt_navigator-7] [INFO] [1788833335.576676280] [bt_navigator]: Begin navigating from current location (11.88, 7.37) to (11.76, 8.16)
[planner_server-5] [WARN] [1788833335.578478961] [planner_server]: GridBased: failed to create plan with tolerance 0.50.
[planner_server-5] [WARN] [1788833335.578719588] [planner_server]: Planning algorithm GridBased failed to generate a valid path to (11.76, 8.16)
[planner_server-5] [WARN] [1788833335.578729338] [planner_server]: [compute_path_to_pose] [ActionServer] Aborting handle.
[behavior_server-6] [INFO] [1788833335.599285881] [behavior_server]: Running spin
[behavior_server-6] [INFO] [1788833335.599324214] [behavior_server]: Turning -1.57 for spin behavior.
[behavior_server-6] [INFO] [1788833336.000198065] [behavior_server]: spin completed successfully
[planner_server-5] [WARN] [1788833336.032461911] [planner_server]: GridBased: failed to create plan with tolerance 0.50.
[planner_server-5] [WARN] [1788833336.032760163] [planner_server]: Planning algorithm GridBased failed to generate a valid path to (11.76, 8.16)
[planner_server-5] [WARN] [1788833336.032768580] [planner_server]: [compute_path_to_pose] [ActionServer] Aborting handle.
[controller_server-3] [INFO] [1788833336.047191239] [local_costmap.local_costmap]: Received request to clear entirely the local_costmap
[planner_server-5] [INFO] [1788833336.047622160] [global_costmap.global_costmap]: Received request to clear entirely the global_costmap
[planner_server-5] [WARN] [1788833336.763179158] [planner_server]: GridBased: failed to create plan with tolerance 0.50.
[planner_server-5] [WARN] [1788833336.763212992] [planner_server]: Planning algorithm GridBased failed to generate a valid path to (11.76, 8.16)
[planner_server-5] [WARN] [1788833336.763219784] [planner_server]: [compute_path_to_pose] [ActionServer] Aborting handle.
[behavior_server-6] [INFO] [1788833336.778345198] [behavior_server]: Running backup
[WARN] [1788833337.251000259] [candidate_explorer]: Large map->odom correction detected (translation=0.53m, yaw=2.3deg). Pausing frontier navigation for 3.0s.
[INFO] [1788833338.001254082] [candidate_explorer]: Map/costmap stabilization window complete; replanning.
[behavior_server-6] [INFO] [1788833338.079639304] [behavior_server]: backup completed successfully
[planner_server-5] [WARN] [1788833338.125657096] [planner_server]: Planner loop missed its desired rate of 20.0000 Hz. Current loop rate is 10.0000 Hz
[controller_server-3] [INFO] [1788833338.137119523] [controller_server]: Received a goal, begin computing control effort.
[controller_server-3] [INFO] [1788833339.188317882] [controller_server]: Passing new path to controller.
[controller_server-3] [INFO] [1788833339.341510797] [controller_server]: Reached the goal!
[bt_navigator-7] [INFO] [1788833339.378658267] [bt_navigator]: Goal succeeded
[INFO] [1788833339.379809151] [candidate_explorer]: Recovery move 'backward-left' succeeded.
[INFO] [1788833339.816626253] [candidate_explorer]: Detected 3483 frontier cells
[INFO] [1788833339.821757211] [candidate_explorer]: Found 109 frontier clusters after filtering
[WARN] [1788833339.824061730] [candidate_explorer]: Frontier clusters exist, but none have a usable goal point.
[WARN] [1788833339.824578276] [candidate_explorer]: Frontier clusters exist but have no usable goal. Trying recovery direction 5/8 before checking again.
[INFO] [1788833339.824824986] [candidate_explorer]: Recovery move 5/8: backward, 0.8 m -> (12.03, 6.97)
[bt_navigator-7] [INFO] [1788833339.825323699] [bt_navigator]: Begin navigating from current location (11.76, 7.73) to (12.03, 6.97)
[controller_server-3] [INFO] [1788833339.848415387] [controller_server]: Received a goal, begin computing control effort.
[controller_server-3] [INFO] [1788833340.899030075] [controller_server]: Passing new path to controller.
[controller_server-3] [INFO] [1788833341.601162881] [controller_server]: Reached the goal!
[bt_navigator-7] [INFO] [1788833341.637295717] [bt_navigator]: Goal succeeded
[INFO] [1788833341.638509060] [candidate_explorer]: Recovery move 'backward' succeeded.
[INFO] [1788833342.070621165] [candidate_explorer]: Detected 3483 frontier cells
[INFO] [1788833342.073820941] [candidate_explorer]: Found 109 frontier clusters after filtering
[WARN] [1788833342.076056001] [candidate_explorer]: Frontier clusters exist, but none have a usable goal point.
[WARN] [1788833342.076562797] [candidate_explorer]: Frontier clusters exist but have no usable goal. Trying recovery direction 6/8 before checking again.
[INFO] [1788833342.076800924] [candidate_explorer]: Recovery move 6/8: backward-right, 0.8 m -> (11.45, 7.65)
[bt_navigator-7] [INFO] [1788833342.077322220] [bt_navigator]: Begin navigating from current location (12.10, 7.17) to (11.45, 7.65)
[controller_server-3] [INFO] [1788833342.099375649] [controller_server]: Received a goal, begin computing control effort.
[WARN] [1788833342.999111983] [candidate_explorer]: Large map->odom correction detected (translation=0.88m, yaw=3.6deg). Pausing frontier navigation for 3.0s.
[controller_server-3] [ERROR] [1788833343.002403051] [DWBLocalPlanner]: No valid trajectories out of 419! 
[controller_server-3] [ERROR] [1788833343.002444760] [DWBLocalPlanner]: 1.00: BaseObstacle/Trajectory Hits Obstacle.
[controller_server-3] [WARN] [1788833343.002504385] [controller_server]: No valid trajectories out of 419! 
[controller_server-3] [ERROR] [1788833343.061593658] [DWBLocalPlanner]: No valid trajectories out of 419! 
[controller_server-3] [ERROR] [1788833343.061626659] [DWBLocalPlanner]: 1.00: BaseObstacle/Trajectory Hits Obstacle.
[controller_server-3] [WARN] [1788833343.061675159] [controller_server]: No valid trajectories out of 419! 
[controller_server-3] [ERROR] [1788833343.061695784] [controller_server]: Controller patience exceeded
[controller_server-3] [WARN] [1788833343.061720368] [controller_server]: [follow_path] [ActionServer] Aborting handle.
[behavior_server-6] [INFO] [1788833343.078751382] [behavior_server]: Running spin
[behavior_server-6] [INFO] [1788833343.078788840] [behavior_server]: Turning 1.57 for spin behavior.
[behavior_server-6] [INFO] [1788833343.579651047] [behavior_server]: spin completed successfully
[controller_server-3] [INFO] [1788833343.628242360] [controller_server]: Received a goal, begin computing control effort.
[INFO] [1788833343.748654341] [candidate_explorer]: Map/costmap stabilization window complete; replanning.
[controller_server-3] [INFO] [1788833344.680015474] [controller_server]: Passing new path to controller.
[controller_server-3] [INFO] [1788833345.728489478] [controller_server]: Passing new path to controller.
[bt_navigator-7] [WARN] [1788833345.838906669] [BehaviorTreeEngine]: Behavior Tree tick rate 100.00 was exceeded!
[controller_server-3] [ERROR] [1788833346.178932607] [controller_server]: Failed to make progress
[controller_server-3] [WARN] [1788833346.179083483] [controller_server]: [follow_path] [ActionServer] Aborting handle.
[behavior_server-6] [INFO] [1788833346.197904928] [behavior_server]: Running spin
[behavior_server-6] [INFO] [1788833346.197957804] [behavior_server]: Turning -1.57 for spin behavior.
[behavior_server-6] [WARN] [1788833346.301159978] [behavior_server]: Collision Ahead - Exiting Spin
[behavior_server-6] [WARN] [1788833346.301185020] [behavior_server]: spin failed
[behavior_server-6] [WARN] [1788833346.301190437] [behavior_server]: [spin] [ActionServer] Aborting handle.
[controller_server-3] [INFO] [1788833346.329184582] [local_costmap.local_costmap]: Received request to clear entirely the local_costmap
[planner_server-5] [INFO] [1788833346.329391250] [global_costmap.global_costmap]: Received request to clear entirely the global_costmap
[planner_server-5] [WARN] [1788833346.771665438] [planner_server]: Planner loop missed its desired rate of 20.0000 Hz. Current loop rate is 0.5714 Hz
[controller_server-3] [INFO] [1788833346.787714527] [controller_server]: Received a goal, begin computing control effort.
[controller_server-3] [INFO] [1788833347.838371174] [controller_server]: Passing new path to controller.
[controller_server-3] [INFO] [1788833348.888796360] [controller_server]: Passing new path to controller.
[controller_server-3] [ERROR] [1788833349.338832153] [controller_server]: Failed to make progress
[controller_server-3] [WARN] [1788833349.338898237] [controller_server]: [follow_path] [ActionServer] Aborting handle.
[behavior_server-6] [INFO] [1788833349.348059311] [behavior_server]: Running backup
[behavior_server-6] [WARN] [1788833349.348150687] [behavior_server]: Collision Ahead - Exiting DriveOnHeading
[behavior_server-6] [WARN] [1788833349.348157645] [behavior_server]: backup failed
[behavior_server-6] [WARN] [1788833349.348162312] [behavior_server]: [backup] [ActionServer] Aborting handle.
[behavior_server-6] [INFO] [1788833349.360238869] [behavior_server]: Running spin
[behavior_server-6] [INFO] [1788833349.360261911] [behavior_server]: Turning 1.57 for spin behavior.
[behavior_server-6] [WARN] [1788833349.463137208] [behavior_server]: Collision Ahead - Exiting Spin
[behavior_server-6] [WARN] [1788833349.463171250] [behavior_server]: spin failed
[behavior_server-6] [WARN] [1788833349.463176791] [behavior_server]: [spin] [ActionServer] Aborting handle.
[behavior_server-6] [INFO] [1788833349.487890784] [behavior_server]: Running spin
[behavior_server-6] [INFO] [1788833349.487915868] [behavior_server]: Turning -1.57 for spin behavior.
[behavior_server-6] [WARN] [1788833349.589549488] [behavior_server]: Collision Ahead - Exiting Spin
[behavior_server-6] [WARN] [1788833349.589579363] [behavior_server]: spin failed
[behavior_server-6] [WARN] [1788833349.589584738] [behavior_server]: [spin] [ActionServer] Aborting handle.
[controller_server-3] [INFO] [1788833349.608414683] [local_costmap.local_costmap]: Received request to clear entirely the local_costmap
[planner_server-5] [INFO] [1788833349.608625185] [global_costmap.global_costmap]: Received request to clear entirely the global_costmap
[planner_server-5] [WARN] [1788833349.773501570] [planner_server]: Planner loop missed its desired rate of 20.0000 Hz. Current loop rate is 1.4286 Hz
[controller_server-3] [INFO] [1788833349.788682361] [controller_server]: Received a goal, begin computing control effort.
[controller_server-3] [INFO] [1788833350.840314182] [controller_server]: Passing new path to controller.
[controller_server-3] [INFO] [1788833351.892243047] [controller_server]: Passing new path to controller.
[controller_server-3] [ERROR] [1788833352.339224607] [controller_server]: Failed to make progress
[controller_server-3] [WARN] [1788833352.339310649] [controller_server]: [follow_path] [ActionServer] Aborting handle.
[behavior_server-6] [INFO] [1788833352.357860050] [behavior_server]: Running backup
[behavior_server-6] [WARN] [1788833352.357948259] [behavior_server]: Collision Ahead - Exiting DriveOnHeading
[behavior_server-6] [WARN] [1788833352.357955843] [behavior_server]: backup failed
[behavior_server-6] [WARN] [1788833352.357960426] [behavior_server]: [backup] [ActionServer] Aborting handle.
[behavior_server-6] [INFO] [1788833352.389568725] [behavior_server]: Running spin
[behavior_server-6] [INFO] [1788833352.389611184] [behavior_server]: Turning 1.57 for spin behavior.
[behavior_server-6] [WARN] [1788833352.596490204] [behavior_server]: Collision Ahead - Exiting Spin
[behavior_server-6] [WARN] [1788833352.596518329] [behavior_server]: spin failed
[behavior_server-6] [WARN] [1788833352.596523037] [behavior_server]: [spin] [ActionServer] Aborting handle.
[behavior_server-6] [INFO] [1788833352.618127797] [behavior_server]: Running spin
[behavior_server-6] [INFO] [1788833352.618156463] [behavior_server]: Turning -1.57 for spin behavior.
[behavior_server-6] [WARN] [1788833352.822748173] [behavior_server]: Collision Ahead - Exiting Spin
[behavior_server-6] [WARN] [1788833352.822768256] [behavior_server]: spin failed
[behavior_server-6] [WARN] [1788833352.822772923] [behavior_server]: [spin] [ActionServer] Aborting handle.
[controller_server-3] [INFO] [1788833352.849262930] [local_costmap.local_costmap]: Received request to clear entirely the local_costmap
[planner_server-5] [INFO] [1788833352.849643808] [global_costmap.global_costmap]: Received request to clear entirely the global_costmap
[planner_server-5] [WARN] [1788833353.773227128] [planner_server]: Planner loop missed its desired rate of 20.0000 Hz. Current loop rate is 0.2740 Hz
[controller_server-3] [INFO] [1788833353.788632295] [controller_server]: Received a goal, begin computing control effort.
[controller_server-3] [INFO] [1788833354.839781195] [controller_server]: Passing new path to controller.
[planner_server-5] [WARN] [1788833355.824697598] [planner_server]: Planner loop missed its desired rate of 20.0000 Hz. Current loop rate is 10.0000 Hz
[controller_server-3] [INFO] [1788833355.839842846] [controller_server]: Passing new path to controller.
[controller_server-3] [ERROR] [1788833356.339324459] [controller_server]: Failed to make progress
[controller_server-3] [WARN] [1788833356.339405418] [controller_server]: [follow_path] [ActionServer] Aborting handle.
[behavior_server-6] [INFO] [1788833356.347809569] [behavior_server]: Running backup
[behavior_server-6] [INFO] [1788833357.850357149] [behavior_server]: backup completed successfully
[controller_server-3] [INFO] [1788833357.909350505] [controller_server]: Received a goal, begin computing control effort.
[controller_server-3] [INFO] [1788833358.563009040] [controller_server]: Reached the goal!
[bt_navigator-7] [INFO] [1788833358.599094085] [bt_navigator]: Goal succeeded
[INFO] [1788833358.600345720] [candidate_explorer]: Recovery move 'backward-right' succeeded.
[WARN] [1788833358.748490177] [candidate_explorer]: Large map->odom correction detected (translation=0.39m, yaw=1.6deg). Pausing frontier navigation for 3.0s.
[INFO] [1788833359.501496689] [candidate_explorer]: Map/costmap stabilization window complete; replanning.
[INFO] [1788833359.823675023] [candidate_explorer]: Detected 3483 frontier cells
[INFO] [1788833359.828828649] [candidate_explorer]: Found 109 frontier clusters after filtering
[WARN] [1788833359.831045000] [candidate_explorer]: Frontier clusters exist, but none have a usable goal point.
[WARN] [1788833359.831484712] [candidate_explorer]: Frontier clusters exist but have no usable goal. Trying recovery direction 7/8 before checking again.
[INFO] [1788833359.831716881] [candidate_explorer]: Recovery move 7/8: right, 0.8 m -> (12.20, 8.20)
[bt_navigator-7] [INFO] [1788833359.832381969] [bt_navigator]: Begin navigating from current location (11.71, 7.57) to (12.20, 8.20)
[controller_server-3] [INFO] [1788833359.864005977] [controller_server]: Received a goal, begin computing control effort.
[controller_server-3] [INFO] [1788833360.915182461] [controller_server]: Passing new path to controller.
[controller_server-3] [INFO] [1788833361.519096717] [controller_server]: Reached the goal!
[bt_navigator-7] [INFO] [1788833361.554318837] [bt_navigator]: Goal succeeded
[INFO] [1788833361.554801674] [candidate_explorer]: Recovery move 'right' succeeded.
[INFO] [1788833362.061472054] [candidate_explorer]: Detected 3483 frontier cells
[INFO] [1788833362.066677638] [candidate_explorer]: Found 109 frontier clusters after filtering
[WARN] [1788833362.068867947] [candidate_explorer]: Frontier clusters exist, but none have a usable goal point.
[WARN] [1788833362.069347118] [candidate_explorer]: Frontier clusters exist but have no usable goal. Trying recovery direction 8/8 before checking again.
[INFO] [1788833362.069576453] [candidate_explorer]: Recovery move 8/8: forward-right, 0.8 m -> (12.63, 7.94)
[bt_navigator-7] [INFO] [1788833362.070061290] [bt_navigator]: Begin navigating from current location (11.83, 8.02) to (12.63, 7.94)
[controller_server-3] [INFO] [1788833362.092058178] [controller_server]: Received a goal, begin computing control effort.
[controller_server-3] [INFO] [1788833363.150243886] [controller_server]: Passing new path to controller.
[controller_server-3] [INFO] [1788833364.192596381] [controller_server]: Passing new path to controller.
[WARN] [1788833364.248991091] [candidate_explorer]: Large map->odom correction detected (translation=1.94m, yaw=7.7deg). Pausing frontier navigation for 3.0s.
[WARN] [1788833364.748961374] [candidate_explorer]: Large map->odom correction detected (translation=0.36m, yaw=1.3deg). Pausing frontier navigation for 3.0s.
[controller_server-3] [INFO] [1788833365.244152868] [controller_server]: Passing new path to controller.
[controller_server-3] [INFO] [1788833365.246112051] [controller_server]: Reached the goal!
[bt_navigator-7] [INFO] [1788833365.291780465] [bt_navigator]: Goal succeeded
[INFO] [1788833365.292264510] [candidate_explorer]: Recovery move 'forward-right' succeeded.
[INFO] [1788833365.292509721] [candidate_explorer]: All recovery directions tried; starting the 10.0s countdown.
[INFO] [1788833365.501672801] [candidate_explorer]: Map/costmap stabilization window complete; replanning.
[INFO] [1788833365.820021645] [candidate_explorer]: Detected 3483 frontier cells
[INFO] [1788833365.825215771] [candidate_explorer]: Found 109 frontier clusters after filtering
[WARN] [1788833365.827394955] [candidate_explorer]: Frontier clusters exist, but none have a usable goal point.
[INFO] [1788833365.827814959] [candidate_explorer]: No usable frontier found. Waiting up to 10.0s for the map to update.
[INFO] [1788833365.989617361] [candidate_explorer]: Detected 3483 frontier cells
[INFO] [1788833365.993067181] [candidate_explorer]: Found 109 frontier clusters after filtering
[WARN] [1788833365.995261240] [candidate_explorer]: Frontier clusters exist, but none have a usable goal point.
[INFO] [1788833366.162809272] [candidate_explorer]: Detected 3483 frontier cells
[INFO] [1788833366.166238300] [candidate_explorer]: Found 109 frontier clusters after filtering
[WARN] [1788833366.168492319] [candidate_explorer]: Frontier clusters exist, but none have a usable goal point.
[INFO] [1788833366.410068788] [candidate_explorer]: Detected 3483 frontier cells
[INFO] [1788833366.413500190] [candidate_explorer]: Found 109 frontier clusters after filtering
[WARN] [1788833366.415803543] [candidate_explorer]: Frontier clusters exist, but none have a usable goal point.
[INFO] [1788833366.663993440] [candidate_explorer]: Detected 3483 frontier cells
[INFO] [1788833366.667472260] [candidate_explorer]: Found 109 frontier clusters after filtering
[WARN] [1788833366.669664487] [candidate_explorer]: Frontier clusters exist, but none have a usable goal point.
[INFO] [1788833367.067939358] [candidate_explorer]: Detected 3483 frontier cells
[INFO] [1788833367.073269443] [candidate_explorer]: Found 109 frontier clusters after filtering
[WARN] [1788833367.075628670] [candidate_explorer]: Frontier clusters exist, but none have a usable goal point.
[INFO] [1788833367.239727174] [candidate_explorer]: Detected 3483 frontier cells
[INFO] [1788833367.243056493] [candidate_explorer]: Found 109 frontier clusters after filtering
[WARN] [1788833367.245234428] [candidate_explorer]: Frontier clusters exist, but none have a usable goal point.
[INFO] [1788833367.411926161] [candidate_explorer]: Detected 3483 frontier cells
[INFO] [1788833367.415273105] [candidate_explorer]: Found 109 frontier clusters after filtering
[WARN] [1788833367.417560082] [candidate_explorer]: Frontier clusters exist, but none have a usable goal point.
[INFO] [1788833367.661220693] [candidate_explorer]: Detected 3483 frontier cells
[INFO] [1788833367.664776472] [candidate_explorer]: Found 109 frontier clusters after filtering
[WARN] [1788833367.667083741] [candidate_explorer]: Frontier clusters exist, but none have a usable goal point.
[INFO] [1788833367.914168296] [candidate_explorer]: Detected 3483 frontier cells
[INFO] [1788833367.917587032] [candidate_explorer]: Found 109 frontier clusters after filtering
[WARN] [1788833367.919876051] [candidate_explorer]: Frontier clusters exist, but none have a usable goal point.
[INFO] [1788833368.160253802] [candidate_explorer]: Detected 3483 frontier cells
[INFO] [1788833368.163708038] [candidate_explorer]: Found 109 frontier clusters after filtering
[WARN] [1788833368.166076974] [candidate_explorer]: Frontier clusters exist, but none have a usable goal point.
[INFO] [1788833368.166504020] [candidate_explorer]: No usable frontier found for 10.0s. Exploration complete; returning home.
[bt_navigator-7] [INFO] [1788833368.249536946] [bt_navigator]: Begin navigating from current location (12.50, 7.80) to (0.79, -0.87)
[planner_server-5] [WARN] [1788833368.260605036] [planner_server]: GridBased: failed to create plan with tolerance 0.50.
[planner_server-5] [WARN] [1788833368.260641578] [planner_server]: Planning algorithm GridBased failed to generate a valid path to (0.79, -0.87)
[planner_server-5] [WARN] [1788833368.260648829] [planner_server]: [compute_path_to_pose] [ActionServer] Aborting handle.
[behavior_server-6] [INFO] [1788833368.270591160] [behavior_server]: Running spin
[behavior_server-6] [INFO] [1788833368.270635368] [behavior_server]: Turning 1.57 for spin behavior.
[behavior_server-6] [WARN] [1788833368.372223071] [behavior_server]: Collision Ahead - Exiting Spin
[behavior_server-6] [WARN] [1788833368.372244655] [behavior_server]: spin failed
[behavior_server-6] [WARN] [1788833368.372248905] [behavior_server]: [spin] [ActionServer] Aborting handle.
[behavior_server-6] [INFO] [1788833368.393064241] [behavior_server]: Running spin
[behavior_server-6] [INFO] [1788833368.393101033] [behavior_server]: Turning -1.57 for spin behavior.
[behavior_server-6] [WARN] [1788833368.496337208] [behavior_server]: Collision Ahead - Exiting Spin
[behavior_server-6] [WARN] [1788833368.496365333] [behavior_server]: spin failed
[behavior_server-6] [WARN] [1788833368.496370916] [behavior_server]: [spin] [ActionServer] Aborting handle.
[controller_server-3] [INFO] [1788833368.521596789] [local_costmap.local_costmap]: Received request to clear entirely the local_costmap
[planner_server-5] [INFO] [1788833368.522054917] [global_costmap.global_costmap]: Received request to clear entirely the global_costmap
[planner_server-5] [WARN] [1788833368.775893861] [planner_server]: GridBased: failed to create plan with tolerance 0.50.
[planner_server-5] [WARN] [1788833368.775921111] [planner_server]: Planning algorithm GridBased failed to generate a valid path to (0.79, -0.87)
[planner_server-5] [WARN] [1788833368.775927028] [planner_server]: [compute_path_to_pose] [ActionServer] Aborting handle.
[behavior_server-6] [INFO] [1788833368.790427521] [behavior_server]: Running backup
[behavior_server-6] [WARN] [1788833368.790501772] [behavior_server]: Collision Ahead - Exiting DriveOnHeading
[behavior_server-6] [WARN] [1788833368.790507147] [behavior_server]: backup failed
[behavior_server-6] [WARN] [1788833368.790510647] [behavior_server]: [backup] [ActionServer] Aborting handle.
[behavior_server-6] [INFO] [1788833368.820268348] [behavior_server]: Running spin
[behavior_server-6] [INFO] [1788833368.820296431] [behavior_server]: Turning 1.57 for spin behavior.
[behavior_server-6] [WARN] [1788833369.023191252] [behavior_server]: Collision Ahead - Exiting Spin
[behavior_server-6] [WARN] [1788833369.023211460] [behavior_server]: spin failed
[behavior_server-6] [WARN] [1788833369.023216002] [behavior_server]: [spin] [ActionServer] Aborting handle.
[behavior_server-6] [INFO] [1788833369.053740292] [behavior_server]: Running spin
[behavior_server-6] [INFO] [1788833369.053771959] [behavior_server]: Turning -1.57 for spin behavior.
[behavior_server-6] [WARN] [1788833369.254661847] [behavior_server]: Collision Ahead - Exiting Spin
[behavior_server-6] [WARN] [1788833369.255000558] [behavior_server]: spin failed
[behavior_server-6] [WARN] [1788833369.255006766] [behavior_server]: [spin] [ActionServer] Aborting handle.
[controller_server-3] [INFO] [1788833369.281908652] [local_costmap.local_costmap]: Received request to clear entirely the local_costmap
[planner_server-5] [INFO] [1788833369.282122112] [global_costmap.global_costmap]: Received request to clear entirely the global_costmap
[planner_server-5] [WARN] [1788833369.776467766] [planner_server]: GridBased: failed to create plan with tolerance 0.50.
[planner_server-5] [WARN] [1788833369.776499433] [planner_server]: Planning algorithm GridBased failed to generate a valid path to (0.79, -0.87)
[planner_server-5] [WARN] [1788833369.776505558] [planner_server]: [compute_path_to_pose] [ActionServer] Aborting handle.
[behavior_server-6] [INFO] [1788833369.791093469] [behavior_server]: Running backup
[behavior_server-6] [WARN] [1788833369.791178136] [behavior_server]: Collision Ahead - Exiting DriveOnHeading
[behavior_server-6] [WARN] [1788833369.791184011] [behavior_server]: backup failed
[behavior_server-6] [WARN] [1788833369.791187678] [behavior_server]: [backup] [ActionServer] Aborting handle.
[behavior_server-6] [INFO] [1788833369.823135063] [behavior_server]: Running spin
[behavior_server-6] [INFO] [1788833369.823163022] [behavior_server]: Turning 1.57 for spin behavior.
[behavior_server-6] [WARN] [1788833369.927182744] [behavior_server]: Collision Ahead - Exiting Spin
[behavior_server-6] [WARN] [1788833369.927209703] [behavior_server]: spin failed
[behavior_server-6] [WARN] [1788833369.927214370] [behavior_server]: [spin] [ActionServer] Aborting handle.
[behavior_server-6] [INFO] [1788833369.953682627] [behavior_server]: Running spin
[behavior_server-6] [INFO] [1788833369.953712169] [behavior_server]: Turning -1.57 for spin behavior.
[behavior_server-6] [WARN] [1788833370.058301105] [behavior_server]: Collision Ahead - Exiting Spin
[behavior_server-6] [WARN] [1788833370.058323313] [behavior_server]: spin failed
[behavior_server-6] [WARN] [1788833370.058327897] [behavior_server]: [spin] [ActionServer] Aborting handle.
[controller_server-3] [INFO] [1788833370.079744446] [local_costmap.local_costmap]: Received request to clear entirely the local_costmap
[planner_server-5] [INFO] [1788833370.080162783] [global_costmap.global_costmap]: Received request to clear entirely the global_costmap
[planner_server-5] [WARN] [1788833370.773901395] [planner_server]: GridBased: failed to create plan with tolerance 0.50.
[planner_server-5] [WARN] [1788833370.773934229] [planner_server]: Planning algorithm GridBased failed to generate a valid path to (0.79, -0.87)
[planner_server-5] [WARN] [1788833370.773941396] [planner_server]: [compute_path_to_pose] [ActionServer] Aborting handle.
[behavior_server-6] [INFO] [1788833370.792046293] [behavior_server]: Running backup
[behavior_server-6] [WARN] [1788833370.792131752] [behavior_server]: Collision Ahead - Exiting DriveOnHeading
[behavior_server-6] [WARN] [1788833370.792137461] [behavior_server]: backup failed
[behavior_server-6] [WARN] [1788833370.792141002] [behavior_server]: [backup] [ActionServer] Aborting handle.
[behavior_server-6] [INFO] [1788833370.819869770] [behavior_server]: Running spin
[behavior_server-6] [INFO] [1788833370.819903854] [behavior_server]: Turning 1.57 for spin behavior.
[behavior_server-6] [WARN] [1788833371.022258086] [behavior_server]: Collision Ahead - Exiting Spin
[behavior_server-6] [WARN] [1788833371.022288003] [behavior_server]: spin failed
[behavior_server-6] [WARN] [1788833371.022293003] [behavior_server]: [spin] [ActionServer] Aborting handle.
[behavior_server-6] [INFO] [1788833371.041089281] [behavior_server]: Running spin
[behavior_server-6] [INFO] [1788833371.041124032] [behavior_server]: Turning -1.57 for spin behavior.
[behavior_server-6] [WARN] [1788833371.145349006] [behavior_server]: Collision Ahead - Exiting Spin
[behavior_server-6] [WARN] [1788833371.145375840] [behavior_server]: spin failed
[behavior_server-6] [WARN] [1788833371.145381090] [behavior_server]: [spin] [ActionServer] Aborting handle.
[controller_server-3] [INFO] [1788833371.162218060] [local_costmap.local_costmap]: Received request to clear entirely the local_costmap
[planner_server-5] [INFO] [1788833371.162865649] [global_costmap.global_costmap]: Received request to clear entirely the global_costmap
[planner_server-5] [WARN] [1788833371.775860228] [planner_server]: GridBased: failed to create plan with tolerance 0.50.
[planner_server-5] [WARN] [1788833371.776173356] [planner_server]: Planning algorithm GridBased failed to generate a valid path to (0.79, -0.87)
[planner_server-5] [WARN] [1788833371.776181481] [planner_server]: [compute_path_to_pose] [ActionServer] Aborting handle.
[behavior_server-6] [INFO] [1788833371.790424264] [behavior_server]: Running backup
[behavior_server-6] [INFO] [1788833373.092964880] [behavior_server]: backup completed successfully
[planner_server-5] [WARN] [1788833373.134692470] [planner_server]: GridBased: failed to create plan with tolerance 0.50.
[planner_server-5] [WARN] [1788833373.134722678] [planner_server]: Planning algorithm GridBased failed to generate a valid path to (0.79, -0.87)
[planner_server-5] [WARN] [1788833373.134737678] [planner_server]: [compute_path_to_pose] [ActionServer] Aborting handle.
[behavior_server-6] [INFO] [1788833373.150890768] [behavior_server]: Running spin
[behavior_server-6] [INFO] [1788833373.150926560] [behavior_server]: Turning 1.57 for spin behavior.
[behavior_server-6] [INFO] [1788833373.554592850] [behavior_server]: spin completed successfully
[planner_server-5] [WARN] [1788833373.596109230] [planner_server]: GridBased: failed to create plan with tolerance 0.50.
[planner_server-5] [WARN] [1788833373.596141397] [planner_server]: Planning algorithm GridBased failed to generate a valid path to (0.79, -0.87)
[planner_server-5] [WARN] [1788833373.596148314] [planner_server]: [compute_path_to_pose] [ActionServer] Aborting handle.
[bt_navigator-7] [WARN] [1788833373.620777890] [bt_navigator]: [navigate_to_pose] [ActionServer] Aborting handle.
[bt_navigator-7] [ERROR] [1788833373.620853640] [bt_navigator]: Goal failed
[INFO] [1788833373.621882399] [candidate_explorer]: return-home goal finished, success=False
[WARN] [1788833373.622161818] [candidate_explorer]: Nav2 could not reach home. Trying recovery direction 1/8 before retrying home.
[INFO] [1788833373.622380653] [candidate_explorer]: Return-home recovery move 1/8: forward, 0.3 m
[bt_navigator-7] [INFO] [1788833373.622843073] [bt_navigator]: Begin navigating from current location (12.00, 7.64) to (11.85, 7.90)
[controller_server-3] [INFO] [1788833373.644750252] [controller_server]: Received a goal, begin computing control effort.
[controller_server-3] [INFO] [1788833373.798906675] [controller_server]: Reached the goal!
[bt_navigator-7] [INFO] [1788833373.833653041] [bt_navigator]: Goal succeeded
[bt_navigator-7] [INFO] [1788833374.498897130] [bt_navigator]: Begin navigating from current location (11.93, 7.67) to (0.74, -0.88)
[planner_server-5] [WARN] [1788833374.511205689] [planner_server]: GridBased: failed to create plan with tolerance 0.50.
[planner_server-5] [WARN] [1788833374.511235897] [planner_server]: Planning algorithm GridBased failed to generate a valid path to (0.74, -0.88)
[planner_server-5] [WARN] [1788833374.511242606] [planner_server]: [compute_path_to_pose] [ActionServer] Aborting handle.
[behavior_server-6] [INFO] [1788833374.532519654] [behavior_server]: Running spin
[behavior_server-6] [INFO] [1788833374.532556946] [behavior_server]: Turning -1.57 for spin behavior.
[behavior_server-6] [INFO] [1788833374.933977759] [behavior_server]: spin completed successfully
[planner_server-5] [WARN] [1788833374.971789109] [planner_server]: GridBased: failed to create plan with tolerance 0.50.
[planner_server-5] [WARN] [1788833374.971821151] [planner_server]: Planning algorithm GridBased failed to generate a valid path to (0.74, -0.88)
[planner_server-5] [WARN] [1788833374.971827318] [planner_server]: [compute_path_to_pose] [ActionServer] Aborting handle.
[controller_server-3] [INFO] [1788833374.991139559] [local_costmap.local_costmap]: Received request to clear entirely the local_costmap
[planner_server-5] [INFO] [1788833374.991414769] [global_costmap.global_costmap]: Received request to clear entirely the global_costmap
[planner_server-5] [WARN] [1788833375.773027390] [planner_server]: GridBased: failed to create plan with tolerance 0.50.
[planner_server-5] [WARN] [1788833375.773067015] [planner_server]: Planning algorithm GridBased failed to generate a valid path to (0.74, -0.88)
[planner_server-5] [WARN] [1788833375.773074140] [planner_server]: [compute_path_to_pose] [ActionServer] Aborting handle.
[behavior_server-6] [INFO] [1788833375.791286913] [behavior_server]: Running backup
[behavior_server-6] [WARN] [1788833376.093810379] [behavior_server]: Collision Ahead - Exiting DriveOnHeading
[behavior_server-6] [WARN] [1788833376.093838129] [behavior_server]: backup failed
[behavior_server-6] [WARN] [1788833376.093843379] [behavior_server]: [backup] [ActionServer] Aborting handle.
[behavior_server-6] [INFO] [1788833376.119617923] [behavior_server]: Running spin
[behavior_server-6] [INFO] [1788833376.119647215] [behavior_server]: Turning 1.57 for spin behavior.
[behavior_server-6] [INFO] [1788833376.522269204] [behavior_server]: spin completed successfully
[planner_server-5] [WARN] [1788833376.551285608] [planner_server]: GridBased: failed to create plan with tolerance 0.50.
[planner_server-5] [WARN] [1788833376.551319024] [planner_server]: Planning algorithm GridBased failed to generate a valid path to (0.74, -0.88)
[planner_server-5] [WARN] [1788833376.551325233] [planner_server]: [compute_path_to_pose] [ActionServer] Aborting handle.
[behavior_server-6] [INFO] [1788833376.573026785] [behavior_server]: Running spin
[behavior_server-6] [INFO] [1788833376.573059202] [behavior_server]: Turning -1.57 for spin behavior.
[behavior_server-6] [INFO] [1788833376.974162012] [behavior_server]: spin completed successfully
[planner_server-5] [WARN] [1788833377.011739027] [planner_server]: GridBased: failed to create plan with tolerance 0.50.
[planner_server-5] [WARN] [1788833377.011771402] [planner_server]: Planning algorithm GridBased failed to generate a valid path to (0.74, -0.88)
[planner_server-5] [WARN] [1788833377.011777319] [planner_server]: [compute_path_to_pose] [ActionServer] Aborting handle.
[controller_server-3] [INFO] [1788833377.029388379] [local_costmap.local_costmap]: Received request to clear entirely the local_costmap
[planner_server-5] [INFO] [1788833377.029779132] [global_costmap.global_costmap]: Received request to clear entirely the global_costmap
[planner_server-5] [WARN] [1788833377.771272051] [planner_server]: GridBased: failed to create plan with tolerance 0.50.
[planner_server-5] [WARN] [1788833377.771306968] [planner_server]: Planning algorithm GridBased failed to generate a valid path to (0.74, -0.88)
[planner_server-5] [WARN] [1788833377.771313509] [planner_server]: [compute_path_to_pose] [ActionServer] Aborting handle.
[behavior_server-6] [INFO] [1788833377.789835869] [behavior_server]: Running backup
[behavior_server-6] [WARN] [1788833377.790242955] [behavior_server]: Collision Ahead - Exiting DriveOnHeading
[behavior_server-6] [WARN] [1788833377.790261289] [behavior_server]: backup failed
[behavior_server-6] [WARN] [1788833377.790265622] [behavior_server]: [backup] [ActionServer] Aborting handle.
[behavior_server-6] [INFO] [1788833377.819234317] [behavior_server]: Running spin
[behavior_server-6] [INFO] [1788833377.819269317] [behavior_server]: Turning 1.57 for spin behavior.
[behavior_server-6] [INFO] [1788833378.220884298] [behavior_server]: spin completed successfully
[planner_server-5] [WARN] [1788833378.250716333] [planner_server]: GridBased: failed to create plan with tolerance 0.50.
[planner_server-5] [WARN] [1788833378.250752167] [planner_server]: Planning algorithm GridBased failed to generate a valid path to (0.74, -0.88)
[planner_server-5] [WARN] [1788833378.250757792] [planner_server]: [compute_path_to_pose] [ActionServer] Aborting handle.
[bt_navigator-7] [WARN] [1788833378.279156857] [bt_navigator]: [navigate_to_pose] [ActionServer] Aborting handle.
[bt_navigator-7] [ERROR] [1788833378.279486401] [bt_navigator]: Goal failed
[INFO] [1788833378.280815745] [candidate_explorer]: return-home goal finished, success=False
[WARN] [1788833378.281195498] [candidate_explorer]: Nav2 could not reach home. Trying recovery direction 2/8 before retrying home.
[INFO] [1788833378.281460667] [candidate_explorer]: Return-home recovery move 2/8: forward-left, 0.3 m
[bt_navigator-7] [INFO] [1788833378.281996255] [bt_navigator]: Begin navigating from current location (11.81, 7.65) to (11.52, 7.73)
[controller_server-3] [INFO] [1788833378.305388529] [controller_server]: Received a goal, begin computing control effort.
[controller_server-3] [INFO] [1788833378.808027209] [controller_server]: Reached the goal!
[bt_navigator-7] [INFO] [1788833378.843251538] [bt_navigator]: Goal succeeded
[bt_navigator-7] [INFO] [1788833379.499512636] [bt_navigator]: Begin navigating from current location (11.76, 7.73) to (0.74, -0.88)
[planner_server-5] [WARN] [1788833379.511750819] [planner_server]: GridBased: failed to create plan with tolerance 0.50.
[planner_server-5] [WARN] [1788833379.511996321] [planner_server]: Planning algorithm GridBased failed to generate a valid path to (0.74, -0.88)
[planner_server-5] [WARN] [1788833379.512003696] [planner_server]: [compute_path_to_pose] [ActionServer] Aborting handle.
[behavior_server-6] [INFO] [1788833379.533190494] [behavior_server]: Running spin
[behavior_server-6] [INFO] [1788833379.533228578] [behavior_server]: Turning -1.57 for spin behavior.
[behavior_server-6] [INFO] [1788833379.934860434] [behavior_server]: spin completed successfully
[planner_server-5] [WARN] [1788833379.974272839] [planner_server]: GridBased: failed to create plan with tolerance 0.50.
[planner_server-5] [WARN] [1788833379.974305089] [planner_server]: Planning algorithm GridBased failed to generate a valid path to (0.74, -0.88)
[planner_server-5] [WARN] [1788833379.974312089] [planner_server]: [compute_path_to_pose] [ActionServer] Aborting handle.
[controller_server-3] [INFO] [1788833379.991670648] [local_costmap.local_costmap]: Received request to clear entirely the local_costmap
[planner_server-5] [INFO] [1788833379.992019817] [global_costmap.global_costmap]: Received request to clear entirely the global_costmap
[planner_server-5] [WARN] [1788833380.776048874] [planner_server]: GridBased: failed to create plan with tolerance 0.50.
[planner_server-5] [WARN] [1788833380.776077957] [planner_server]: Planning algorithm GridBased failed to generate a valid path to (0.74, -0.88)
[planner_server-5] [WARN] [1788833380.776083707] [planner_server]: [compute_path_to_pose] [ActionServer] Aborting handle.
[behavior_server-6] [INFO] [1788833380.791278790] [behavior_server]: Running backup
[behavior_server-6] [WARN] [1788833380.791368374] [behavior_server]: Collision Ahead - Exiting DriveOnHeading
[behavior_server-6] [WARN] [1788833380.791374249] [behavior_server]: backup failed
[behavior_server-6] [WARN] [1788833380.791377749] [behavior_server]: [backup] [ActionServer] Aborting handle.
[behavior_server-6] [INFO] [1788833380.819947273] [behavior_server]: Running spin
[behavior_server-6] [INFO] [1788833380.819986523] [behavior_server]: Turning 1.57 for spin behavior.
[behavior_server-6] [INFO] [1788833381.221590130] [behavior_server]: spin completed successfully
[planner_server-5] [WARN] [1788833381.253309180] [planner_server]: GridBased: failed to create plan with tolerance 0.50.
[planner_server-5] [WARN] [1788833381.253342805] [planner_server]: Planning algorithm GridBased failed to generate a valid path to (0.74, -0.88)
[planner_server-5] [WARN] [1788833381.253348847] [planner_server]: [compute_path_to_pose] [ActionServer] Aborting handle.
[behavior_server-6] [INFO] [1788833381.261794041] [behavior_server]: Running spin
[behavior_server-6] [INFO] [1788833381.261830875] [behavior_server]: Turning -1.57 for spin behavior.
[behavior_server-6] [INFO] [1788833381.662169346] [behavior_server]: spin completed successfully
[planner_server-5] [WARN] [1788833381.705723576] [planner_server]: GridBased: failed to create plan with tolerance 0.50.
[planner_server-5] [WARN] [1788833381.705759284] [planner_server]: Planning algorithm GridBased failed to generate a valid path to (0.74, -0.88)
[planner_server-5] [WARN] [1788833381.705765576] [planner_server]: [compute_path_to_pose] [ActionServer] Aborting handle.
[controller_server-3] [INFO] [1788833381.721118076] [local_costmap.local_costmap]: Received request to clear entirely the local_costmap
[planner_server-5] [INFO] [1788833381.721407370] [global_costmap.global_costmap]: Received request to clear entirely the global_costmap
[planner_server-5] [WARN] [1788833381.775346768] [planner_server]: GridBased: failed to create plan with tolerance 0.50.
[planner_server-5] [WARN] [1788833381.775371852] [planner_server]: Planning algorithm GridBased failed to generate a valid path to (0.74, -0.88)
[planner_server-5] [WARN] [1788833381.775377727] [planner_server]: [compute_path_to_pose] [ActionServer] Aborting handle.
[behavior_server-6] [INFO] [1788833381.791169772] [behavior_server]: Running backup
[behavior_server-6] [WARN] [1788833381.791263815] [behavior_server]: Collision Ahead - Exiting DriveOnHeading
[behavior_server-6] [WARN] [1788833381.791269690] [behavior_server]: backup failed
[behavior_server-6] [WARN] [1788833381.791273481] [behavior_server]: [backup] [ActionServer] Aborting handle.
[behavior_server-6] [INFO] [1788833381.822569861] [behavior_server]: Running spin
[behavior_server-6] [INFO] [1788833381.822595778] [behavior_server]: Turning 1.57 for spin behavior.
[behavior_server-6] [INFO] [1788833382.222764873] [behavior_server]: spin completed successfully
[planner_server-5] [WARN] [1788833382.262126486] [planner_server]: GridBased: failed to create plan with tolerance 0.50.
[planner_server-5] [WARN] [1788833382.262159569] [planner_server]: Planning algorithm GridBased failed to generate a valid path to (0.74, -0.88)
[planner_server-5] [WARN] [1788833382.262165736] [planner_server]: [compute_path_to_pose] [ActionServer] Aborting handle.
[bt_navigator-7] [WARN] [1788833382.270209010] [bt_navigator]: [navigate_to_pose] [ActionServer] Aborting handle.
[bt_navigator-7] [ERROR] [1788833382.270284010] [bt_navigator]: Goal failed
[INFO] [1788833382.271334061] [candidate_explorer]: return-home goal finished, success=False
[WARN] [1788833382.271669063] [candidate_explorer]: Nav2 could not reach home. Trying recovery direction 3/8 before retrying home.
[INFO] [1788833382.271925232] [candidate_explorer]: Return-home recovery move 3/8: left, 0.3 m
[bt_navigator-7] [INFO] [1788833382.272332194] [bt_navigator]: Begin navigating from current location (11.76, 7.73) to (11.63, 7.46)
[controller_server-3] [INFO] [1788833382.294758793] [controller_server]: Received a goal, begin computing control effort.
[controller_server-3] [INFO] [1788833383.147855330] [controller_server]: Reached the goal!
[bt_navigator-7] [INFO] [1788833383.183529620] [bt_navigator]: Goal succeeded
[bt_navigator-7] [INFO] [1788833383.749186189] [bt_navigator]: Begin navigating from current location (11.76, 7.73) to (0.74, -0.88)
[planner_server-5] [WARN] [1788833383.764879650] [planner_server]: GridBased: failed to create plan with tolerance 0.50.
[planner_server-5] [WARN] [1788833383.764911984] [planner_server]: Planning algorithm GridBased failed to generate a valid path to (0.74, -0.88)
[planner_server-5] [WARN] [1788833383.764919317] [planner_server]: [compute_path_to_pose] [ActionServer] Aborting handle.
[behavior_server-6] [INFO] [1788833383.782526794] [behavior_server]: Running spin
[behavior_server-6] [INFO] [1788833383.782565378] [behavior_server]: Turning -1.57 for spin behavior.
[behavior_server-6] [INFO] [1788833384.185920748] [behavior_server]: spin completed successfully
[planner_server-5] [WARN] [1788833384.221902500] [planner_server]: GridBased: failed to create plan with tolerance 0.50.
[planner_server-5] [WARN] [1788833384.222247628] [planner_server]: Planning algorithm GridBased failed to generate a valid path to (0.74, -0.88)
[planner_server-5] [WARN] [1788833384.222255878] [planner_server]: [compute_path_to_pose] [ActionServer] Aborting handle.
[controller_server-3] [INFO] [1788833384.242404584] [local_costmap.local_costmap]: Received request to clear entirely the local_costmap
[planner_server-5] [INFO] [1788833384.242869587] [global_costmap.global_costmap]: Received request to clear entirely the global_costmap
[planner_server-5] [WARN] [1788833384.774694839] [planner_server]: GridBased: failed to create plan with tolerance 0.50.
[planner_server-5] [WARN] [1788833384.774725631] [planner_server]: Planning algorithm GridBased failed to generate a valid path to (0.74, -0.88)
[planner_server-5] [WARN] [1788833384.774731631] [planner_server]: [compute_path_to_pose] [ActionServer] Aborting handle.
[behavior_server-6] [INFO] [1788833384.791839145] [behavior_server]: Running backup
[behavior_server-6] [INFO] [1788833386.092122743] [behavior_server]: backup completed successfully
[planner_server-5] [WARN] [1788833386.122410906] [planner_server]: GridBased: failed to create plan with tolerance 0.50.
[planner_server-5] [WARN] [1788833386.122438365] [planner_server]: Planning algorithm GridBased failed to generate a valid path to (0.74, -0.88)
[planner_server-5] [WARN] [1788833386.122444448] [planner_server]: [compute_path_to_pose] [ActionServer] Aborting handle.
[behavior_server-6] [INFO] [1788833386.142290235] [behavior_server]: Running spin
[behavior_server-6] [INFO] [1788833386.142327777] [behavior_server]: Turning 1.57 for spin behavior.
[behavior_server-6] [INFO] [1788833386.543119668] [behavior_server]: spin completed successfully
[planner_server-5] [WARN] [1788833386.572075404] [planner_server]: GridBased: failed to create plan with tolerance 0.50.
[planner_server-5] [WARN] [1788833386.572108155] [planner_server]: Planning algorithm GridBased failed to generate a valid path to (0.74, -0.88)
[planner_server-5] [WARN] [1788833386.572115113] [planner_server]: [compute_path_to_pose] [ActionServer] Aborting handle.
[behavior_server-6] [INFO] [1788833386.590449346] [behavior_server]: Running spin
[behavior_server-6] [INFO] [1788833386.590482179] [behavior_server]: Turning -1.57 for spin behavior.
[behavior_server-6] [INFO] [1788833386.990769484] [behavior_server]: spin completed successfully
[planner_server-5] [WARN] [1788833387.021615860] [planner_server]: GridBased: failed to create plan with tolerance 0.50.
[planner_server-5] [WARN] [1788833387.021642068] [planner_server]: Planning algorithm GridBased failed to generate a valid path to (0.74, -0.88)
[planner_server-5] [WARN] [1788833387.021647985] [planner_server]: [compute_path_to_pose] [ActionServer] Aborting handle.
[controller_server-3] [INFO] [1788833387.042026110] [local_costmap.local_costmap]: Received request to clear entirely the local_costmap
[planner_server-5] [INFO] [1788833387.042225611] [global_costmap.global_costmap]: Received request to clear entirely the global_costmap
[planner_server-5] [WARN] [1788833387.774549872] [planner_server]: GridBased: failed to create plan with tolerance 0.50.
[planner_server-5] [WARN] [1788833387.774668831] [planner_server]: Planning algorithm GridBased failed to generate a valid path to (0.74, -0.88)
[planner_server-5] [WARN] [1788833387.774675539] [planner_server]: [compute_path_to_pose] [ActionServer] Aborting handle.
[bt_navigator-7] [WARN] [1788833387.802517058] [bt_navigator]: [navigate_to_pose] [ActionServer] Aborting handle.
[bt_navigator-7] [ERROR] [1788833387.802614350] [bt_navigator]: Goal failed
[INFO] [1788833387.803745276] [candidate_explorer]: return-home goal finished, success=False
[WARN] [1788833387.804078487] [candidate_explorer]: Nav2 could not reach home. Trying recovery direction 4/8 before retrying home.
[INFO] [1788833387.804324989] [candidate_explorer]: Return-home recovery move 4/8: backward-left, 0.3 m
[bt_navigator-7] [INFO] [1788833387.804722701] [bt_navigator]: Begin navigating from current location (12.06, 7.31) to (12.02, 7.01)
[controller_server-3] [INFO] [1788833387.827154884] [controller_server]: Received a goal, begin computing control effort.
[controller_server-3] [INFO] [1788833388.532307672] [controller_server]: Reached the goal!
[bt_navigator-7] [INFO] [1788833388.565939738] [bt_navigator]: Goal succeeded
[bt_navigator-7] [INFO] [1788833389.249541893] [bt_navigator]: Begin navigating from current location (11.95, 7.22) to (0.74, -0.88)
[planner_server-5] [WARN] [1788833389.261269280] [planner_server]: GridBased: failed to create plan with tolerance 0.50.
[planner_server-5] [WARN] [1788833389.261294239] [planner_server]: Planning algorithm GridBased failed to generate a valid path to (0.74, -0.88)
[planner_server-5] [WARN] [1788833389.261299531] [planner_server]: [compute_path_to_pose] [ActionServer] Aborting handle.
[behavior_server-6] [INFO] [1788833389.282484370] [behavior_server]: Running backup
[behavior_server-6] [INFO] [1788833390.584091145] [behavior_server]: backup completed successfully
[planner_server-5] [WARN] [1788833390.621927078] [planner_server]: GridBased: failed to create plan with tolerance 0.50.
[planner_server-5] [WARN] [1788833390.621963787] [planner_server]: Planning algorithm GridBased failed to generate a valid path to (0.74, -0.88)
[planner_server-5] [WARN] [1788833390.621971287] [planner_server]: [compute_path_to_pose] [ActionServer] Aborting handle.
[behavior_server-6] [INFO] [1788833390.631604157] [behavior_server]: Running spin
[behavior_server-6] [INFO] [1788833390.631638949] [behavior_server]: Turning 1.57 for spin behavior.
[behavior_server-6] [INFO] [1788833391.033416265] [behavior_server]: spin completed successfully
[planner_server-5] [WARN] [1788833391.075789236] [planner_server]: GridBased: failed to create plan with tolerance 0.50.
[planner_server-5] [WARN] [1788833391.075821944] [planner_server]: Planning algorithm GridBased failed to generate a valid path to (0.74, -0.88)
[planner_server-5] [WARN] [1788833391.075829111] [planner_server]: [compute_path_to_pose] [ActionServer] Aborting handle.
[behavior_server-6] [INFO] [1788833391.092533747] [behavior_server]: Running spin
[behavior_server-6] [INFO] [1788833391.092566247] [behavior_server]: Turning -1.57 for spin behavior.
[behavior_server-6] [INFO] [1788833391.493575641] [behavior_server]: spin completed successfully
[planner_server-5] [WARN] [1788833391.532640501] [planner_server]: GridBased: failed to create plan with tolerance 0.50.
[planner_server-5] [WARN] [1788833391.532670126] [planner_server]: Planning algorithm GridBased failed to generate a valid path to (0.74, -0.88)
[planner_server-5] [WARN] [1788833391.532676459] [planner_server]: [compute_path_to_pose] [ActionServer] Aborting handle.
[controller_server-3] [INFO] [1788833391.551056026] [local_costmap.local_costmap]: Received request to clear entirely the local_costmap
[planner_server-5] [INFO] [1788833391.551411821] [global_costmap.global_costmap]: Received request to clear entirely the global_costmap
[planner_server-5] [WARN] [1788833391.773602590] [planner_server]: GridBased: failed to create plan with tolerance 0.50.
[planner_server-5] [WARN] [1788833391.773630548] [planner_server]: Planning algorithm GridBased failed to generate a valid path to (0.74, -0.88)
[planner_server-5] [WARN] [1788833391.773636923] [planner_server]: [compute_path_to_pose] [ActionServer] Aborting handle.
[behavior_server-6] [INFO] [1788833391.783409128] [behavior_server]: Running backup
[behavior_server-6] [WARN] [1788833392.285967391] [behavior_server]: Collision Ahead - Exiting DriveOnHeading
[behavior_server-6] [WARN] [1788833392.285996183] [behavior_server]: backup failed
[behavior_server-6] [WARN] [1788833392.286001266] [behavior_server]: [backup] [ActionServer] Aborting handle.
[behavior_server-6] [INFO] [1788833392.312617983] [behavior_server]: Running spin
[behavior_server-6] [INFO] [1788833392.312653358] [behavior_server]: Turning 1.57 for spin behavior.
[behavior_server-6] [INFO] [1788833392.713007038] [behavior_server]: spin completed successfully
[planner_server-5] [WARN] [1788833392.766599808] [planner_server]: GridBased: failed to create plan with tolerance 0.50.
[planner_server-5] [WARN] [1788833392.766630725] [planner_server]: Planning algorithm GridBased failed to generate a valid path to (0.74, -0.88)
[planner_server-5] [WARN] [1788833392.766638225] [planner_server]: [compute_path_to_pose] [ActionServer] Aborting handle.
[behavior_server-6] [INFO] [1788833392.782632939] [behavior_server]: Running spin
[behavior_server-6] [INFO] [1788833392.782669439] [behavior_server]: Turning -1.57 for spin behavior.
[behavior_server-6] [INFO] [1788833393.183491956] [behavior_server]: spin completed successfully
[planner_server-5] [WARN] [1788833393.222769734] [planner_server]: GridBased: failed to create plan with tolerance 0.50.
[planner_server-5] [WARN] [1788833393.222801359] [planner_server]: Planning algorithm GridBased failed to generate a valid path to (0.74, -0.88)
[planner_server-5] [WARN] [1788833393.222807068] [planner_server]: [compute_path_to_pose] [ActionServer] Aborting handle.
[bt_navigator-7] [WARN] [1788833393.249753746] [bt_navigator]: [navigate_to_pose] [ActionServer] Aborting handle.
[bt_navigator-7] [ERROR] [1788833393.249822538] [bt_navigator]: Goal failed
[INFO] [1788833393.250903422] [candidate_explorer]: return-home goal finished, success=False
[WARN] [1788833393.251190632] [candidate_explorer]: Nav2 could not reach home. Trying recovery direction 5/8 before retrying home.
[INFO] [1788833393.251552802] [candidate_explorer]: Return-home recovery move 5/8: backward, 0.3 m
[bt_navigator-7] [INFO] [1788833393.252048889] [bt_navigator]: Begin navigating from current location (11.81, 7.94) to (11.74, 8.23)
[controller_server-3] [INFO] [1788833393.274375738] [controller_server]: Received a goal, begin computing control effort.
[controller_server-3] [INFO] [1788833394.325024676] [controller_server]: Passing new path to controller.
[controller_server-3] [INFO] [1788833394.479965731] [controller_server]: Reached the goal!
[bt_navigator-7] [INFO] [1788833394.513086584] [bt_navigator]: Goal succeeded
[bt_navigator-7] [INFO] [1788833395.250702471] [bt_navigator]: Begin navigating from current location (11.81, 7.94) to (0.87, -1.04)
[planner_server-5] [WARN] [1788833395.262488858] [planner_server]: GridBased: failed to create plan with tolerance 0.50.
[planner_server-5] [WARN] [1788833395.262521400] [planner_server]: Planning algorithm GridBased failed to generate a valid path to (0.87, -1.04)
[planner_server-5] [WARN] [1788833395.262528567] [planner_server]: [compute_path_to_pose] [ActionServer] Aborting handle.
[controller_server-3] [INFO] [1788833395.272087603] [local_costmap.local_costmap]: Received request to clear entirely the local_costmap
[planner_server-5] [INFO] [1788833395.272402564] [global_costmap.global_costmap]: Received request to clear entirely the global_costmap
[planner_server-5] [WARN] [1788833395.774390364] [planner_server]: GridBased: failed to create plan with tolerance 0.50.
[planner_server-5] [WARN] [1788833395.774422322] [planner_server]: Planning algorithm GridBased failed to generate a valid path to (0.87, -1.04)
[planner_server-5] [WARN] [1788833395.774428781] [planner_server]: [compute_path_to_pose] [ActionServer] Aborting handle.
[behavior_server-6] [INFO] [1788833395.793525061] [behavior_server]: Running backup
[behavior_server-6] [INFO] [1788833397.096098636] [behavior_server]: backup completed successfully
[planner_server-5] [WARN] [1788833397.134386365] [planner_server]: GridBased: failed to create plan with tolerance 0.50.
[planner_server-5] [WARN] [1788833397.134417823] [planner_server]: Planning algorithm GridBased failed to generate a valid path to (0.87, -1.04)
[planner_server-5] [WARN] [1788833397.134424115] [planner_server]: [compute_path_to_pose] [ActionServer] Aborting handle.
[behavior_server-6] [INFO] [1788833397.154554987] [behavior_server]: Running spin
[behavior_server-6] [INFO] [1788833397.154594904] [behavior_server]: Turning 1.57 for spin behavior.
[behavior_server-6] [INFO] [1788833397.554820958] [behavior_server]: spin completed successfully
[planner_server-5] [WARN] [1788833397.583957904] [planner_server]: GridBased: failed to create plan with tolerance 0.50.
[planner_server-5] [WARN] [1788833397.584249781] [planner_server]: Planning algorithm GridBased failed to generate a valid path to (0.87, -1.04)
[planner_server-5] [WARN] [1788833397.584257156] [planner_server]: [compute_path_to_pose] [ActionServer] Aborting handle.
[behavior_server-6] [INFO] [1788833397.601754757] [behavior_server]: Running spin
[behavior_server-6] [INFO] [1788833397.601792924] [behavior_server]: Turning -1.57 for spin behavior.
[behavior_server-6] [INFO] [1788833398.005246546] [behavior_server]: spin completed successfully
[planner_server-5] [WARN] [1788833398.045507624] [planner_server]: GridBased: failed to create plan with tolerance 0.50.
[planner_server-5] [WARN] [1788833398.045538916] [planner_server]: Planning algorithm GridBased failed to generate a valid path to (0.87, -1.04)
[planner_server-5] [WARN] [1788833398.045544791] [planner_server]: [compute_path_to_pose] [ActionServer] Aborting handle.
[controller_server-3] [INFO] [1788833398.060894249] [local_costmap.local_costmap]: Received request to clear entirely the local_costmap
[planner_server-5] [INFO] [1788833398.061085834] [global_costmap.global_costmap]: Received request to clear entirely the global_costmap
[planner_server-5] [WARN] [1788833398.772911636] [planner_server]: GridBased: failed to create plan with tolerance 0.50.
[planner_server-5] [WARN] [1788833398.772945511] [planner_server]: Planning algorithm GridBased failed to generate a valid path to (0.87, -1.04)
[planner_server-5] [WARN] [1788833398.772952511] [planner_server]: [compute_path_to_pose] [ActionServer] Aborting handle.
[behavior_server-6] [INFO] [1788833398.791195951] [behavior_server]: Running backup
[behavior_server-6] [WARN] [1788833398.991883254] [behavior_server]: Collision Ahead - Exiting DriveOnHeading
[behavior_server-6] [WARN] [1788833398.991915171] [behavior_server]: backup failed
[behavior_server-6] [WARN] [1788833398.991920212] [behavior_server]: [backup] [ActionServer] Aborting handle.
[behavior_server-6] [INFO] [1788833399.011151286] [behavior_server]: Running spin
[behavior_server-6] [INFO] [1788833399.011191786] [behavior_server]: Turning 1.57 for spin behavior.
[behavior_server-6] [INFO] [1788833399.411319089] [behavior_server]: spin completed successfully
[planner_server-5] [WARN] [1788833399.456428207] [planner_server]: GridBased: failed to create plan with tolerance 0.50.
[planner_server-5] [WARN] [1788833399.456459290] [planner_server]: Planning algorithm GridBased failed to generate a valid path to (0.87, -1.04)
[planner_server-5] [WARN] [1788833399.456465165] [planner_server]: [compute_path_to_pose] [ActionServer] Aborting handle.
[bt_navigator-7] [WARN] [1788833399.483009257] [bt_navigator]: [navigate_to_pose] [ActionServer] Aborting handle.
[bt_navigator-7] [ERROR] [1788833399.483086216] [bt_navigator]: Goal failed
[INFO] [1788833399.484184224] [candidate_explorer]: return-home goal finished, success=False
[WARN] [1788833399.484506144] [candidate_explorer]: Nav2 could not reach home. Trying recovery direction 6/8 before retrying home.
[INFO] [1788833399.484745062] [candidate_explorer]: Return-home recovery move 6/8: backward-right, 0.3 m
[bt_navigator-7] [INFO] [1788833399.485152857] [bt_navigator]: Begin navigating from current location (11.84, 7.35) to (11.98, 7.61)
[controller_server-3] [INFO] [1788833399.508023669] [controller_server]: Received a goal, begin computing control effort.
[controller_server-3] [INFO] [1788833400.214066507] [controller_server]: Reached the goal!
[bt_navigator-7] [INFO] [1788833400.245330720] [bt_navigator]: Goal succeeded
[bt_navigator-7] [INFO] [1788833400.750275085] [bt_navigator]: Begin navigating from current location (11.80, 7.47) to (0.89, -1.06)
[planner_server-5] [WARN] [1788833400.766585468] [planner_server]: GridBased: failed to create plan with tolerance 0.50.
[planner_server-5] [WARN] [1788833400.766612843] [planner_server]: Planning algorithm GridBased failed to generate a valid path to (0.89, -1.06)
[planner_server-5] [WARN] [1788833400.766619427] [planner_server]: [compute_path_to_pose] [ActionServer] Aborting handle.
[behavior_server-6] [INFO] [1788833400.780619457] [behavior_server]: Running spin
[behavior_server-6] [INFO] [1788833400.780654999] [behavior_server]: Turning -1.57 for spin behavior.
[behavior_server-6] [INFO] [1788833401.181388515] [behavior_server]: spin completed successfully
[planner_server-5] [WARN] [1788833401.225640584] [planner_server]: GridBased: failed to create plan with tolerance 0.50.
[planner_server-5] [WARN] [1788833401.225673376] [planner_server]: Planning algorithm GridBased failed to generate a valid path to (0.89, -1.06)
[planner_server-5] [WARN] [1788833401.225679543] [planner_server]: [compute_path_to_pose] [ActionServer] Aborting handle.
[controller_server-3] [INFO] [1788833401.241181211] [local_costmap.local_costmap]: Received request to clear entirely the local_costmap
[planner_server-5] [INFO] [1788833401.241372254] [global_costmap.global_costmap]: Received request to clear entirely the global_costmap
[planner_server-5] [WARN] [1788833401.776043612] [planner_server]: GridBased: failed to create plan with tolerance 0.50.
[planner_server-5] [WARN] [1788833401.776072154] [planner_server]: Planning algorithm GridBased failed to generate a valid path to (0.89, -1.06)
[planner_server-5] [WARN] [1788833401.776078487] [planner_server]: [compute_path_to_pose] [ActionServer] Aborting handle.
[behavior_server-6] [INFO] [1788833401.792429162] [behavior_server]: Running backup
[WARN] [1788833402.249771806] [candidate_explorer]: Large map->odom correction detected (translation=0.78m, yaw=3.2deg). Pausing frontier navigation for 3.0s.
[INFO] [1788833402.998494284] [candidate_explorer]: Map/costmap stabilization window complete; replanning.
[behavior_server-6] [INFO] [1788833403.092710343] [behavior_server]: backup completed successfully
[planner_server-5] [WARN] [1788833403.123261926] [planner_server]: GridBased: failed to create plan with tolerance 0.50.
[planner_server-5] [WARN] [1788833403.123291217] [planner_server]: Planning algorithm GridBased failed to generate a valid path to (0.89, -1.06)
[planner_server-5] [WARN] [1788833403.123297509] [planner_server]: [compute_path_to_pose] [ActionServer] Aborting handle.
[behavior_server-6] [INFO] [1788833403.143528924] [behavior_server]: Running spin
[behavior_server-6] [INFO] [1788833403.143561799] [behavior_server]: Turning 1.57 for spin behavior.
[behavior_server-6] [INFO] [1788833403.545066072] [behavior_server]: spin completed successfully
[planner_server-5] [WARN] [1788833403.584755478] [planner_server]: GridBased: failed to create plan with tolerance 0.50.
[planner_server-5] [WARN] [1788833403.584820771] [planner_server]: Planning algorithm GridBased failed to generate a valid path to (0.89, -1.06)
[planner_server-5] [WARN] [1788833403.584829354] [planner_server]: [compute_path_to_pose] [ActionServer] Aborting handle.
[behavior_server-6] [INFO] [1788833403.600899027] [behavior_server]: Running spin
[behavior_server-6] [INFO] [1788833403.600961527] [behavior_server]: Turning -1.57 for spin behavior.
[behavior_server-6] [INFO] [1788833404.001245706] [behavior_server]: spin completed successfully
[planner_server-5] [WARN] [1788833404.044678060] [planner_server]: GridBased: failed to create plan with tolerance 0.50.
[planner_server-5] [WARN] [1788833404.044709727] [planner_server]: Planning algorithm GridBased failed to generate a valid path to (0.89, -1.06)
[planner_server-5] [WARN] [1788833404.044716019] [planner_server]: [compute_path_to_pose] [ActionServer] Aborting handle.
[controller_server-3] [INFO] [1788833404.044898145] [local_costmap.local_costmap]: Received request to clear entirely the local_costmap
[planner_server-5] [INFO] [1788833404.045059313] [global_costmap.global_costmap]: Received request to clear entirely the global_costmap
[planner_server-5] [WARN] [1788833404.770468351] [planner_server]: GridBased: failed to create plan with tolerance 0.50.
[planner_server-5] [WARN] [1788833404.770499393] [planner_server]: Planning algorithm GridBased failed to generate a valid path to (0.89, -1.06)
[planner_server-5] [WARN] [1788833404.770505893] [planner_server]: [compute_path_to_pose] [ActionServer] Aborting handle.
[bt_navigator-7] [WARN] [1788833404.791832358] [bt_navigator]: [navigate_to_pose] [ActionServer] Aborting handle.
[bt_navigator-7] [ERROR] [1788833404.792132611] [bt_navigator]: Goal failed
[INFO] [1788833404.792637031] [candidate_explorer]: return-home goal finished, success=False
[WARN] [1788833404.792933742] [candidate_explorer]: Nav2 could not reach home. Trying recovery direction 7/8 before retrying home.
[INFO] [1788833404.793153911] [candidate_explorer]: Return-home recovery move 7/8: right, 0.3 m
[bt_navigator-7] [INFO] [1788833404.793621914] [bt_navigator]: Begin navigating from current location (11.51, 7.90) to (11.27, 7.72)
[controller_server-3] [INFO] [1788833404.816099514] [controller_server]: Received a goal, begin computing control effort.
[controller_server-3] [INFO] [1788833405.870064188] [controller_server]: Passing new path to controller.
[controller_server-3] [INFO] [1788833406.375404681] [controller_server]: Reached the goal!
[bt_navigator-7] [INFO] [1788833406.414430749] [bt_navigator]: Goal succeeded
[bt_navigator-7] [INFO] [1788833406.999479684] [bt_navigator]: Begin navigating from current location (11.34, 7.75) to (0.41, -0.44)
[planner_server-5] [WARN] [1788833407.001421908] [planner_server]: GridBased: failed to create plan with tolerance 0.50.
[planner_server-5] [WARN] [1788833407.001635869] [planner_server]: Planning algorithm GridBased failed to generate a valid path to (0.41, -0.44)
[planner_server-5] [WARN] [1788833407.001642702] [planner_server]: [compute_path_to_pose] [ActionServer] Aborting handle.
[behavior_server-6] [INFO] [1788833407.020673815] [behavior_server]: Running backup
[behavior_server-6] [INFO] [1788833408.321801087] [behavior_server]: backup completed successfully
[planner_server-5] [WARN] [1788833408.361746912] [planner_server]: GridBased: failed to create plan with tolerance 0.50.
[planner_server-5] [WARN] [1788833408.361779371] [planner_server]: Planning algorithm GridBased failed to generate a valid path to (0.41, -0.44)
[planner_server-5] [WARN] [1788833408.361786162] [planner_server]: [compute_path_to_pose] [ActionServer] Aborting handle.
[behavior_server-6] [INFO] [1788833408.371192406] [behavior_server]: Running spin
[behavior_server-6] [INFO] [1788833408.371229948] [behavior_server]: Turning 1.57 for spin behavior.
[WARN] [1788833408.499871580] [candidate_explorer]: Large map->odom correction detected (translation=0.95m, yaw=3.7deg). Pausing frontier navigation for 3.0s.
[behavior_server-6] [INFO] [1788833408.771702128] [behavior_server]: spin completed successfully
[planner_server-5] [WARN] [1788833408.801828999] [planner_server]: GridBased: failed to create plan with tolerance 0.50.
[planner_server-5] [WARN] [1788833408.802112543] [planner_server]: Planning algorithm GridBased failed to generate a valid path to (0.41, -0.44)
[planner_server-5] [WARN] [1788833408.802119626] [planner_server]: [compute_path_to_pose] [ActionServer] Aborting handle.
[behavior_server-6] [INFO] [1788833408.811897289] [behavior_server]: Running spin
[behavior_server-6] [INFO] [1788833408.811934248] [behavior_server]: Turning -1.57 for spin behavior.
[behavior_server-6] [INFO] [1788833409.214412653] [behavior_server]: spin completed successfully
[INFO] [1788833409.250030068] [candidate_explorer]: Map/costmap stabilization window complete; replanning.
[planner_server-5] [WARN] [1788833409.254494605] [planner_server]: GridBased: failed to create plan with tolerance 0.50.
[planner_server-5] [WARN] [1788833409.254523855] [planner_server]: Planning algorithm GridBased failed to generate a valid path to (0.41, -0.44)
[planner_server-5] [WARN] [1788833409.254530230] [planner_server]: [compute_path_to_pose] [ActionServer] Aborting handle.
[controller_server-3] [INFO] [1788833409.269797021] [local_costmap.local_costmap]: Received request to clear entirely the local_costmap
[planner_server-5] [INFO] [1788833409.270354442] [global_costmap.global_costmap]: Received request to clear entirely the global_costmap
[planner_server-5] [WARN] [1788833409.771798238] [planner_server]: GridBased: failed to create plan with tolerance 0.50.
[planner_server-5] [WARN] [1788833409.772111324] [planner_server]: Planning algorithm GridBased failed to generate a valid path to (0.41, -0.44)
[planner_server-5] [WARN] [1788833409.772120449] [planner_server]: [compute_path_to_pose] [ActionServer] Aborting handle.
[behavior_server-6] [INFO] [1788833409.792228238] [behavior_server]: Running backup
[behavior_server-6] [WARN] [1788833409.892437554] [behavior_server]: Collision Ahead - Exiting DriveOnHeading
[behavior_server-6] [WARN] [1788833409.892463304] [behavior_server]: backup failed
[behavior_server-6] [WARN] [1788833409.892468096] [behavior_server]: [backup] [ActionServer] Aborting handle.
[behavior_server-6] [INFO] [1788833409.922571217] [behavior_server]: Running spin
[behavior_server-6] [INFO] [1788833409.922611259] [behavior_server]: Turning 1.57 for spin behavior.
[behavior_server-6] [INFO] [1788833410.323137523] [behavior_server]: spin completed successfully
[planner_server-5] [WARN] [1788833410.361759379] [planner_server]: GridBased: failed to create plan with tolerance 0.50.
[planner_server-5] [WARN] [1788833410.361793088] [planner_server]: Planning algorithm GridBased failed to generate a valid path to (0.41, -0.44)
[planner_server-5] [WARN] [1788833410.361799838] [planner_server]: [compute_path_to_pose] [ActionServer] Aborting handle.
[behavior_server-6] [INFO] [1788833410.383629141] [behavior_server]: Running spin
[behavior_server-6] [INFO] [1788833410.383659391] [behavior_server]: Turning -1.57 for spin behavior.
[behavior_server-6] [INFO] [1788833410.785283914] [behavior_server]: spin completed successfully
[planner_server-5] [WARN] [1788833410.821083790] [planner_server]: GridBased: failed to create plan with tolerance 0.50.
[planner_server-5] [WARN] [1788833410.821113665] [planner_server]: Planning algorithm GridBased failed to generate a valid path to (0.41, -0.44)
[planner_server-5] [WARN] [1788833410.821119998] [planner_server]: [compute_path_to_pose] [ActionServer] Aborting handle.
[bt_navigator-7] [WARN] [1788833410.851978958] [bt_navigator]: [navigate_to_pose] [ActionServer] Aborting handle.
[bt_navigator-7] [ERROR] [1788833410.852312627] [bt_navigator]: Goal failed
[INFO] [1788833410.853465429] [candidate_explorer]: return-home goal finished, success=False
[WARN] [1788833410.853767973] [candidate_explorer]: Nav2 could not reach home. Trying recovery direction 8/8 before retrying home.
[INFO] [1788833410.854005058] [candidate_explorer]: Return-home recovery move 8/8: forward-right, 0.3 m
[bt_navigator-7] [INFO] [1788833410.854429686] [bt_navigator]: Begin navigating from current location (11.80, 8.02) to (11.51, 8.11)
[controller_server-3] [INFO] [1788833410.874821478] [controller_server]: Received a goal, begin computing control effort.
[controller_server-3] [INFO] [1788833411.381147021] [controller_server]: Reached the goal!
[bt_navigator-7] [INFO] [1788833411.416045514] [bt_navigator]: Goal succeeded
[bt_navigator-7] [INFO] [1788833412.000682279] [bt_navigator]: Begin navigating from current location (11.71, 7.98) to (-0.15, 0.32)
[planner_server-5] [WARN] [1788833412.012926670] [planner_server]: GridBased: failed to create plan with tolerance 0.50.
[planner_server-5] [WARN] [1788833412.013491716] [planner_server]: Planning algorithm GridBased failed to generate a valid path to (-0.15, 0.32)
[planner_server-5] [WARN] [1788833412.013503508] [planner_server]: [compute_path_to_pose] [ActionServer] Aborting handle.
[controller_server-3] [INFO] [1788833412.033934758] [local_costmap.local_costmap]: Received request to clear entirely the local_costmap
[planner_server-5] [INFO] [1788833412.034119926] [global_costmap.global_costmap]: Received request to clear entirely the global_costmap
[planner_server-5] [WARN] [1788833412.776031848] [planner_server]: GridBased: failed to create plan with tolerance 0.50.
[planner_server-5] [WARN] [1788833412.776063140] [planner_server]: Planning algorithm GridBased failed to generate a valid path to (-0.15, 0.32)
[planner_server-5] [WARN] [1788833412.776069307] [planner_server]: [compute_path_to_pose] [ActionServer] Aborting handle.
[behavior_server-6] [INFO] [1788833412.791405265] [behavior_server]: Running backup
[behavior_server-6] [WARN] [1788833413.092231425] [behavior_server]: Collision Ahead - Exiting DriveOnHeading
[behavior_server-6] [WARN] [1788833413.092260300] [behavior_server]: backup failed
[behavior_server-6] [WARN] [1788833413.092585803] [behavior_server]: [backup] [ActionServer] Aborting handle.
[behavior_server-6] [INFO] [1788833413.124377395] [behavior_server]: Running spin
[behavior_server-6] [INFO] [1788833413.124411312] [behavior_server]: Turning 1.57 for spin behavior.
[behavior_server-6] [INFO] [1788833413.528580856] [behavior_server]: spin completed successfully
[planner_server-5] [WARN] [1788833413.564877527] [planner_server]: GridBased: failed to create plan with tolerance 0.50.
[planner_server-5] [WARN] [1788833413.564909277] [planner_server]: Planning algorithm GridBased failed to generate a valid path to (-0.15, 0.32)
[planner_server-5] [WARN] [1788833413.564916236] [planner_server]: [compute_path_to_pose] [ActionServer] Aborting handle.
[behavior_server-6] [INFO] [1788833413.582800923] [behavior_server]: Running spin
[behavior_server-6] [INFO] [1788833413.582834299] [behavior_server]: Turning -1.57 for spin behavior.
[behavior_server-6] [INFO] [1788833413.985318412] [behavior_server]: spin completed successfully
[planner_server-5] [WARN] [1788833414.016058371] [planner_server]: GridBased: failed to create plan with tolerance 0.50.
[planner_server-5] [WARN] [1788833414.016090496] [planner_server]: Planning algorithm GridBased failed to generate a valid path to (-0.15, 0.32)
[planner_server-5] [WARN] [1788833414.016096830] [planner_server]: [compute_path_to_pose] [ActionServer] Aborting handle.
[controller_server-3] [INFO] [1788833414.031044493] [local_costmap.local_costmap]: Received request to clear entirely the local_costmap
[planner_server-5] [INFO] [1788833414.031389496] [global_costmap.global_costmap]: Received request to clear entirely the global_costmap
[planner_server-5] [WARN] [1788833414.774098716] [planner_server]: GridBased: failed to create plan with tolerance 0.50.
[planner_server-5] [WARN] [1788833414.774132425] [planner_server]: Planning algorithm GridBased failed to generate a valid path to (-0.15, 0.32)
[planner_server-5] [WARN] [1788833414.774139508] [planner_server]: [compute_path_to_pose] [ActionServer] Aborting handle.
[behavior_server-6] [INFO] [1788833414.791577525] [behavior_server]: Running backup
[behavior_server-6] [WARN] [1788833414.791661817] [behavior_server]: Collision Ahead - Exiting DriveOnHeading
[behavior_server-6] [WARN] [1788833414.791667359] [behavior_server]: backup failed
[behavior_server-6] [WARN] [1788833414.791671026] [behavior_server]: [backup] [ActionServer] Aborting handle.
[behavior_server-6] [INFO] [1788833414.821095432] [behavior_server]: Running spin
[behavior_server-6] [INFO] [1788833414.821125016] [behavior_server]: Turning 1.57 for spin behavior.
[behavior_server-6] [INFO] [1788833415.221830782] [behavior_server]: spin completed successfully
[planner_server-5] [WARN] [1788833415.255304930] [planner_server]: GridBased: failed to create plan with tolerance 0.50.
[planner_server-5] [WARN] [1788833415.255335388] [planner_server]: Planning algorithm GridBased failed to generate a valid path to (-0.15, 0.32)
[planner_server-5] [WARN] [1788833415.255341388] [planner_server]: [compute_path_to_pose] [ActionServer] Aborting handle.
[behavior_server-6] [INFO] [1788833415.272601654] [behavior_server]: Running spin
[behavior_server-6] [INFO] [1788833415.272637154] [behavior_server]: Turning -1.57 for spin behavior.
[behavior_server-6] [INFO] [1788833415.674029134] [behavior_server]: spin completed successfully
[planner_server-5] [WARN] [1788833415.715545097] [planner_server]: GridBased: failed to create plan with tolerance 0.50.
[planner_server-5] [WARN] [1788833415.715574973] [planner_server]: Planning algorithm GridBased failed to generate a valid path to (-0.15, 0.32)
[planner_server-5] [WARN] [1788833415.715581973] [planner_server]: [compute_path_to_pose] [ActionServer] Aborting handle.
[bt_navigator-7] [WARN] [1788833415.740997055] [bt_navigator]: [navigate_to_pose] [ActionServer] Aborting handle.
[bt_navigator-7] [ERROR] [1788833415.741100306] [bt_navigator]: Goal failed
[INFO] [1788833415.742367899] [candidate_explorer]: return-home goal finished, success=False
[ERROR] [1788833415.742604526] [candidate_explorer]: Return-home recovery sweep exhausted; ending the session with the robot away from home.
[sim_node-1] [INFO] [1788833415.768476654] [challenge_sim_node]: SESSION FINISHED — wrote /challenge/results/20260908_020258/report.yaml
[sim_node-1] collision_count: 24655
[sim_node-1] coverage_fraction: 0.7610865817076031
[sim_node-1] distance_to_home_m: 14.21781981673594
[sim_node-1] elapsed_time_s: 1743.0499999989624
[sim_node-1] elapsed_wall_time_s: 435.7850402639888
[sim_node-1] map_output_yaml: /challenge/results/20260908_020258/map.yaml
[sim_node-1] map_yaml: /challenge/maps/2/room.yaml
[sim_node-1] min_coverage_required: 0.8
[sim_node-1] results_path: /challenge/results/20260908_020258/report.yaml
[sim_node-1] return_tolerance_m: 0.3
[sim_node-1] seed: 2500000
[sim_node-1] success: false
[sim_node-1] time_scale: 4.0
[sim_node-1] timed_out: false
[sim_node-1] 
[INFO] [1788833415.769786123] [candidate_explorer]: Session result: coverage=76.1% distance_to_home=14.22m elapsed_sim=1743.0s elapsed_wall=435.8s collisions=24655 success=False report_written_to=/challenge/results/20260908_020258/report.yaml

=== REPORT ===
collision_count: 24655
coverage_fraction: 0.7610865817076031
distance_to_home_m: 14.21781981673594
elapsed_time_s: 1743.0499999989624
elapsed_wall_time_s: 435.7850402639888
map_output_yaml: /challenge/results/20260908_020258/map.yaml
map_yaml: /challenge/maps/2/room.yaml
min_coverage_required: 0.8
results_path: /challenge/results/20260908_020258/report.yaml
return_tolerance_m: 0.3
seed: 2500000
success: false
time_scale: 4.0
timed_out: false
Shutting down...
[ERROR] [sim_node-1]: process has died [pid 9599, exit code -9, cmd '/challenge/ws/install/challenge_sim/lib/challenge_sim/sim_node --ros-args -r __node:=challenge_sim_node --params-file /tmp/launch_params_0gqdii92'].
[ERROR] [async_slam_toolbox_node-2]: process has died [pid 9601, exit code -9, cmd '/opt/ros/humble/lib/slam_toolbox/async_slam_toolbox_node --ros-args -r __node:=slam_toolbox --params-file /challenge/ws/install/challenge_sim/share/challenge_sim/config/slam_toolbox_params.yaml --params-file /tmp/launch_params_dklxzgsu'].
[ERROR] [controller_server-3]: process has died [pid 9603, exit code -9, cmd '/opt/ros/humble/lib/nav2_controller/controller_server --ros-args --log-level info --ros-args --params-file /tmp/launch_params_27f7hko_ -r /tf:=tf -r /tf_static:=tf_static -r cmd_vel:=cmd_vel_nav'].
[ERROR] [smoother_server-4]: process has died [pid 9605, exit code -9, cmd '/opt/ros/humble/lib/nav2_smoother/smoother_server --ros-args --log-level info --ros-args -r __node:=smoother_server --params-file /tmp/launch_params_27f7hko_ -r /tf:=tf -r /tf_static:=tf_static'].
[ERROR] [behavior_server-6]: process has died [pid 9609, exit code -9, cmd '/opt/ros/humble/lib/nav2_behaviors/behavior_server --ros-args --log-level info --ros-args -r __node:=behavior_server --params-file /tmp/launch_params_27f7hko_ -r /tf:=tf -r /tf_static:=tf_static'].
[ERROR] [planner_server-5]: process has died [pid 9607, exit code -9, cmd '/opt/ros/humble/lib/nav2_planner/planner_server --ros-args --log-level info --ros-args -r __node:=planner_server --params-file /tmp/launch_params_27f7hko_ -r /tf:=tf -r /tf_static:=tf_static'].
[ERROR] [bt_navigator-7]: process has died [pid 9611, exit code -9, cmd '/opt/ros/humble/lib/nav2_bt_navigator/bt_navigator --ros-args --log-level info --ros-args -r __node:=bt_navigator --params-file /tmp/launch_params_27f7hko_ -r /tf:=tf -r /tf_static:=tf_static'].
[ERROR] [waypoint_follower-8]: process has died [pid 9613, exit code -9, cmd '/opt/ros/humble/lib/nav2_waypoint_follower/waypoint_follower --ros-args --log-level info --ros-args -r __node:=waypoint_follower --params-file /tmp/launch_params_27f7hko_ -r /tf:=tf -r /tf_static:=tf_static'].
[ERROR] [velocity_smoother-9]: process has died [pid 9615, exit code -9, cmd '/opt/ros/humble/lib/nav2_velocity_smoother/velocity_smoother --ros-args --log-level info --ros-args -r __node:=velocity_smoother --params-file /tmp/launch_params_27f7hko_ -r /tf:=tf -r /tf_static:=tf_static -r cmd_vel:=cmd_vel_nav -r cmd_vel_smoothed:=cmd_vel'].
/challenge/eval_runner.sh: line 40:  9597 Killed                  ros2 launch challenge_sim challenge.launch.py map_yaml:="$MAP_YAML" seed:="$SEED" time_limit_s:="$TIME_LIMIT" time_scale:="$TIME_SCALE" results_path:="$RESULTS_PATH" rviz:="$RVIZ"
