Launching sim + slam_toolbox + Nav2 (map: /challenge/maps/1/room.yaml, seed: 1900000, time_scale: 4.0x)...
Waiting for bringup...
[INFO] [launch]: All log files can be found below /root/.ros/log/2026-09-08-01-42-01-206001-orbstack-4593
[INFO] [launch]: Default logging verbosity is set to INFO
[INFO] [sim_node-1]: process started with pid [4595]
[INFO] [async_slam_toolbox_node-2]: process started with pid [4597]
[INFO] [controller_server-3]: process started with pid [4599]
[INFO] [smoother_server-4]: process started with pid [4601]
[INFO] [planner_server-5]: process started with pid [4603]
[INFO] [behavior_server-6]: process started with pid [4605]
[INFO] [bt_navigator-7]: process started with pid [4607]
[INFO] [waypoint_follower-8]: process started with pid [4609]
[INFO] [velocity_smoother-9]: process started with pid [4611]
[INFO] [lifecycle_manager-10]: process started with pid [4613]
[async_slam_toolbox_node-2] [INFO] [1788831721.328583995] [slam_toolbox]: Node using stack size 40000000
[velocity_smoother-9] [INFO] [1788831721.330781469] [velocity_smoother]: 
[velocity_smoother-9] 	velocity_smoother lifecycle node launched. 
[velocity_smoother-9] 	Waiting on external lifecycle transitions to activate
[velocity_smoother-9] 	See https://design.ros2.org/articles/node_lifecycle.html for more information.
[waypoint_follower-8] [INFO] [1788831721.339060612] [waypoint_follower]: 
[waypoint_follower-8] 	waypoint_follower lifecycle node launched. 
[waypoint_follower-8] 	Waiting on external lifecycle transitions to activate
[waypoint_follower-8] 	See https://design.ros2.org/articles/node_lifecycle.html for more information.
[waypoint_follower-8] [INFO] [1788831721.339582658] [waypoint_follower]: Creating
[smoother_server-4] [INFO] [1788831721.342362761] [smoother_server]: 
[smoother_server-4] 	smoother_server lifecycle node launched. 
[smoother_server-4] 	Waiting on external lifecycle transitions to activate
[smoother_server-4] 	See https://design.ros2.org/articles/node_lifecycle.html for more information.
[planner_server-5] [INFO] [1788831721.342861390] [planner_server]: 
[planner_server-5] 	planner_server lifecycle node launched. 
[planner_server-5] 	Waiting on external lifecycle transitions to activate
[planner_server-5] 	See https://design.ros2.org/articles/node_lifecycle.html for more information.
[smoother_server-4] [INFO] [1788831721.344715862] [smoother_server]: Creating smoother server
[planner_server-5] [INFO] [1788831721.344781612] [planner_server]: Creating
[behavior_server-6] [INFO] [1788831721.347753009] [behavior_server]: 
[behavior_server-6] 	behavior_server lifecycle node launched. 
[behavior_server-6] 	Waiting on external lifecycle transitions to activate
[behavior_server-6] 	See https://design.ros2.org/articles/node_lifecycle.html for more information.
[bt_navigator-7] [INFO] [1788831721.350840573] [bt_navigator]: 
[bt_navigator-7] 	bt_navigator lifecycle node launched. 
[bt_navigator-7] 	Waiting on external lifecycle transitions to activate
[bt_navigator-7] 	See https://design.ros2.org/articles/node_lifecycle.html for more information.
[bt_navigator-7] [INFO] [1788831721.350906532] [bt_navigator]: Creating
[controller_server-3] [INFO] [1788831721.356179361] [controller_server]: 
[controller_server-3] 	controller_server lifecycle node launched. 
[controller_server-3] 	Waiting on external lifecycle transitions to activate
[controller_server-3] 	See https://design.ros2.org/articles/node_lifecycle.html for more information.
[controller_server-3] [INFO] [1788831721.358741547] [controller_server]: Creating controller server
[lifecycle_manager-10] [INFO] [1788831721.356301237] [lifecycle_manager_navigation]: Creating
[lifecycle_manager-10] [INFO] [1788831721.358948298] [lifecycle_manager_navigation]: [34m[1mCreating and initializing lifecycle service clients[0m[0m
[planner_server-5] [INFO] [1788831721.368180323] [global_costmap.global_costmap]: 
[planner_server-5] 	global_costmap lifecycle node launched. 
[planner_server-5] 	Waiting on external lifecycle transitions to activate
[planner_server-5] 	See https://design.ros2.org/articles/node_lifecycle.html for more information.
[planner_server-5] [INFO] [1788831721.369542250] [global_costmap.global_costmap]: Creating Costmap
[async_slam_toolbox_node-2] [INFO] [1788831721.369825627] [slam_toolbox]: Using solver plugin solver_plugins::CeresSolver
[async_slam_toolbox_node-2] [INFO] [1788831721.371346638] [slam_toolbox]: CeresSolver: Using SCHUR_JACOBI preconditioner.
[lifecycle_manager-10] [INFO] [1788831721.375206749] [lifecycle_manager_navigation]: [34m[1mStarting managed nodes bringup...[0m[0m
[lifecycle_manager-10] [INFO] [1788831721.375240583] [lifecycle_manager_navigation]: [34m[1mConfiguring controller_server[0m[0m
[controller_server-3] [INFO] [1788831721.378543857] [local_costmap.local_costmap]: 
[controller_server-3] 	local_costmap lifecycle node launched. 
[controller_server-3] 	Waiting on external lifecycle transitions to activate
[controller_server-3] 	See https://design.ros2.org/articles/node_lifecycle.html for more information.
[controller_server-3] [INFO] [1788831721.378926526] [local_costmap.local_costmap]: Creating Costmap
[controller_server-3] [INFO] [1788831721.381720213] [controller_server]: Configuring controller interface
[controller_server-3] [INFO] [1788831721.381906673] [controller_server]: getting goal checker plugins..
[controller_server-3] [INFO] [1788831721.382009340] [controller_server]: Controller frequency set to 20.0000Hz
[controller_server-3] [INFO] [1788831721.382031049] [local_costmap.local_costmap]: Configuring
[controller_server-3] [INFO] [1788831721.385428990] [local_costmap.local_costmap]: Using plugin "obstacle_layer"
[controller_server-3] [INFO] [1788831721.388500804] [local_costmap.local_costmap]: Subscribed to Topics: scan
[controller_server-3] [INFO] [1788831721.391120073] [local_costmap.local_costmap]: Initialized plugin "obstacle_layer"
[controller_server-3] [INFO] [1788831721.391140948] [local_costmap.local_costmap]: Using plugin "inflation_layer"
[controller_server-3] [INFO] [1788831721.391698702] [local_costmap.local_costmap]: Initialized plugin "inflation_layer"
[controller_server-3] [INFO] [1788831721.397252825] [controller_server]: Created progress_checker : progress_checker of type nav2_controller::SimpleProgressChecker
[controller_server-3] [INFO] [1788831721.397771662] [controller_server]: Created goal checker : general_goal_checker of type nav2_controller::SimpleGoalChecker
[controller_server-3] [INFO] [1788831721.398149790] [controller_server]: Controller Server has general_goal_checker  goal checkers available.
[controller_server-3] [INFO] [1788831721.399430258] [controller_server]: Created controller : FollowPath of type dwb_core::DWBLocalPlanner
[controller_server-3] [INFO] [1788831721.400711642] [controller_server]: Setting transform_tolerance to 0.200000
[controller_server-3] [INFO] [1788831721.408191446] [controller_server]: Using critic "RotateToGoal" (dwb_critics::RotateToGoalCritic)
[controller_server-3] [INFO] [1788831721.408959118] [controller_server]: Critic plugin initialized
[controller_server-3] [INFO] [1788831721.409115495] [controller_server]: Using critic "Oscillation" (dwb_critics::OscillationCritic)
[controller_server-3] [INFO] [1788831721.409701332] [controller_server]: Critic plugin initialized
[controller_server-3] [INFO] [1788831721.409781333] [controller_server]: Using critic "BaseObstacle" (dwb_critics::BaseObstacleCritic)
[controller_server-3] [INFO] [1788831721.409971084] [controller_server]: Critic plugin initialized
[controller_server-3] [INFO] [1788831721.410188711] [controller_server]: Using critic "GoalAlign" (dwb_critics::GoalAlignCritic)
[controller_server-3] [INFO] [1788831721.410571213] [controller_server]: Critic plugin initialized
[controller_server-3] [INFO] [1788831721.410716464] [controller_server]: Using critic "PathAlign" (dwb_critics::PathAlignCritic)
[controller_server-3] [INFO] [1788831721.410962091] [controller_server]: Critic plugin initialized
[controller_server-3] [INFO] [1788831721.411050634] [controller_server]: Using critic "PathDist" (dwb_critics::PathDistCritic)
[controller_server-3] [INFO] [1788831721.411270260] [controller_server]: Critic plugin initialized
[controller_server-3] [INFO] [1788831721.411359636] [controller_server]: Using critic "GoalDist" (dwb_critics::GoalDistCritic)
[controller_server-3] [INFO] [1788831721.411574179] [controller_server]: Critic plugin initialized
[controller_server-3] [INFO] [1788831721.411584429] [controller_server]: Controller Server has FollowPath  controllers available.
[lifecycle_manager-10] [INFO] [1788831721.416176462] [lifecycle_manager_navigation]: [34m[1mConfiguring smoother_server[0m[0m
[smoother_server-4] [INFO] [1788831721.416569424] [smoother_server]: Configuring smoother server
[smoother_server-4] [INFO] [1788831721.423498182] [smoother_server]: Created smoother : simple_smoother of type nav2_smoother::SimpleSmoother
[smoother_server-4] [INFO] [1788831721.424597315] [smoother_server]: Smoother Server has simple_smoother  smoothers available.
[lifecycle_manager-10] [INFO] [1788831721.429325058] [lifecycle_manager_navigation]: [34m[1mConfiguring planner_server[0m[0m
[planner_server-5] [INFO] [1788831721.429873186] [planner_server]: Configuring
[planner_server-5] [INFO] [1788831721.429897812] [global_costmap.global_costmap]: Configuring
[planner_server-5] [INFO] [1788831721.436483734] [global_costmap.global_costmap]: Using plugin "static_layer"
[planner_server-5] [INFO] [1788831721.438780251] [global_costmap.global_costmap]: Subscribing to the map topic (/map) with transient local durability
[planner_server-5] [INFO] [1788831721.439609549] [global_costmap.global_costmap]: Initialized plugin "static_layer"
[planner_server-5] [INFO] [1788831721.439623674] [global_costmap.global_costmap]: Using plugin "obstacle_layer"
[planner_server-5] [INFO] [1788831721.440517014] [global_costmap.global_costmap]: Subscribed to Topics: scan
[planner_server-5] [INFO] [1788831721.443966830] [global_costmap.global_costmap]: Initialized plugin "obstacle_layer"
[planner_server-5] [INFO] [1788831721.443986497] [global_costmap.global_costmap]: Using plugin "inflation_layer"
[planner_server-5] [INFO] [1788831721.444656293] [global_costmap.global_costmap]: Initialized plugin "inflation_layer"
[planner_server-5] [INFO] [1788831721.450981381] [planner_server]: Created global planner plugin GridBased of type nav2_navfn_planner/NavfnPlanner
[planner_server-5] [INFO] [1788831721.451011631] [planner_server]: Configuring plugin GridBased of type NavfnPlanner
[planner_server-5] [INFO] [1788831721.451741720] [planner_server]: Planner Server has GridBased  planners available.
[lifecycle_manager-10] [INFO] [1788831721.458865438] [lifecycle_manager_navigation]: [34m[1mConfiguring behavior_server[0m[0m
[behavior_server-6] [INFO] [1788831721.459221732] [behavior_server]: Configuring
[behavior_server-6] [INFO] [1788831721.464501145] [behavior_server]: Creating behavior plugin spin of type nav2_behaviors/Spin
[behavior_server-6] [INFO] [1788831721.465010733] [behavior_server]: Configuring spin
[behavior_server-6] [INFO] [1788831721.468598633] [behavior_server]: Creating behavior plugin backup of type nav2_behaviors/BackUp
[behavior_server-6] [INFO] [1788831721.469091595] [behavior_server]: Configuring backup
[behavior_server-6] [INFO] [1788831721.472240493] [behavior_server]: Creating behavior plugin drive_on_heading of type nav2_behaviors/DriveOnHeading
[behavior_server-6] [INFO] [1788831721.472764580] [behavior_server]: Configuring drive_on_heading
[behavior_server-6] [INFO] [1788831721.476113480] [behavior_server]: Creating behavior plugin assisted_teleop of type nav2_behaviors/AssistedTeleop
[behavior_server-6] [INFO] [1788831721.477370239] [behavior_server]: Configuring assisted_teleop
[behavior_server-6] [INFO] [1788831721.480544970] [behavior_server]: Creating behavior plugin wait of type nav2_behaviors/Wait
[behavior_server-6] [INFO] [1788831721.481265350] [behavior_server]: Configuring wait
[lifecycle_manager-10] [INFO] [1788831721.484124913] [lifecycle_manager_navigation]: [34m[1mConfiguring bt_navigator[0m[0m
[bt_navigator-7] [INFO] [1788831721.484505165] [bt_navigator]: Configuring
[lifecycle_manager-10] [INFO] [1788831721.532159844] [lifecycle_manager_navigation]: [34m[1mConfiguring waypoint_follower[0m[0m
[waypoint_follower-8] [INFO] [1788831721.532783556] [waypoint_follower]: Configuring
[waypoint_follower-8] [INFO] [1788831721.541489536] [waypoint_follower]: Created waypoint_task_executor : wait_at_waypoint of type nav2_waypoint_follower::WaitAtWaypoint
[lifecycle_manager-10] [INFO] [1788831721.542149083] [lifecycle_manager_navigation]: [34m[1mConfiguring velocity_smoother[0m[0m
[velocity_smoother-9] [INFO] [1788831721.542511127] [velocity_smoother]: Configuring velocity smoother
[lifecycle_manager-10] [INFO] [1788831721.545310397] [lifecycle_manager_navigation]: [34m[1mActivating controller_server[0m[0m
[controller_server-3] [INFO] [1788831721.545580691] [controller_server]: Activating
[controller_server-3] [INFO] [1788831721.545603983] [local_costmap.local_costmap]: Activating
[controller_server-3] [INFO] [1788831721.545610858] [local_costmap.local_costmap]: Checking transform
[controller_server-3] [INFO] [1788831721.545623441] [local_costmap.local_costmap]: Timed out waiting for transform from base_link to odom to become available, tf error: Invalid frame ID "odom" passed to canTransform argument target_frame - frame does not exist
[sim_node-1] [INFO] [1788831721.870272833] [challenge_sim_node]: Loaded /challenge/maps/1/room.yaml — spawned at world (8.98, -0.32); 149913 reachable free cells. time_scale=4.0x
[async_slam_toolbox_node-2] [WARN] [1788831721.908234649] [slam_toolbox]: minimum laser range setting (0.0 m) exceeds the capabilities of the used Lidar (0.1 m)
[async_slam_toolbox_node-2] Info: clipped range threshold to be within minimum and maximum range!
[async_slam_toolbox_node-2] Registering sensor: [Custom Described Lidar]
[controller_server-3] [INFO] [1788831722.048848209] [local_costmap.local_costmap]: start
[controller_server-3] [INFO] [1788831722.299758275] [controller_server]: Creating bond (controller_server) to lifecycle manager.
[lifecycle_manager-10] [INFO] [1788831722.405132538] [lifecycle_manager_navigation]: Server controller_server connected with bond.
[lifecycle_manager-10] [INFO] [1788831722.405160121] [lifecycle_manager_navigation]: [34m[1mActivating smoother_server[0m[0m
[smoother_server-4] [INFO] [1788831722.405317372] [smoother_server]: Activating
[smoother_server-4] [INFO] [1788831722.405339914] [smoother_server]: Creating bond (smoother_server) to lifecycle manager.
[lifecycle_manager-10] [INFO] [1788831722.511391015] [lifecycle_manager_navigation]: Server smoother_server connected with bond.
[lifecycle_manager-10] [INFO] [1788831722.511452766] [lifecycle_manager_navigation]: [34m[1mActivating planner_server[0m[0m
[planner_server-5] [INFO] [1788831722.511671309] [planner_server]: Activating
[planner_server-5] [INFO] [1788831722.511703017] [global_costmap.global_costmap]: Activating
[planner_server-5] [INFO] [1788831722.511711809] [global_costmap.global_costmap]: Checking transform
[planner_server-5] [INFO] [1788831722.511793560] [global_costmap.global_costmap]: start
[planner_server-5] [INFO] [1788831723.382103068] [global_costmap.global_costmap]: StaticLayer: Resizing costmap to 390 X 275 at 0.015000 m/pix
[planner_server-5] [INFO] [1788831723.563587382] [planner_server]: Activating plugin GridBased of type NavfnPlanner
[planner_server-5] [INFO] [1788831723.564681681] [planner_server]: Creating bond (planner_server) to lifecycle manager.
[lifecycle_manager-10] [INFO] [1788831723.668037054] [lifecycle_manager_navigation]: Server planner_server connected with bond.
[lifecycle_manager-10] [INFO] [1788831723.668065888] [lifecycle_manager_navigation]: [34m[1mActivating behavior_server[0m[0m
[behavior_server-6] [INFO] [1788831723.668217264] [behavior_server]: Activating
[behavior_server-6] [INFO] [1788831723.668234056] [behavior_server]: Activating spin
[behavior_server-6] [INFO] [1788831723.668241181] [behavior_server]: Activating backup
[behavior_server-6] [INFO] [1788831723.668246431] [behavior_server]: Activating drive_on_heading
[behavior_server-6] [INFO] [1788831723.668258764] [behavior_server]: Activating assisted_teleop
[behavior_server-6] [INFO] [1788831723.668269098] [behavior_server]: Activating wait
[behavior_server-6] [INFO] [1788831723.668276806] [behavior_server]: Creating bond (behavior_server) to lifecycle manager.
[lifecycle_manager-10] [INFO] [1788831723.771629804] [lifecycle_manager_navigation]: Server behavior_server connected with bond.
[lifecycle_manager-10] [INFO] [1788831723.771656554] [lifecycle_manager_navigation]: [34m[1mActivating bt_navigator[0m[0m
[bt_navigator-7] [INFO] [1788831723.771826431] [bt_navigator]: Activating
[bt_navigator-7] [INFO] [1788831723.798254289] [bt_navigator]: Creating bond (bt_navigator) to lifecycle manager.
[lifecycle_manager-10] [INFO] [1788831723.900846490] [lifecycle_manager_navigation]: Server bt_navigator connected with bond.
[lifecycle_manager-10] [INFO] [1788831723.900914573] [lifecycle_manager_navigation]: [34m[1mActivating waypoint_follower[0m[0m
[waypoint_follower-8] [INFO] [1788831723.901250201] [waypoint_follower]: Activating
[waypoint_follower-8] [INFO] [1788831723.901272284] [waypoint_follower]: Creating bond (waypoint_follower) to lifecycle manager.
[lifecycle_manager-10] [INFO] [1788831724.004990993] [lifecycle_manager_navigation]: Server waypoint_follower connected with bond.
[lifecycle_manager-10] [INFO] [1788831724.005281954] [lifecycle_manager_navigation]: [34m[1mActivating velocity_smoother[0m[0m
[velocity_smoother-9] [INFO] [1788831724.005509747] [velocity_smoother]: Activating
[velocity_smoother-9] [INFO] [1788831724.005543497] [velocity_smoother]: Creating bond (velocity_smoother) to lifecycle manager.
[lifecycle_manager-10] [INFO] [1788831724.109950670] [lifecycle_manager_navigation]: Server velocity_smoother connected with bond.
[lifecycle_manager-10] [INFO] [1788831724.109978503] [lifecycle_manager_navigation]: [34m[1mManaged nodes are active[0m[0m
[lifecycle_manager-10] [INFO] [1788831724.109984587] [lifecycle_manager_navigation]: [34m[1mCreating bond timer...[0m[0m
Starting your explorer node...
Running. Waiting for /challenge/results/20260908_014200/report.yaml to appear (or Ctrl-C to stop)...
[INFO] [1788831753.394585108] [candidate_explorer]: Got first /map.
[INFO] [1788831753.642272109] [candidate_explorer]: Detected 174 frontier cells
[INFO] [1788831753.642653362] [candidate_explorer]: Found 1 frontier clusters after filtering
[WARN] [1788831753.642885822] [candidate_explorer]: Frontier clusters exist, but none have a usable goal point.
[WARN] [1788831753.643192532] [candidate_explorer]: Frontier clusters exist but have no usable goal. Trying recovery direction 1/8 before checking again.
[INFO] [1788831753.643448742] [candidate_explorer]: Recovery move 1/8: forward, 0.8 m -> (0.80, 0.00)
[bt_navigator-7] [INFO] [1788831753.645028087] [bt_navigator]: Begin navigating from current location (0.00, 0.00) to (0.80, 0.00)
[controller_server-3] [INFO] [1788831753.667344415] [controller_server]: Received a goal, begin computing control effort.
[controller_server-3] [WARN] [1788831753.667391166] [controller_server]: No goal checker was specified in parameter 'current_goal_checker'. Server will use only plugin loaded general_goal_checker . This warning will appear once.
[controller_server-3] [INFO] [1788831754.321509901] [controller_server]: Reached the goal!
[bt_navigator-7] [INFO] [1788831754.356827240] [bt_navigator]: Goal succeeded
[INFO] [1788831754.357253659] [candidate_explorer]: Recovery move 'forward' succeeded.
[INFO] [1788831754.385949742] [candidate_explorer]: Detected 174 frontier cells
[INFO] [1788831754.386410995] [candidate_explorer]: Found 1 frontier clusters after filtering
[INFO] [1788831754.386755164] [candidate_explorer]: Selected frontier cluster: size=160, goal=(0.06, 0.30), distance=0.60
[INFO] [1788831754.387067708] [candidate_explorer]: Checking global path to frontier (0.06, 0.30), distance=0.60m
[INFO] [1788831754.389892979] [candidate_explorer]: Nav2 path to frontier is 0.67m (straight-line=0.60m, detour=1.1x)
[INFO] [1788831754.390870528] [candidate_explorer]: Global path accepted. Navigating to frontier (0.06, 0.30)
[bt_navigator-7] [INFO] [1788831754.391313281] [bt_navigator]: Begin navigating from current location (0.61, 0.05) to (0.06, 0.30)
[controller_server-3] [INFO] [1788831754.412554018] [controller_server]: Received a goal, begin computing control effort.
[controller_server-3] [INFO] [1788831755.465716725] [controller_server]: Passing new path to controller.
[planner_server-5] [INFO] [1788831755.512456313] [global_costmap.global_costmap]: StaticLayer: Resizing costmap to 438 X 276 at 0.015000 m/pix
[controller_server-3] [INFO] [1788831756.115791389] [controller_server]: Reached the goal!
[bt_navigator-7] [INFO] [1788831756.153188118] [bt_navigator]: Goal succeeded
[INFO] [1788831756.153667954] [candidate_explorer]: Frontier goal finished: success=True
[INFO] [1788831756.153914665] [candidate_explorer]: Reached frontier. Waiting for the map to expose new frontiers.
[INFO] [1788831756.408405048] [candidate_explorer]: Detected 4534 frontier cells
[INFO] [1788831756.418040368] [candidate_explorer]: Found 65 frontier clusters after filtering
[INFO] [1788831756.420140258] [candidate_explorer]: Selected frontier cluster: size=2477, goal=(0.23, 1.01), distance=0.60
[INFO] [1788831756.420584178] [candidate_explorer]: Checking global path to frontier (0.23, 1.01), distance=0.60m
[INFO] [1788831756.423161405] [candidate_explorer]: Nav2 path to frontier is 0.60m (straight-line=0.60m, detour=1.0x)
[INFO] [1788831756.424035287] [candidate_explorer]: Global path accepted. Navigating to frontier (0.23, 1.01)
[bt_navigator-7] [INFO] [1788831756.424364539] [bt_navigator]: Begin navigating from current location (0.25, 0.41) to (0.23, 1.01)
[controller_server-3] [INFO] [1788831756.446328865] [controller_server]: Received a goal, begin computing control effort.
[controller_server-3] [INFO] [1788831757.498718107] [controller_server]: Passing new path to controller.
[planner_server-5] [INFO] [1788831757.513498756] [global_costmap.global_costmap]: StaticLayer: Resizing costmap to 512 X 293 at 0.015000 m/pix
[controller_server-3] [INFO] [1788831757.901879984] [controller_server]: Reached the goal!
[bt_navigator-7] [INFO] [1788831757.934526304] [bt_navigator]: Goal succeeded
[INFO] [1788831757.935125391] [candidate_explorer]: Frontier goal finished: success=True
[INFO] [1788831757.935381685] [candidate_explorer]: Reached frontier. Waiting for the map to expose new frontiers.
[INFO] [1788831758.169908758] [candidate_explorer]: Detected 9790 frontier cells
[INFO] [1788831758.178480320] [candidate_explorer]: Found 82 frontier clusters after filtering
[INFO] [1788831758.184218319] [candidate_explorer]: Selected frontier cluster: size=7506, goal=(-0.29, 1.40), distance=0.60
[INFO] [1788831758.185042284] [candidate_explorer]: Checking global path to frontier (-0.29, 1.40), distance=0.60m
[INFO] [1788831758.187835762] [candidate_explorer]: Nav2 path to frontier is 0.61m (straight-line=0.60m, detour=1.0x)
[INFO] [1788831758.188710144] [candidate_explorer]: Global path accepted. Navigating to frontier (-0.29, 1.40)
[bt_navigator-7] [INFO] [1788831758.189096646] [bt_navigator]: Begin navigating from current location (0.04, 0.90) to (-0.29, 1.40)
[controller_server-3] [INFO] [1788831758.210293300] [controller_server]: Received a goal, begin computing control effort.
[controller_server-3] [INFO] [1788831759.214187275] [controller_server]: Reached the goal!
[controller_server-3] [INFO] [1788831759.230838229] [controller_server]: Received a goal, begin computing control effort.
[controller_server-3] [INFO] [1788831759.232618492] [controller_server]: Reached the goal!
[bt_navigator-7] [INFO] [1788831759.269230382] [bt_navigator]: Goal succeeded
[INFO] [1788831759.269867011] [candidate_explorer]: Frontier goal finished: success=True
[INFO] [1788831759.270162680] [candidate_explorer]: Reached frontier. Waiting for the map to expose new frontiers.
[INFO] [1788831759.421364025] [candidate_explorer]: Detected 7516 frontier cells
[INFO] [1788831759.427773488] [candidate_explorer]: Found 54 frontier clusters after filtering
[INFO] [1788831759.432038102] [candidate_explorer]: Selected frontier cluster: size=5967, goal=(-0.60, 1.82), distance=0.70
[INFO] [1788831759.432716607] [candidate_explorer]: Checking global path to frontier (-0.60, 1.82), distance=0.70m
[INFO] [1788831759.435685003] [candidate_explorer]: Nav2 path to frontier is 0.70m (straight-line=0.70m, detour=1.0x)
[INFO] [1788831759.436684511] [candidate_explorer]: Global path accepted. Navigating to frontier (-0.60, 1.82)
[bt_navigator-7] [INFO] [1788831759.437059972] [bt_navigator]: Begin navigating from current location (-0.11, 1.32) to (-0.60, 1.82)
[controller_server-3] [INFO] [1788831759.457452536] [controller_server]: Received a goal, begin computing control effort.
[planner_server-5] [INFO] [1788831759.513928070] [global_costmap.global_costmap]: StaticLayer: Resizing costmap to 512 X 296 at 0.015000 m/pix
[controller_server-3] [INFO] [1788831760.009603366] [controller_server]: Reached the goal!
[bt_navigator-7] [INFO] [1788831760.049927116] [bt_navigator]: Goal succeeded
[INFO] [1788831760.050611413] [candidate_explorer]: Frontier goal finished: success=True
[INFO] [1788831760.050837664] [candidate_explorer]: Reached frontier. Waiting for the map to expose new frontiers.
[INFO] [1788831760.153936744] [candidate_explorer]: Detected 7516 frontier cells
[INFO] [1788831760.160648959] [candidate_explorer]: Found 54 frontier clusters after filtering
[INFO] [1788831760.164676239] [candidate_explorer]: Selected frontier cluster: size=5967, goal=(-0.99, 1.40), distance=0.60
[INFO] [1788831760.165355285] [candidate_explorer]: Checking global path to frontier (-0.99, 1.40), distance=0.60m
[INFO] [1788831760.168228848] [candidate_explorer]: Nav2 path to frontier is 0.60m (straight-line=0.60m, detour=1.0x)
[INFO] [1788831760.169253397] [candidate_explorer]: Global path accepted. Navigating to frontier (-0.99, 1.40)
[bt_navigator-7] [INFO] [1788831760.169616608] [bt_navigator]: Begin navigating from current location (-0.47, 1.69) to (-0.99, 1.40)
[controller_server-3] [INFO] [1788831760.191622434] [controller_server]: Received a goal, begin computing control effort.
[controller_server-3] [INFO] [1788831761.244066468] [controller_server]: Passing new path to controller.
[controller_server-3] [INFO] [1788831761.694649938] [controller_server]: Reached the goal!
[bt_navigator-7] [INFO] [1788831761.731400871] [bt_navigator]: Goal succeeded
[INFO] [1788831761.731837583] [candidate_explorer]: Frontier goal finished: success=True
[INFO] [1788831761.732088876] [candidate_explorer]: Reached frontier. Waiting for the map to expose new frontiers.
[INFO] [1788831761.924188475] [candidate_explorer]: Detected 2385 frontier cells
[INFO] [1788831761.927054037] [candidate_explorer]: Found 69 frontier clusters after filtering
[INFO] [1788831761.928485714] [candidate_explorer]: Selected frontier cluster: size=38, goal=(-1.37, 0.56), distance=1.11
[INFO] [1788831761.928863092] [candidate_explorer]: Checking global path to frontier (-1.37, 0.56), distance=1.11m
[INFO] [1788831761.932854329] [candidate_explorer]: Nav2 path to frontier is 1.20m (straight-line=1.11m, detour=1.1x)
[INFO] [1788831761.934384715] [candidate_explorer]: Global path accepted. Navigating to frontier (-1.37, 0.56)
[bt_navigator-7] [INFO] [1788831761.934839885] [bt_navigator]: Begin navigating from current location (-1.03, 1.61) to (-1.37, 0.56)
[controller_server-3] [INFO] [1788831761.956720335] [controller_server]: Received a goal, begin computing control effort.
[controller_server-3] [INFO] [1788831762.908994562] [controller_server]: Reached the goal!
[bt_navigator-7] [INFO] [1788831762.947924010] [bt_navigator]: Goal succeeded
[INFO] [1788831762.948397055] [candidate_explorer]: Frontier goal finished: success=True
[INFO] [1788831762.948674099] [candidate_explorer]: Reached frontier. Waiting for the map to expose new frontiers.
[INFO] [1788831763.156221935] [candidate_explorer]: Detected 2385 frontier cells
[INFO] [1788831763.158701328] [candidate_explorer]: Found 69 frontier clusters after filtering
[INFO] [1788831763.160222047] [candidate_explorer]: Selected frontier cluster: size=19, goal=(-1.16, 0.15), distance=0.61
[INFO] [1788831763.160638508] [candidate_explorer]: Checking global path to frontier (-1.16, 0.15), distance=0.61m
[INFO] [1788831763.163475946] [candidate_explorer]: Nav2 path to frontier is 0.66m (straight-line=0.61m, detour=1.1x)
[INFO] [1788831763.164492786] [candidate_explorer]: Global path accepted. Navigating to frontier (-1.16, 0.15)
[bt_navigator-7] [INFO] [1788831763.164869706] [bt_navigator]: Begin navigating from current location (-1.28, 0.75) to (-1.16, 0.15)
[controller_server-3] [INFO] [1788831763.188514252] [controller_server]: Received a goal, begin computing control effort.
[planner_server-5] [INFO] [1788831763.511978218] [global_costmap.global_costmap]: StaticLayer: Resizing costmap to 513 X 296 at 0.015000 m/pix
[controller_server-3] [INFO] [1788831763.639844602] [controller_server]: Reached the goal!
[bt_navigator-7] [INFO] [1788831763.675786237] [bt_navigator]: Goal succeeded
[INFO] [1788831763.676486659] [candidate_explorer]: Frontier goal finished: success=True
[INFO] [1788831763.676714911] [candidate_explorer]: Reached frontier. Waiting for the map to expose new frontiers.
[INFO] [1788831763.928115897] [candidate_explorer]: Detected 1687 frontier cells
[INFO] [1788831763.930407039] [candidate_explorer]: Found 43 frontier clusters after filtering
[INFO] [1788831763.931459671] [candidate_explorer]: Selected frontier cluster: size=395, goal=(-2.09, 0.18), distance=0.85
[INFO] [1788831763.931833382] [candidate_explorer]: Checking global path to frontier (-2.09, 0.18), distance=0.85m
[INFO] [1788831763.935528701] [candidate_explorer]: Nav2 path to frontier is 0.89m (straight-line=0.85m, detour=1.1x)
[INFO] [1788831763.936549000] [candidate_explorer]: Global path accepted. Navigating to frontier (-2.09, 0.18)
[bt_navigator-7] [INFO] [1788831763.936919378] [bt_navigator]: Begin navigating from current location (-1.26, 0.35) to (-2.09, 0.18)
[controller_server-3] [INFO] [1788831763.959695709] [controller_server]: Received a goal, begin computing control effort.
[controller_server-3] [INFO] [1788831765.013441462] [controller_server]: Passing new path to controller.
[controller_server-3] [INFO] [1788831765.112230302] [controller_server]: Reached the goal!
[bt_navigator-7] [INFO] [1788831765.149516113] [bt_navigator]: Goal succeeded
[INFO] [1788831765.150212618] [candidate_explorer]: Frontier goal finished: success=True
[INFO] [1788831765.150459120] [candidate_explorer]: Reached frontier. Waiting for the map to expose new frontiers.
[INFO] [1788831765.428542925] [candidate_explorer]: Detected 1102 frontier cells
[INFO] [1788831765.430124728] [candidate_explorer]: Found 43 frontier clusters after filtering
[INFO] [1788831765.430856900] [candidate_explorer]: Selected frontier cluster: size=290, goal=(-2.50, 0.03), distance=0.65
[INFO] [1788831765.431228111] [candidate_explorer]: Checking global path to frontier (-2.50, 0.03), distance=0.65m
[INFO] [1788831765.434560010] [candidate_explorer]: Nav2 path to frontier is 0.75m (straight-line=0.65m, detour=1.2x)
[INFO] [1788831765.435595393] [candidate_explorer]: Global path accepted. Navigating to frontier (-2.50, 0.03)
[bt_navigator-7] [INFO] [1788831765.436009562] [bt_navigator]: Begin navigating from current location (-1.92, 0.30) to (-2.50, 0.03)
[controller_server-3] [INFO] [1788831765.457118173] [controller_server]: Received a goal, begin computing control effort.
[planner_server-5] [INFO] [1788831765.514258337] [global_costmap.global_costmap]: StaticLayer: Resizing costmap to 515 X 296 at 0.015000 m/pix
[controller_server-3] [INFO] [1788831765.959219766] [controller_server]: Reached the goal!
[bt_navigator-7] [INFO] [1788831765.999672517] [bt_navigator]: Goal succeeded
[INFO] [1788831766.000464523] [candidate_explorer]: Frontier goal finished: success=True
[INFO] [1788831766.000963402] [candidate_explorer]: Reached frontier. Waiting for the map to expose new frontiers.
[INFO] [1788831766.162527321] [candidate_explorer]: Detected 1102 frontier cells
[INFO] [1788831766.163781039] [candidate_explorer]: Found 43 frontier clusters after filtering
[INFO] [1788831766.164658837] [candidate_explorer]: Selected frontier cluster: size=290, goal=(-2.88, -0.12), distance=0.60
[INFO] [1788831766.165010756] [candidate_explorer]: Checking global path to frontier (-2.88, -0.12), distance=0.60m
[INFO] [1788831766.168352947] [candidate_explorer]: Nav2 path to frontier is 0.65m (straight-line=0.60m, detour=1.1x)
[INFO] [1788831766.169503747] [candidate_explorer]: Global path accepted. Navigating to frontier (-2.88, -0.12)
[bt_navigator-7] [INFO] [1788831766.169969000] [bt_navigator]: Begin navigating from current location (-2.33, 0.13) to (-2.88, -0.12)
[controller_server-3] [INFO] [1788831766.193371044] [controller_server]: Received a goal, begin computing control effort.
[controller_server-3] [INFO] [1788831766.646760951] [controller_server]: Reached the goal!
[bt_navigator-7] [INFO] [1788831766.680379820] [bt_navigator]: Goal succeeded
[INFO] [1788831766.681062450] [candidate_explorer]: Frontier goal finished: success=True
[INFO] [1788831766.681271076] [candidate_explorer]: Reached frontier. Waiting for the map to expose new frontiers.
[INFO] [1788831766.908865849] [candidate_explorer]: Detected 1102 frontier cells
[INFO] [1788831766.910268817] [candidate_explorer]: Found 43 frontier clusters after filtering
[INFO] [1788831766.911018489] [candidate_explorer]: Selected frontier cluster: size=290, goal=(-3.21, -0.30), distance=0.61
[INFO] [1788831766.911348033] [candidate_explorer]: Checking global path to frontier (-3.21, -0.30), distance=0.61m
[INFO] [1788831766.914159220] [candidate_explorer]: Nav2 path to frontier is 0.62m (straight-line=0.61m, detour=1.0x)
[INFO] [1788831766.914904142] [candidate_explorer]: Global path accepted. Navigating to frontier (-3.21, -0.30)
[bt_navigator-7] [INFO] [1788831766.915322562] [bt_navigator]: Begin navigating from current location (-2.66, -0.03) to (-3.21, -0.30)
[controller_server-3] [INFO] [1788831766.937154970] [controller_server]: Received a goal, begin computing control effort.
[controller_server-3] [INFO] [1788831767.389563411] [controller_server]: Reached the goal!
[bt_navigator-7] [INFO] [1788831767.427782813] [bt_navigator]: Goal succeeded
[INFO] [1788831767.428259275] [candidate_explorer]: Frontier goal finished: success=True
[INFO] [1788831767.428503777] [candidate_explorer]: Reached frontier. Waiting for the map to expose new frontiers.
[planner_server-5] [INFO] [1788831767.513358266] [global_costmap.global_costmap]: StaticLayer: Resizing costmap to 715 X 308 at 0.015000 m/pix
[INFO] [1788831767.682562574] [candidate_explorer]: Detected 646 frontier cells
[INFO] [1788831767.683416205] [candidate_explorer]: Found 32 frontier clusters after filtering
[INFO] [1788831767.683984251] [candidate_explorer]: Selected frontier cluster: size=17, goal=(-4.70, -0.42), distance=1.69
[INFO] [1788831767.684328129] [candidate_explorer]: Checking global path to frontier (-4.70, -0.42), distance=1.69m
[INFO] [1788831767.690671966] [candidate_explorer]: Nav2 path to frontier is 2.04m (straight-line=1.69m, detour=1.2x)
[INFO] [1788831767.692929566] [candidate_explorer]: Global path accepted. Navigating to frontier (-4.70, -0.42)
[bt_navigator-7] [INFO] [1788831767.693333735] [bt_navigator]: Begin navigating from current location (-3.02, -0.20) to (-4.70, -0.42)
[controller_server-3] [INFO] [1788831767.715785398] [controller_server]: Received a goal, begin computing control effort.
[controller_server-3] [INFO] [1788831768.769928715] [controller_server]: Passing new path to controller.
[planner_server-5] [INFO] [1788831769.515389238] [global_costmap.global_costmap]: StaticLayer: Resizing costmap to 799 X 328 at 0.015000 m/pix
[controller_server-3] [INFO] [1788831769.767553577] [controller_server]: Passing new path to controller.
[controller_server-3] [INFO] [1788831769.819375164] [controller_server]: Reached the goal!
[bt_navigator-7] [INFO] [1788831769.855255884] [bt_navigator]: Goal succeeded
[INFO] [1788831769.855713221] [candidate_explorer]: Frontier goal finished: success=True
[INFO] [1788831769.855939847] [candidate_explorer]: Reached frontier. Waiting for the map to expose new frontiers.
[INFO] [1788831769.944578952] [candidate_explorer]: Detected 1513 frontier cells
[INFO] [1788831769.946595467] [candidate_explorer]: Found 68 frontier clusters after filtering
[INFO] [1788831769.947398390] [candidate_explorer]: Selected frontier cluster: size=15, goal=(-5.63, -0.31), distance=1.06
[INFO] [1788831769.947733517] [candidate_explorer]: Checking global path to frontier (-5.63, -0.31), distance=1.06m
[INFO] [1788831769.952115132] [candidate_explorer]: Nav2 path to frontier is 1.08m (straight-line=1.06m, detour=1.0x)
[INFO] [1788831769.953589560] [candidate_explorer]: Global path accepted. Navigating to frontier (-5.63, -0.31)
[bt_navigator-7] [INFO] [1788831769.954000646] [bt_navigator]: Begin navigating from current location (-4.57, -0.24) to (-5.63, -0.31)
[controller_server-3] [INFO] [1788831769.974440753] [controller_server]: Received a goal, begin computing control effort.
[controller_server-3] [INFO] [1788831770.831953718] [controller_server]: Reached the goal!
[bt_navigator-7] [INFO] [1788831770.866211760] [bt_navigator]: Goal succeeded
[INFO] [1788831770.866929890] [candidate_explorer]: Frontier goal finished: success=True
[INFO] [1788831770.867193309] [candidate_explorer]: Reached frontier. Waiting for the map to expose new frontiers.
[INFO] [1788831770.914581821] [candidate_explorer]: Detected 1513 frontier cells
[INFO] [1788831770.916265875] [candidate_explorer]: Found 68 frontier clusters after filtering
[INFO] [1788831770.917071923] [candidate_explorer]: Selected frontier cluster: size=18, goal=(-6.04, -0.34), distance=0.61
[INFO] [1788831770.917448675] [candidate_explorer]: Checking global path to frontier (-6.04, -0.34), distance=0.61m
[INFO] [1788831770.920841325] [candidate_explorer]: Nav2 path to frontier is 0.64m (straight-line=0.61m, detour=1.0x)
[INFO] [1788831770.921754748] [candidate_explorer]: Global path accepted. Navigating to frontier (-6.04, -0.34)
[bt_navigator-7] [INFO] [1788831770.922112709] [bt_navigator]: Begin navigating from current location (-5.43, -0.29) to (-6.04, -0.34)
[controller_server-3] [INFO] [1788831770.943841951] [controller_server]: Received a goal, begin computing control effort.
[controller_server-3] [INFO] [1788831771.398218225] [controller_server]: Reached the goal!
[bt_navigator-7] [INFO] [1788831771.434328613] [bt_navigator]: Goal succeeded
[INFO] [1788831771.434757158] [candidate_explorer]: Frontier goal finished: success=True
[INFO] [1788831771.434970701] [candidate_explorer]: Reached frontier. Waiting for the map to expose new frontiers.
[planner_server-5] [INFO] [1788831771.512196223] [global_costmap.global_costmap]: StaticLayer: Resizing costmap to 915 X 458 at 0.015000 m/pix
[INFO] [1788831771.717113468] [candidate_explorer]: Detected 4499 frontier cells
[INFO] [1788831771.722264297] [candidate_explorer]: Found 70 frontier clusters after filtering
[INFO] [1788831771.724651648] [candidate_explorer]: Selected frontier cluster: size=73, goal=(-6.81, -0.63), distance=1.04
[INFO] [1788831771.725206860] [candidate_explorer]: Checking global path to frontier (-6.81, -0.63), distance=1.04m
[INFO] [1788831771.729870311] [candidate_explorer]: Nav2 path to frontier is 1.06m (straight-line=1.04m, detour=1.0x)
[INFO] [1788831771.731290696] [candidate_explorer]: Global path accepted. Navigating to frontier (-6.81, -0.63)
[bt_navigator-7] [INFO] [1788831771.731773491] [bt_navigator]: Begin navigating from current location (-5.83, -0.31) to (-6.81, -0.63)
[controller_server-3] [INFO] [1788831771.755621957] [controller_server]: Received a goal, begin computing control effort.
[controller_server-3] [INFO] [1788831772.565194905] [controller_server]: Reached the goal!
[bt_navigator-7] [INFO] [1788831772.595138916] [bt_navigator]: Goal succeeded
[INFO] [1788831772.595692586] [candidate_explorer]: Frontier goal finished: success=True
[INFO] [1788831772.595916630] [candidate_explorer]: Reached frontier. Waiting for the map to expose new frontiers.
[INFO] [1788831772.675453710] [candidate_explorer]: Detected 4499 frontier cells
[INFO] [1788831772.679634990] [candidate_explorer]: Found 70 frontier clusters after filtering
[INFO] [1788831772.682100050] [candidate_explorer]: Selected frontier cluster: size=2993, goal=(-7.20, -0.44), distance=0.60
[INFO] [1788831772.682650804] [candidate_explorer]: Checking global path to frontier (-7.20, -0.44), distance=0.60m
[INFO] [1788831772.686237830] [candidate_explorer]: Nav2 path to frontier is 0.62m (straight-line=0.60m, detour=1.0x)
[INFO] [1788831772.687135212] [candidate_explorer]: Global path accepted. Navigating to frontier (-7.20, -0.44)
[bt_navigator-7] [INFO] [1788831772.687566965] [bt_navigator]: Begin navigating from current location (-6.62, -0.56) to (-7.20, -0.44)
[controller_server-3] [INFO] [1788831772.709375457] [controller_server]: Received a goal, begin computing control effort.
[controller_server-3] [INFO] [1788831773.212292918] [controller_server]: Reached the goal!
[bt_navigator-7] [INFO] [1788831773.250463405] [bt_navigator]: Goal succeeded
[INFO] [1788831773.250910492] [candidate_explorer]: Frontier goal finished: success=True
[INFO] [1788831773.251138660] [candidate_explorer]: Reached frontier. Waiting for the map to expose new frontiers.
[INFO] [1788831773.426149645] [candidate_explorer]: Detected 4499 frontier cells
[INFO] [1788831773.430381759] [candidate_explorer]: Found 70 frontier clusters after filtering
[INFO] [1788831773.432882194] [candidate_explorer]: Selected frontier cluster: size=61, goal=(-7.55, -0.24), distance=0.61
[INFO] [1788831773.433440365] [candidate_explorer]: Checking global path to frontier (-7.55, -0.24), distance=0.61m
[INFO] [1788831773.436941516] [candidate_explorer]: Nav2 path to frontier is 0.64m (straight-line=0.61m, detour=1.0x)
[INFO] [1788831773.437834397] [candidate_explorer]: Global path accepted. Navigating to frontier (-7.55, -0.24)
[bt_navigator-7] [INFO] [1788831773.438193858] [bt_navigator]: Begin navigating from current location (-7.03, -0.56) to (-7.55, -0.24)
[controller_server-3] [INFO] [1788831773.460514354] [controller_server]: Received a goal, begin computing control effort.
[planner_server-5] [INFO] [1788831773.511885854] [global_costmap.global_costmap]: StaticLayer: Resizing costmap to 916 X 491 at 0.015000 m/pix
[controller_server-3] [INFO] [1788831773.912954572] [controller_server]: Reached the goal!
[bt_navigator-7] [INFO] [1788831773.949925800] [bt_navigator]: Goal succeeded
[INFO] [1788831773.950388637] [candidate_explorer]: Frontier goal finished: success=True
[INFO] [1788831773.950642013] [candidate_explorer]: Reached frontier. Waiting for the map to expose new frontiers.
[INFO] [1788831774.230247470] [candidate_explorer]: Detected 4701 frontier cells
[INFO] [1788831774.235667760] [candidate_explorer]: Found 103 frontier clusters after filtering
[INFO] [1788831774.237855984] [candidate_explorer]: Selected frontier cluster: size=6, goal=(-7.94, -0.12), distance=0.61
[INFO] [1788831774.238369029] [candidate_explorer]: Checking global path to frontier (-7.94, -0.12), distance=0.61m
[INFO] [1788831774.242529435] [candidate_explorer]: Nav2 path to frontier is 0.67m (straight-line=0.61m, detour=1.1x)
[INFO] [1788831774.243531067] [candidate_explorer]: Global path accepted. Navigating to frontier (-7.94, -0.12)
[bt_navigator-7] [INFO] [1788831774.243911445] [bt_navigator]: Begin navigating from current location (-7.38, -0.37) to (-7.94, -0.12)
[controller_server-3] [INFO] [1788831774.267695327] [controller_server]: Received a goal, begin computing control effort.
[controller_server-3] [INFO] [1788831774.769804865] [controller_server]: Reached the goal!
[bt_navigator-7] [INFO] [1788831774.805156623] [bt_navigator]: Goal succeeded
[INFO] [1788831774.806130297] [candidate_explorer]: Frontier goal finished: success=True
[INFO] [1788831774.806388674] [candidate_explorer]: Reached frontier. Waiting for the map to expose new frontiers.
[INFO] [1788831774.932696553] [candidate_explorer]: Detected 4701 frontier cells
[INFO] [1788831774.937403838] [candidate_explorer]: Found 103 frontier clusters after filtering
[INFO] [1788831774.939639062] [candidate_explorer]: Selected frontier cluster: size=5, goal=(-8.69, 0.15), distance=1.01
[INFO] [1788831774.940223692] [candidate_explorer]: Checking global path to frontier (-8.69, 0.15), distance=1.01m
[INFO] [1788831774.945509605] [candidate_explorer]: Nav2 path to frontier is 1.34m (straight-line=1.01m, detour=1.3x)
[INFO] [1788831774.947132367] [candidate_explorer]: Global path accepted. Navigating to frontier (-8.69, 0.15)
[bt_navigator-7] [INFO] [1788831774.947450953] [bt_navigator]: Begin navigating from current location (-7.74, -0.17) to (-8.69, 0.15)
[controller_server-3] [INFO] [1788831774.971071167] [controller_server]: Received a goal, begin computing control effort.
[planner_server-5] [INFO] [1788831775.512491617] [global_costmap.global_costmap]: StaticLayer: Resizing costmap to 917 X 491 at 0.015000 m/pix
[controller_server-3] [INFO] [1788831775.825881362] [controller_server]: Reached the goal!
[bt_navigator-7] [INFO] [1788831775.860807242] [bt_navigator]: Goal succeeded
[INFO] [1788831775.861698456] [candidate_explorer]: Frontier goal finished: success=True
[INFO] [1788831775.861944166] [candidate_explorer]: Reached frontier. Waiting for the map to expose new frontiers.
[INFO] [1788831775.981334788] [candidate_explorer]: Detected 5176 frontier cells
[INFO] [1788831775.986818411] [candidate_explorer]: Found 145 frontier clusters after filtering
[INFO] [1788831775.989398638] [candidate_explorer]: Selected frontier cluster: size=90, goal=(-9.08, 0.09), distance=0.61
[INFO] [1788831775.989965142] [candidate_explorer]: Checking global path to frontier (-9.08, 0.09), distance=0.61m
[INFO] [1788831775.995728309] [candidate_explorer]: Nav2 path to frontier is 0.67m (straight-line=0.61m, detour=1.1x)
[INFO] [1788831775.996658899] [candidate_explorer]: Global path accepted. Navigating to frontier (-9.08, 0.09)
[bt_navigator-7] [INFO] [1788831775.997077694] [bt_navigator]: Begin navigating from current location (-8.48, 0.17) to (-9.08, 0.09)
[controller_server-3] [INFO] [1788831776.019617900] [controller_server]: Received a goal, begin computing control effort.
[controller_server-3] [INFO] [1788831776.471071152] [controller_server]: Reached the goal!
[bt_navigator-7] [INFO] [1788831776.508307091] [bt_navigator]: Goal succeeded
[INFO] [1788831776.508757094] [candidate_explorer]: Frontier goal finished: success=True
[INFO] [1788831776.509015179] [candidate_explorer]: Reached frontier. Waiting for the map to expose new frontiers.
[INFO] [1788831776.686951894] [candidate_explorer]: Detected 5176 frontier cells
[INFO] [1788831776.691540469] [candidate_explorer]: Found 145 frontier clusters after filtering
[INFO] [1788831776.693924695] [candidate_explorer]: Selected frontier cluster: size=90, goal=(-9.48, 0.15), distance=0.61
[INFO] [1788831776.694563283] [candidate_explorer]: Checking global path to frontier (-9.48, 0.15), distance=0.61m
[INFO] [1788831776.698186184] [candidate_explorer]: Nav2 path to frontier is 0.61m (straight-line=0.61m, detour=1.0x)
[INFO] [1788831776.699115149] [candidate_explorer]: Global path accepted. Navigating to frontier (-9.48, 0.15)
[bt_navigator-7] [INFO] [1788831776.699488319] [bt_navigator]: Begin navigating from current location (-8.88, 0.15) to (-9.48, 0.15)
[controller_server-3] [INFO] [1788831776.720522764] [controller_server]: Received a goal, begin computing control effort.
[controller_server-3] [INFO] [1788831777.171748348] [controller_server]: Reached the goal!
[bt_navigator-7] [INFO] [1788831777.210499755] [bt_navigator]: Goal succeeded
[INFO] [1788831777.211287720] [candidate_explorer]: Frontier goal finished: success=True
[INFO] [1788831777.211528513] [candidate_explorer]: Reached frontier. Waiting for the map to expose new frontiers.
[INFO] [1788831777.434557973] [candidate_explorer]: Detected 5176 frontier cells
[INFO] [1788831777.439390134] [candidate_explorer]: Found 145 frontier clusters after filtering
[INFO] [1788831777.441915860] [candidate_explorer]: Selected frontier cluster: size=16, goal=(-9.87, 0.16), distance=0.61
[INFO] [1788831777.442535907] [candidate_explorer]: Checking global path to frontier (-9.87, 0.16), distance=0.61m
[INFO] [1788831777.446282142] [candidate_explorer]: Nav2 path to frontier is 0.62m (straight-line=0.61m, detour=1.0x)
[INFO] [1788831777.447216149] [candidate_explorer]: Global path accepted. Navigating to frontier (-9.87, 0.16)
[bt_navigator-7] [INFO] [1788831777.447624027] [bt_navigator]: Begin navigating from current location (-9.26, 0.12) to (-9.87, 0.16)
[controller_server-3] [INFO] [1788831777.468382054] [controller_server]: Received a goal, begin computing control effort.
[controller_server-3] [INFO] [1788831777.920926314] [controller_server]: Reached the goal!
[bt_navigator-7] [INFO] [1788831777.960646478] [bt_navigator]: Goal succeeded
[INFO] [1788831777.961594152] [candidate_explorer]: Frontier goal finished: success=True
[INFO] [1788831777.961868612] [candidate_explorer]: Reached frontier. Waiting for the map to expose new frontiers.
[INFO] [1788831778.244067671] [candidate_explorer]: Detected 5441 frontier cells
[INFO] [1788831778.249682879] [candidate_explorer]: Found 98 frontier clusters after filtering
[INFO] [1788831778.252299606] [candidate_explorer]: Selected frontier cluster: size=3208, goal=(-10.25, 0.30), distance=0.60
[INFO] [1788831778.252845110] [candidate_explorer]: Checking global path to frontier (-10.25, 0.30), distance=0.60m
[INFO] [1788831778.256592179] [candidate_explorer]: Nav2 path to frontier is 0.61m (straight-line=0.60m, detour=1.0x)
[INFO] [1788831778.257567978] [candidate_explorer]: Global path accepted. Navigating to frontier (-10.25, 0.30)
[bt_navigator-7] [INFO] [1788831778.258090107] [bt_navigator]: Begin navigating from current location (-9.67, 0.14) to (-10.25, 0.30)
[controller_server-3] [INFO] [1788831778.279876641] [controller_server]: Received a goal, begin computing control effort.
[controller_server-3] [INFO] [1788831778.731983189] [controller_server]: Reached the goal!
[bt_navigator-7] [INFO] [1788831778.769052376] [bt_navigator]: Goal succeeded
[INFO] [1788831778.769936966] [candidate_explorer]: Frontier goal finished: success=True
[INFO] [1788831778.770197635] [candidate_explorer]: Reached frontier. Waiting for the map to expose new frontiers.
[INFO] [1788831778.938304570] [candidate_explorer]: Detected 5441 frontier cells
[INFO] [1788831778.943158272] [candidate_explorer]: Found 98 frontier clusters after filtering
[INFO] [1788831778.945792874] [candidate_explorer]: Selected frontier cluster: size=7, goal=(-10.64, 0.01), distance=0.60
[INFO] [1788831778.946370920] [candidate_explorer]: Checking global path to frontier (-10.64, 0.01), distance=0.60m
[INFO] [1788831778.949956030] [candidate_explorer]: Nav2 path to frontier is 0.60m (straight-line=0.60m, detour=1.0x)
[INFO] [1788831778.950820161] [candidate_explorer]: Global path accepted. Navigating to frontier (-10.64, 0.01)
[bt_navigator-7] [INFO] [1788831778.951239789] [bt_navigator]: Begin navigating from current location (-10.07, 0.22) to (-10.64, 0.01)
[controller_server-3] [INFO] [1788831778.973616869] [controller_server]: Received a goal, begin computing control effort.
[controller_server-3] [INFO] [1788831779.727829997] [controller_server]: Reached the goal!
[bt_navigator-7] [INFO] [1788831779.763577007] [bt_navigator]: Goal succeeded
[INFO] [1788831779.764534306] [candidate_explorer]: Frontier goal finished: success=True
[INFO] [1788831779.764785808] [candidate_explorer]: Reached frontier. Waiting for the map to expose new frontiers.
[INFO] [1788831779.994509401] [candidate_explorer]: Detected 3832 frontier cells
[INFO] [1788831779.998800182] [candidate_explorer]: Found 59 frontier clusters after filtering
[INFO] [1788831780.000792946] [candidate_explorer]: Selected frontier cluster: size=2386, goal=(-10.50, -0.42), distance=0.61
[INFO] [1788831780.001273033] [candidate_explorer]: Checking global path to frontier (-10.50, -0.42), distance=0.61m
[INFO] [1788831780.005258354] [candidate_explorer]: Nav2 path to frontier is 0.62m (straight-line=0.61m, detour=1.0x)
[INFO] [1788831780.006128652] [candidate_explorer]: Global path accepted. Navigating to frontier (-10.50, -0.42)
[bt_navigator-7] [INFO] [1788831780.006559489] [bt_navigator]: Begin navigating from current location (-10.51, 0.18) to (-10.50, -0.42)
[controller_server-3] [INFO] [1788831780.030065160] [controller_server]: Received a goal, begin computing control effort.
[controller_server-3] [INFO] [1788831781.080230947] [controller_server]: Passing new path to controller.
[controller_server-3] [INFO] [1788831781.290425689] [controller_server]: Reached the goal!
[bt_navigator-7] [INFO] [1788831781.317146717] [bt_navigator]: Goal succeeded
[INFO] [1788831781.318034307] [candidate_explorer]: Frontier goal finished: success=True
[INFO] [1788831781.318266767] [candidate_explorer]: Reached frontier. Waiting for the map to expose new frontiers.
[INFO] [1788831781.440268199] [candidate_explorer]: Detected 3832 frontier cells
[INFO] [1788831781.443857475] [candidate_explorer]: Found 59 frontier clusters after filtering
[INFO] [1788831781.445920782] [candidate_explorer]: Selected frontier cluster: size=2386, goal=(-10.13, -0.54), distance=0.60
[INFO] [1788831781.446449494] [candidate_explorer]: Checking global path to frontier (-10.13, -0.54), distance=0.60m
[INFO] [1788831781.450183271] [candidate_explorer]: Nav2 path to frontier is 0.63m (straight-line=0.60m, detour=1.0x)
[INFO] [1788831781.451060069] [candidate_explorer]: Global path accepted. Navigating to frontier (-10.13, -0.54)
[bt_navigator-7] [INFO] [1788831781.451384405] [bt_navigator]: Begin navigating from current location (-10.68, -0.30) to (-10.13, -0.54)
[controller_server-3] [INFO] [1788831781.474715825] [controller_server]: Received a goal, begin computing control effort.
[controller_server-3] [INFO] [1788831782.525189989] [controller_server]: Passing new path to controller.
[controller_server-3] [INFO] [1788831782.576796032] [controller_server]: Reached the goal!
[bt_navigator-7] [INFO] [1788831782.611969747] [bt_navigator]: Goal succeeded
[INFO] [1788831782.612455209] [candidate_explorer]: Frontier goal finished: success=True
[INFO] [1788831782.612706586] [candidate_explorer]: Reached frontier. Waiting for the map to expose new frontiers.
[INFO] [1788831782.746520896] [candidate_explorer]: Detected 2133 frontier cells
[INFO] [1788831782.749354791] [candidate_explorer]: Found 42 frontier clusters after filtering
[INFO] [1788831782.750312382] [candidate_explorer]: Selected frontier cluster: size=467, goal=(-9.89, -1.07), distance=0.60
[INFO] [1788831782.750702385] [candidate_explorer]: Checking global path to frontier (-9.89, -1.07), distance=0.60m
[INFO] [1788831782.754534913] [candidate_explorer]: Nav2 path to frontier is 0.62m (straight-line=0.60m, detour=1.0x)
[INFO] [1788831782.755335668] [candidate_explorer]: Global path accepted. Navigating to frontier (-9.89, -1.07)
[bt_navigator-7] [INFO] [1788831782.755696338] [bt_navigator]: Begin navigating from current location (-10.31, -0.64) to (-9.89, -1.07)
[controller_server-3] [INFO] [1788831782.776393322] [controller_server]: Received a goal, begin computing control effort.
[controller_server-3] [INFO] [1788831783.281172421] [controller_server]: Reached the goal!
[bt_navigator-7] [INFO] [1788831783.316080301] [bt_navigator]: Goal succeeded
[INFO] [1788831783.316505721] [candidate_explorer]: Frontier goal finished: success=True
[INFO] [1788831783.316721848] [candidate_explorer]: Reached frontier. Waiting for the map to expose new frontiers.
[INFO] [1788831783.441311757] [candidate_explorer]: Detected 2133 frontier cells
[INFO] [1788831783.444222361] [candidate_explorer]: Found 42 frontier clusters after filtering
[INFO] [1788831783.445080784] [candidate_explorer]: Selected frontier cluster: size=523, goal=(-9.36, -0.95), distance=0.60
[INFO] [1788831783.445468620] [candidate_explorer]: Checking global path to frontier (-9.36, -0.95), distance=0.60m
[INFO] [1788831783.449223273] [candidate_explorer]: Nav2 path to frontier is 0.62m (straight-line=0.60m, detour=1.0x)
[INFO] [1788831783.450099529] [candidate_explorer]: Global path accepted. Navigating to frontier (-9.36, -0.95)
[bt_navigator-7] [INFO] [1788831783.450438865] [bt_navigator]: Begin navigating from current location (-9.96, -0.88) to (-9.36, -0.95)
[controller_server-3] [INFO] [1788831783.471086265] [controller_server]: Received a goal, begin computing control effort.
[controller_server-3] [INFO] [1788831784.524338450] [controller_server]: Passing new path to controller.
[controller_server-3] [INFO] [1788831784.526257089] [controller_server]: Reached the goal!
[bt_navigator-7] [INFO] [1788831784.571028999] [bt_navigator]: Goal succeeded
[INFO] [1788831784.571449835] [candidate_explorer]: Frontier goal finished: success=True
[INFO] [1788831784.571721754] [candidate_explorer]: Reached frontier. Waiting for the map to expose new frontiers.
[INFO] [1788831784.744897809] [candidate_explorer]: Detected 821 frontier cells
[INFO] [1788831784.745825232] [candidate_explorer]: Found 25 frontier clusters after filtering
[INFO] [1788831784.746423487] [candidate_explorer]: Selected frontier cluster: size=6, goal=(-8.90, -0.93), distance=0.62
[INFO] [1788831784.746814948] [candidate_explorer]: Checking global path to frontier (-8.90, -0.93), distance=0.62m
[INFO] [1788831784.751713275] [candidate_explorer]: Nav2 path to frontier is 0.65m (straight-line=0.62m, detour=1.0x)
[INFO] [1788831784.752555073] [candidate_explorer]: Global path accepted. Navigating to frontier (-8.90, -0.93)
[bt_navigator-7] [INFO] [1788831784.752928451] [bt_navigator]: Begin navigating from current location (-9.50, -1.07) to (-8.90, -0.93)
[controller_server-3] [INFO] [1788831784.775670992] [controller_server]: Received a goal, begin computing control effort.
[controller_server-3] [INFO] [1788831785.228999758] [controller_server]: Reached the goal!
[bt_navigator-7] [INFO] [1788831785.265653150] [bt_navigator]: Goal succeeded
[INFO] [1788831785.266060528] [candidate_explorer]: Frontier goal finished: success=True
[INFO] [1788831785.266269738] [candidate_explorer]: Reached frontier. Waiting for the map to expose new frontiers.
[INFO] [1788831785.439948172] [candidate_explorer]: Detected 821 frontier cells
[INFO] [1788831785.441018805] [candidate_explorer]: Found 25 frontier clusters after filtering
[INFO] [1788831785.441492725] [candidate_explorer]: Selected frontier cluster: size=14, goal=(-6.35, 1.98), distance=4.04
[INFO] [1788831785.441830894] [candidate_explorer]: Checking global path to frontier (-6.35, 1.98), distance=4.04m
[INFO] [1788831785.454352652] [candidate_explorer]: Nav2 path to frontier is 4.82m (straight-line=4.04m, detour=1.2x)
[WARN] [1788831785.457735968] [candidate_explorer]: Narrow passage detected: 0.54 m
[WARN] [1788831785.457935553] [candidate_explorer]: Rejecting frontier (-6.35, 1.98): global path contains a narrow passage.
[INFO] [1788831785.746036863] [candidate_explorer]: Detected 793 frontier cells
[INFO] [1788831785.746983453] [candidate_explorer]: Found 24 frontier clusters after filtering
[INFO] [1788831785.747411082] [candidate_explorer]: Selected frontier cluster: size=28, goal=(-4.91, -0.20), distance=4.26
[INFO] [1788831785.747736292] [candidate_explorer]: Checking global path to frontier (-4.91, -0.20), distance=4.26m
[INFO] [1788831785.761795395] [candidate_explorer]: Nav2 path to frontier is 5.21m (straight-line=4.26m, detour=1.2x)
[INFO] [1788831785.767457061] [candidate_explorer]: Global path accepted. Navigating to frontier (-4.91, -0.20)
[bt_navigator-7] [INFO] [1788831785.767851481] [bt_navigator]: Begin navigating from current location (-9.09, -0.98) to (-4.91, -0.20)
[controller_server-3] [INFO] [1788831785.788520090] [controller_server]: Received a goal, begin computing control effort.
[controller_server-3] [INFO] [1788831786.841189103] [controller_server]: Passing new path to controller.
[planner_server-5] [INFO] [1788831787.512400625] [global_costmap.global_costmap]: StaticLayer: Resizing costmap to 918 X 491 at 0.015000 m/pix
[controller_server-3] [INFO] [1788831787.840213517] [controller_server]: Passing new path to controller.
[async_slam_toolbox_node-2] WARNING: Logging before InitGoogleLogging() is written to STDERR
[async_slam_toolbox_node-2] W0908 01:43:08.701112  4597 preprocessor.cc:62] Specified options.num_threads: 50 exceeds maximum available from the threading model Ceres was compiled with: 14.  Bounding to maximum number available.
[controller_server-3] [INFO] [1788831788.889158462] [controller_server]: Passing new path to controller.
[planner_server-5] [INFO] [1788831789.512771303] [global_costmap.global_costmap]: StaticLayer: Resizing costmap to 917 X 492 at 0.015000 m/pix
[controller_server-3] [INFO] [1788831789.891349690] [controller_server]: Passing new path to controller.
[controller_server-3] [INFO] [1788831790.598193681] [controller_server]: Reached the goal!
[bt_navigator-7] [INFO] [1788831790.629978163] [bt_navigator]: Goal succeeded
[INFO] [1788831790.630868044] [candidate_explorer]: Frontier goal finished: success=True
[INFO] [1788831790.631092213] [candidate_explorer]: Reached frontier. Waiting for the map to expose new frontiers.
[INFO] [1788831790.748263484] [candidate_explorer]: Detected 823 frontier cells
[INFO] [1788831790.749211908] [candidate_explorer]: Found 50 frontier clusters after filtering
[INFO] [1788831790.749911246] [candidate_explorer]: Selected frontier cluster: size=6, goal=(-3.65, 1.26), distance=1.98
[INFO] [1788831790.750270665] [candidate_explorer]: Checking global path to frontier (-3.65, 1.26), distance=1.98m
[INFO] [1788831790.761890208] [candidate_explorer]: Nav2 path to frontier is 2.44m (straight-line=1.98m, detour=1.2x)
[INFO] [1788831790.764185392] [candidate_explorer]: Global path accepted. Navigating to frontier (-3.65, 1.26)
[bt_navigator-7] [INFO] [1788831790.764664229] [bt_navigator]: Begin navigating from current location (-5.10, -0.08) to (-3.65, 1.26)
[controller_server-3] [INFO] [1788831790.785402588] [controller_server]: Received a goal, begin computing control effort.
[controller_server-3] [INFO] [1788831791.837649474] [controller_server]: Passing new path to controller.
[async_slam_toolbox_node-2] W0908 01:43:12.452826  4597 preprocessor.cc:62] Specified options.num_threads: 50 exceeds maximum available from the threading model Ceres was compiled with: 14.  Bounding to maximum number available.
[controller_server-3] [INFO] [1788831792.836168217] [controller_server]: Passing new path to controller.
[controller_server-3] [INFO] [1788831792.991073222] [controller_server]: Reached the goal!
[bt_navigator-7] [INFO] [1788831793.025545641] [bt_navigator]: Goal succeeded
[INFO] [1788831793.026479231] [candidate_explorer]: Frontier goal finished: success=True
[INFO] [1788831793.026798316] [candidate_explorer]: Reached frontier. Waiting for the map to expose new frontiers.
[INFO] [1788831793.251646207] [candidate_explorer]: Detected 803 frontier cells
[INFO] [1788831793.252714840] [candidate_explorer]: Found 46 frontier clusters after filtering
[INFO] [1788831793.253403761] [candidate_explorer]: Selected frontier cluster: size=5, goal=(-3.74, 1.66), distance=0.61
[INFO] [1788831793.253772097] [candidate_explorer]: Checking global path to frontier (-3.74, 1.66), distance=0.61m
[INFO] [1788831793.257955670] [candidate_explorer]: Nav2 path to frontier is 0.64m (straight-line=0.61m, detour=1.1x)
[INFO] [1788831793.258860843] [candidate_explorer]: Global path accepted. Navigating to frontier (-3.74, 1.66)
[bt_navigator-7] [INFO] [1788831793.259289471] [bt_navigator]: Begin navigating from current location (-3.72, 1.05) to (-3.74, 1.66)
[controller_server-3] [INFO] [1788831793.280396083] [controller_server]: Received a goal, begin computing control effort.
[planner_server-5] [INFO] [1788831793.513409658] [global_costmap.global_costmap]: StaticLayer: Resizing costmap to 917 X 492 at 0.015000 m/pix
[controller_server-3] [INFO] [1788831793.790019301] [controller_server]: Reached the goal!
[bt_navigator-7] [INFO] [1788831793.820166813] [bt_navigator]: Goal succeeded
[INFO] [1788831793.821366113] [candidate_explorer]: Frontier goal finished: success=True
[INFO] [1788831793.821585657] [candidate_explorer]: Reached frontier. Waiting for the map to expose new frontiers.
[INFO] [1788831794.005552749] [candidate_explorer]: Detected 1454 frontier cells
[INFO] [1788831794.009332277] [candidate_explorer]: Found 43 frontier clusters after filtering
[INFO] [1788831794.010079407] [candidate_explorer]: Selected frontier cluster: size=6, goal=(-1.29, 2.59), distance=2.58
[INFO] [1788831794.010526202] [candidate_explorer]: Checking global path to frontier (-1.29, 2.59), distance=2.58m
[INFO] [1788831794.027476826] [candidate_explorer]: Nav2 path to frontier is 6.53m (straight-line=2.58m, detour=2.5x)
[INFO] [1788831794.027705494] [candidate_explorer]: Deferring frontier (-1.29, 2.59): its 2.5x Nav2 detour has been added as a score penalty, not blacklisted.
[INFO] [1788831794.195136007] [candidate_explorer]: Detected 1454 frontier cells
[INFO] [1788831794.196783311] [candidate_explorer]: Found 43 frontier clusters after filtering
[INFO] [1788831794.197502524] [candidate_explorer]: Selected frontier cluster: size=5, goal=(-0.41, 2.71), distance=3.44
[INFO] [1788831794.197865444] [candidate_explorer]: Checking global path to frontier (-0.41, 2.71), distance=3.44m
[INFO] [1788831794.215936534] [candidate_explorer]: Nav2 path to frontier is 6.76m (straight-line=3.44m, detour=2.0x)
[INFO] [1788831794.222175454] [candidate_explorer]: Global path accepted. Navigating to frontier (-0.41, 2.71)
[bt_navigator-7] [INFO] [1788831794.222720042] [bt_navigator]: Begin navigating from current location (-3.61, 1.47) to (-0.41, 2.71)
[controller_server-3] [INFO] [1788831794.245715793] [controller_server]: Received a goal, begin computing control effort.
[controller_server-3] [INFO] [1788831795.305950528] [controller_server]: Passing new path to controller.
[controller_server-3] [ERROR] [1788831795.399898630] [DWBLocalPlanner]: No valid trajectories out of 419! 
[controller_server-3] [ERROR] [1788831795.399947797] [DWBLocalPlanner]: 1.00: BaseObstacle/Trajectory Hits Obstacle.
[controller_server-3] [WARN] [1788831795.400204549] [controller_server]: No valid trajectories out of 419! 
[controller_server-3] [ERROR] [1788831795.452207845] [DWBLocalPlanner]: No valid trajectories out of 419! 
[controller_server-3] [ERROR] [1788831795.452232637] [DWBLocalPlanner]: 1.00: BaseObstacle/Trajectory Hits Obstacle.
[controller_server-3] [WARN] [1788831795.452272596] [controller_server]: No valid trajectories out of 419! 
[controller_server-3] [ERROR] [1788831795.452302054] [controller_server]: Controller patience exceeded
[controller_server-3] [WARN] [1788831795.452347055] [controller_server]: [follow_path] [ActionServer] Aborting handle.
[controller_server-3] [INFO] [1788831795.464797895] [local_costmap.local_costmap]: Received request to clear entirely the local_costmap
[planner_server-5] [INFO] [1788831795.465279357] [global_costmap.global_costmap]: Received request to clear entirely the global_costmap
[planner_server-5] [WARN] [1788831795.532364388] [planner_server]: Planner loop missed its desired rate of 20.0000 Hz. Current loop rate is 4.0000 Hz
[controller_server-3] [INFO] [1788831795.544817229] [controller_server]: Received a goal, begin computing control effort.
[controller_server-3] [WARN] [1788831795.668252088] [controller_server]: Control loop missed its desired rate of 20.0000Hz
[controller_server-3] [INFO] [1788831796.569407455] [controller_server]: Passing new path to controller.
[controller_server-3] [INFO] [1788831797.619954494] [controller_server]: Passing new path to controller.
[async_slam_toolbox_node-2] W0908 01:43:18.549795  4597 preprocessor.cc:62] Specified options.num_threads: 50 exceeds maximum available from the threading model Ceres was compiled with: 14.  Bounding to maximum number available.
[controller_server-3] [INFO] [1788831798.619091617] [controller_server]: Passing new path to controller.
[planner_server-5] [INFO] [1788831799.514499192] [global_costmap.global_costmap]: StaticLayer: Resizing costmap to 917 X 492 at 0.015000 m/pix
[controller_server-3] [INFO] [1788831799.668446440] [controller_server]: Passing new path to controller.
[controller_server-3] [INFO] [1788831800.668423736] [controller_server]: Passing new path to controller.
[controller_server-3] [INFO] [1788831801.322887177] [controller_server]: Reached the goal!
[bt_navigator-7] [INFO] [1788831801.356127253] [bt_navigator]: Goal succeeded
[INFO] [1788831801.357091427] [candidate_explorer]: Frontier goal finished: success=True
[INFO] [1788831801.357323428] [candidate_explorer]: Reached frontier. Waiting for the map to expose new frontiers.
[INFO] [1788831801.503750913] [candidate_explorer]: Detected 561 frontier cells
[INFO] [1788831801.504593378] [candidate_explorer]: Found 28 frontier clusters after filtering
[INFO] [1788831801.505140632] [candidate_explorer]: Selected frontier cluster: size=14, goal=(0.75, 2.75), distance=1.25
[INFO] [1788831801.505459676] [candidate_explorer]: Checking global path to frontier (0.75, 2.75), distance=1.25m
[INFO] [1788831801.511863264] [candidate_explorer]: Nav2 path to frontier is 1.28m (straight-line=1.25m, detour=1.0x)
[INFO] [1788831801.513443526] [candidate_explorer]: Global path accepted. Navigating to frontier (0.75, 2.75)
[bt_navigator-7] [INFO] [1788831801.514133198] [bt_navigator]: Begin navigating from current location (-0.48, 2.52) to (0.75, 2.75)
[controller_server-3] [INFO] [1788831801.536162275] [controller_server]: Received a goal, begin computing control effort.
[controller_server-3] [INFO] [1788831802.539166134] [controller_server]: Reached the goal!
[controller_server-3] [INFO] [1788831802.555432753] [controller_server]: Received a goal, begin computing control effort.
[controller_server-3] [INFO] [1788831802.557278933] [controller_server]: Reached the goal!
[bt_navigator-7] [INFO] [1788831802.595115001] [bt_navigator]: Goal succeeded
[INFO] [1788831802.596241926] [candidate_explorer]: Frontier goal finished: success=True
[INFO] [1788831802.596520178] [candidate_explorer]: Reached frontier. Waiting for the map to expose new frontiers.
[INFO] [1788831802.753580657] [candidate_explorer]: Detected 431 frontier cells
[INFO] [1788831802.754206370] [candidate_explorer]: Found 23 frontier clusters after filtering
[INFO] [1788831802.754625165] [candidate_explorer]: Selected frontier cluster: size=5, goal=(1.13, 2.82), distance=0.60
[INFO] [1788831802.754915667] [candidate_explorer]: Checking global path to frontier (1.13, 2.82), distance=0.60m
[INFO] [1788831802.759242115] [candidate_explorer]: Nav2 path to frontier is 0.66m (straight-line=0.60m, detour=1.1x)
[INFO] [1788831802.760067413] [candidate_explorer]: Global path accepted. Navigating to frontier (1.13, 2.82)
[bt_navigator-7] [INFO] [1788831802.760476499] [bt_navigator]: Begin navigating from current location (0.54, 2.72) to (1.13, 2.82)
[controller_server-3] [INFO] [1788831802.782625619] [controller_server]: Received a goal, begin computing control effort.
[controller_server-3] [INFO] [1788831803.235548090] [controller_server]: Reached the goal!
[bt_navigator-7] [INFO] [1788831803.270860681] [bt_navigator]: Goal succeeded
[INFO] [1788831803.272030148] [candidate_explorer]: Frontier goal finished: success=True
[INFO] [1788831803.272290067] [candidate_explorer]: Reached frontier. Waiting for the map to expose new frontiers.
[INFO] [1788831803.448206767] [candidate_explorer]: Detected 431 frontier cells
[INFO] [1788831803.448764396] [candidate_explorer]: Found 23 frontier clusters after filtering
[INFO] [1788831803.449216649] [candidate_explorer]: Selected frontier cluster: size=6, goal=(1.16, 2.15), distance=0.68
[INFO] [1788831803.449557527] [candidate_explorer]: Checking global path to frontier (1.16, 2.15), distance=0.68m
[INFO] [1788831803.454991650] [candidate_explorer]: Nav2 path to frontier is 0.90m (straight-line=0.68m, detour=1.3x)
[INFO] [1788831803.456125408] [candidate_explorer]: Global path accepted. Navigating to frontier (1.16, 2.15)
[bt_navigator-7] [INFO] [1788831803.456510911] [bt_navigator]: Begin navigating from current location (0.92, 2.79) to (1.16, 2.15)
[controller_server-3] [INFO] [1788831803.477295396] [controller_server]: Received a goal, begin computing control effort.
[controller_server-3] [INFO] [1788831804.530588080] [controller_server]: Passing new path to controller.
[controller_server-3] [INFO] [1788831804.932802848] [controller_server]: Reached the goal!
[bt_navigator-7] [INFO] [1788831804.967043681] [bt_navigator]: Goal succeeded
[INFO] [1788831804.968074230] [candidate_explorer]: Frontier goal finished: success=True
[INFO] [1788831804.968317357] [candidate_explorer]: Reached frontier. Waiting for the map to expose new frontiers.
[INFO] [1788831805.253427646] [candidate_explorer]: Detected 331 frontier cells
[INFO] [1788831805.253891274] [candidate_explorer]: Found 19 frontier clusters after filtering
[INFO] [1788831805.254380694] [candidate_explorer]: Selected frontier cluster: size=12, goal=(-5.64, -2.13), distance=8.09
[INFO] [1788831805.254695488] [candidate_explorer]: Checking global path to frontier (-5.64, -2.13), distance=8.09m
[INFO] [1788831805.286230510] [candidate_explorer]: Nav2 path to frontier is 10.44m (straight-line=8.09m, detour=1.3x)
[INFO] [1788831805.296287292] [candidate_explorer]: Global path accepted. Navigating to frontier (-5.64, -2.13)
[bt_navigator-7] [INFO] [1788831805.296776920] [bt_navigator]: Begin navigating from current location (1.10, 2.34) to (-5.64, -2.13)
[controller_server-3] [INFO] [1788831805.317617531] [controller_server]: Received a goal, begin computing control effort.
[controller_server-3] [INFO] [1788831806.369683498] [controller_server]: Passing new path to controller.
[controller_server-3] [INFO] [1788831807.417807604] [controller_server]: Passing new path to controller.
[controller_server-3] [INFO] [1788831808.417993859] [controller_server]: Passing new path to controller.
[controller_server-3] [INFO] [1788831809.467849144] [controller_server]: Passing new path to controller.
[async_slam_toolbox_node-2] W0908 01:43:30.400612  4597 preprocessor.cc:62] Specified options.num_threads: 50 exceeds maximum available from the threading model Ceres was compiled with: 14.  Bounding to maximum number available.
[controller_server-3] [INFO] [1788831810.467927274] [controller_server]: Passing new path to controller.
[planner_server-5] [INFO] [1788831811.515619084] [global_costmap.global_costmap]: StaticLayer: Resizing costmap to 917 X 493 at 0.015000 m/pix
[controller_server-3] [INFO] [1788831811.518048019] [controller_server]: Passing new path to controller.
[controller_server-3] [INFO] [1788831812.518213399] [controller_server]: Passing new path to controller.
[planner_server-5] [INFO] [1788831813.512303568] [global_costmap.global_costmap]: StaticLayer: Resizing costmap to 917 X 494 at 0.015000 m/pix
[controller_server-3] [INFO] [1788831813.568138392] [controller_server]: Passing new path to controller.
[controller_server-3] [INFO] [1788831814.569387322] [controller_server]: Passing new path to controller.
[controller_server-3] [INFO] [1788831815.070231685] [controller_server]: Reached the goal!
[bt_navigator-7] [INFO] [1788831815.107171621] [bt_navigator]: Goal succeeded
[INFO] [1788831815.107619458] [candidate_explorer]: Frontier goal finished: success=True
[INFO] [1788831815.107890001] [candidate_explorer]: Reached frontier. Waiting for the map to expose new frontiers.
[INFO] [1788831815.255792997] [candidate_explorer]: Detected 839 frontier cells
[INFO] [1788831815.256819088] [candidate_explorer]: Found 14 frontier clusters after filtering
[INFO] [1788831815.257508218] [candidate_explorer]: Selected frontier cluster: size=639, goal=(-5.98, -2.69), distance=0.60
[INFO] [1788831815.257833637] [candidate_explorer]: Checking global path to frontier (-5.98, -2.69), distance=0.60m
[INFO] [1788831815.262401129] [candidate_explorer]: Nav2 path to frontier is 0.62m (straight-line=0.60m, detour=1.0x)
[INFO] [1788831815.263321719] [candidate_explorer]: Global path accepted. Navigating to frontier (-5.98, -2.69)
[bt_navigator-7] [INFO] [1788831815.263757264] [bt_navigator]: Begin navigating from current location (-5.85, -2.10) to (-5.98, -2.69)
[controller_server-3] [INFO] [1788831815.284096829] [controller_server]: Received a goal, begin computing control effort.
[controller_server-3] [INFO] [1788831815.787925046] [controller_server]: Reached the goal!
[bt_navigator-7] [INFO] [1788831815.825965074] [bt_navigator]: Goal succeeded
[INFO] [1788831815.826404660] [candidate_explorer]: Frontier goal finished: success=True
[INFO] [1788831815.826668829] [candidate_explorer]: Reached frontier. Waiting for the map to expose new frontiers.
[INFO] [1788831816.004851045] [candidate_explorer]: Detected 272 frontier cells
[INFO] [1788831816.005408341] [candidate_explorer]: Found 7 frontier clusters after filtering
[INFO] [1788831816.005776927] [candidate_explorer]: Selected frontier cluster: size=175, goal=(-5.68, -2.96), distance=0.60
[INFO] [1788831816.006085763] [candidate_explorer]: Checking global path to frontier (-5.68, -2.96), distance=0.60m
[INFO] [1788831816.010788672] [candidate_explorer]: Nav2 path to frontier is 0.61m (straight-line=0.60m, detour=1.0x)
[INFO] [1788831816.011658053] [candidate_explorer]: Global path accepted. Navigating to frontier (-5.68, -2.96)
[bt_navigator-7] [INFO] [1788831816.012082140] [bt_navigator]: Begin navigating from current location (-6.03, -2.47) to (-5.68, -2.96)
[controller_server-3] [INFO] [1788831816.034408261] [controller_server]: Received a goal, begin computing control effort.
[controller_server-3] [INFO] [1788831816.539190277] [controller_server]: Reached the goal!
[INFO] [1788831816.576081505] [candidate_explorer]: Frontier goal finished: success=True
[INFO] [1788831816.576299965] [candidate_explorer]: Reached frontier. Waiting for the map to expose new frontiers.
[bt_navigator-7] [INFO] [1788831816.576490424] [bt_navigator]: Goal succeeded
[INFO] [1788831816.700266369] [candidate_explorer]: Detected 272 frontier cells
[INFO] [1788831816.700825457] [candidate_explorer]: Found 7 frontier clusters after filtering
[WARN] [1788831816.701101084] [candidate_explorer]: Frontier clusters exist, but none have a usable goal point.
[WARN] [1788831816.701395544] [candidate_explorer]: Frontier clusters exist but have no usable goal. Trying recovery direction 1/8 before checking again.
[INFO] [1788831816.701641796] [candidate_explorer]: Recovery move 1/8: forward, 0.8 m -> (-5.24, -3.35)
[bt_navigator-7] [INFO] [1788831816.702135549] [bt_navigator]: Begin navigating from current location (-5.86, -2.86) to (-5.24, -3.35)
[controller_server-3] [INFO] [1788831816.725870181] [controller_server]: Received a goal, begin computing control effort.
[controller_server-3] [INFO] [1788831817.377865063] [controller_server]: Reached the goal!
[bt_navigator-7] [INFO] [1788831817.412756776] [bt_navigator]: Goal succeeded
[INFO] [1788831817.413723533] [candidate_explorer]: Recovery move 'forward' succeeded.
[planner_server-5] [INFO] [1788831817.512688338] [global_costmap.global_costmap]: StaticLayer: Resizing costmap to 917 X 494 at 0.015000 m/pix
[INFO] [1788831817.762276076] [candidate_explorer]: Detected 176 frontier cells
[INFO] [1788831817.762738496] [candidate_explorer]: Found 4 frontier clusters after filtering
[INFO] [1788831817.763052581] [candidate_explorer]: Selected frontier cluster: size=33, goal=(-7.15, -2.89), distance=1.70
[INFO] [1788831817.763383417] [candidate_explorer]: Checking global path to frontier (-7.15, -2.89), distance=1.70m
[INFO] [1788831817.772252190] [candidate_explorer]: Nav2 path to frontier is 2.03m (straight-line=1.70m, detour=1.2x)
[INFO] [1788831817.774323747] [candidate_explorer]: Global path accepted. Navigating to frontier (-7.15, -2.89)
[bt_navigator-7] [INFO] [1788831817.774773834] [bt_navigator]: Begin navigating from current location (-5.48, -3.22) to (-7.15, -2.89)
[controller_server-3] [INFO] [1788831817.795475901] [controller_server]: Received a goal, begin computing control effort.
[controller_server-3] [INFO] [1788831818.848490626] [controller_server]: Passing new path to controller.
[controller_server-3] [INFO] [1788831819.845873153] [controller_server]: Passing new path to controller.
[controller_server-3] [INFO] [1788831820.249534056] [controller_server]: Reached the goal!
[bt_navigator-7] [INFO] [1788831820.285455735] [bt_navigator]: Goal succeeded
[INFO] [1788831820.285930072] [candidate_explorer]: Frontier goal finished: success=True
[INFO] [1788831820.286160698] [candidate_explorer]: Reached frontier. Waiting for the map to expose new frontiers.
[INFO] [1788831820.509730121] [candidate_explorer]: Detected 2108 frontier cells
[INFO] [1788831820.512555308] [candidate_explorer]: Found 26 frontier clusters after filtering
[INFO] [1788831820.514184654] [candidate_explorer]: Selected frontier cluster: size=1568, goal=(-7.52, -2.91), distance=0.60
[INFO] [1788831820.514584073] [candidate_explorer]: Checking global path to frontier (-7.52, -2.91), distance=0.60m
[INFO] [1788831820.522816925] [candidate_explorer]: Nav2 path to frontier is 0.63m (straight-line=0.60m, detour=1.0x)
[INFO] [1788831820.523591805] [candidate_explorer]: Global path accepted. Navigating to frontier (-7.52, -2.91)
[bt_navigator-7] [INFO] [1788831820.524049684] [bt_navigator]: Begin navigating from current location (-6.93, -2.85) to (-7.52, -2.91)
[controller_server-3] [INFO] [1788831820.546336763] [controller_server]: Received a goal, begin computing control effort.
[controller_server-3] [INFO] [1788831821.001204998] [controller_server]: Reached the goal!
[bt_navigator-7] [INFO] [1788831821.034293823] [bt_navigator]: Goal succeeded
[INFO] [1788831821.035330081] [candidate_explorer]: Frontier goal finished: success=True
[INFO] [1788831821.035571124] [candidate_explorer]: Reached frontier. Waiting for the map to expose new frontiers.
[INFO] [1788831821.201940088] [candidate_explorer]: Detected 2108 frontier cells
[INFO] [1788831821.204793275] [candidate_explorer]: Found 26 frontier clusters after filtering
[INFO] [1788831821.206511080] [candidate_explorer]: Selected frontier cluster: size=1568, goal=(-7.91, -2.86), distance=0.60
[INFO] [1788831821.206902583] [candidate_explorer]: Checking global path to frontier (-7.91, -2.86), distance=0.60m
[INFO] [1788831821.211717951] [candidate_explorer]: Nav2 path to frontier is 0.63m (straight-line=0.60m, detour=1.1x)
[INFO] [1788831821.212571082] [candidate_explorer]: Global path accepted. Navigating to frontier (-7.91, -2.86)
[bt_navigator-7] [INFO] [1788831821.213004960] [bt_navigator]: Begin navigating from current location (-7.31, -2.87) to (-7.91, -2.86)
[controller_server-3] [INFO] [1788831821.235582042] [controller_server]: Received a goal, begin computing control effort.
[controller_server-3] [INFO] [1788831821.695928192] [controller_server]: Reached the goal!
[bt_navigator-7] [INFO] [1788831821.734013553] [bt_navigator]: Goal succeeded
[INFO] [1788831821.734677933] [candidate_explorer]: Frontier goal finished: success=True
[INFO] [1788831821.734930768] [candidate_explorer]: Reached frontier. Waiting for the map to expose new frontiers.
[INFO] [1788831822.015186896] [candidate_explorer]: Detected 2070 frontier cells
[INFO] [1788831822.017867541] [candidate_explorer]: Found 16 frontier clusters after filtering
[INFO] [1788831822.019412469] [candidate_explorer]: Selected frontier cluster: size=1815, goal=(-8.30, -3.00), distance=0.60
[INFO] [1788831822.019779472] [candidate_explorer]: Checking global path to frontier (-8.30, -3.00), distance=0.60m
[INFO] [1788831822.024430047] [candidate_explorer]: Nav2 path to frontier is 0.62m (straight-line=0.60m, detour=1.0x)
[INFO] [1788831822.025215595] [candidate_explorer]: Global path accepted. Navigating to frontier (-8.30, -3.00)
[bt_navigator-7] [INFO] [1788831822.025565347] [bt_navigator]: Begin navigating from current location (-7.71, -2.87) to (-8.30, -3.00)
[controller_server-3] [INFO] [1788831822.047320839] [controller_server]: Received a goal, begin computing control effort.
[controller_server-3] [INFO] [1788831822.502433076] [controller_server]: Reached the goal!
[bt_navigator-7] [INFO] [1788831822.538089378] [bt_navigator]: Goal succeeded
[INFO] [1788831822.539211053] [candidate_explorer]: Frontier goal finished: success=True
[INFO] [1788831822.539458096] [candidate_explorer]: Reached frontier. Waiting for the map to expose new frontiers.
[INFO] [1788831822.701704988] [candidate_explorer]: Detected 2070 frontier cells
[INFO] [1788831822.704876928] [candidate_explorer]: Found 16 frontier clusters after filtering
[INFO] [1788831822.706607233] [candidate_explorer]: Selected frontier cluster: size=1815, goal=(-8.69, -3.03), distance=0.60
[INFO] [1788831822.707088028] [candidate_explorer]: Checking global path to frontier (-8.69, -3.03), distance=0.60m
[INFO] [1788831822.713056571] [candidate_explorer]: Nav2 path to frontier is 0.61m (straight-line=0.60m, detour=1.0x)
[INFO] [1788831822.713968661] [candidate_explorer]: Global path accepted. Navigating to frontier (-8.69, -3.03)
[bt_navigator-7] [INFO] [1788831822.714480123] [bt_navigator]: Begin navigating from current location (-8.10, -2.91) to (-8.69, -3.03)
[controller_server-3] [INFO] [1788831822.737740585] [controller_server]: Received a goal, begin computing control effort.
[controller_server-3] [INFO] [1788831823.189938301] [controller_server]: Reached the goal!
[bt_navigator-7] [INFO] [1788831823.227562158] [bt_navigator]: Goal succeeded
[INFO] [1788831823.228568124] [candidate_explorer]: Frontier goal finished: success=True
[INFO] [1788831823.228817459] [candidate_explorer]: Reached frontier. Waiting for the map to expose new frontiers.
[INFO] [1788831823.453989935] [candidate_explorer]: Detected 2070 frontier cells
[INFO] [1788831823.456035450] [candidate_explorer]: Found 16 frontier clusters after filtering
[INFO] [1788831823.457330043] [candidate_explorer]: Selected frontier cluster: size=1815, goal=(-8.89, -2.56), distance=0.60
[INFO] [1788831823.457696171] [candidate_explorer]: Checking global path to frontier (-8.89, -2.56), distance=0.60m
[INFO] [1788831823.462646582] [candidate_explorer]: Nav2 path to frontier is 0.62m (straight-line=0.60m, detour=1.0x)
[INFO] [1788831823.463533255] [candidate_explorer]: Global path accepted. Navigating to frontier (-8.89, -2.56)
[bt_navigator-7] [INFO] [1788831823.463917508] [bt_navigator]: Begin navigating from current location (-8.48, -3.00) to (-8.89, -2.56)
[controller_server-3] [INFO] [1788831823.487621306] [controller_server]: Received a goal, begin computing control effort.
[controller_server-3] [INFO] [1788831824.540183860] [controller_server]: Passing new path to controller.
[controller_server-3] [INFO] [1788831824.791957364] [controller_server]: Reached the goal!
[bt_navigator-7] [INFO] [1788831824.824467143] [bt_navigator]: Goal succeeded
[INFO] [1788831824.825635568] [candidate_explorer]: Frontier goal finished: success=True
[INFO] [1788831824.825888528] [candidate_explorer]: Reached frontier. Waiting for the map to expose new frontiers.
[INFO] [1788831825.016196791] [candidate_explorer]: Detected 598 frontier cells
[INFO] [1788831825.016841629] [candidate_explorer]: Found 19 frontier clusters after filtering
[INFO] [1788831825.017331550] [candidate_explorer]: Selected frontier cluster: size=320, goal=(-8.69, -2.22), distance=0.60
[INFO] [1788831825.017650052] [candidate_explorer]: Checking global path to frontier (-8.69, -2.22), distance=0.60m
[INFO] [1788831825.023422553] [candidate_explorer]: Nav2 path to frontier is 0.62m (straight-line=0.60m, detour=1.0x)
[INFO] [1788831825.024328017] [candidate_explorer]: Global path accepted. Navigating to frontier (-8.69, -2.22)
[bt_navigator-7] [INFO] [1788831825.024710604] [bt_navigator]: Begin navigating from current location (-8.92, -2.77) to (-8.69, -2.22)
[controller_server-3] [INFO] [1788831825.045708507] [controller_server]: Received a goal, begin computing control effort.
[controller_server-3] [INFO] [1788831826.100518244] [controller_server]: Passing new path to controller.
[controller_server-3] [INFO] [1788831826.198161957] [controller_server]: Reached the goal!
[bt_navigator-7] [INFO] [1788831826.235986066] [bt_navigator]: Goal succeeded
[INFO] [1788831826.236461194] [candidate_explorer]: Frontier goal finished: success=True
[INFO] [1788831826.236724571] [candidate_explorer]: Reached frontier. Waiting for the map to expose new frontiers.
[INFO] [1788831826.518421043] [candidate_explorer]: Detected 34 frontier cells
[INFO] [1788831826.518749296] [candidate_explorer]: Found 2 frontier clusters after filtering
[WARN] [1788831826.519123298] [candidate_explorer]: Frontier clusters exist, but none have a usable goal point.
[WARN] [1788831826.519509926] [candidate_explorer]: Frontier clusters exist but have no usable goal. Trying recovery direction 1/8 before checking again.
[INFO] [1788831826.519777178] [candidate_explorer]: Recovery move 1/8: forward, 0.8 m -> (-8.46, -1.66)
[bt_navigator-7] [INFO] [1788831826.520303432] [bt_navigator]: Begin navigating from current location (-8.91, -2.30) to (-8.46, -1.66)
[controller_server-3] [INFO] [1788831826.541632213] [controller_server]: Received a goal, begin computing control effort.
[async_slam_toolbox_node-2] W0908 01:43:46.599340  4597 preprocessor.cc:62] Specified options.num_threads: 50 exceeds maximum available from the threading model Ceres was compiled with: 14.  Bounding to maximum number available.
[WARN] [1788831826.633864219] [candidate_explorer]: Large map->odom correction detected (translation=2.48m, yaw=0.0deg). Pausing frontier navigation for 3.0s.
[controller_server-3] [ERROR] [1788831826.642092529] [GoalDistCritic]: None of the points of the global plan were in the local costmap.
[controller_server-3] [WARN] [1788831826.642148863] [DWBLocalPlanner]: A scoring function failed to prepare
[controller_server-3] [ERROR] [1788831826.642158363] [PathDistCritic]: None of the 87 first of 87 (87) points of the global plan were in the local costmap and free
[controller_server-3] [WARN] [1788831826.642162279] [DWBLocalPlanner]: A scoring function failed to prepare
[controller_server-3] [ERROR] [1788831826.642169779] [PathDistCritic]: None of the 87 first of 87 (87) points of the global plan were in the local costmap and free
[controller_server-3] [WARN] [1788831826.642172321] [DWBLocalPlanner]: A scoring function failed to prepare
[controller_server-3] [ERROR] [1788831826.642179738] [GoalDistCritic]: None of the points of the global plan were in the local costmap.
[controller_server-3] [WARN] [1788831826.642182280] [DWBLocalPlanner]: A scoring function failed to prepare
[controller_server-3] [ERROR] [1788831826.643713832] [DWBLocalPlanner]: No valid trajectories out of 419! 
[controller_server-3] [ERROR] [1788831826.643721457] [DWBLocalPlanner]: 0.19: BaseObstacle/Trajectory Hits Obstacle.
[controller_server-3] [ERROR] [1788831826.643724832] [DWBLocalPlanner]: 0.81:   PathDist/Trajectory Hits Unreachable Area.
[controller_server-3] [WARN] [1788831826.643761541] [controller_server]: No valid trajectories out of 419! 
[controller_server-3] [WARN] [1788831826.693662988] [controller_server]: Resulting plan has 0 poses in it.
[controller_server-3] [ERROR] [1788831826.694085242] [controller_server]: Controller patience exceeded
[controller_server-3] [WARN] [1788831826.694128492] [controller_server]: [follow_path] [ActionServer] Aborting handle.
[behavior_server-6] [INFO] [1788831826.713564592] [behavior_server]: Running backup
[behavior_server-6] [INFO] [1788831826.713994595] [behavior_server]: DriveOnHeading: no acceleration or deceleration limits set
[INFO] [1788831827.382695849] [candidate_explorer]: Map/costmap stabilization window complete; replanning.
[planner_server-5] [INFO] [1788831827.515376609] [global_costmap.global_costmap]: StaticLayer: Resizing costmap to 919 X 555 at 0.015000 m/pix
[behavior_server-6] [INFO] [1788831828.114049268] [behavior_server]: backup completed successfully
[planner_server-5] [WARN] [1788831828.150484909] [planner_server]: GridBased: failed to create plan with tolerance 0.50.
[planner_server-5] [WARN] [1788831828.150521451] [planner_server]: Planning algorithm GridBased failed to generate a valid path to (-8.46, -1.66)
[planner_server-5] [WARN] [1788831828.150538743] [planner_server]: [compute_path_to_pose] [ActionServer] Aborting handle.
[behavior_server-6] [INFO] [1788831828.171318394] [behavior_server]: Running spin
[behavior_server-6] [INFO] [1788831828.171604063] [behavior_server]: Turning 1.57 for spin behavior.
[behavior_server-6] [INFO] [1788831828.573633955] [behavior_server]: spin completed successfully
[planner_server-5] [WARN] [1788831828.603078586] [planner_server]: GridBased: failed to create plan with tolerance 0.50.
[planner_server-5] [WARN] [1788831828.603111711] [planner_server]: Planning algorithm GridBased failed to generate a valid path to (-8.46, -1.66)
[planner_server-5] [WARN] [1788831828.603118128] [planner_server]: [compute_path_to_pose] [ActionServer] Aborting handle.
[behavior_server-6] [INFO] [1788831828.620664423] [behavior_server]: Running spin
[behavior_server-6] [INFO] [1788831828.620699131] [behavior_server]: Turning -1.57 for spin behavior.
[behavior_server-6] [INFO] [1788831829.021097719] [behavior_server]: spin completed successfully
[planner_server-5] [WARN] [1788831829.054165835] [planner_server]: GridBased: failed to create plan with tolerance 0.50.
[planner_server-5] [WARN] [1788831829.054195252] [planner_server]: Planning algorithm GridBased failed to generate a valid path to (-8.46, -1.66)
[planner_server-5] [WARN] [1788831829.054202169] [planner_server]: [compute_path_to_pose] [ActionServer] Aborting handle.
[controller_server-3] [INFO] [1788831829.073689728] [local_costmap.local_costmap]: Received request to clear entirely the local_costmap
[planner_server-5] [INFO] [1788831829.074136564] [global_costmap.global_costmap]: Received request to clear entirely the global_costmap
[planner_server-5] [WARN] [1788831829.534968927] [planner_server]: GridBased: failed to create plan with tolerance 0.50.
[planner_server-5] [WARN] [1788831829.535006719] [planner_server]: Planning algorithm GridBased failed to generate a valid path to (-8.46, -1.66)
[planner_server-5] [WARN] [1788831829.535014385] [planner_server]: [compute_path_to_pose] [ActionServer] Aborting handle.
[behavior_server-6] [INFO] [1788831829.552381804] [behavior_server]: Running backup
[WARN] [1788831830.132887289] [candidate_explorer]: Large map->odom correction detected (translation=1.23m, yaw=7.1deg). Pausing frontier navigation for 3.0s.
[behavior_server-6] [INFO] [1788831830.854355511] [behavior_server]: backup completed successfully
[INFO] [1788831830.883598350] [candidate_explorer]: Map/costmap stabilization window complete; replanning.
[planner_server-5] [WARN] [1788831830.884051894] [planner_server]: GridBased: failed to create plan with tolerance 0.50.
[planner_server-5] [WARN] [1788831830.884076853] [planner_server]: Planning algorithm GridBased failed to generate a valid path to (-8.46, -1.66)
[planner_server-5] [WARN] [1788831830.884083436] [planner_server]: [compute_path_to_pose] [ActionServer] Aborting handle.
[behavior_server-6] [INFO] [1788831830.900891476] [behavior_server]: Running spin
[behavior_server-6] [INFO] [1788831830.900924351] [behavior_server]: Turning 1.57 for spin behavior.
[behavior_server-6] [INFO] [1788831831.303159327] [behavior_server]: spin completed successfully
[planner_server-5] [WARN] [1788831831.334534473] [planner_server]: GridBased: failed to create plan with tolerance 0.50.
[planner_server-5] [WARN] [1788831831.334569223] [planner_server]: Planning algorithm GridBased failed to generate a valid path to (-8.46, -1.66)
[planner_server-5] [WARN] [1788831831.334575931] [planner_server]: [compute_path_to_pose] [ActionServer] Aborting handle.
[bt_navigator-7] [WARN] [1788831831.361614295] [bt_navigator]: [navigate_to_pose] [ActionServer] Aborting handle.
[bt_navigator-7] [ERROR] [1788831831.361955090] [bt_navigator]: Goal failed
[WARN] [1788831831.363154807] [candidate_explorer]: Recovery move 'forward' failed; checking frontiers before the next direction.
[INFO] [1788831831.528770640] [candidate_explorer]: Detected 52 frontier cells
[INFO] [1788831831.529090601] [candidate_explorer]: Found 3 frontier clusters after filtering
[INFO] [1788831831.529349186] [candidate_explorer]: Selected frontier cluster: size=5, goal=(-10.08, 2.17), distance=2.93
[INFO] [1788831831.529647355] [candidate_explorer]: Checking global path to frontier (-10.08, 2.17), distance=2.93m
[planner_server-5] [WARN] [1788831831.530826280] [planner_server]: GridBased: failed to create plan with tolerance 0.50.
[planner_server-5] [WARN] [1788831831.530852488] [planner_server]: Planning algorithm GridBased failed to generate a valid path to (-10.08, 2.17)
[planner_server-5] [WARN] [1788831831.530858780] [planner_server]: [compute_path_to_pose] [ActionServer] Aborting handle.
[WARN] [1788831831.533603717] [candidate_explorer]: Path computation failed, status=6
[WARN] [1788831831.533845719] [candidate_explorer]: No global path to frontier (-10.08, 2.17). Blacklisting.
[INFO] [1788831831.777532288] [candidate_explorer]: Detected 52 frontier cells
[INFO] [1788831831.777858582] [candidate_explorer]: Found 3 frontier clusters after filtering
[INFO] [1788831831.778107876] [candidate_explorer]: Selected frontier cluster: size=6, goal=(-5.46, -3.23), distance=5.72
[INFO] [1788831831.778401336] [candidate_explorer]: Checking global path to frontier (-5.46, -3.23), distance=5.72m
[planner_server-5] [WARN] [1788831831.779622637] [planner_server]: GridBased: failed to create plan with tolerance 0.50.
[planner_server-5] [WARN] [1788831831.779647845] [planner_server]: Planning algorithm GridBased failed to generate a valid path to (-5.46, -3.23)
[planner_server-5] [WARN] [1788831831.779653262] [planner_server]: [compute_path_to_pose] [ActionServer] Aborting handle.
[WARN] [1788831831.782464824] [candidate_explorer]: Path computation failed, status=6
[WARN] [1788831831.782724451] [candidate_explorer]: No global path to frontier (-5.46, -3.23). Blacklisting.
[INFO] [1788831831.952176021] [candidate_explorer]: Detected 52 frontier cells
[INFO] [1788831831.952502565] [candidate_explorer]: Found 3 frontier clusters after filtering
[WARN] [1788831831.952742983] [candidate_explorer]: Frontier clusters exist, but none have a usable goal point.
[WARN] [1788831831.953035944] [candidate_explorer]: Frontier clusters exist but have no usable goal. Trying recovery direction 1/8 before checking again.
[INFO] [1788831831.953283071] [candidate_explorer]: Recovery move 1/8: forward, 0.8 m -> (-11.27, -0.27)
[bt_navigator-7] [INFO] [1788831831.953776782] [bt_navigator]: Begin navigating from current location (-10.60, -0.71) to (-11.27, -0.27)
[planner_server-5] [WARN] [1788831831.954828248] [planner_server]: GridBased: failed to create plan with tolerance 0.50.
[planner_server-5] [WARN] [1788831831.954857249] [planner_server]: Planning algorithm GridBased failed to generate a valid path to (-11.27, -0.27)
[planner_server-5] [WARN] [1788831831.954863957] [planner_server]: [compute_path_to_pose] [ActionServer] Aborting handle.
[behavior_server-6] [INFO] [1788831831.974939062] [behavior_server]: Running spin
[behavior_server-6] [INFO] [1788831831.974986937] [behavior_server]: Turning -1.57 for spin behavior.
[behavior_server-6] [INFO] [1788831832.378559423] [behavior_server]: spin completed successfully
[planner_server-5] [WARN] [1788831832.407134507] [planner_server]: GridBased: failed to create plan with tolerance 0.50.
[planner_server-5] [WARN] [1788831832.407163007] [planner_server]: Planning algorithm GridBased failed to generate a valid path to (-11.27, -0.27)
[planner_server-5] [WARN] [1788831832.407169340] [planner_server]: [compute_path_to_pose] [ActionServer] Aborting handle.
[controller_server-3] [INFO] [1788831832.425919977] [local_costmap.local_costmap]: Received request to clear entirely the local_costmap
[planner_server-5] [INFO] [1788831832.426252480] [global_costmap.global_costmap]: Received request to clear entirely the global_costmap
[planner_server-5] [WARN] [1788831832.530737575] [planner_server]: GridBased: failed to create plan with tolerance 0.50.
[planner_server-5] [WARN] [1788831832.530773284] [planner_server]: Planning algorithm GridBased failed to generate a valid path to (-11.27, -0.27)
[planner_server-5] [WARN] [1788831832.530782159] [planner_server]: [compute_path_to_pose] [ActionServer] Aborting handle.
[behavior_server-6] [INFO] [1788831832.545532350] [behavior_server]: Running backup
[behavior_server-6] [WARN] [1788831832.545614309] [behavior_server]: Collision Ahead - Exiting DriveOnHeading
[behavior_server-6] [WARN] [1788831832.545619975] [behavior_server]: backup failed
[behavior_server-6] [WARN] [1788831832.545623892] [behavior_server]: [backup] [ActionServer] Aborting handle.
[behavior_server-6] [INFO] [1788831832.576639702] [behavior_server]: Running spin
[behavior_server-6] [INFO] [1788831832.576670744] [behavior_server]: Turning 1.57 for spin behavior.
[behavior_server-6] [INFO] [1788831832.977810629] [behavior_server]: spin completed successfully
[planner_server-5] [WARN] [1788831833.005874667] [planner_server]: GridBased: failed to create plan with tolerance 0.50.
[planner_server-5] [WARN] [1788831833.005902084] [planner_server]: Planning algorithm GridBased failed to generate a valid path to (-11.27, -0.27)
[planner_server-5] [WARN] [1788831833.005909042] [planner_server]: [compute_path_to_pose] [ActionServer] Aborting handle.
[behavior_server-6] [INFO] [1788831833.026091189] [behavior_server]: Running spin
[behavior_server-6] [INFO] [1788831833.026127273] [behavior_server]: Turning -1.57 for spin behavior.
[behavior_server-6] [INFO] [1788831833.427387534] [behavior_server]: spin completed successfully
[planner_server-5] [WARN] [1788831833.457641546] [planner_server]: GridBased: failed to create plan with tolerance 0.50.
[planner_server-5] [WARN] [1788831833.457667338] [planner_server]: Planning algorithm GridBased failed to generate a valid path to (-11.27, -0.27)
[planner_server-5] [WARN] [1788831833.457673380] [planner_server]: [compute_path_to_pose] [ActionServer] Aborting handle.
[controller_server-3] [INFO] [1788831833.474111458] [local_costmap.local_costmap]: Received request to clear entirely the local_costmap
[planner_server-5] [INFO] [1788831833.474525878] [global_costmap.global_costmap]: Received request to clear entirely the global_costmap
[planner_server-5] [WARN] [1788831833.528366104] [planner_server]: GridBased: failed to create plan with tolerance 0.50.
[planner_server-5] [WARN] [1788831833.528397104] [planner_server]: Planning algorithm GridBased failed to generate a valid path to (-11.27, -0.27)
[planner_server-5] [WARN] [1788831833.528405187] [planner_server]: [compute_path_to_pose] [ActionServer] Aborting handle.
[behavior_server-6] [INFO] [1788831833.545086351] [behavior_server]: Running backup
[behavior_server-6] [WARN] [1788831833.545167726] [behavior_server]: Collision Ahead - Exiting DriveOnHeading
[behavior_server-6] [WARN] [1788831833.545173101] [behavior_server]: backup failed
[behavior_server-6] [WARN] [1788831833.545176726] [behavior_server]: [backup] [ActionServer] Aborting handle.
[behavior_server-6] [INFO] [1788831833.576497122] [behavior_server]: Running spin
[behavior_server-6] [INFO] [1788831833.576612581] [behavior_server]: Turning 1.57 for spin behavior.
[behavior_server-6] [INFO] [1788831833.978931433] [behavior_server]: spin completed successfully
[planner_server-5] [WARN] [1788831833.996270768] [planner_server]: GridBased: failed to create plan with tolerance 0.50.
[planner_server-5] [WARN] [1788831833.996298851] [planner_server]: Planning algorithm GridBased failed to generate a valid path to (-11.27, -0.27)
[planner_server-5] [WARN] [1788831833.996305643] [planner_server]: [compute_path_to_pose] [ActionServer] Aborting handle.
[bt_navigator-7] [WARN] [1788831834.025442689] [bt_navigator]: [navigate_to_pose] [ActionServer] Aborting handle.
[bt_navigator-7] [ERROR] [1788831834.025552440] [bt_navigator]: Goal failed
[WARN] [1788831834.027035409] [candidate_explorer]: Recovery move 'forward' failed; checking frontiers before the next direction.
[INFO] [1788831834.280543925] [candidate_explorer]: Detected 52 frontier cells
[INFO] [1788831834.280877469] [candidate_explorer]: Found 3 frontier clusters after filtering
[WARN] [1788831834.281110596] [candidate_explorer]: Frontier clusters exist, but none have a usable goal point.
[WARN] [1788831834.281384681] [candidate_explorer]: Frontier clusters exist but have no usable goal. Trying recovery direction 2/8 before checking again.
[INFO] [1788831834.281634558] [candidate_explorer]: Recovery move 2/8: forward-left, 0.8 m -> (-11.36, -0.96)
[bt_navigator-7] [INFO] [1788831834.282148687] [bt_navigator]: Begin navigating from current location (-10.60, -0.71) to (-11.36, -0.96)
[planner_server-5] [WARN] [1788831834.283910325] [planner_server]: GridBased: failed to create plan with tolerance 0.50.
[planner_server-5] [WARN] [1788831834.283942116] [planner_server]: Planning algorithm GridBased failed to generate a valid path to (-11.36, -0.96)
[planner_server-5] [WARN] [1788831834.283948367] [planner_server]: [compute_path_to_pose] [ActionServer] Aborting handle.
[behavior_server-6] [INFO] [1788831834.305752734] [behavior_server]: Running spin
[behavior_server-6] [INFO] [1788831834.305789484] [behavior_server]: Turning -1.57 for spin behavior.
[behavior_server-6] [INFO] [1788831834.708306796] [behavior_server]: spin completed successfully
[planner_server-5] [WARN] [1788831834.735034574] [planner_server]: GridBased: failed to create plan with tolerance 0.50.
[planner_server-5] [WARN] [1788831834.735065574] [planner_server]: Planning algorithm GridBased failed to generate a valid path to (-11.36, -0.96)
[planner_server-5] [WARN] [1788831834.735072658] [planner_server]: [compute_path_to_pose] [ActionServer] Aborting handle.
[controller_server-3] [INFO] [1788831834.752999955] [local_costmap.local_costmap]: Received request to clear entirely the local_costmap
[planner_server-5] [INFO] [1788831834.753485167] [global_costmap.global_costmap]: Received request to clear entirely the global_costmap
[planner_server-5] [WARN] [1788831835.528181944] [planner_server]: GridBased: failed to create plan with tolerance 0.50.
[planner_server-5] [WARN] [1788831835.528235695] [planner_server]: Planning algorithm GridBased failed to generate a valid path to (-11.36, -0.96)
[planner_server-5] [WARN] [1788831835.528245028] [planner_server]: [compute_path_to_pose] [ActionServer] Aborting handle.
[behavior_server-6] [INFO] [1788831835.544719732] [behavior_server]: Running backup
[behavior_server-6] [WARN] [1788831835.544801024] [behavior_server]: Collision Ahead - Exiting DriveOnHeading
[behavior_server-6] [WARN] [1788831835.544806566] [behavior_server]: backup failed
[behavior_server-6] [WARN] [1788831835.544810066] [behavior_server]: [backup] [ActionServer] Aborting handle.
[behavior_server-6] [INFO] [1788831835.572605893] [behavior_server]: Running spin
[behavior_server-6] [INFO] [1788831835.572629727] [behavior_server]: Turning 1.57 for spin behavior.
[behavior_server-6] [INFO] [1788831835.974914162] [behavior_server]: spin completed successfully
[planner_server-5] [WARN] [1788831835.996007441] [planner_server]: GridBased: failed to create plan with tolerance 0.50.
[planner_server-5] [WARN] [1788831835.996032149] [planner_server]: Planning algorithm GridBased failed to generate a valid path to (-11.36, -0.96)
[planner_server-5] [WARN] [1788831835.996038108] [planner_server]: [compute_path_to_pose] [ActionServer] Aborting handle.
[behavior_server-6] [INFO] [1788831836.012477311] [behavior_server]: Running spin
[behavior_server-6] [INFO] [1788831836.012511895] [behavior_server]: Turning -1.57 for spin behavior.
[behavior_server-6] [INFO] [1788831836.413949032] [behavior_server]: spin completed successfully
[planner_server-5] [WARN] [1788831836.433966386] [planner_server]: GridBased: failed to create plan with tolerance 0.50.
[planner_server-5] [WARN] [1788831836.433995136] [planner_server]: Planning algorithm GridBased failed to generate a valid path to (-11.36, -0.96)
[planner_server-5] [WARN] [1788831836.434001595] [planner_server]: [compute_path_to_pose] [ActionServer] Aborting handle.
[controller_server-3] [INFO] [1788831836.455098874] [local_costmap.local_costmap]: Received request to clear entirely the local_costmap
[planner_server-5] [INFO] [1788831836.455284667] [global_costmap.global_costmap]: Received request to clear entirely the global_costmap
[planner_server-5] [WARN] [1788831836.530072837] [planner_server]: GridBased: failed to create plan with tolerance 0.50.
[planner_server-5] [WARN] [1788831836.530108504] [planner_server]: Planning algorithm GridBased failed to generate a valid path to (-11.36, -0.96)
[planner_server-5] [WARN] [1788831836.530116546] [planner_server]: [compute_path_to_pose] [ActionServer] Aborting handle.
[behavior_server-6] [INFO] [1788831836.542757513] [behavior_server]: Running backup
[behavior_server-6] [WARN] [1788831836.542844556] [behavior_server]: Collision Ahead - Exiting DriveOnHeading
[behavior_server-6] [WARN] [1788831836.542850556] [behavior_server]: backup failed
[behavior_server-6] [WARN] [1788831836.542854306] [behavior_server]: [backup] [ActionServer] Aborting handle.
[behavior_server-6] [INFO] [1788831836.573808990] [behavior_server]: Running spin
[behavior_server-6] [INFO] [1788831836.573835365] [behavior_server]: Turning 1.57 for spin behavior.
[behavior_server-6] [INFO] [1788831836.976346302] [behavior_server]: spin completed successfully
[planner_server-5] [WARN] [1788831837.003442833] [planner_server]: GridBased: failed to create plan with tolerance 0.50.
[planner_server-5] [WARN] [1788831837.003478333] [planner_server]: Planning algorithm GridBased failed to generate a valid path to (-11.36, -0.96)
[planner_server-5] [WARN] [1788831837.003485708] [planner_server]: [compute_path_to_pose] [ActionServer] Aborting handle.
[bt_navigator-7] [WARN] [1788831837.032584837] [bt_navigator]: [navigate_to_pose] [ActionServer] Aborting handle.
[bt_navigator-7] [ERROR] [1788831837.032654837] [bt_navigator]: Goal failed
[WARN] [1788831837.034000931] [candidate_explorer]: Recovery move 'forward-left' failed; checking frontiers before the next direction.
[INFO] [1788831837.275428109] [candidate_explorer]: Detected 52 frontier cells
[INFO] [1788831837.275768195] [candidate_explorer]: Found 3 frontier clusters after filtering
[WARN] [1788831837.276013321] [candidate_explorer]: Frontier clusters exist, but none have a usable goal point.
[WARN] [1788831837.276367574] [candidate_explorer]: Frontier clusters exist but have no usable goal. Trying recovery direction 3/8 before checking again.
[INFO] [1788831837.276628534] [candidate_explorer]: Recovery move 3/8: left, 0.8 m -> (-11.01, -1.40)
[bt_navigator-7] [INFO] [1788831837.277205038] [bt_navigator]: Begin navigating from current location (-10.60, -0.71) to (-11.01, -1.40)
[planner_server-5] [WARN] [1788831837.278240713] [planner_server]: GridBased: failed to create plan with tolerance 0.50.
[planner_server-5] [WARN] [1788831837.278265504] [planner_server]: Planning algorithm GridBased failed to generate a valid path to (-11.01, -1.40)
[planner_server-5] [WARN] [1788831837.278280463] [planner_server]: [compute_path_to_pose] [ActionServer] Aborting handle.
[behavior_server-6] [INFO] [1788831837.300315332] [behavior_server]: Running spin
[behavior_server-6] [INFO] [1788831837.300641751] [behavior_server]: Turning -1.57 for spin behavior.
[behavior_server-6] [WARN] [1788831837.500804211] [behavior_server]: Collision Ahead - Exiting Spin
[behavior_server-6] [WARN] [1788831837.500827753] [behavior_server]: spin failed
[behavior_server-6] [WARN] [1788831837.500831920] [behavior_server]: [spin] [ActionServer] Aborting handle.
[controller_server-3] [INFO] [1788831837.528160411] [local_costmap.local_costmap]: Received request to clear entirely the local_costmap
[planner_server-5] [INFO] [1788831837.528365787] [global_costmap.global_costmap]: Received request to clear entirely the global_costmap
[planner_server-5] [WARN] [1788831838.532154278] [planner_server]: GridBased: failed to create plan with tolerance 0.50.
[planner_server-5] [WARN] [1788831838.532210486] [planner_server]: Planning algorithm GridBased failed to generate a valid path to (-11.01, -1.40)
[planner_server-5] [WARN] [1788831838.532219237] [planner_server]: [compute_path_to_pose] [ActionServer] Aborting handle.
[behavior_server-6] [INFO] [1788831838.549467612] [behavior_server]: Running backup
[behavior_server-6] [WARN] [1788831838.549585405] [behavior_server]: Collision Ahead - Exiting DriveOnHeading
[behavior_server-6] [WARN] [1788831838.549591405] [behavior_server]: backup failed
[behavior_server-6] [WARN] [1788831838.549595322] [behavior_server]: [backup] [ActionServer] Aborting handle.
[behavior_server-6] [INFO] [1788831838.567718371] [behavior_server]: Running spin
[behavior_server-6] [INFO] [1788831838.567768496] [behavior_server]: Turning 1.57 for spin behavior.
[behavior_server-6] [INFO] [1788831838.969133424] [behavior_server]: spin completed successfully
[planner_server-5] [WARN] [1788831838.990080035] [planner_server]: GridBased: failed to create plan with tolerance 0.50.
[planner_server-5] [WARN] [1788831838.990110452] [planner_server]: Planning algorithm GridBased failed to generate a valid path to (-11.01, -1.40)
[planner_server-5] [WARN] [1788831838.990117452] [planner_server]: [compute_path_to_pose] [ActionServer] Aborting handle.
[behavior_server-6] [INFO] [1788831839.007885874] [behavior_server]: Running spin
[behavior_server-6] [INFO] [1788831839.007918666] [behavior_server]: Turning -1.57 for spin behavior.
[behavior_server-6] [INFO] [1788831839.409632471] [behavior_server]: spin completed successfully
[planner_server-5] [WARN] [1788831839.441562913] [planner_server]: GridBased: failed to create plan with tolerance 0.50.
[planner_server-5] [WARN] [1788831839.441597663] [planner_server]: Planning algorithm GridBased failed to generate a valid path to (-11.01, -1.40)
[planner_server-5] [WARN] [1788831839.441604538] [planner_server]: [compute_path_to_pose] [ActionServer] Aborting handle.
[controller_server-3] [INFO] [1788831839.457552113] [local_costmap.local_costmap]: Received request to clear entirely the local_costmap
[planner_server-5] [INFO] [1788831839.457730864] [global_costmap.global_costmap]: Received request to clear entirely the global_costmap
[planner_server-5] [WARN] [1788831839.522467711] [planner_server]: GridBased: failed to create plan with tolerance 0.50.
[planner_server-5] [WARN] [1788831839.522494336] [planner_server]: Planning algorithm GridBased failed to generate a valid path to (-11.01, -1.40)
[planner_server-5] [WARN] [1788831839.522501212] [planner_server]: [compute_path_to_pose] [ActionServer] Aborting handle.
[behavior_server-6] [INFO] [1788831839.539579628] [behavior_server]: Running backup
[behavior_server-6] [WARN] [1788831839.741150182] [behavior_server]: Collision Ahead - Exiting DriveOnHeading
[behavior_server-6] [WARN] [1788831839.741173140] [behavior_server]: backup failed
[behavior_server-6] [WARN] [1788831839.741178224] [behavior_server]: [backup] [ActionServer] Aborting handle.
[behavior_server-6] [INFO] [1788831839.768903468] [behavior_server]: Running spin
[behavior_server-6] [INFO] [1788831839.768936301] [behavior_server]: Turning 1.57 for spin behavior.
[behavior_server-6] [INFO] [1788831840.169075846] [behavior_server]: spin completed successfully
[planner_server-5] [WARN] [1788831840.188917615] [planner_server]: GridBased: failed to create plan with tolerance 0.50.
[planner_server-5] [WARN] [1788831840.188946199] [planner_server]: Planning algorithm GridBased failed to generate a valid path to (-11.01, -1.40)
[planner_server-5] [WARN] [1788831840.188952741] [planner_server]: [compute_path_to_pose] [ActionServer] Aborting handle.
[behavior_server-6] [INFO] [1788831840.208325924] [behavior_server]: Running spin
[behavior_server-6] [INFO] [1788831840.208362216] [behavior_server]: Turning -1.57 for spin behavior.
[behavior_server-6] [INFO] [1788831840.609368225] [behavior_server]: spin completed successfully
[planner_server-5] [WARN] [1788831840.640214783] [planner_server]: GridBased: failed to create plan with tolerance 0.50.
[planner_server-5] [WARN] [1788831840.640243241] [planner_server]: Planning algorithm GridBased failed to generate a valid path to (-11.01, -1.40)
[planner_server-5] [WARN] [1788831840.640251742] [planner_server]: [compute_path_to_pose] [ActionServer] Aborting handle.
[bt_navigator-7] [WARN] [1788831840.669321245] [bt_navigator]: [navigate_to_pose] [ActionServer] Aborting handle.
[bt_navigator-7] [ERROR] [1788831840.669402704] [bt_navigator]: Goal failed
[WARN] [1788831840.670483379] [candidate_explorer]: Recovery move 'left' failed; checking frontiers before the next direction.
[INFO] [1788831841.029030161] [candidate_explorer]: Detected 52 frontier cells
[INFO] [1788831841.029293747] [candidate_explorer]: Found 3 frontier clusters after filtering
[WARN] [1788831841.029501873] [candidate_explorer]: Frontier clusters exist, but none have a usable goal point.
[WARN] [1788831841.029760417] [candidate_explorer]: Frontier clusters exist but have no usable goal. Trying recovery direction 4/8 before checking again.
[INFO] [1788831841.030033044] [candidate_explorer]: Recovery move 4/8: backward-left, 0.8 m -> (-11.07, -1.43)
[bt_navigator-7] [INFO] [1788831841.030630006] [bt_navigator]: Begin navigating from current location (-10.60, -0.79) to (-11.07, -1.43)
[planner_server-5] [WARN] [1788831841.031789807] [planner_server]: GridBased: failed to create plan with tolerance 0.50.
[planner_server-5] [WARN] [1788831841.031819598] [planner_server]: Planning algorithm GridBased failed to generate a valid path to (-11.07, -1.43)
[planner_server-5] [WARN] [1788831841.031826140] [planner_server]: [compute_path_to_pose] [ActionServer] Aborting handle.
[controller_server-3] [INFO] [1788831841.052875044] [local_costmap.local_costmap]: Received request to clear entirely the local_costmap
[planner_server-5] [INFO] [1788831841.053516798] [global_costmap.global_costmap]: Received request to clear entirely the global_costmap
[planner_server-5] [WARN] [1788831841.526969544] [planner_server]: GridBased: failed to create plan with tolerance 0.50.
[planner_server-5] [WARN] [1788831841.527007711] [planner_server]: Planning algorithm GridBased failed to generate a valid path to (-11.07, -1.43)
[planner_server-5] [WARN] [1788831841.527015753] [planner_server]: [compute_path_to_pose] [ActionServer] Aborting handle.
[behavior_server-6] [INFO] [1788831841.541532901] [behavior_server]: Running backup
[behavior_server-6] [WARN] [1788831841.541615193] [behavior_server]: Collision Ahead - Exiting DriveOnHeading
[behavior_server-6] [WARN] [1788831841.541620568] [behavior_server]: backup failed
[behavior_server-6] [WARN] [1788831841.541624443] [behavior_server]: [backup] [ActionServer] Aborting handle.
[behavior_server-6] [INFO] [1788831841.574764560] [behavior_server]: Running spin
[behavior_server-6] [INFO] [1788831841.574798227] [behavior_server]: Turning 1.57 for spin behavior.
[behavior_server-6] [INFO] [1788831841.977261830] [behavior_server]: spin completed successfully
[planner_server-5] [WARN] [1788831842.001859301] [planner_server]: GridBased: failed to create plan with tolerance 0.50.
[planner_server-5] [WARN] [1788831842.001890301] [planner_server]: Planning algorithm GridBased failed to generate a valid path to (-11.07, -1.43)
[planner_server-5] [WARN] [1788831842.001897176] [planner_server]: [compute_path_to_pose] [ActionServer] Aborting handle.
[behavior_server-6] [INFO] [1788831842.023726002] [behavior_server]: Running spin
[behavior_server-6] [INFO] [1788831842.023764669] [behavior_server]: Turning -1.57 for spin behavior.
[behavior_server-6] [INFO] [1788831842.424815928] [behavior_server]: spin completed successfully
[planner_server-5] [WARN] [1788831842.452145919] [planner_server]: GridBased: failed to create plan with tolerance 0.50.
[planner_server-5] [WARN] [1788831842.452174961] [planner_server]: Planning algorithm GridBased failed to generate a valid path to (-11.07, -1.43)
[planner_server-5] [WARN] [1788831842.452181378] [planner_server]: [compute_path_to_pose] [ActionServer] Aborting handle.
[controller_server-3] [INFO] [1788831842.472830237] [local_costmap.local_costmap]: Received request to clear entirely the local_costmap
[planner_server-5] [INFO] [1788831842.473043322] [global_costmap.global_costmap]: Received request to clear entirely the global_costmap
[planner_server-5] [WARN] [1788831842.528321725] [planner_server]: GridBased: failed to create plan with tolerance 0.50.
[planner_server-5] [WARN] [1788831842.528354434] [planner_server]: Planning algorithm GridBased failed to generate a valid path to (-11.07, -1.43)
[planner_server-5] [WARN] [1788831842.528362434] [planner_server]: [compute_path_to_pose] [ActionServer] Aborting handle.
[behavior_server-6] [INFO] [1788831842.541980158] [behavior_server]: Running backup
[WARN] [1788831842.882184473] [candidate_explorer]: Large map->odom correction detected (translation=0.58m, yaw=3.6deg). Pausing frontier navigation for 3.0s.
[behavior_server-6] [WARN] [1788831843.144407845] [behavior_server]: Collision Ahead - Exiting DriveOnHeading
[behavior_server-6] [WARN] [1788831843.144431012] [behavior_server]: backup failed
[behavior_server-6] [WARN] [1788831843.144435512] [behavior_server]: [backup] [ActionServer] Aborting handle.
[behavior_server-6] [INFO] [1788831843.171226541] [behavior_server]: Running spin
[behavior_server-6] [INFO] [1788831843.171260666] [behavior_server]: Turning 1.57 for spin behavior.
[behavior_server-6] [INFO] [1788831843.571474586] [behavior_server]: spin completed successfully
[controller_server-3] [INFO] [1788831843.611447836] [controller_server]: Received a goal, begin computing control effort.
[INFO] [1788831843.631769859] [candidate_explorer]: Map/costmap stabilization window complete; replanning.
[controller_server-3] [INFO] [1788831844.013378060] [controller_server]: Reached the goal!
[bt_navigator-7] [INFO] [1788831844.052453262] [bt_navigator]: Goal succeeded
[INFO] [1788831844.052927848] [candidate_explorer]: Recovery move 'backward-left' succeeded.
[INFO] [1788831844.279132416] [candidate_explorer]: Detected 52 frontier cells
[INFO] [1788831844.279407668] [candidate_explorer]: Found 3 frontier clusters after filtering
[WARN] [1788831844.279624544] [candidate_explorer]: Frontier clusters exist, but none have a usable goal point.
[WARN] [1788831844.279870421] [candidate_explorer]: Frontier clusters exist but have no usable goal. Trying recovery direction 5/8 before checking again.
[INFO] [1788831844.280097923] [candidate_explorer]: Recovery move 5/8: backward, 0.8 m -> (-10.02, -0.45)
[bt_navigator-7] [INFO] [1788831844.280558884] [bt_navigator]: Begin navigating from current location (-10.61, -0.99) to (-10.02, -0.45)
[planner_server-5] [WARN] [1788831844.281574558] [planner_server]: GridBased: failed to create plan with tolerance 0.50.
[planner_server-5] [WARN] [1788831844.281666517] [planner_server]: Planning algorithm GridBased failed to generate a valid path to (-10.02, -0.45)
[planner_server-5] [WARN] [1788831844.281673226] [planner_server]: [compute_path_to_pose] [ActionServer] Aborting handle.
[behavior_server-6] [INFO] [1788831844.302910964] [behavior_server]: Running spin
[behavior_server-6] [INFO] [1788831844.302949756] [behavior_server]: Turning -1.57 for spin behavior.
[behavior_server-6] [INFO] [1788831844.705503318] [behavior_server]: spin completed successfully
[planner_server-5] [WARN] [1788831844.733869858] [planner_server]: GridBased: failed to create plan with tolerance 0.50.
[planner_server-5] [WARN] [1788831844.733899400] [planner_server]: Planning algorithm GridBased failed to generate a valid path to (-10.02, -0.45)
[planner_server-5] [WARN] [1788831844.733905483] [planner_server]: [compute_path_to_pose] [ActionServer] Aborting handle.
[controller_server-3] [INFO] [1788831844.754018089] [local_costmap.local_costmap]: Received request to clear entirely the local_costmap
[planner_server-5] [INFO] [1788831844.754214298] [global_costmap.global_costmap]: Received request to clear entirely the global_costmap
[planner_server-5] [WARN] [1788831845.529273745] [planner_server]: GridBased: failed to create plan with tolerance 0.50.
[planner_server-5] [WARN] [1788831845.529698248] [planner_server]: Planning algorithm GridBased failed to generate a valid path to (-10.02, -0.45)
[planner_server-5] [WARN] [1788831845.529840707] [planner_server]: [compute_path_to_pose] [ActionServer] Aborting handle.
[behavior_server-6] [INFO] [1788831845.543177596] [behavior_server]: Running backup
[behavior_server-6] [WARN] [1788831845.744047103] [behavior_server]: Collision Ahead - Exiting DriveOnHeading
[behavior_server-6] [WARN] [1788831845.744070270] [behavior_server]: backup failed
[behavior_server-6] [WARN] [1788831845.744075354] [behavior_server]: [backup] [ActionServer] Aborting handle.
[behavior_server-6] [INFO] [1788831845.762793907] [behavior_server]: Running spin
[behavior_server-6] [INFO] [1788831845.762821032] [behavior_server]: Turning 1.57 for spin behavior.
[behavior_server-6] [INFO] [1788831846.163950459] [behavior_server]: spin completed successfully
[planner_server-5] [WARN] [1788831846.182701804] [planner_server]: GridBased: failed to create plan with tolerance 0.50.
[planner_server-5] [WARN] [1788831846.182733429] [planner_server]: Planning algorithm GridBased failed to generate a valid path to (-10.02, -0.45)
[planner_server-5] [WARN] [1788831846.182739262] [planner_server]: [compute_path_to_pose] [ActionServer] Aborting handle.
[behavior_server-6] [INFO] [1788831846.201714109] [behavior_server]: Running spin
[behavior_server-6] [INFO] [1788831846.201745026] [behavior_server]: Turning -1.57 for spin behavior.
[behavior_server-6] [INFO] [1788831846.605356137] [behavior_server]: spin completed successfully
[planner_server-5] [WARN] [1788831846.634405349] [planner_server]: GridBased: failed to create plan with tolerance 0.50.
[planner_server-5] [WARN] [1788831846.634429558] [planner_server]: Planning algorithm GridBased failed to generate a valid path to (-10.02, -0.45)
[planner_server-5] [WARN] [1788831846.634435475] [planner_server]: [compute_path_to_pose] [ActionServer] Aborting handle.
[controller_server-3] [INFO] [1788831846.652871734] [local_costmap.local_costmap]: Received request to clear entirely the local_costmap
[planner_server-5] [INFO] [1788831846.653367154] [global_costmap.global_costmap]: Received request to clear entirely the global_costmap
[planner_server-5] [WARN] [1788831847.526268648] [planner_server]: GridBased: failed to create plan with tolerance 0.50.
[planner_server-5] [WARN] [1788831847.526299857] [planner_server]: Planning algorithm GridBased failed to generate a valid path to (-10.02, -0.45)
[planner_server-5] [WARN] [1788831847.526307857] [planner_server]: [compute_path_to_pose] [ActionServer] Aborting handle.
[behavior_server-6] [INFO] [1788831847.541266049] [behavior_server]: Running backup
[behavior_server-6] [WARN] [1788831847.541348550] [behavior_server]: Collision Ahead - Exiting DriveOnHeading
[behavior_server-6] [WARN] [1788831847.541354300] [behavior_server]: backup failed
[behavior_server-6] [WARN] [1788831847.541358091] [behavior_server]: [backup] [ActionServer] Aborting handle.
[behavior_server-6] [INFO] [1788831847.562968124] [behavior_server]: Running spin
[behavior_server-6] [INFO] [1788831847.563002874] [behavior_server]: Turning 1.57 for spin behavior.
[behavior_server-6] [INFO] [1788831847.965014599] [behavior_server]: spin completed successfully
[planner_server-5] [WARN] [1788831847.982508477] [planner_server]: GridBased: failed to create plan with tolerance 0.50.
[planner_server-5] [WARN] [1788831847.982548852] [planner_server]: Planning algorithm GridBased failed to generate a valid path to (-10.02, -0.45)
[planner_server-5] [WARN] [1788831847.982555685] [planner_server]: [compute_path_to_pose] [ActionServer] Aborting handle.
[bt_navigator-7] [WARN] [1788831848.010756558] [bt_navigator]: [navigate_to_pose] [ActionServer] Aborting handle.
[bt_navigator-7] [ERROR] [1788831848.010871767] [bt_navigator]: Goal failed
[WARN] [1788831848.012041984] [candidate_explorer]: Recovery move 'backward' failed; checking frontiers before the next direction.
[INFO] [1788831848.278676221] [candidate_explorer]: Detected 52 frontier cells
[INFO] [1788831848.279015265] [candidate_explorer]: Found 3 frontier clusters after filtering
[WARN] [1788831848.279249225] [candidate_explorer]: Frontier clusters exist, but none have a usable goal point.
[WARN] [1788831848.279528852] [candidate_explorer]: Frontier clusters exist but have no usable goal. Trying recovery direction 6/8 before checking again.
[INFO] [1788831848.279777187] [candidate_explorer]: Recovery move 6/8: backward-right, 0.8 m -> (-10.45, -0.27)
[bt_navigator-7] [INFO] [1788831848.280288149] [bt_navigator]: Begin navigating from current location (-10.58, -1.06) to (-10.45, -0.27)
[planner_server-5] [WARN] [1788831848.281334949] [planner_server]: GridBased: failed to create plan with tolerance 0.50.
[planner_server-5] [WARN] [1788831848.281358907] [planner_server]: Planning algorithm GridBased failed to generate a valid path to (-10.45, -0.27)
[planner_server-5] [WARN] [1788831848.281365199] [planner_server]: [compute_path_to_pose] [ActionServer] Aborting handle.
[behavior_server-6] [INFO] [1788831848.300668881] [behavior_server]: Running spin
[behavior_server-6] [INFO] [1788831848.300920800] [behavior_server]: Turning -1.57 for spin behavior.
[behavior_server-6] [INFO] [1788831848.701902434] [behavior_server]: spin completed successfully
[planner_server-5] [WARN] [1788831848.734637464] [planner_server]: GridBased: failed to create plan with tolerance 0.50.
[planner_server-5] [WARN] [1788831848.734669298] [planner_server]: Planning algorithm GridBased failed to generate a valid path to (-10.45, -0.27)
[planner_server-5] [WARN] [1788831848.734675548] [planner_server]: [compute_path_to_pose] [ActionServer] Aborting handle.
[controller_server-3] [INFO] [1788831848.753149766] [local_costmap.local_costmap]: Received request to clear entirely the local_costmap
[planner_server-5] [INFO] [1788831848.753343309] [global_costmap.global_costmap]: Received request to clear entirely the global_costmap
[planner_server-5] [WARN] [1788831849.525724152] [planner_server]: GridBased: failed to create plan with tolerance 0.50.
[planner_server-5] [WARN] [1788831849.526066613] [planner_server]: Planning algorithm GridBased failed to generate a valid path to (-10.45, -0.27)
[planner_server-5] [WARN] [1788831849.526198406] [planner_server]: [compute_path_to_pose] [ActionServer] Aborting handle.
[behavior_server-6] [INFO] [1788831849.542002105] [behavior_server]: Running backup
[behavior_server-6] [WARN] [1788831849.542077063] [behavior_server]: Collision Ahead - Exiting DriveOnHeading
[behavior_server-6] [WARN] [1788831849.542082605] [behavior_server]: backup failed
[behavior_server-6] [WARN] [1788831849.542086397] [behavior_server]: [backup] [ActionServer] Aborting handle.
[behavior_server-6] [INFO] [1788831849.570606438] [behavior_server]: Running spin
[behavior_server-6] [INFO] [1788831849.570639605] [behavior_server]: Turning 1.57 for spin behavior.
[behavior_server-6] [INFO] [1788831849.970838525] [behavior_server]: spin completed successfully
[planner_server-5] [WARN] [1788831849.993982069] [planner_server]: GridBased: failed to create plan with tolerance 0.50.
[planner_server-5] [WARN] [1788831849.994007694] [planner_server]: Planning algorithm GridBased failed to generate a valid path to (-10.45, -0.27)
[planner_server-5] [WARN] [1788831849.994013902] [planner_server]: [compute_path_to_pose] [ActionServer] Aborting handle.
[behavior_server-6] [INFO] [1788831850.012577205] [behavior_server]: Running spin
[behavior_server-6] [INFO] [1788831850.012610746] [behavior_server]: Turning -1.57 for spin behavior.
[behavior_server-6] [INFO] [1788831850.414093426] [behavior_server]: spin completed successfully
[planner_server-5] [WARN] [1788831850.443560099] [planner_server]: GridBased: failed to create plan with tolerance 0.50.
[planner_server-5] [WARN] [1788831850.443586641] [planner_server]: Planning algorithm GridBased failed to generate a valid path to (-10.45, -0.27)
[planner_server-5] [WARN] [1788831850.443592682] [planner_server]: [compute_path_to_pose] [ActionServer] Aborting handle.
[controller_server-3] [INFO] [1788831850.463946373] [local_costmap.local_costmap]: Received request to clear entirely the local_costmap
[planner_server-5] [INFO] [1788831850.464344667] [global_costmap.global_costmap]: Received request to clear entirely the global_costmap
[planner_server-5] [WARN] [1788831850.525791949] [planner_server]: GridBased: failed to create plan with tolerance 0.50.
[planner_server-5] [WARN] [1788831850.526114826] [planner_server]: Planning algorithm GridBased failed to generate a valid path to (-10.45, -0.27)
[planner_server-5] [WARN] [1788831850.526124076] [planner_server]: [compute_path_to_pose] [ActionServer] Aborting handle.
[behavior_server-6] [INFO] [1788831850.541283354] [behavior_server]: Running backup
[behavior_server-6] [WARN] [1788831850.541370521] [behavior_server]: Collision Ahead - Exiting DriveOnHeading
[behavior_server-6] [WARN] [1788831850.541375854] [behavior_server]: backup failed
[behavior_server-6] [WARN] [1788831850.541379688] [behavior_server]: [backup] [ActionServer] Aborting handle.
[behavior_server-6] [INFO] [1788831850.572862834] [behavior_server]: Running spin
[behavior_server-6] [INFO] [1788831850.572893168] [behavior_server]: Turning 1.57 for spin behavior.
[behavior_server-6] [INFO] [1788831850.974480181] [behavior_server]: spin completed successfully
[planner_server-5] [WARN] [1788831850.993631237] [planner_server]: GridBased: failed to create plan with tolerance 0.50.
[planner_server-5] [WARN] [1788831850.993660779] [planner_server]: Planning algorithm GridBased failed to generate a valid path to (-10.45, -0.27)
[planner_server-5] [WARN] [1788831850.993667071] [planner_server]: [compute_path_to_pose] [ActionServer] Aborting handle.
[bt_navigator-7] [WARN] [1788831851.020501475] [bt_navigator]: [navigate_to_pose] [ActionServer] Aborting handle.
[bt_navigator-7] [ERROR] [1788831851.020841686] [bt_navigator]: Goal failed
[WARN] [1788831851.022049986] [candidate_explorer]: Recovery move 'backward-right' failed; checking frontiers before the next direction.
[INFO] [1788831851.277359224] [candidate_explorer]: Detected 52 frontier cells
[INFO] [1788831851.277656434] [candidate_explorer]: Found 3 frontier clusters after filtering
[WARN] [1788831851.277986353] [candidate_explorer]: Frontier clusters exist, but none have a usable goal point.
[WARN] [1788831851.278311939] [candidate_explorer]: Frontier clusters exist but have no usable goal. Trying recovery direction 7/8 before checking again.
[INFO] [1788831851.278597816] [candidate_explorer]: Recovery move 7/8: right, 0.8 m -> (-11.02, -0.40)
[bt_navigator-7] [INFO] [1788831851.279201487] [bt_navigator]: Begin navigating from current location (-10.58, -1.06) to (-11.02, -0.40)
[planner_server-5] [WARN] [1788831851.280325287] [planner_server]: GridBased: failed to create plan with tolerance 0.50.
[planner_server-5] [WARN] [1788831851.280361954] [planner_server]: Planning algorithm GridBased failed to generate a valid path to (-11.02, -0.40)
[planner_server-5] [WARN] [1788831851.280368663] [planner_server]: [compute_path_to_pose] [ActionServer] Aborting handle.
[behavior_server-6] [INFO] [1788831851.302254739] [behavior_server]: Running spin
[behavior_server-6] [INFO] [1788831851.302290947] [behavior_server]: Turning -1.57 for spin behavior.
[behavior_server-6] [INFO] [1788831851.704722842] [behavior_server]: spin completed successfully
[planner_server-5] [WARN] [1788831851.733504885] [planner_server]: GridBased: failed to create plan with tolerance 0.50.
[planner_server-5] [WARN] [1788831851.733530969] [planner_server]: Planning algorithm GridBased failed to generate a valid path to (-11.02, -0.40)
[planner_server-5] [WARN] [1788831851.733537177] [planner_server]: [compute_path_to_pose] [ActionServer] Aborting handle.
[controller_server-3] [INFO] [1788831851.753493114] [local_costmap.local_costmap]: Received request to clear entirely the local_costmap
[planner_server-5] [INFO] [1788831851.753684282] [global_costmap.global_costmap]: Received request to clear entirely the global_costmap
[planner_server-5] [WARN] [1788831852.527061758] [planner_server]: GridBased: failed to create plan with tolerance 0.50.
[planner_server-5] [WARN] [1788831852.527091467] [planner_server]: Planning algorithm GridBased failed to generate a valid path to (-11.02, -0.40)
[planner_server-5] [WARN] [1788831852.527099592] [planner_server]: [compute_path_to_pose] [ActionServer] Aborting handle.
[behavior_server-6] [INFO] [1788831852.540587232] [behavior_server]: Running backup
[behavior_server-6] [WARN] [1788831852.540665149] [behavior_server]: Collision Ahead - Exiting DriveOnHeading
[behavior_server-6] [WARN] [1788831852.540670274] [behavior_server]: backup failed
[behavior_server-6] [WARN] [1788831852.540673858] [behavior_server]: [backup] [ActionServer] Aborting handle.
[behavior_server-6] [INFO] [1788831852.563710692] [behavior_server]: Running spin
[behavior_server-6] [INFO] [1788831852.563734318] [behavior_server]: Turning 1.57 for spin behavior.
[behavior_server-6] [INFO] [1788831852.965094121] [behavior_server]: spin completed successfully
[planner_server-5] [WARN] [1788831852.990750308] [planner_server]: GridBased: failed to create plan with tolerance 0.50.
[planner_server-5] [WARN] [1788831852.990782933] [planner_server]: Planning algorithm GridBased failed to generate a valid path to (-11.02, -0.40)
[planner_server-5] [WARN] [1788831852.990789725] [planner_server]: [compute_path_to_pose] [ActionServer] Aborting handle.
[behavior_server-6] [INFO] [1788831853.012323299] [behavior_server]: Running spin
[behavior_server-6] [INFO] [1788831853.012355216] [behavior_server]: Turning -1.57 for spin behavior.
[behavior_server-6] [INFO] [1788831853.414210773] [behavior_server]: spin completed successfully
[planner_server-5] [WARN] [1788831853.432340071] [planner_server]: GridBased: failed to create plan with tolerance 0.50.
[planner_server-5] [WARN] [1788831853.432364738] [planner_server]: Planning algorithm GridBased failed to generate a valid path to (-11.02, -0.40)
[planner_server-5] [WARN] [1788831853.432370822] [planner_server]: [compute_path_to_pose] [ActionServer] Aborting handle.
[controller_server-3] [INFO] [1788831853.451076666] [local_costmap.local_costmap]: Received request to clear entirely the local_costmap
[planner_server-5] [INFO] [1788831853.451526670] [global_costmap.global_costmap]: Received request to clear entirely the global_costmap
[planner_server-5] [WARN] [1788831853.523761905] [planner_server]: GridBased: failed to create plan with tolerance 0.50.
[planner_server-5] [WARN] [1788831853.524087074] [planner_server]: Planning algorithm GridBased failed to generate a valid path to (-11.02, -0.40)
[planner_server-5] [WARN] [1788831853.524095949] [planner_server]: [compute_path_to_pose] [ActionServer] Aborting handle.
[behavior_server-6] [INFO] [1788831853.540154316] [behavior_server]: Running backup
[behavior_server-6] [WARN] [1788831853.540246692] [behavior_server]: Collision Ahead - Exiting DriveOnHeading
[behavior_server-6] [WARN] [1788831853.540252400] [behavior_server]: backup failed
[behavior_server-6] [WARN] [1788831853.540256067] [behavior_server]: [backup] [ActionServer] Aborting handle.
[behavior_server-6] [INFO] [1788831853.571384586] [behavior_server]: Running spin
[behavior_server-6] [INFO] [1788831853.571411961] [behavior_server]: Turning 1.57 for spin behavior.
[behavior_server-6] [INFO] [1788831853.972552346] [behavior_server]: spin completed successfully
[planner_server-5] [WARN] [1788831854.001503016] [planner_server]: GridBased: failed to create plan with tolerance 0.50.
[planner_server-5] [WARN] [1788831854.001536974] [planner_server]: Planning algorithm GridBased failed to generate a valid path to (-11.02, -0.40)
[planner_server-5] [WARN] [1788831854.001543558] [planner_server]: [compute_path_to_pose] [ActionServer] Aborting handle.
[bt_navigator-7] [WARN] [1788831854.031308066] [bt_navigator]: [navigate_to_pose] [ActionServer] Aborting handle.
[bt_navigator-7] [ERROR] [1788831854.031387150] [bt_navigator]: Goal failed
[WARN] [1788831854.032492033] [candidate_explorer]: Recovery move 'right' failed; checking frontiers before the next direction.
[INFO] [1788831854.277616489] [candidate_explorer]: Detected 52 frontier cells
[INFO] [1788831854.277936283] [candidate_explorer]: Found 3 frontier clusters after filtering
[WARN] [1788831854.278173368] [candidate_explorer]: Frontier clusters exist, but none have a usable goal point.
[WARN] [1788831854.278451578] [candidate_explorer]: Frontier clusters exist but have no usable goal. Trying recovery direction 8/8 before checking again.
[INFO] [1788831854.278692996] [candidate_explorer]: Recovery move 8/8: forward-right, 0.8 m -> (-11.35, -0.86)
[bt_navigator-7] [INFO] [1788831854.279234209] [bt_navigator]: Begin navigating from current location (-10.58, -1.06) to (-11.35, -0.86)
[planner_server-5] [WARN] [1788831854.280258508] [planner_server]: GridBased: failed to create plan with tolerance 0.50.
[planner_server-5] [WARN] [1788831854.280279675] [planner_server]: Planning algorithm GridBased failed to generate a valid path to (-11.35, -0.86)
[planner_server-5] [WARN] [1788831854.280285966] [planner_server]: [compute_path_to_pose] [ActionServer] Aborting handle.
[behavior_server-6] [INFO] [1788831854.302316794] [behavior_server]: Running spin
[behavior_server-6] [INFO] [1788831854.302351544] [behavior_server]: Turning -1.57 for spin behavior.
[behavior_server-6] [INFO] [1788831854.702592047] [behavior_server]: spin completed successfully
[planner_server-5] [WARN] [1788831854.731830094] [planner_server]: GridBased: failed to create plan with tolerance 0.50.
[planner_server-5] [WARN] [1788831854.731855719] [planner_server]: Planning algorithm GridBased failed to generate a valid path to (-11.35, -0.86)
[planner_server-5] [WARN] [1788831854.731861594] [planner_server]: [compute_path_to_pose] [ActionServer] Aborting handle.
[controller_server-3] [INFO] [1788831854.751386987] [local_costmap.local_costmap]: Received request to clear entirely the local_costmap
[planner_server-5] [INFO] [1788831854.752037075] [global_costmap.global_costmap]: Received request to clear entirely the global_costmap
[planner_server-5] [WARN] [1788831855.527307398] [planner_server]: GridBased: failed to create plan with tolerance 0.50.
[planner_server-5] [WARN] [1788831855.527342481] [planner_server]: Planning algorithm GridBased failed to generate a valid path to (-11.35, -0.86)
[planner_server-5] [WARN] [1788831855.527352981] [planner_server]: [compute_path_to_pose] [ActionServer] Aborting handle.
[behavior_server-6] [INFO] [1788831855.539595779] [behavior_server]: Running backup
[behavior_server-6] [WARN] [1788831855.539895698] [behavior_server]: Collision Ahead - Exiting DriveOnHeading
[behavior_server-6] [WARN] [1788831855.539904073] [behavior_server]: backup failed
[behavior_server-6] [WARN] [1788831855.539908073] [behavior_server]: [backup] [ActionServer] Aborting handle.
[behavior_server-6] [INFO] [1788831855.569917917] [behavior_server]: Running spin
[behavior_server-6] [INFO] [1788831855.569952626] [behavior_server]: Turning 1.57 for spin behavior.
[behavior_server-6] [INFO] [1788831855.970887717] [behavior_server]: spin completed successfully
[planner_server-5] [WARN] [1788831856.002611491] [planner_server]: GridBased: failed to create plan with tolerance 0.50.
[planner_server-5] [WARN] [1788831856.002647866] [planner_server]: Planning algorithm GridBased failed to generate a valid path to (-11.35, -0.86)
[planner_server-5] [WARN] [1788831856.002654699] [planner_server]: [compute_path_to_pose] [ActionServer] Aborting handle.
[behavior_server-6] [INFO] [1788831856.019614031] [behavior_server]: Running spin
[behavior_server-6] [INFO] [1788831856.019652282] [behavior_server]: Turning -1.57 for spin behavior.
[behavior_server-6] [INFO] [1788831856.420105120] [behavior_server]: spin completed successfully
[planner_server-5] [WARN] [1788831856.441528776] [planner_server]: GridBased: failed to create plan with tolerance 0.50.
[planner_server-5] [WARN] [1788831856.441554235] [planner_server]: Planning algorithm GridBased failed to generate a valid path to (-11.35, -0.86)
[planner_server-5] [WARN] [1788831856.441560360] [planner_server]: [compute_path_to_pose] [ActionServer] Aborting handle.
[controller_server-3] [INFO] [1788831856.462113843] [local_costmap.local_costmap]: Received request to clear entirely the local_costmap
[planner_server-5] [INFO] [1788831856.462299303] [global_costmap.global_costmap]: Received request to clear entirely the global_costmap
[planner_server-5] [WARN] [1788831856.525133845] [planner_server]: GridBased: failed to create plan with tolerance 0.50.
[planner_server-5] [WARN] [1788831856.525161428] [planner_server]: Planning algorithm GridBased failed to generate a valid path to (-11.35, -0.86)
[planner_server-5] [WARN] [1788831856.525168803] [planner_server]: [compute_path_to_pose] [ActionServer] Aborting handle.
[behavior_server-6] [INFO] [1788831856.540486123] [behavior_server]: Running backup
[behavior_server-6] [WARN] [1788831856.540559415] [behavior_server]: Collision Ahead - Exiting DriveOnHeading
[behavior_server-6] [WARN] [1788831856.540564790] [behavior_server]: backup failed
[behavior_server-6] [WARN] [1788831856.540568415] [behavior_server]: [backup] [ActionServer] Aborting handle.
[behavior_server-6] [INFO] [1788831856.570764927] [behavior_server]: Running spin
[behavior_server-6] [INFO] [1788831856.570792761] [behavior_server]: Turning 1.57 for spin behavior.
[behavior_server-6] [INFO] [1788831856.971179515] [behavior_server]: spin completed successfully
[planner_server-5] [WARN] [1788831857.001880531] [planner_server]: GridBased: failed to create plan with tolerance 0.50.
[planner_server-5] [WARN] [1788831857.001910406] [planner_server]: Planning algorithm GridBased failed to generate a valid path to (-11.35, -0.86)
[planner_server-5] [WARN] [1788831857.001916865] [planner_server]: [compute_path_to_pose] [ActionServer] Aborting handle.
[bt_navigator-7] [WARN] [1788831857.033306260] [bt_navigator]: [navigate_to_pose] [ActionServer] Aborting handle.
[bt_navigator-7] [ERROR] [1788831857.033668388] [bt_navigator]: Goal failed
[WARN] [1788831857.034956314] [candidate_explorer]: Recovery move 'forward-right' failed; checking frontiers before the next direction.
[INFO] [1788831857.035204274] [candidate_explorer]: All recovery directions tried; starting the 10.0s countdown.
[INFO] [1788831857.278945303] [candidate_explorer]: Detected 52 frontier cells
[INFO] [1788831857.279288347] [candidate_explorer]: Found 3 frontier clusters after filtering
[WARN] [1788831857.279522682] [candidate_explorer]: Frontier clusters exist, but none have a usable goal point.
[INFO] [1788831857.279824642] [candidate_explorer]: No usable frontier found. Waiting up to 10.0s for the map to update.
[INFO] [1788831857.452447527] [candidate_explorer]: Detected 52 frontier cells
[INFO] [1788831857.452762862] [candidate_explorer]: Found 3 frontier clusters after filtering
[WARN] [1788831857.453002947] [candidate_explorer]: Frontier clusters exist, but none have a usable goal point.
[INFO] [1788831857.779022576] [candidate_explorer]: Detected 52 frontier cells
[INFO] [1788831857.779376745] [candidate_explorer]: Found 3 frontier clusters after filtering
[WARN] [1788831857.779618039] [candidate_explorer]: Frontier clusters exist, but none have a usable goal point.
[INFO] [1788831857.953306389] [candidate_explorer]: Detected 52 frontier cells
[INFO] [1788831857.953633475] [candidate_explorer]: Found 3 frontier clusters after filtering
[WARN] [1788831857.953863185] [candidate_explorer]: Frontier clusters exist, but none have a usable goal point.
[INFO] [1788831858.205981441] [candidate_explorer]: Detected 52 frontier cells
[INFO] [1788831858.206261110] [candidate_explorer]: Found 3 frontier clusters after filtering
[WARN] [1788831858.206723822] [candidate_explorer]: Frontier clusters exist, but none have a usable goal point.
[INFO] [1788831858.454853340] [candidate_explorer]: Detected 52 frontier cells
[INFO] [1788831858.455180343] [candidate_explorer]: Found 3 frontier clusters after filtering
[WARN] [1788831858.455412803] [candidate_explorer]: Frontier clusters exist, but none have a usable goal point.
[INFO] [1788831858.704940040] [candidate_explorer]: Detected 52 frontier cells
[INFO] [1788831858.705274584] [candidate_explorer]: Found 3 frontier clusters after filtering
[WARN] [1788831858.705506544] [candidate_explorer]: Frontier clusters exist, but none have a usable goal point.
[INFO] [1788831858.952550888] [candidate_explorer]: Detected 52 frontier cells
[INFO] [1788831858.953022933] [candidate_explorer]: Found 3 frontier clusters after filtering
[WARN] [1788831858.953264268] [candidate_explorer]: Frontier clusters exist, but none have a usable goal point.
[INFO] [1788831859.205795527] [candidate_explorer]: Detected 52 frontier cells
[INFO] [1788831859.206140988] [candidate_explorer]: Found 3 frontier clusters after filtering
[WARN] [1788831859.206369907] [candidate_explorer]: Frontier clusters exist, but none have a usable goal point.
[INFO] [1788831859.454754844] [candidate_explorer]: Detected 52 frontier cells
[INFO] [1788831859.455098055] [candidate_explorer]: Found 3 frontier clusters after filtering
[WARN] [1788831859.455332390] [candidate_explorer]: Frontier clusters exist, but none have a usable goal point.
[INFO] [1788831859.779509671] [candidate_explorer]: Detected 52 frontier cells
[INFO] [1788831859.779860674] [candidate_explorer]: Found 3 frontier clusters after filtering
[WARN] [1788831859.780112176] [candidate_explorer]: Frontier clusters exist, but none have a usable goal point.
[INFO] [1788831859.780330886] [candidate_explorer]: No usable frontier found for 10.0s. Exploration complete; returning home.
[bt_navigator-7] [INFO] [1788831859.883142094] [bt_navigator]: Begin navigating from current location (-10.58, -1.06) to (-0.81, 0.62)
[planner_server-5] [WARN] [1788831859.884174227] [planner_server]: GridBased: failed to create plan with tolerance 0.50.
[planner_server-5] [WARN] [1788831859.884206810] [planner_server]: Planning algorithm GridBased failed to generate a valid path to (-0.81, 0.62)
[planner_server-5] [WARN] [1788831859.884212269] [planner_server]: [compute_path_to_pose] [ActionServer] Aborting handle.
[behavior_server-6] [INFO] [1788831859.903692827] [behavior_server]: Running spin
[behavior_server-6] [INFO] [1788831859.903728953] [behavior_server]: Turning -1.57 for spin behavior.
[behavior_server-6] [INFO] [1788831860.307738567] [behavior_server]: spin completed successfully
[planner_server-5] [WARN] [1788831860.337375117] [planner_server]: GridBased: failed to create plan with tolerance 0.50.
[planner_server-5] [WARN] [1788831860.337407825] [planner_server]: Planning algorithm GridBased failed to generate a valid path to (-0.81, 0.62)
[planner_server-5] [WARN] [1788831860.337413909] [planner_server]: [compute_path_to_pose] [ActionServer] Aborting handle.
[controller_server-3] [INFO] [1788831860.353724986] [local_costmap.local_costmap]: Received request to clear entirely the local_costmap
[planner_server-5] [INFO] [1788831860.353925821] [global_costmap.global_costmap]: Received request to clear entirely the global_costmap
[planner_server-5] [WARN] [1788831860.528901764] [planner_server]: GridBased: failed to create plan with tolerance 0.50.
[planner_server-5] [WARN] [1788831860.528934014] [planner_server]: Planning algorithm GridBased failed to generate a valid path to (-0.81, 0.62)
[planner_server-5] [WARN] [1788831860.528941514] [planner_server]: [compute_path_to_pose] [ActionServer] Aborting handle.
[behavior_server-6] [INFO] [1788831860.543888040] [behavior_server]: Running backup
[behavior_server-6] [WARN] [1788831860.544006499] [behavior_server]: Collision Ahead - Exiting DriveOnHeading
[behavior_server-6] [WARN] [1788831860.544012583] [behavior_server]: backup failed
[behavior_server-6] [WARN] [1788831860.544016833] [behavior_server]: [backup] [ActionServer] Aborting handle.
[behavior_server-6] [INFO] [1788831860.576427027] [behavior_server]: Running spin
[behavior_server-6] [INFO] [1788831860.576462236] [behavior_server]: Turning 1.57 for spin behavior.
[behavior_server-6] [INFO] [1788831860.977926290] [behavior_server]: spin completed successfully
[planner_server-5] [WARN] [1788831861.006707583] [planner_server]: GridBased: failed to create plan with tolerance 0.50.
[planner_server-5] [WARN] [1788831861.006738334] [planner_server]: Planning algorithm GridBased failed to generate a valid path to (-0.81, 0.62)
[planner_server-5] [WARN] [1788831861.006751167] [planner_server]: [compute_path_to_pose] [ActionServer] Aborting handle.
[behavior_server-6] [INFO] [1788831861.024554339] [behavior_server]: Running spin
[behavior_server-6] [INFO] [1788831861.024596922] [behavior_server]: Turning -1.57 for spin behavior.
[behavior_server-6] [INFO] [1788831861.426528980] [behavior_server]: spin completed successfully
[planner_server-5] [WARN] [1788831861.457661040] [planner_server]: GridBased: failed to create plan with tolerance 0.50.
[planner_server-5] [WARN] [1788831861.457687874] [planner_server]: Planning algorithm GridBased failed to generate a valid path to (-0.81, 0.62)
[planner_server-5] [WARN] [1788831861.457693457] [planner_server]: [compute_path_to_pose] [ActionServer] Aborting handle.
[controller_server-3] [INFO] [1788831861.474855457] [local_costmap.local_costmap]: Received request to clear entirely the local_costmap
[planner_server-5] [INFO] [1788831861.475082459] [global_costmap.global_costmap]: Received request to clear entirely the global_costmap
[planner_server-5] [WARN] [1788831861.529822817] [planner_server]: GridBased: failed to create plan with tolerance 0.50.
[planner_server-5] [WARN] [1788831861.529853650] [planner_server]: Planning algorithm GridBased failed to generate a valid path to (-0.81, 0.62)
[planner_server-5] [WARN] [1788831861.529861025] [planner_server]: [compute_path_to_pose] [ActionServer] Aborting handle.
[behavior_server-6] [INFO] [1788831861.544553632] [behavior_server]: Running backup
[behavior_server-6] [WARN] [1788831861.544650216] [behavior_server]: Collision Ahead - Exiting DriveOnHeading
[behavior_server-6] [WARN] [1788831861.544655425] [behavior_server]: backup failed
[behavior_server-6] [WARN] [1788831861.544659133] [behavior_server]: [backup] [ActionServer] Aborting handle.
[behavior_server-6] [INFO] [1788831861.573523802] [behavior_server]: Running spin
[behavior_server-6] [INFO] [1788831861.573548094] [behavior_server]: Turning 1.57 for spin behavior.
[behavior_server-6] [INFO] [1788831861.974313560] [behavior_server]: spin completed successfully
[planner_server-5] [WARN] [1788831861.995777841] [planner_server]: GridBased: failed to create plan with tolerance 0.50.
[planner_server-5] [WARN] [1788831861.995806508] [planner_server]: Planning algorithm GridBased failed to generate a valid path to (-0.81, 0.62)
[planner_server-5] [WARN] [1788831861.995812341] [planner_server]: [compute_path_to_pose] [ActionServer] Aborting handle.
[bt_navigator-7] [WARN] [1788831862.024822970] [bt_navigator]: [navigate_to_pose] [ActionServer] Aborting handle.
[bt_navigator-7] [ERROR] [1788831862.024933387] [bt_navigator]: Goal failed
[INFO] [1788831862.026097562] [candidate_explorer]: return-home goal finished, success=False
[WARN] [1788831862.026441857] [candidate_explorer]: Nav2 could not reach home. Trying recovery direction 1/8 before retrying home.
[INFO] [1788831862.026704233] [candidate_explorer]: Return-home recovery move 1/8: forward, 0.3 m
[bt_navigator-7] [INFO] [1788831862.027167528] [bt_navigator]: Begin navigating from current location (-10.58, -1.06) to (-10.84, -1.21)
[controller_server-3] [INFO] [1788831862.051038619] [controller_server]: Received a goal, begin computing control effort.
[controller_server-3] [INFO] [1788831862.052934216] [controller_server]: Reached the goal!
[bt_navigator-7] [INFO] [1788831862.090699409] [bt_navigator]: Goal succeeded
[bt_navigator-7] [INFO] [1788831862.634816616] [bt_navigator]: Begin navigating from current location (-10.58, -1.06) to (-0.81, 0.62)
[planner_server-5] [WARN] [1788831862.635945708] [planner_server]: GridBased: failed to create plan with tolerance 0.50.
[planner_server-5] [WARN] [1788831862.635968833] [planner_server]: Planning algorithm GridBased failed to generate a valid path to (-0.81, 0.62)
[planner_server-5] [WARN] [1788831862.635980666] [planner_server]: [compute_path_to_pose] [ActionServer] Aborting handle.
[behavior_server-6] [INFO] [1788831862.658098368] [behavior_server]: Running spin
[behavior_server-6] [INFO] [1788831862.658133618] [behavior_server]: Turning -1.57 for spin behavior.
[behavior_server-6] [INFO] [1788831863.058831227] [behavior_server]: spin completed successfully
[planner_server-5] [WARN] [1788831863.086352010] [planner_server]: GridBased: failed to create plan with tolerance 0.50.
[planner_server-5] [WARN] [1788831863.086385343] [planner_server]: Planning algorithm GridBased failed to generate a valid path to (-0.81, 0.62)
[planner_server-5] [WARN] [1788831863.086391677] [planner_server]: [compute_path_to_pose] [ActionServer] Aborting handle.
[controller_server-3] [INFO] [1788831863.108266793] [local_costmap.local_costmap]: Received request to clear entirely the local_costmap
[planner_server-5] [INFO] [1788831863.108460170] [global_costmap.global_costmap]: Received request to clear entirely the global_costmap
[planner_server-5] [WARN] [1788831863.530026055] [planner_server]: GridBased: failed to create plan with tolerance 0.50.
[planner_server-5] [WARN] [1788831863.530057513] [planner_server]: Planning algorithm GridBased failed to generate a valid path to (-0.81, 0.62)
[planner_server-5] [WARN] [1788831863.530065430] [planner_server]: [compute_path_to_pose] [ActionServer] Aborting handle.
[behavior_server-6] [INFO] [1788831863.545261790] [behavior_server]: Running backup
[behavior_server-6] [WARN] [1788831863.545564042] [behavior_server]: Collision Ahead - Exiting DriveOnHeading
[behavior_server-6] [WARN] [1788831863.545573292] [behavior_server]: backup failed
[behavior_server-6] [WARN] [1788831863.545577667] [behavior_server]: [backup] [ActionServer] Aborting handle.
[behavior_server-6] [INFO] [1788831863.575360841] [behavior_server]: Running spin
[behavior_server-6] [INFO] [1788831863.575390092] [behavior_server]: Turning 1.57 for spin behavior.
[behavior_server-6] [INFO] [1788831863.979418225] [behavior_server]: spin completed successfully
[planner_server-5] [WARN] [1788831864.006193543] [planner_server]: GridBased: failed to create plan with tolerance 0.50.
[planner_server-5] [WARN] [1788831864.006222419] [planner_server]: Planning algorithm GridBased failed to generate a valid path to (-0.81, 0.62)
[planner_server-5] [WARN] [1788831864.006228419] [planner_server]: [compute_path_to_pose] [ActionServer] Aborting handle.
[behavior_server-6] [INFO] [1788831864.026963819] [behavior_server]: Running spin
[behavior_server-6] [INFO] [1788831864.027005861] [behavior_server]: Turning -1.57 for spin behavior.
[behavior_server-6] [INFO] [1788831864.429248023] [behavior_server]: spin completed successfully
[planner_server-5] [WARN] [1788831864.457047557] [planner_server]: GridBased: failed to create plan with tolerance 0.50.
[planner_server-5] [WARN] [1788831864.457073307] [planner_server]: Planning algorithm GridBased failed to generate a valid path to (-0.81, 0.62)
[planner_server-5] [WARN] [1788831864.457078641] [planner_server]: [compute_path_to_pose] [ActionServer] Aborting handle.
[controller_server-3] [INFO] [1788831864.478617005] [local_costmap.local_costmap]: Received request to clear entirely the local_costmap
[planner_server-5] [INFO] [1788831864.479080550] [global_costmap.global_costmap]: Received request to clear entirely the global_costmap
[planner_server-5] [WARN] [1788831864.531010676] [planner_server]: GridBased: failed to create plan with tolerance 0.50.
[planner_server-5] [WARN] [1788831864.531040093] [planner_server]: Planning algorithm GridBased failed to generate a valid path to (-0.81, 0.62)
[planner_server-5] [WARN] [1788831864.531047259] [planner_server]: [compute_path_to_pose] [ActionServer] Aborting handle.
[behavior_server-6] [INFO] [1788831864.545221612] [behavior_server]: Running backup
[behavior_server-6] [WARN] [1788831864.545324238] [behavior_server]: Collision Ahead - Exiting DriveOnHeading
[behavior_server-6] [WARN] [1788831864.545334696] [behavior_server]: backup failed
[behavior_server-6] [WARN] [1788831864.545339071] [behavior_server]: [backup] [ActionServer] Aborting handle.
[behavior_server-6] [INFO] [1788831864.575563165] [behavior_server]: Running spin
[behavior_server-6] [INFO] [1788831864.575588374] [behavior_server]: Turning 1.57 for spin behavior.
[behavior_server-6] [INFO] [1788831864.977920078] [behavior_server]: spin completed successfully
[planner_server-5] [WARN] [1788831865.007047080] [planner_server]: GridBased: failed to create plan with tolerance 0.50.
[planner_server-5] [WARN] [1788831865.007079539] [planner_server]: Planning algorithm GridBased failed to generate a valid path to (-0.81, 0.62)
[planner_server-5] [WARN] [1788831865.007085955] [planner_server]: [compute_path_to_pose] [ActionServer] Aborting handle.
[bt_navigator-7] [WARN] [1788831865.035889164] [bt_navigator]: [navigate_to_pose] [ActionServer] Aborting handle.
[bt_navigator-7] [ERROR] [1788831865.035988998] [bt_navigator]: Goal failed
[INFO] [1788831865.037306591] [candidate_explorer]: return-home goal finished, success=False
[WARN] [1788831865.037658593] [candidate_explorer]: Nav2 could not reach home. Trying recovery direction 2/8 before retrying home.
[INFO] [1788831865.037921970] [candidate_explorer]: Return-home recovery move 2/8: forward-left, 0.3 m
[bt_navigator-7] [INFO] [1788831865.038645976] [bt_navigator]: Begin navigating from current location (-10.58, -1.06) to (-10.65, -1.35)
[controller_server-3] [INFO] [1788831865.060064964] [controller_server]: Received a goal, begin computing control effort.
[controller_server-3] [INFO] [1788831865.561775054] [controller_server]: Reached the goal!
[bt_navigator-7] [INFO] [1788831865.598934906] [bt_navigator]: Goal succeeded
[bt_navigator-7] [INFO] [1788831866.134217781] [bt_navigator]: Begin navigating from current location (-10.58, -1.06) to (-0.81, 0.62)
[planner_server-5] [WARN] [1788831866.135350873] [planner_server]: GridBased: failed to create plan with tolerance 0.50.
[planner_server-5] [WARN] [1788831866.135374040] [planner_server]: Planning algorithm GridBased failed to generate a valid path to (-0.81, 0.62)
[planner_server-5] [WARN] [1788831866.135379873] [planner_server]: [compute_path_to_pose] [ActionServer] Aborting handle.
[behavior_server-6] [INFO] [1788831866.157772368] [behavior_server]: Running spin
[behavior_server-6] [INFO] [1788831866.157809119] [behavior_server]: Turning -1.57 for spin behavior.
[behavior_server-6] [INFO] [1788831866.561063621] [behavior_server]: spin completed successfully
[planner_server-5] [WARN] [1788831866.587610855] [planner_server]: GridBased: failed to create plan with tolerance 0.50.
[planner_server-5] [WARN] [1788831866.587641188] [planner_server]: Planning algorithm GridBased failed to generate a valid path to (-0.81, 0.62)
[planner_server-5] [WARN] [1788831866.587646980] [planner_server]: [compute_path_to_pose] [ActionServer] Aborting handle.
[controller_server-3] [INFO] [1788831866.604432102] [local_costmap.local_costmap]: Received request to clear entirely the local_costmap
[planner_server-5] [INFO] [1788831866.604615020] [global_costmap.global_costmap]: Received request to clear entirely the global_costmap
[planner_server-5] [WARN] [1788831867.526297608] [planner_server]: GridBased: failed to create plan with tolerance 0.50.
[planner_server-5] [WARN] [1788831867.526327858] [planner_server]: Planning algorithm GridBased failed to generate a valid path to (-0.81, 0.62)
[planner_server-5] [WARN] [1788831867.526334900] [planner_server]: [compute_path_to_pose] [ActionServer] Aborting handle.
[behavior_server-6] [INFO] [1788831867.544594157] [behavior_server]: Running backup
[behavior_server-6] [WARN] [1788831867.544676283] [behavior_server]: Collision Ahead - Exiting DriveOnHeading
[behavior_server-6] [WARN] [1788831867.544681991] [behavior_server]: backup failed
[behavior_server-6] [WARN] [1788831867.544685825] [behavior_server]: [backup] [ActionServer] Aborting handle.
[behavior_server-6] [INFO] [1788831867.575460089] [behavior_server]: Running spin
[behavior_server-6] [INFO] [1788831867.575537923] [behavior_server]: Turning 1.57 for spin behavior.
[behavior_server-6] [INFO] [1788831867.976046114] [behavior_server]: spin completed successfully
[planner_server-5] [WARN] [1788831867.995439379] [planner_server]: GridBased: failed to create plan with tolerance 0.50.
[planner_server-5] [WARN] [1788831867.995483005] [planner_server]: Planning algorithm GridBased failed to generate a valid path to (-0.81, 0.62)
[planner_server-5] [WARN] [1788831867.995491088] [planner_server]: [compute_path_to_pose] [ActionServer] Aborting handle.
[behavior_server-6] [INFO] [1788831868.015927861] [behavior_server]: Running spin
[behavior_server-6] [INFO] [1788831868.015978320] [behavior_server]: Turning -1.57 for spin behavior.
[behavior_server-6] [INFO] [1788831868.418953237] [behavior_server]: spin completed successfully
[planner_server-5] [WARN] [1788831868.446570603] [planner_server]: GridBased: failed to create plan with tolerance 0.50.
[planner_server-5] [WARN] [1788831868.446606104] [planner_server]: Planning algorithm GridBased failed to generate a valid path to (-0.81, 0.62)
[planner_server-5] [WARN] [1788831868.446612020] [planner_server]: [compute_path_to_pose] [ActionServer] Aborting handle.
[controller_server-3] [INFO] [1788831868.465636658] [local_costmap.local_costmap]: Received request to clear entirely the local_costmap
[planner_server-5] [INFO] [1788831868.466153495] [global_costmap.global_costmap]: Received request to clear entirely the global_costmap
[planner_server-5] [WARN] [1788831868.529662538] [planner_server]: GridBased: failed to create plan with tolerance 0.50.
[planner_server-5] [WARN] [1788831868.529965749] [planner_server]: Planning algorithm GridBased failed to generate a valid path to (-0.81, 0.62)
[planner_server-5] [WARN] [1788831868.529977624] [planner_server]: [compute_path_to_pose] [ActionServer] Aborting handle.
[behavior_server-6] [INFO] [1788831868.545198942] [behavior_server]: Running backup
[behavior_server-6] [WARN] [1788831868.545284818] [behavior_server]: Collision Ahead - Exiting DriveOnHeading
[behavior_server-6] [WARN] [1788831868.545290151] [behavior_server]: backup failed
[behavior_server-6] [WARN] [1788831868.545293985] [behavior_server]: [backup] [ActionServer] Aborting handle.
[behavior_server-6] [INFO] [1788831868.574526738] [behavior_server]: Running spin
[behavior_server-6] [INFO] [1788831868.574668781] [behavior_server]: Turning 1.57 for spin behavior.
[behavior_server-6] [INFO] [1788831868.974846427] [behavior_server]: spin completed successfully
[planner_server-5] [WARN] [1788831868.996229582] [planner_server]: GridBased: failed to create plan with tolerance 0.50.
[planner_server-5] [WARN] [1788831868.996263832] [planner_server]: Planning algorithm GridBased failed to generate a valid path to (-0.81, 0.62)
[planner_server-5] [WARN] [1788831868.996269541] [planner_server]: [compute_path_to_pose] [ActionServer] Aborting handle.
[bt_navigator-7] [WARN] [1788831869.026312883] [bt_navigator]: [navigate_to_pose] [ActionServer] Aborting handle.
[bt_navigator-7] [ERROR] [1788831869.026455384] [bt_navigator]: Goal failed
[INFO] [1788831869.027636935] [candidate_explorer]: return-home goal finished, success=False
[WARN] [1788831869.027927562] [candidate_explorer]: Nav2 could not reach home. Trying recovery direction 3/8 before retrying home.
[INFO] [1788831869.028139938] [candidate_explorer]: Return-home recovery move 3/8: left, 0.3 m
[bt_navigator-7] [INFO] [1788831869.028586275] [bt_navigator]: Begin navigating from current location (-10.58, -1.06) to (-10.33, -1.23)
[controller_server-3] [INFO] [1788831869.051815068] [controller_server]: Received a goal, begin computing control effort.
[controller_server-3] [INFO] [1788831869.907260802] [controller_server]: Reached the goal!
[bt_navigator-7] [INFO] [1788831869.940275499] [bt_navigator]: Goal succeeded
[bt_navigator-7] [INFO] [1788831870.635335906] [bt_navigator]: Begin navigating from current location (-10.58, -1.06) to (-0.81, 0.62)
[planner_server-5] [WARN] [1788831870.636507289] [planner_server]: GridBased: failed to create plan with tolerance 0.50.
[planner_server-5] [WARN] [1788831870.636541164] [planner_server]: Planning algorithm GridBased failed to generate a valid path to (-0.81, 0.62)
[planner_server-5] [WARN] [1788831870.636547581] [planner_server]: [compute_path_to_pose] [ActionServer] Aborting handle.
[behavior_server-6] [INFO] [1788831870.658679991] [behavior_server]: Running spin
[behavior_server-6] [INFO] [1788831870.658718783] [behavior_server]: Turning -1.57 for spin behavior.
[behavior_server-6] [INFO] [1788831871.060945737] [behavior_server]: spin completed successfully
[planner_server-5] [WARN] [1788831871.086379879] [planner_server]: GridBased: failed to create plan with tolerance 0.50.
[planner_server-5] [WARN] [1788831871.086413921] [planner_server]: Planning algorithm GridBased failed to generate a valid path to (-0.81, 0.62)
[planner_server-5] [WARN] [1788831871.086419671] [planner_server]: [compute_path_to_pose] [ActionServer] Aborting handle.
[controller_server-3] [INFO] [1788831871.107626950] [local_costmap.local_costmap]: Received request to clear entirely the local_costmap
[planner_server-5] [INFO] [1788831871.107837451] [global_costmap.global_costmap]: Received request to clear entirely the global_costmap
[planner_server-5] [WARN] [1788831871.529977799] [planner_server]: GridBased: failed to create plan with tolerance 0.50.
[planner_server-5] [WARN] [1788831871.530007299] [planner_server]: Planning algorithm GridBased failed to generate a valid path to (-0.81, 0.62)
[planner_server-5] [WARN] [1788831871.530014174] [planner_server]: [compute_path_to_pose] [ActionServer] Aborting handle.
[behavior_server-6] [INFO] [1788831871.545855080] [behavior_server]: Running backup
[WARN] [1788831872.383353351] [candidate_explorer]: Large map->odom correction detected (translation=0.44m, yaw=2.7deg). Pausing frontier navigation for 3.0s.
[behavior_server-6] [INFO] [1788831872.848467801] [behavior_server]: backup completed successfully
[planner_server-5] [WARN] [1788831872.867446814] [planner_server]: GridBased: failed to create plan with tolerance 0.50.
[planner_server-5] [WARN] [1788831872.867472397] [planner_server]: Planning algorithm GridBased failed to generate a valid path to (-0.81, 0.62)
[planner_server-5] [WARN] [1788831872.867477981] [planner_server]: [compute_path_to_pose] [ActionServer] Aborting handle.
[behavior_server-6] [INFO] [1788831872.887598001] [behavior_server]: Running spin
[behavior_server-6] [INFO] [1788831872.887632960] [behavior_server]: Turning 1.57 for spin behavior.
[INFO] [1788831873.134619331] [candidate_explorer]: Map/costmap stabilization window complete; replanning.
[behavior_server-6] [INFO] [1788831873.289194033] [behavior_server]: spin completed successfully
[planner_server-5] [WARN] [1788831873.318504620] [planner_server]: GridBased: failed to create plan with tolerance 0.50.
[planner_server-5] [WARN] [1788831873.318531287] [planner_server]: Planning algorithm GridBased failed to generate a valid path to (-0.81, 0.62)
[planner_server-5] [WARN] [1788831873.318536746] [planner_server]: [compute_path_to_pose] [ActionServer] Aborting handle.
[behavior_server-6] [INFO] [1788831873.336386833] [behavior_server]: Running spin
[behavior_server-6] [INFO] [1788831873.336432375] [behavior_server]: Turning -1.57 for spin behavior.
[planner_server-5] [ERROR] [1788831873.391141980] [global_costmap.global_costmap]: Received map message is malformed. Rejecting.
[behavior_server-6] [INFO] [1788831873.737540987] [behavior_server]: spin completed successfully
[planner_server-5] [WARN] [1788831873.767748289] [planner_server]: GridBased: failed to create plan with tolerance 0.50.
[planner_server-5] [WARN] [1788831873.768030916] [planner_server]: Planning algorithm GridBased failed to generate a valid path to (-0.81, 0.62)
[planner_server-5] [WARN] [1788831873.768042875] [planner_server]: [compute_path_to_pose] [ActionServer] Aborting handle.
[controller_server-3] [INFO] [1788831873.785837087] [local_costmap.local_costmap]: Received request to clear entirely the local_costmap
[planner_server-5] [INFO] [1788831873.786132464] [global_costmap.global_costmap]: Received request to clear entirely the global_costmap
[planner_server-5] [WARN] [1788831874.529117342] [planner_server]: GridBased: failed to create plan with tolerance 0.50.
[planner_server-5] [WARN] [1788831874.529146259] [planner_server]: Planning algorithm GridBased failed to generate a valid path to (-0.81, 0.62)
[planner_server-5] [WARN] [1788831874.529153468] [planner_server]: [compute_path_to_pose] [ActionServer] Aborting handle.
[bt_navigator-7] [WARN] [1788831874.556915335] [bt_navigator]: [navigate_to_pose] [ActionServer] Aborting handle.
[bt_navigator-7] [ERROR] [1788831874.557096836] [bt_navigator]: Goal failed
[INFO] [1788831874.557640090] [candidate_explorer]: return-home goal finished, success=False
[WARN] [1788831874.557924051] [candidate_explorer]: Nav2 could not reach home. Trying recovery direction 4/8 before retrying home.
[INFO] [1788831874.558142761] [candidate_explorer]: Return-home recovery move 4/8: backward-left, 0.3 m
[bt_navigator-7] [INFO] [1788831874.558676431] [bt_navigator]: Begin navigating from current location (-10.13, -0.80) to (-9.84, -0.89)
[controller_server-3] [INFO] [1788831874.580680841] [controller_server]: Received a goal, begin computing control effort.
[controller_server-3] [INFO] [1788831875.283942223] [controller_server]: Reached the goal!
[bt_navigator-7] [INFO] [1788831875.319866566] [bt_navigator]: Goal succeeded
[planner_server-5] [ERROR] [1788831875.397168501] [global_costmap.global_costmap]: Received map message is malformed. Rejecting.
[bt_navigator-7] [INFO] [1788831875.882407097] [bt_navigator]: Begin navigating from current location (-10.06, -0.94) to (-0.76, 0.19)
[planner_server-5] [WARN] [1788831875.883726481] [planner_server]: GridBased: failed to create plan with tolerance 0.50.
[planner_server-5] [WARN] [1788831875.883752023] [planner_server]: Planning algorithm GridBased failed to generate a valid path to (-0.76, 0.19)
[planner_server-5] [WARN] [1788831875.883758065] [planner_server]: [compute_path_to_pose] [ActionServer] Aborting handle.
[behavior_server-6] [INFO] [1788831875.903928586] [behavior_server]: Running backup
[WARN] [1788831876.883401551] [candidate_explorer]: Large map->odom correction detected (translation=1.58m, yaw=9.2deg). Pausing frontier navigation for 3.0s.
[behavior_server-6] [INFO] [1788831877.205544050] [behavior_server]: backup completed successfully
[planner_server-5] [WARN] [1788831877.223995267] [planner_server]: GridBased: failed to create plan with tolerance 0.50.
[planner_server-5] [WARN] [1788831877.224023434] [planner_server]: Planning algorithm GridBased failed to generate a valid path to (-0.76, 0.19)
[planner_server-5] [WARN] [1788831877.224029517] [planner_server]: [compute_path_to_pose] [ActionServer] Aborting handle.
[behavior_server-6] [INFO] [1788831877.245398713] [behavior_server]: Running spin
[behavior_server-6] [INFO] [1788831877.245436464] [behavior_server]: Turning 1.57 for spin behavior.
[planner_server-5] [ERROR] [1788831877.391396854] [global_costmap.global_costmap]: Received map message is malformed. Rejecting.
[INFO] [1788831877.634478155] [candidate_explorer]: Map/costmap stabilization window complete; replanning.
[behavior_server-6] [INFO] [1788831877.645563652] [behavior_server]: spin completed successfully
[planner_server-5] [WARN] [1788831877.674388444] [planner_server]: GridBased: failed to create plan with tolerance 0.50.
[planner_server-5] [WARN] [1788831877.674424986] [planner_server]: Planning algorithm GridBased failed to generate a valid path to (-0.76, 0.19)
[planner_server-5] [WARN] [1788831877.674430611] [planner_server]: [compute_path_to_pose] [ActionServer] Aborting handle.
[behavior_server-6] [INFO] [1788831877.694530965] [behavior_server]: Running spin
[behavior_server-6] [INFO] [1788831877.694565423] [behavior_server]: Turning -1.57 for spin behavior.
[behavior_server-6] [INFO] [1788831878.095259157] [behavior_server]: spin completed successfully
[planner_server-5] [WARN] [1788831878.126872678] [planner_server]: GridBased: failed to create plan with tolerance 0.50.
[planner_server-5] [WARN] [1788831878.126902219] [planner_server]: Planning algorithm GridBased failed to generate a valid path to (-0.76, 0.19)
[planner_server-5] [WARN] [1788831878.126908386] [planner_server]: [compute_path_to_pose] [ActionServer] Aborting handle.
[controller_server-3] [INFO] [1788831878.145214435] [local_costmap.local_costmap]: Received request to clear entirely the local_costmap
[planner_server-5] [INFO] [1788831878.145409228] [global_costmap.global_costmap]: Received request to clear entirely the global_costmap
[planner_server-5] [WARN] [1788831878.527407077] [planner_server]: GridBased: failed to create plan with tolerance 0.50.
[planner_server-5] [WARN] [1788831878.527450202] [planner_server]: Planning algorithm GridBased failed to generate a valid path to (-0.76, 0.19)
[planner_server-5] [WARN] [1788831878.527457869] [planner_server]: [compute_path_to_pose] [ActionServer] Aborting handle.
[behavior_server-6] [INFO] [1788831878.544717994] [behavior_server]: Running backup
[behavior_server-6] [WARN] [1788831878.544809286] [behavior_server]: Collision Ahead - Exiting DriveOnHeading
[behavior_server-6] [WARN] [1788831878.544814328] [behavior_server]: backup failed
[behavior_server-6] [WARN] [1788831878.544817828] [behavior_server]: [backup] [ActionServer] Aborting handle.
[behavior_server-6] [INFO] [1788831878.575423383] [behavior_server]: Running spin
[behavior_server-6] [INFO] [1788831878.575466050] [behavior_server]: Turning 1.57 for spin behavior.
[behavior_server-6] [INFO] [1788831878.976470328] [behavior_server]: spin completed successfully
[planner_server-5] [WARN] [1788831878.996322721] [planner_server]: GridBased: failed to create plan with tolerance 0.50.
[planner_server-5] [WARN] [1788831878.996351097] [planner_server]: Planning algorithm GridBased failed to generate a valid path to (-0.76, 0.19)
[planner_server-5] [WARN] [1788831878.996357138] [planner_server]: [compute_path_to_pose] [ActionServer] Aborting handle.
[behavior_server-6] [INFO] [1788831879.013760848] [behavior_server]: Running spin
[behavior_server-6] [INFO] [1788831879.013798765] [behavior_server]: Turning -1.57 for spin behavior.
[planner_server-5] [ERROR] [1788831879.390697409] [global_costmap.global_costmap]: Received map message is malformed. Rejecting.
[behavior_server-6] [INFO] [1788831879.414004328] [behavior_server]: spin completed successfully
[planner_server-5] [WARN] [1788831879.435090647] [planner_server]: GridBased: failed to create plan with tolerance 0.50.
[planner_server-5] [WARN] [1788831879.435120231] [planner_server]: Planning algorithm GridBased failed to generate a valid path to (-0.76, 0.19)
[planner_server-5] [WARN] [1788831879.435125689] [planner_server]: [compute_path_to_pose] [ActionServer] Aborting handle.
[bt_navigator-7] [WARN] [1788831879.465200490] [bt_navigator]: [navigate_to_pose] [ActionServer] Aborting handle.
[bt_navigator-7] [ERROR] [1788831879.465288949] [bt_navigator]: Goal failed
[INFO] [1788831879.466626251] [candidate_explorer]: return-home goal finished, success=False
[WARN] [1788831879.466991378] [candidate_explorer]: Nav2 could not reach home. Trying recovery direction 5/8 before retrying home.
[INFO] [1788831879.467360714] [candidate_explorer]: Return-home recovery move 5/8: backward, 0.3 m
[bt_navigator-7] [INFO] [1788831879.467927469] [bt_navigator]: Begin navigating from current location (-10.58, -0.85) to (-10.88, -0.81)
[controller_server-3] [INFO] [1788831879.489219914] [controller_server]: Received a goal, begin computing control effort.
[controller_server-3] [INFO] [1788831880.540613567] [controller_server]: Passing new path to controller.
[controller_server-3] [INFO] [1788831880.696837364] [controller_server]: Reached the goal!
[bt_navigator-7] [INFO] [1788831880.731309947] [bt_navigator]: Goal succeeded
[bt_navigator-7] [INFO] [1788831881.383016498] [bt_navigator]: Begin navigating from current location (-10.58, -0.85) to (-1.06, 1.73)
[planner_server-5] [WARN] [1788831881.384350841] [planner_server]: GridBased: failed to create plan with tolerance 0.50.
[planner_server-5] [WARN] [1788831881.384377133] [planner_server]: Planning algorithm GridBased failed to generate a valid path to (-1.06, 1.73)
[planner_server-5] [WARN] [1788831881.384382716] [planner_server]: [compute_path_to_pose] [ActionServer] Aborting handle.
[planner_server-5] [ERROR] [1788831881.391536727] [global_costmap.global_costmap]: Received map message is malformed. Rejecting.
[controller_server-3] [INFO] [1788831881.396042843] [local_costmap.local_costmap]: Received request to clear entirely the local_costmap
[planner_server-5] [INFO] [1788831881.396329970] [global_costmap.global_costmap]: Received request to clear entirely the global_costmap
[planner_server-5] [WARN] [1788831881.530545608] [planner_server]: GridBased: failed to create plan with tolerance 0.50.
[planner_server-5] [WARN] [1788831881.530576691] [planner_server]: Planning algorithm GridBased failed to generate a valid path to (-1.06, 1.73)
[planner_server-5] [WARN] [1788831881.530583525] [planner_server]: [compute_path_to_pose] [ActionServer] Aborting handle.
[behavior_server-6] [INFO] [1788831881.545538216] [behavior_server]: Running backup
[WARN] [1788831882.631569745] [candidate_explorer]: Large map->odom correction detected (translation=0.64m, yaw=3.8deg). Pausing frontier navigation for 3.0s.
[behavior_server-6] [INFO] [1788831882.845994630] [behavior_server]: backup completed successfully
[planner_server-5] [WARN] [1788831882.875302967] [planner_server]: GridBased: failed to create plan with tolerance 0.50.
[planner_server-5] [WARN] [1788831882.875330593] [planner_server]: Planning algorithm GridBased failed to generate a valid path to (-1.06, 1.73)
[planner_server-5] [WARN] [1788831882.875336218] [planner_server]: [compute_path_to_pose] [ActionServer] Aborting handle.
[behavior_server-6] [INFO] [1788831882.893388223] [behavior_server]: Running spin
[behavior_server-6] [INFO] [1788831882.893421973] [behavior_server]: Turning 1.57 for spin behavior.
[behavior_server-6] [INFO] [1788831883.294301375] [behavior_server]: spin completed successfully
[planner_server-5] [WARN] [1788831883.314958192] [planner_server]: GridBased: failed to create plan with tolerance 0.50.
[planner_server-5] [WARN] [1788831883.314999984] [planner_server]: Planning algorithm GridBased failed to generate a valid path to (-1.06, 1.73)
[planner_server-5] [WARN] [1788831883.315006109] [planner_server]: [compute_path_to_pose] [ActionServer] Aborting handle.
[behavior_server-6] [INFO] [1788831883.333397075] [behavior_server]: Running spin
[behavior_server-6] [INFO] [1788831883.333444575] [behavior_server]: Turning -1.57 for spin behavior.
[INFO] [1788831883.381830301] [candidate_explorer]: Map/costmap stabilization window complete; replanning.
[planner_server-5] [ERROR] [1788831883.389548398] [global_costmap.global_costmap]: Received map message is malformed. Rejecting.
[behavior_server-6] [INFO] [1788831883.737495792] [behavior_server]: spin completed successfully
[planner_server-5] [WARN] [1788831883.754823251] [planner_server]: GridBased: failed to create plan with tolerance 0.50.
[planner_server-5] [WARN] [1788831883.754848543] [planner_server]: Planning algorithm GridBased failed to generate a valid path to (-1.06, 1.73)
[planner_server-5] [WARN] [1788831883.754854043] [planner_server]: [compute_path_to_pose] [ActionServer] Aborting handle.
[controller_server-3] [INFO] [1788831883.775088314] [local_costmap.local_costmap]: Received request to clear entirely the local_costmap
[planner_server-5] [INFO] [1788831883.775309524] [global_costmap.global_costmap]: Received request to clear entirely the global_costmap
[planner_server-5] [WARN] [1788831884.528537602] [planner_server]: GridBased: failed to create plan with tolerance 0.50.
[planner_server-5] [WARN] [1788831884.528568018] [planner_server]: Planning algorithm GridBased failed to generate a valid path to (-1.06, 1.73)
[planner_server-5] [WARN] [1788831884.528575393] [planner_server]: [compute_path_to_pose] [ActionServer] Aborting handle.
[behavior_server-6] [INFO] [1788831884.545264598] [behavior_server]: Running backup
[behavior_server-6] [WARN] [1788831885.245706918] [behavior_server]: Collision Ahead - Exiting DriveOnHeading
[behavior_server-6] [WARN] [1788831885.245737960] [behavior_server]: backup failed
[behavior_server-6] [WARN] [1788831885.245744710] [behavior_server]: [backup] [ActionServer] Aborting handle.
[behavior_server-6] [INFO] [1788831885.265855730] [behavior_server]: Running spin
[behavior_server-6] [INFO] [1788831885.265898314] [behavior_server]: Turning 1.57 for spin behavior.
[planner_server-5] [ERROR] [1788831885.391049220] [global_costmap.global_costmap]: Received map message is malformed. Rejecting.
[behavior_server-6] [WARN] [1788831885.566425240] [behavior_server]: Collision Ahead - Exiting Spin
[behavior_server-6] [WARN] [1788831885.566735117] [behavior_server]: spin failed
[behavior_server-6] [WARN] [1788831885.566741325] [behavior_server]: [spin] [ActionServer] Aborting handle.
[behavior_server-6] [INFO] [1788831885.583578864] [behavior_server]: Running spin
[behavior_server-6] [INFO] [1788831885.583614489] [behavior_server]: Turning -1.57 for spin behavior.
[behavior_server-6] [INFO] [1788831885.983894637] [behavior_server]: spin completed successfully
[planner_server-5] [WARN] [1788831886.016365788] [planner_server]: GridBased: failed to create plan with tolerance 0.50.
[planner_server-5] [WARN] [1788831886.016661165] [planner_server]: Planning algorithm GridBased failed to generate a valid path to (-1.06, 1.73)
[planner_server-5] [WARN] [1788831886.016668249] [planner_server]: [compute_path_to_pose] [ActionServer] Aborting handle.
[bt_navigator-7] [WARN] [1788831886.045045663] [bt_navigator]: [navigate_to_pose] [ActionServer] Aborting handle.
[bt_navigator-7] [ERROR] [1788831886.045123705] [bt_navigator]: Goal failed
[INFO] [1788831886.046699216] [candidate_explorer]: return-home goal finished, success=False
[WARN] [1788831886.046991593] [candidate_explorer]: Nav2 could not reach home. Trying recovery direction 6/8 before retrying home.
[INFO] [1788831886.047207928] [candidate_explorer]: Return-home recovery move 6/8: backward-right, 0.3 m
[bt_navigator-7] [INFO] [1788831886.047668015] [bt_navigator]: Begin navigating from current location (-9.82, -1.07) to (-9.53, -1.01)
[controller_server-3] [INFO] [1788831886.070279720] [controller_server]: Received a goal, begin computing control effort.
[controller_server-3] [INFO] [1788831886.773048224] [controller_server]: Reached the goal!
[bt_navigator-7] [INFO] [1788831886.808787608] [bt_navigator]: Goal succeeded
[bt_navigator-7] [INFO] [1788831887.382863222] [bt_navigator]: Begin navigating from current location (-9.72, -0.89) to (-1.27, 2.34)
[planner_server-5] [WARN] [1788831887.384717152] [planner_server]: GridBased: failed to create plan with tolerance 0.50.
[planner_server-5] [WARN] [1788831887.384941987] [planner_server]: Planning algorithm GridBased failed to generate a valid path to (-1.27, 2.34)
[planner_server-5] [WARN] [1788831887.384948987] [planner_server]: [compute_path_to_pose] [ActionServer] Aborting handle.
[planner_server-5] [ERROR] [1788831887.391783078] [global_costmap.global_costmap]: Received map message is malformed. Rejecting.
[controller_server-3] [INFO] [1788831887.404495128] [local_costmap.local_costmap]: Received request to clear entirely the local_costmap
[planner_server-5] [INFO] [1788831887.404874298] [global_costmap.global_costmap]: Received request to clear entirely the global_costmap
[planner_server-5] [WARN] [1788831887.529203448] [planner_server]: GridBased: failed to create plan with tolerance 0.50.
[planner_server-5] [WARN] [1788831887.529230823] [planner_server]: Planning algorithm GridBased failed to generate a valid path to (-1.27, 2.34)
[planner_server-5] [WARN] [1788831887.529238198] [planner_server]: [compute_path_to_pose] [ActionServer] Aborting handle.
[behavior_server-6] [INFO] [1788831887.544049514] [behavior_server]: Running backup
[behavior_server-6] [INFO] [1788831888.845302933] [behavior_server]: backup completed successfully
[planner_server-5] [WARN] [1788831888.864941784] [planner_server]: GridBased: failed to create plan with tolerance 0.50.
[planner_server-5] [WARN] [1788831888.865184410] [planner_server]: Planning algorithm GridBased failed to generate a valid path to (-1.27, 2.34)
[planner_server-5] [WARN] [1788831888.865191869] [planner_server]: [compute_path_to_pose] [ActionServer] Aborting handle.
[behavior_server-6] [INFO] [1788831888.887037194] [behavior_server]: Running spin
[behavior_server-6] [INFO] [1788831888.887073486] [behavior_server]: Turning 1.57 for spin behavior.
[behavior_server-6] [INFO] [1788831889.289499107] [behavior_server]: spin completed successfully
[planner_server-5] [WARN] [1788831889.315589338] [planner_server]: GridBased: failed to create plan with tolerance 0.50.
[planner_server-5] [WARN] [1788831889.315884548] [planner_server]: Planning algorithm GridBased failed to generate a valid path to (-1.27, 2.34)
[planner_server-5] [WARN] [1788831889.315892131] [planner_server]: [compute_path_to_pose] [ActionServer] Aborting handle.
[behavior_server-6] [INFO] [1788831889.333536676] [behavior_server]: Running spin
[behavior_server-6] [INFO] [1788831889.333575093] [behavior_server]: Turning -1.57 for spin behavior.
[planner_server-5] [ERROR] [1788831889.389913084] [global_costmap.global_costmap]: Received map message is malformed. Rejecting.
[behavior_server-6] [INFO] [1788831889.733918866] [behavior_server]: spin completed successfully
[planner_server-5] [WARN] [1788831889.768158405] [planner_server]: GridBased: failed to create plan with tolerance 0.50.
[planner_server-5] [WARN] [1788831889.768421657] [planner_server]: Planning algorithm GridBased failed to generate a valid path to (-1.27, 2.34)
[planner_server-5] [WARN] [1788831889.768429199] [planner_server]: [compute_path_to_pose] [ActionServer] Aborting handle.
[controller_server-3] [INFO] [1788831889.783249390] [local_costmap.local_costmap]: Received request to clear entirely the local_costmap
[planner_server-5] [INFO] [1788831889.783668101] [global_costmap.global_costmap]: Received request to clear entirely the global_costmap
[planner_server-5] [WARN] [1788831890.531812933] [planner_server]: Planner loop missed its desired rate of 20.0000 Hz. Current loop rate is 0.3390 Hz
[controller_server-3] [INFO] [1788831890.545457740] [controller_server]: Received a goal, begin computing control effort.
[WARN] [1788831891.131426940] [candidate_explorer]: Large map->odom correction detected (translation=0.36m, yaw=2.2deg). Pausing frontier navigation for 3.0s.
[planner_server-5] [ERROR] [1788831891.389512100] [global_costmap.global_costmap]: Received map message is malformed. Rejecting.
[planner_server-5] [WARN] [1788831891.556396183] [planner_server]: GridBased: failed to create plan with tolerance 0.50.
[planner_server-5] [WARN] [1788831891.556711894] [planner_server]: Planning algorithm GridBased failed to generate a valid path to (-1.27, 2.34)
[planner_server-5] [WARN] [1788831891.556722144] [planner_server]: [compute_path_to_pose] [ActionServer] Aborting handle.
[controller_server-3] [INFO] [1788831891.595681884] [controller_server]: Goal was canceled. Stopping the robot.
[controller_server-3] [INFO] [1788831891.595711176] [controller_server]: [follow_path] [ActionServer] Client requested to cancel the goal. Cancelling.
[behavior_server-6] [INFO] [1788831891.596057262] [behavior_server]: Running backup
[bt_navigator-7] [WARN] [1788831891.596248472] [BehaviorTreeEngine]: Behavior Tree tick rate 100.00 was exceeded!
[INFO] [1788831891.885525983] [candidate_explorer]: Map/costmap stabilization window complete; replanning.
[behavior_server-6] [INFO] [1788831893.296302028] [behavior_server]: backup completed successfully
[planner_server-5] [WARN] [1788831893.318327688] [planner_server]: GridBased: failed to create plan with tolerance 0.50.
[planner_server-5] [WARN] [1788831893.318664107] [planner_server]: Planning algorithm GridBased failed to generate a valid path to (-1.27, 2.34)
[planner_server-5] [WARN] [1788831893.318671149] [planner_server]: [compute_path_to_pose] [ActionServer] Aborting handle.
[bt_navigator-7] [WARN] [1788831893.346509767] [bt_navigator]: [navigate_to_pose] [ActionServer] Aborting handle.
[bt_navigator-7] [ERROR] [1788831893.346684143] [bt_navigator]: Goal failed
[INFO] [1788831893.347145730] [candidate_explorer]: return-home goal finished, success=False
[WARN] [1788831893.347422690] [candidate_explorer]: Nav2 could not reach home. Trying recovery direction 7/8 before retrying home.
[INFO] [1788831893.347626067] [candidate_explorer]: Return-home recovery move 7/8: right, 0.3 m
[bt_navigator-7] [INFO] [1788831893.348105070] [bt_navigator]: Begin navigating from current location (-9.53, -0.83) to (-9.45, -1.12)
[controller_server-3] [INFO] [1788831893.370064604] [controller_server]: Received a goal, begin computing control effort.
[planner_server-5] [ERROR] [1788831893.390293167] [global_costmap.global_costmap]: Received map message is malformed. Rejecting.
[controller_server-3] [INFO] [1788831893.872655992] [controller_server]: Reached the goal!
[bt_navigator-7] [INFO] [1788831893.908686045] [bt_navigator]: Goal succeeded
[bt_navigator-7] [INFO] [1788831894.634483799] [bt_navigator]: Begin navigating from current location (-9.41, -0.88) to (-1.50, 2.95)
[planner_server-5] [WARN] [1788831894.636623106] [planner_server]: GridBased: failed to create plan with tolerance 0.50.
[planner_server-5] [WARN] [1788831894.636856816] [planner_server]: Planning algorithm GridBased failed to generate a valid path to (-1.50, 2.95)
[planner_server-5] [WARN] [1788831894.636867899] [planner_server]: [compute_path_to_pose] [ActionServer] Aborting handle.
[behavior_server-6] [INFO] [1788831894.657720675] [behavior_server]: Running spin
[behavior_server-6] [INFO] [1788831894.657760425] [behavior_server]: Turning 1.57 for spin behavior.
[behavior_server-6] [INFO] [1788831895.058915246] [behavior_server]: spin completed successfully
[planner_server-5] [WARN] [1788831895.086370695] [planner_server]: GridBased: failed to create plan with tolerance 0.50.
[planner_server-5] [WARN] [1788831895.086655530] [planner_server]: Planning algorithm GridBased failed to generate a valid path to (-1.50, 2.95)
[planner_server-5] [WARN] [1788831895.086662572] [planner_server]: [compute_path_to_pose] [ActionServer] Aborting handle.
[behavior_server-6] [INFO] [1788831895.106595216] [behavior_server]: Running spin
[behavior_server-6] [INFO] [1788831895.106628675] [behavior_server]: Turning -1.57 for spin behavior.
[planner_server-5] [ERROR] [1788831895.389043927] [global_costmap.global_costmap]: Received map message is malformed. Rejecting.
[behavior_server-6] [INFO] [1788831895.507381201] [behavior_server]: spin completed successfully
[planner_server-5] [WARN] [1788831895.537448168] [planner_server]: GridBased: failed to create plan with tolerance 0.50.
[planner_server-5] [WARN] [1788831895.537749212] [planner_server]: Planning algorithm GridBased failed to generate a valid path to (-1.50, 2.95)
[planner_server-5] [WARN] [1788831895.537755796] [planner_server]: [compute_path_to_pose] [ActionServer] Aborting handle.
[controller_server-3] [INFO] [1788831895.557309645] [local_costmap.local_costmap]: Received request to clear entirely the local_costmap
[planner_server-5] [INFO] [1788831895.557700648] [global_costmap.global_costmap]: Received request to clear entirely the global_costmap
[planner_server-5] [WARN] [1788831896.531122781] [planner_server]: GridBased: failed to create plan with tolerance 0.50.
[planner_server-5] [WARN] [1788831896.531153615] [planner_server]: Planning algorithm GridBased failed to generate a valid path to (-1.50, 2.95)
[planner_server-5] [WARN] [1788831896.531161240] [planner_server]: [compute_path_to_pose] [ActionServer] Aborting handle.
[behavior_server-6] [INFO] [1788831896.544879340] [behavior_server]: Running backup
[planner_server-5] [ERROR] [1788831897.390148108] [global_costmap.global_costmap]: Received map message is malformed. Rejecting.
[behavior_server-6] [INFO] [1788831897.845552709] [behavior_server]: backup completed successfully
[planner_server-5] [WARN] [1788831897.867724537] [planner_server]: GridBased: failed to create plan with tolerance 0.50.
[planner_server-5] [WARN] [1788831897.867995248] [planner_server]: Planning algorithm GridBased failed to generate a valid path to (-1.50, 2.95)
[planner_server-5] [WARN] [1788831897.868002998] [planner_server]: [compute_path_to_pose] [ActionServer] Aborting handle.
[behavior_server-6] [INFO] [1788831897.885987837] [behavior_server]: Running spin
[behavior_server-6] [INFO] [1788831897.886022754] [behavior_server]: Turning 1.57 for spin behavior.
[behavior_server-6] [INFO] [1788831898.289032558] [behavior_server]: spin completed successfully
[planner_server-5] [WARN] [1788831898.317937601] [planner_server]: GridBased: failed to create plan with tolerance 0.50.
[planner_server-5] [WARN] [1788831898.318210936] [planner_server]: Planning algorithm GridBased failed to generate a valid path to (-1.50, 2.95)
[planner_server-5] [WARN] [1788831898.318217895] [planner_server]: [compute_path_to_pose] [ActionServer] Aborting handle.
[behavior_server-6] [INFO] [1788831898.337689995] [behavior_server]: Running spin
[behavior_server-6] [INFO] [1788831898.337722620] [behavior_server]: Turning -1.57 for spin behavior.
[behavior_server-6] [INFO] [1788831898.737848694] [behavior_server]: spin completed successfully
[planner_server-5] [WARN] [1788831898.766992406] [planner_server]: GridBased: failed to create plan with tolerance 0.50.
[planner_server-5] [WARN] [1788831898.767018323] [planner_server]: Planning algorithm GridBased failed to generate a valid path to (-1.50, 2.95)
[planner_server-5] [WARN] [1788831898.767023782] [planner_server]: [compute_path_to_pose] [ActionServer] Aborting handle.
[bt_navigator-7] [WARN] [1788831898.795310487] [bt_navigator]: [navigate_to_pose] [ActionServer] Aborting handle.
[bt_navigator-7] [ERROR] [1788831898.795477238] [bt_navigator]: Goal failed
[INFO] [1788831898.796806998] [candidate_explorer]: return-home goal finished, success=False
[WARN] [1788831898.797149584] [candidate_explorer]: Nav2 could not reach home. Trying recovery direction 8/8 before retrying home.
[INFO] [1788831898.797391961] [candidate_explorer]: Return-home recovery move 8/8: forward-right, 0.3 m
[bt_navigator-7] [INFO] [1788831898.797813380] [bt_navigator]: Begin navigating from current location (-9.36, -0.31) to (-9.59, -0.50)
[controller_server-3] [INFO] [1788831898.820634130] [controller_server]: Received a goal, begin computing control effort.
[controller_server-3] [INFO] [1788831899.272829916] [controller_server]: Reached the goal!
[bt_navigator-7] [INFO] [1788831899.308422341] [bt_navigator]: Goal succeeded
[planner_server-5] [ERROR] [1788831899.389519056] [global_costmap.global_costmap]: Received map message is malformed. Rejecting.
[bt_navigator-7] [INFO] [1788831899.884230485] [bt_navigator]: Begin navigating from current location (-9.39, -0.44) to (-1.61, 3.21)
[planner_server-5] [WARN] [1788831899.886559960] [planner_server]: GridBased: failed to create plan with tolerance 0.50.
[planner_server-5] [WARN] [1788831899.886853295] [planner_server]: Planning algorithm GridBased failed to generate a valid path to (-1.61, 3.21)
[planner_server-5] [WARN] [1788831899.886862379] [planner_server]: [compute_path_to_pose] [ActionServer] Aborting handle.
[controller_server-3] [INFO] [1788831899.904474340] [local_costmap.local_costmap]: Received request to clear entirely the local_costmap
[planner_server-5] [INFO] [1788831899.904856426] [global_costmap.global_costmap]: Received request to clear entirely the global_costmap
[planner_server-5] [WARN] [1788831900.529320173] [planner_server]: GridBased: failed to create plan with tolerance 0.50.
[planner_server-5] [WARN] [1788831900.529350840] [planner_server]: Planning algorithm GridBased failed to generate a valid path to (-1.61, 3.21)
[planner_server-5] [WARN] [1788831900.529358298] [planner_server]: [compute_path_to_pose] [ActionServer] Aborting handle.
[behavior_server-6] [INFO] [1788831900.545800459] [behavior_server]: Running backup
[behavior_server-6] [WARN] [1788831901.048851866] [behavior_server]: Collision Ahead - Exiting DriveOnHeading
[behavior_server-6] [WARN] [1788831901.048878616] [behavior_server]: backup failed
[behavior_server-6] [WARN] [1788831901.048883532] [behavior_server]: [backup] [ActionServer] Aborting handle.
[behavior_server-6] [INFO] [1788831901.075393600] [behavior_server]: Running spin
[behavior_server-6] [INFO] [1788831901.075424767] [behavior_server]: Turning 1.57 for spin behavior.
[planner_server-5] [ERROR] [1788831901.389879177] [global_costmap.global_costmap]: Received map message is malformed. Rejecting.
[behavior_server-6] [INFO] [1788831901.476504224] [behavior_server]: spin completed successfully
[planner_server-5] [WARN] [1788831901.498636135] [planner_server]: GridBased: failed to create plan with tolerance 0.50.
[planner_server-5] [WARN] [1788831901.498881511] [planner_server]: Planning algorithm GridBased failed to generate a valid path to (-1.61, 3.21)
[planner_server-5] [WARN] [1788831901.498888886] [planner_server]: [compute_path_to_pose] [ActionServer] Aborting handle.
[behavior_server-6] [INFO] [1788831901.515706425] [behavior_server]: Running spin
[behavior_server-6] [INFO] [1788831901.515740676] [behavior_server]: Turning -1.57 for spin behavior.
[behavior_server-6] [INFO] [1788831901.916755090] [behavior_server]: spin completed successfully
[planner_server-5] [WARN] [1788831901.939252045] [planner_server]: GridBased: failed to create plan with tolerance 0.50.
[planner_server-5] [WARN] [1788831901.939280254] [planner_server]: Planning algorithm GridBased failed to generate a valid path to (-1.61, 3.21)
[planner_server-5] [WARN] [1788831901.939286295] [planner_server]: [compute_path_to_pose] [ActionServer] Aborting handle.
[controller_server-3] [INFO] [1788831901.956086668] [local_costmap.local_costmap]: Received request to clear entirely the local_costmap
[planner_server-5] [INFO] [1788831901.956483629] [global_costmap.global_costmap]: Received request to clear entirely the global_costmap
[planner_server-5] [WARN] [1788831902.529780504] [planner_server]: GridBased: failed to create plan with tolerance 0.50.
[planner_server-5] [WARN] [1788831902.530108423] [planner_server]: Planning algorithm GridBased failed to generate a valid path to (-1.61, 3.21)
[planner_server-5] [WARN] [1788831902.530117048] [planner_server]: [compute_path_to_pose] [ActionServer] Aborting handle.
[behavior_server-6] [INFO] [1788831902.544627362] [behavior_server]: Running backup
[behavior_server-6] [WARN] [1788831902.645122467] [behavior_server]: Collision Ahead - Exiting DriveOnHeading
[behavior_server-6] [WARN] [1788831902.645145467] [behavior_server]: backup failed
[behavior_server-6] [WARN] [1788831902.645150301] [behavior_server]: [backup] [ActionServer] Aborting handle.
[behavior_server-6] [INFO] [1788831902.675910649] [behavior_server]: Running spin
[behavior_server-6] [INFO] [1788831902.675945441] [behavior_server]: Turning 1.57 for spin behavior.
[behavior_server-6] [INFO] [1788831903.076345184] [behavior_server]: spin completed successfully
[planner_server-5] [WARN] [1788831903.108009915] [planner_server]: GridBased: failed to create plan with tolerance 0.50.
[planner_server-5] [WARN] [1788831903.108038873] [planner_server]: Planning algorithm GridBased failed to generate a valid path to (-1.61, 3.21)
[planner_server-5] [WARN] [1788831903.108044665] [planner_server]: [compute_path_to_pose] [ActionServer] Aborting handle.
[behavior_server-6] [INFO] [1788831903.124850579] [behavior_server]: Running spin
[behavior_server-6] [INFO] [1788831903.124883246] [behavior_server]: Turning -1.57 for spin behavior.
[planner_server-5] [ERROR] [1788831903.390598927] [global_costmap.global_costmap]: Received map message is malformed. Rejecting.
[behavior_server-6] [INFO] [1788831903.526774666] [behavior_server]: spin completed successfully
[planner_server-5] [WARN] [1788831903.547873153] [planner_server]: GridBased: failed to create plan with tolerance 0.50.
[planner_server-5] [WARN] [1788831903.548155947] [planner_server]: Planning algorithm GridBased failed to generate a valid path to (-1.61, 3.21)
[planner_server-5] [WARN] [1788831903.548163447] [planner_server]: [compute_path_to_pose] [ActionServer] Aborting handle.
[bt_navigator-7] [WARN] [1788831903.574375512] [bt_navigator]: [navigate_to_pose] [ActionServer] Aborting handle.
[bt_navigator-7] [ERROR] [1788831903.574477596] [bt_navigator]: Goal failed
[INFO] [1788831903.575765523] [candidate_explorer]: return-home goal finished, success=False
[ERROR] [1788831903.576014774] [candidate_explorer]: Return-home recovery sweep exhausted; ending the session with the robot away from home.
[sim_node-1] [INFO] [1788831903.644597981] [challenge_sim_node]: SESSION FINISHED — wrote /challenge/results/20260908_014200/report.yaml
[sim_node-1] collision_count: 0
[sim_node-1] coverage_fraction: 1.0
[sim_node-1] distance_to_home_m: 8.383657759828086
[sim_node-1] elapsed_time_s: 726.9999999998865
[sim_node-1] elapsed_wall_time_s: 181.7681311040069
[sim_node-1] map_output_yaml: /challenge/results/20260908_014200/map.yaml
[sim_node-1] map_yaml: /challenge/maps/1/room.yaml
[sim_node-1] min_coverage_required: 0.8
[sim_node-1] results_path: /challenge/results/20260908_014200/report.yaml
[sim_node-1] return_tolerance_m: 0.3
[sim_node-1] seed: 1900000
[sim_node-1] success: false
[sim_node-1] time_scale: 4.0
[sim_node-1] timed_out: false
[sim_node-1] 
[INFO] [1788831903.646189659] [candidate_explorer]: Session result: coverage=100.0% distance_to_home=8.38m elapsed_sim=727.0s elapsed_wall=181.8s collisions=0 success=False report_written_to=/challenge/results/20260908_014200/report.yaml

=== REPORT ===
collision_count: 0
coverage_fraction: 1.0
distance_to_home_m: 8.383657759828086
elapsed_time_s: 726.9999999998865
elapsed_wall_time_s: 181.7681311040069
map_output_yaml: /challenge/results/20260908_014200/map.yaml
map_yaml: /challenge/maps/1/room.yaml
min_coverage_required: 0.8
results_path: /challenge/results/20260908_014200/report.yaml
return_tolerance_m: 0.3
seed: 1900000
success: false
time_scale: 4.0
timed_out: false
Shutting down...
[ERROR] [sim_node-1]: process has died [pid 4595, exit code -9, cmd '/challenge/ws/install/challenge_sim/lib/challenge_sim/sim_node --ros-args -r __node:=challenge_sim_node --params-file /tmp/launch_params_cxto1hgq'].
[ERROR] [async_slam_toolbox_node-2]: process has died [pid 4597, exit code -9, cmd '/opt/ros/humble/lib/slam_toolbox/async_slam_toolbox_node --ros-args -r __node:=slam_toolbox --params-file /challenge/ws/install/challenge_sim/share/challenge_sim/config/slam_toolbox_params.yaml --params-file /tmp/launch_params_8fxy_e9o'].
[ERROR] [controller_server-3]: process has died [pid 4599, exit code -9, cmd '/opt/ros/humble/lib/nav2_controller/controller_server --ros-args --log-level info --ros-args --params-file /tmp/launch_params_wh0j9aea -r /tf:=tf -r /tf_static:=tf_static -r cmd_vel:=cmd_vel_nav'].
[ERROR] [smoother_server-4]: process has died [pid 4601, exit code -9, cmd '/opt/ros/humble/lib/nav2_smoother/smoother_server --ros-args --log-level info --ros-args -r __node:=smoother_server --params-file /tmp/launch_params_wh0j9aea -r /tf:=tf -r /tf_static:=tf_static'].
[ERROR] [planner_server-5]: process has died [pid 4603, exit code -9, cmd '/opt/ros/humble/lib/nav2_planner/planner_server --ros-args --log-level info --ros-args -r __node:=planner_server --params-file /tmp/launch_params_wh0j9aea -r /tf:=tf -r /tf_static:=tf_static'].
[ERROR] [behavior_server-6]: process has died [pid 4605, exit code -9, cmd '/opt/ros/humble/lib/nav2_behaviors/behavior_server --ros-args --log-level info --ros-args -r __node:=behavior_server --params-file /tmp/launch_params_wh0j9aea -r /tf:=tf -r /tf_static:=tf_static'].
[ERROR] [bt_navigator-7]: process has died [pid 4607, exit code -9, cmd '/opt/ros/humble/lib/nav2_bt_navigator/bt_navigator --ros-args --log-level info --ros-args -r __node:=bt_navigator --params-file /tmp/launch_params_wh0j9aea -r /tf:=tf -r /tf_static:=tf_static'].
[ERROR] [waypoint_follower-8]: process has died [pid 4609, exit code -9, cmd '/opt/ros/humble/lib/nav2_waypoint_follower/waypoint_follower --ros-args --log-level info --ros-args -r __node:=waypoint_follower --params-file /tmp/launch_params_wh0j9aea -r /tf:=tf -r /tf_static:=tf_static'].
[ERROR] [velocity_smoother-9]: process has died [pid 4611, exit code -9, cmd '/opt/ros/humble/lib/nav2_velocity_smoother/velocity_smoother --ros-args --log-level info --ros-args -r __node:=velocity_smoother --params-file /tmp/launch_params_wh0j9aea -r /tf:=tf -r /tf_static:=tf_static -r cmd_vel:=cmd_vel_nav -r cmd_vel_smoothed:=cmd_vel'].
/challenge/eval_runner.sh: line 40:  4593 Killed                  ros2 launch challenge_sim challenge.launch.py map_yaml:="$MAP_YAML" seed:="$SEED" time_limit_s:="$TIME_LIMIT" time_scale:="$TIME_SCALE" results_path:="$RESULTS_PATH" rviz:="$RVIZ"
