Launching sim + slam_toolbox + Nav2 (map: /challenge/maps/2/room.yaml, seed: 0, time_scale: 4.0x)...
Waiting for bringup...
[INFO] [launch]: All log files can be found below /root/.ros/log/2026-09-08-06-00-30-002540-orbstack-24209
[INFO] [launch]: Default logging verbosity is set to INFO
[INFO] [sim_node-1]: process started with pid [24211]
[INFO] [async_slam_toolbox_node-2]: process started with pid [24213]
[INFO] [controller_server-3]: process started with pid [24215]
[INFO] [smoother_server-4]: process started with pid [24217]
[INFO] [planner_server-5]: process started with pid [24219]
[INFO] [behavior_server-6]: process started with pid [24221]
[INFO] [bt_navigator-7]: process started with pid [24223]
[INFO] [waypoint_follower-8]: process started with pid [24225]
[INFO] [velocity_smoother-9]: process started with pid [24227]
[INFO] [lifecycle_manager-10]: process started with pid [24229]
[async_slam_toolbox_node-2] [INFO] [1788847230.126449926] [slam_toolbox]: Node using stack size 40000000
[controller_server-3] [INFO] [1788847230.128031416] [controller_server]: 
[controller_server-3] 	controller_server lifecycle node launched. 
[controller_server-3] 	Waiting on external lifecycle transitions to activate
[controller_server-3] 	See https://design.ros2.org/articles/node_lifecycle.html for more information.
[lifecycle_manager-10] [INFO] [1788847230.131078438] [lifecycle_manager_navigation]: Creating
[behavior_server-6] [INFO] [1788847230.131816017] [behavior_server]: 
[behavior_server-6] 	behavior_server lifecycle node launched. 
[behavior_server-6] 	Waiting on external lifecycle transitions to activate
[behavior_server-6] 	See https://design.ros2.org/articles/node_lifecycle.html for more information.
[smoother_server-4] [INFO] [1788847230.132653345] [smoother_server]: 
[smoother_server-4] 	smoother_server lifecycle node launched. 
[smoother_server-4] 	Waiting on external lifecycle transitions to activate
[smoother_server-4] 	See https://design.ros2.org/articles/node_lifecycle.html for more information.
[velocity_smoother-9] [INFO] [1788847230.133074634] [velocity_smoother]: 
[velocity_smoother-9] 	velocity_smoother lifecycle node launched. 
[velocity_smoother-9] 	Waiting on external lifecycle transitions to activate
[velocity_smoother-9] 	See https://design.ros2.org/articles/node_lifecycle.html for more information.
[controller_server-3] [INFO] [1788847230.133460381] [controller_server]: Creating controller server
[smoother_server-4] [INFO] [1788847230.134564499] [smoother_server]: Creating smoother server
[waypoint_follower-8] [INFO] [1788847230.134605290] [waypoint_follower]: 
[waypoint_follower-8] 	waypoint_follower lifecycle node launched. 
[waypoint_follower-8] 	Waiting on external lifecycle transitions to activate
[waypoint_follower-8] 	See https://design.ros2.org/articles/node_lifecycle.html for more information.
[waypoint_follower-8] [INFO] [1788847230.135126537] [waypoint_follower]: Creating
[lifecycle_manager-10] [INFO] [1788847230.135743617] [lifecycle_manager_navigation]: [34m[1mCreating and initializing lifecycle service clients[0m[0m
[controller_server-3] [INFO] [1788847230.137456897] [local_costmap.local_costmap]: 
[controller_server-3] 	local_costmap lifecycle node launched. 
[controller_server-3] 	Waiting on external lifecycle transitions to activate
[controller_server-3] 	See https://design.ros2.org/articles/node_lifecycle.html for more information.
[controller_server-3] [INFO] [1788847230.139078304] [local_costmap.local_costmap]: Creating Costmap
[bt_navigator-7] [INFO] [1788847230.139238303] [bt_navigator]: 
[bt_navigator-7] 	bt_navigator lifecycle node launched. 
[bt_navigator-7] 	Waiting on external lifecycle transitions to activate
[bt_navigator-7] 	See https://design.ros2.org/articles/node_lifecycle.html for more information.
[bt_navigator-7] [INFO] [1788847230.139310427] [bt_navigator]: Creating
[planner_server-5] [INFO] [1788847230.141692870] [planner_server]: 
[planner_server-5] 	planner_server lifecycle node launched. 
[planner_server-5] 	Waiting on external lifecycle transitions to activate
[planner_server-5] 	See https://design.ros2.org/articles/node_lifecycle.html for more information.
[planner_server-5] [INFO] [1788847230.143473234] [planner_server]: Creating
[planner_server-5] [INFO] [1788847230.161757742] [global_costmap.global_costmap]: 
[planner_server-5] 	global_costmap lifecycle node launched. 
[planner_server-5] 	Waiting on external lifecycle transitions to activate
[planner_server-5] 	See https://design.ros2.org/articles/node_lifecycle.html for more information.
[planner_server-5] [INFO] [1788847230.162195698] [global_costmap.global_costmap]: Creating Costmap
[async_slam_toolbox_node-2] [INFO] [1788847230.188682529] [slam_toolbox]: Using solver plugin solver_plugins::CeresSolver
[async_slam_toolbox_node-2] [INFO] [1788847230.188895777] [slam_toolbox]: CeresSolver: Using SCHUR_JACOBI preconditioner.
[lifecycle_manager-10] [INFO] [1788847230.280823440] [lifecycle_manager_navigation]: [34m[1mStarting managed nodes bringup...[0m[0m
[lifecycle_manager-10] [INFO] [1788847230.280873357] [lifecycle_manager_navigation]: [34m[1mConfiguring controller_server[0m[0m
[controller_server-3] [INFO] [1788847230.281060772] [controller_server]: Configuring controller interface
[controller_server-3] [INFO] [1788847230.281225854] [controller_server]: getting goal checker plugins..
[controller_server-3] [INFO] [1788847230.281338895] [controller_server]: Controller frequency set to 20.0000Hz
[controller_server-3] [INFO] [1788847230.281379228] [local_costmap.local_costmap]: Configuring
[controller_server-3] [INFO] [1788847230.285274620] [local_costmap.local_costmap]: Using plugin "obstacle_layer"
[controller_server-3] [INFO] [1788847230.289436260] [local_costmap.local_costmap]: Subscribed to Topics: scan
[controller_server-3] [INFO] [1788847230.292674781] [local_costmap.local_costmap]: Initialized plugin "obstacle_layer"
[controller_server-3] [INFO] [1788847230.292695198] [local_costmap.local_costmap]: Using plugin "inflation_layer"
[controller_server-3] [INFO] [1788847230.293130987] [local_costmap.local_costmap]: Initialized plugin "inflation_layer"
[controller_server-3] [INFO] [1788847230.303223714] [controller_server]: Created progress_checker : progress_checker of type nav2_controller::SimpleProgressChecker
[controller_server-3] [INFO] [1788847230.303922376] [controller_server]: Created goal checker : general_goal_checker of type nav2_controller::SimpleGoalChecker
[controller_server-3] [INFO] [1788847230.304136541] [controller_server]: Controller Server has general_goal_checker  goal checkers available.
[controller_server-3] [INFO] [1788847230.306152487] [controller_server]: Created controller : FollowPath of type dwb_core::DWBLocalPlanner
[controller_server-3] [INFO] [1788847230.308030725] [controller_server]: Setting transform_tolerance to 0.200000
[controller_server-3] [INFO] [1788847230.316618503] [controller_server]: Using critic "RotateToGoal" (dwb_critics::RotateToGoalCritic)
[controller_server-3] [INFO] [1788847230.317119292] [controller_server]: Critic plugin initialized
[controller_server-3] [INFO] [1788847230.317273249] [controller_server]: Using critic "Oscillation" (dwb_critics::OscillationCritic)
[controller_server-3] [INFO] [1788847230.317823287] [controller_server]: Critic plugin initialized
[controller_server-3] [INFO] [1788847230.317965911] [controller_server]: Using critic "BaseObstacle" (dwb_critics::BaseObstacleCritic)
[controller_server-3] [INFO] [1788847230.318188660] [controller_server]: Critic plugin initialized
[controller_server-3] [INFO] [1788847230.318276034] [controller_server]: Using critic "GoalAlign" (dwb_critics::GoalAlignCritic)
[controller_server-3] [INFO] [1788847230.318498616] [controller_server]: Critic plugin initialized
[controller_server-3] [INFO] [1788847230.318575032] [controller_server]: Using critic "PathAlign" (dwb_critics::PathAlignCritic)
[controller_server-3] [INFO] [1788847230.318805948] [controller_server]: Critic plugin initialized
[controller_server-3] [INFO] [1788847230.318886905] [controller_server]: Using critic "PathDist" (dwb_critics::PathDistCritic)
[controller_server-3] [INFO] [1788847230.319059613] [controller_server]: Critic plugin initialized
[controller_server-3] [INFO] [1788847230.319128987] [controller_server]: Using critic "GoalDist" (dwb_critics::GoalDistCritic)
[controller_server-3] [INFO] [1788847230.319273820] [controller_server]: Critic plugin initialized
[controller_server-3] [INFO] [1788847230.319282986] [controller_server]: Controller Server has FollowPath  controllers available.
[lifecycle_manager-10] [INFO] [1788847230.324970158] [lifecycle_manager_navigation]: [34m[1mConfiguring smoother_server[0m[0m
[smoother_server-4] [INFO] [1788847230.325430530] [smoother_server]: Configuring smoother server
[smoother_server-4] [INFO] [1788847230.331693324] [smoother_server]: Created smoother : simple_smoother of type nav2_smoother::SimpleSmoother
[smoother_server-4] [INFO] [1788847230.332490902] [smoother_server]: Smoother Server has simple_smoother  smoothers available.
[lifecycle_manager-10] [INFO] [1788847230.335910172] [lifecycle_manager_navigation]: [34m[1mConfiguring planner_server[0m[0m
[planner_server-5] [INFO] [1788847230.336092671] [planner_server]: Configuring
[planner_server-5] [INFO] [1788847230.336120170] [global_costmap.global_costmap]: Configuring
[planner_server-5] [INFO] [1788847230.340603933] [global_costmap.global_costmap]: Using plugin "static_layer"
[planner_server-5] [INFO] [1788847230.342759836] [global_costmap.global_costmap]: Subscribing to the map topic (/map) with transient local durability
[planner_server-5] [INFO] [1788847230.343753413] [global_costmap.global_costmap]: Initialized plugin "static_layer"
[planner_server-5] [INFO] [1788847230.343766038] [global_costmap.global_costmap]: Using plugin "obstacle_layer"
[planner_server-5] [INFO] [1788847230.344483659] [global_costmap.global_costmap]: Subscribed to Topics: scan
[planner_server-5] [INFO] [1788847230.346907518] [global_costmap.global_costmap]: Initialized plugin "obstacle_layer"
[planner_server-5] [INFO] [1788847230.346922018] [global_costmap.global_costmap]: Using plugin "inflation_layer"
[planner_server-5] [INFO] [1788847230.348126760] [global_costmap.global_costmap]: Initialized plugin "inflation_layer"
[planner_server-5] [INFO] [1788847230.354965675] [planner_server]: Created global planner plugin GridBased of type nav2_navfn_planner/NavfnPlanner
[planner_server-5] [INFO] [1788847230.354990467] [planner_server]: Configuring plugin GridBased of type NavfnPlanner
[planner_server-5] [INFO] [1788847230.355965877] [planner_server]: Planner Server has GridBased  planners available.
[lifecycle_manager-10] [INFO] [1788847230.360283558] [lifecycle_manager_navigation]: [34m[1mConfiguring behavior_server[0m[0m
[behavior_server-6] [INFO] [1788847230.360694138] [behavior_server]: Configuring
[behavior_server-6] [INFO] [1788847230.365394192] [behavior_server]: Creating behavior plugin spin of type nav2_behaviors/Spin
[behavior_server-6] [INFO] [1788847230.366042604] [behavior_server]: Configuring spin
[behavior_server-6] [INFO] [1788847230.370300119] [behavior_server]: Creating behavior plugin backup of type nav2_behaviors/BackUp
[behavior_server-6] [INFO] [1788847230.370815449] [behavior_server]: Configuring backup
[behavior_server-6] [INFO] [1788847230.375031797] [behavior_server]: Creating behavior plugin drive_on_heading of type nav2_behaviors/DriveOnHeading
[behavior_server-6] [INFO] [1788847230.375697793] [behavior_server]: Configuring drive_on_heading
[behavior_server-6] [INFO] [1788847230.379764892] [behavior_server]: Creating behavior plugin assisted_teleop of type nav2_behaviors/AssistedTeleop
[behavior_server-6] [INFO] [1788847230.381427548] [behavior_server]: Configuring assisted_teleop
[behavior_server-6] [INFO] [1788847230.388167005] [behavior_server]: Creating behavior plugin wait of type nav2_behaviors/Wait
[behavior_server-6] [INFO] [1788847230.388876209] [behavior_server]: Configuring wait
[lifecycle_manager-10] [INFO] [1788847230.393442138] [lifecycle_manager_navigation]: [34m[1mConfiguring bt_navigator[0m[0m
[bt_navigator-7] [INFO] [1788847230.394777463] [bt_navigator]: Configuring
[lifecycle_manager-10] [INFO] [1788847230.452241762] [lifecycle_manager_navigation]: [34m[1mConfiguring waypoint_follower[0m[0m
[waypoint_follower-8] [INFO] [1788847230.452422261] [waypoint_follower]: Configuring
[waypoint_follower-8] [INFO] [1788847230.462692654] [waypoint_follower]: Created waypoint_task_executor : wait_at_waypoint of type nav2_waypoint_follower::WaitAtWaypoint
[lifecycle_manager-10] [INFO] [1788847230.463329483] [lifecycle_manager_navigation]: [34m[1mConfiguring velocity_smoother[0m[0m
[velocity_smoother-9] [INFO] [1788847230.463617523] [velocity_smoother]: Configuring velocity smoother
[lifecycle_manager-10] [INFO] [1788847230.466846877] [lifecycle_manager_navigation]: [34m[1mActivating controller_server[0m[0m
[controller_server-3] [INFO] [1788847230.467324958] [controller_server]: Activating
[controller_server-3] [INFO] [1788847230.467358791] [local_costmap.local_costmap]: Activating
[controller_server-3] [INFO] [1788847230.467368374] [local_costmap.local_costmap]: Checking transform
[controller_server-3] [INFO] [1788847230.467382916] [local_costmap.local_costmap]: Timed out waiting for transform from base_link to odom to become available, tf error: Invalid frame ID "odom" passed to canTransform argument target_frame - frame does not exist
[controller_server-3] [INFO] [1788847230.977469367] [local_costmap.local_costmap]: Timed out waiting for transform from base_link to odom to become available, tf error: Invalid frame ID "odom" passed to canTransform argument target_frame - frame does not exist
[sim_node-1] [INFO] [1788847231.156334058] [challenge_sim_node]: Loaded /challenge/maps/2/room.yaml — spawned at world (0.96, -8.66); 283702 reachable free cells. time_scale=4.0x
[async_slam_toolbox_node-2] [WARN] [1788847231.207023068] [slam_toolbox]: minimum laser range setting (0.0 m) exceeds the capabilities of the used Lidar (0.1 m)
[async_slam_toolbox_node-2] Info: clipped range threshold to be within minimum and maximum range!
[async_slam_toolbox_node-2] Registering sensor: [Custom Described Lidar]
[controller_server-3] [INFO] [1788847231.468155525] [local_costmap.local_costmap]: start
[controller_server-3] [INFO] [1788847231.673358382] [controller_server]: Creating bond (controller_server) to lifecycle manager.
[lifecycle_manager-10] [INFO] [1788847231.789854929] [lifecycle_manager_navigation]: Server controller_server connected with bond.
[lifecycle_manager-10] [INFO] [1788847231.789891762] [lifecycle_manager_navigation]: [34m[1mActivating smoother_server[0m[0m
[smoother_server-4] [INFO] [1788847231.790105053] [smoother_server]: Activating
[smoother_server-4] [INFO] [1788847231.790153386] [smoother_server]: Creating bond (smoother_server) to lifecycle manager.
[lifecycle_manager-10] [INFO] [1788847231.897192619] [lifecycle_manager_navigation]: Server smoother_server connected with bond.
[lifecycle_manager-10] [INFO] [1788847231.897241452] [lifecycle_manager_navigation]: [34m[1mActivating planner_server[0m[0m
[planner_server-5] [INFO] [1788847231.897498117] [planner_server]: Activating
[planner_server-5] [INFO] [1788847231.897562158] [global_costmap.global_costmap]: Activating
[planner_server-5] [INFO] [1788847231.897573408] [global_costmap.global_costmap]: Checking transform
[planner_server-5] [INFO] [1788847231.897651366] [global_costmap.global_costmap]: start
[planner_server-5] [ERROR] [1788847232.199954936] [global_costmap.global_costmap]: Received map message is malformed. Rejecting.
[planner_server-5] [INFO] [1788847232.900753419] [planner_server]: Activating plugin GridBased of type NavfnPlanner
[planner_server-5] [INFO] [1788847232.902214243] [planner_server]: Creating bond (planner_server) to lifecycle manager.
[lifecycle_manager-10] [INFO] [1788847233.016401347] [lifecycle_manager_navigation]: Server planner_server connected with bond.
[lifecycle_manager-10] [INFO] [1788847233.016431889] [lifecycle_manager_navigation]: [34m[1mActivating behavior_server[0m[0m
[behavior_server-6] [INFO] [1788847233.016717804] [behavior_server]: Activating
[behavior_server-6] [INFO] [1788847233.016774387] [behavior_server]: Activating spin
[behavior_server-6] [INFO] [1788847233.016817761] [behavior_server]: Activating backup
[behavior_server-6] [INFO] [1788847233.016847928] [behavior_server]: Activating drive_on_heading
[behavior_server-6] [INFO] [1788847233.016863844] [behavior_server]: Activating assisted_teleop
[behavior_server-6] [INFO] [1788847233.016882303] [behavior_server]: Activating wait
[behavior_server-6] [INFO] [1788847233.016898094] [behavior_server]: Creating bond (behavior_server) to lifecycle manager.
[lifecycle_manager-10] [INFO] [1788847233.121640550] [lifecycle_manager_navigation]: Server behavior_server connected with bond.
[lifecycle_manager-10] [INFO] [1788847233.121674884] [lifecycle_manager_navigation]: [34m[1mActivating bt_navigator[0m[0m
[bt_navigator-7] [INFO] [1788847233.121855716] [bt_navigator]: Activating
[bt_navigator-7] [INFO] [1788847233.152333479] [bt_navigator]: Creating bond (bt_navigator) to lifecycle manager.
[lifecycle_manager-10] [INFO] [1788847233.254940074] [lifecycle_manager_navigation]: Server bt_navigator connected with bond.
[lifecycle_manager-10] [INFO] [1788847233.254980282] [lifecycle_manager_navigation]: [34m[1mActivating waypoint_follower[0m[0m
[waypoint_follower-8] [INFO] [1788847233.255366113] [waypoint_follower]: Activating
[waypoint_follower-8] [INFO] [1788847233.255419238] [waypoint_follower]: Creating bond (waypoint_follower) to lifecycle manager.
[lifecycle_manager-10] [INFO] [1788847233.361222521] [lifecycle_manager_navigation]: Server waypoint_follower connected with bond.
[lifecycle_manager-10] [INFO] [1788847233.361261854] [lifecycle_manager_navigation]: [34m[1mActivating velocity_smoother[0m[0m
[velocity_smoother-9] [INFO] [1788847233.361551977] [velocity_smoother]: Activating
[velocity_smoother-9] [INFO] [1788847233.361613518] [velocity_smoother]: Creating bond (velocity_smoother) to lifecycle manager.
[lifecycle_manager-10] [INFO] [1788847233.474703963] [lifecycle_manager_navigation]: Server velocity_smoother connected with bond.
[lifecycle_manager-10] [INFO] [1788847233.474778962] [lifecycle_manager_navigation]: [34m[1mManaged nodes are active[0m[0m
[lifecycle_manager-10] [INFO] [1788847233.474791587] [lifecycle_manager_navigation]: [34m[1mCreating bond timer...[0m[0m
[planner_server-5] [INFO] [1788847234.197631096] [global_costmap.global_costmap]: StaticLayer: Resizing costmap to 451 X 393 at 0.015000 m/pix
[planner_server-5] [ERROR] [1788847242.197365640] [global_costmap.global_costmap]: Received map message is malformed. Rejecting.
[planner_server-5] [ERROR] [1788847244.198112489] [global_costmap.global_costmap]: Received map message is malformed. Rejecting.
[planner_server-5] [ERROR] [1788847246.201443781] [global_costmap.global_costmap]: Received map message is malformed. Rejecting.
[planner_server-5] [ERROR] [1788847248.198107865] [global_costmap.global_costmap]: Received map message is malformed. Rejecting.
[planner_server-5] [ERROR] [1788847250.199086879] [global_costmap.global_costmap]: Received map message is malformed. Rejecting.
[planner_server-5] [ERROR] [1788847252.198037948] [global_costmap.global_costmap]: Received map message is malformed. Rejecting.
[planner_server-5] [ERROR] [1788847254.198094344] [global_costmap.global_costmap]: Received map message is malformed. Rejecting.
[planner_server-5] [ERROR] [1788847256.197925491] [global_costmap.global_costmap]: Received map message is malformed. Rejecting.
[planner_server-5] [ERROR] [1788847258.197303557] [global_costmap.global_costmap]: Received map message is malformed. Rejecting.
Starting your explorer node...
Running. Waiting for /challenge/results/20260908_060029/report.yaml to appear (or Ctrl-C to stop)...
[planner_server-5] [ERROR] [1788847260.195353424] [global_costmap.global_costmap]: Received map message is malformed. Rejecting.
[planner_server-5] [ERROR] [1788847262.198385801] [global_costmap.global_costmap]: Received map message is malformed. Rejecting.
[INFO] [1788847262.443443194] [candidate_explorer]: Got first /map.
[INFO] [1788847262.693242182] [candidate_explorer]: Detected 132 frontier cells
[INFO] [1788847262.693575097] [candidate_explorer]: Found 1 frontier clusters after filtering
[WARN] [1788847262.693805929] [candidate_explorer]: Frontier clusters exist, but none have a usable goal point.
[WARN] [1788847262.694160551] [candidate_explorer]: Frontier clusters exist but have no usable goal. Trying recovery direction 1/8 before checking again.
[INFO] [1788847262.694477466] [candidate_explorer]: Recovery move 1/8: forward, 0.8 m -> (0.80, 0.00)
[bt_navigator-7] [INFO] [1788847262.695616584] [bt_navigator]: Begin navigating from current location (0.00, 0.00) to (0.80, 0.00)
[controller_server-3] [INFO] [1788847262.716686991] [controller_server]: Received a goal, begin computing control effort.
[controller_server-3] [WARN] [1788847262.716760282] [controller_server]: No goal checker was specified in parameter 'current_goal_checker'. Server will use only plugin loaded general_goal_checker . This warning will appear once.
[controller_server-3] [INFO] [1788847263.369207532] [controller_server]: Reached the goal!
[bt_navigator-7] [INFO] [1788847263.406136505] [bt_navigator]: Goal succeeded
[INFO] [1788847263.406790209] [candidate_explorer]: Recovery move 'forward' succeeded.
[INFO] [1788847263.437109765] [candidate_explorer]: Detected 132 frontier cells
[INFO] [1788847263.437428596] [candidate_explorer]: Found 1 frontier clusters after filtering
[INFO] [1788847263.437732136] [candidate_explorer]: Selected frontier cluster: size=127, goal=(0.05, 0.25), distance=0.60
[INFO] [1788847263.438009051] [candidate_explorer]: Checking global path to frontier (0.05, 0.25), distance=0.60m
[INFO] [1788847263.441958484] [candidate_explorer]: Nav2 path to frontier is 1.07m (straight-line=0.60m, detour=1.8x)
[INFO] [1788847263.442831354] [candidate_explorer]: Global path accepted. Navigating to frontier (0.05, 0.25)
[bt_navigator-7] [INFO] [1788847263.443391767] [bt_navigator]: Begin navigating from current location (0.60, 0.00) to (0.05, 0.25)
[controller_server-3] [INFO] [1788847263.466398411] [controller_server]: Received a goal, begin computing control effort.
[planner_server-5] [ERROR] [1788847264.198300945] [global_costmap.global_costmap]: Received map message is malformed. Rejecting.
[controller_server-3] [INFO] [1788847264.518216152] [controller_server]: Passing new path to controller.
[controller_server-3] [INFO] [1788847264.969784559] [controller_server]: Reached the goal!
[bt_navigator-7] [INFO] [1788847265.004351797] [bt_navigator]: Goal succeeded
[INFO] [1788847265.005056501] [candidate_explorer]: Frontier goal finished: success=True
[INFO] [1788847265.005333457] [candidate_explorer]: Reached frontier. Waiting for the map to expose new frontiers.
[INFO] [1788847265.195724866] [candidate_explorer]: Detected 360 frontier cells
[INFO] [1788847265.196739652] [candidate_explorer]: Found 5 frontier clusters after filtering
[INFO] [1788847265.197087649] [candidate_explorer]: Selected frontier cluster: size=14, goal=(0.85, 0.35), distance=0.61
[INFO] [1788847265.197389064] [candidate_explorer]: Checking global path to frontier (0.85, 0.35), distance=0.61m
[INFO] [1788847265.200096255] [candidate_explorer]: Nav2 path to frontier is 0.62m (straight-line=0.61m, detour=1.0x)
[INFO] [1788847265.200831209] [candidate_explorer]: Global path accepted. Navigating to frontier (0.85, 0.35)
[bt_navigator-7] [INFO] [1788847265.201220165] [bt_navigator]: Begin navigating from current location (0.24, 0.32) to (0.85, 0.35)
[controller_server-3] [INFO] [1788847265.222825485] [controller_server]: Received a goal, begin computing control effort.
[planner_server-5] [ERROR] [1788847266.197934965] [global_costmap.global_costmap]: Received map message is malformed. Rejecting.
[controller_server-3] [INFO] [1788847266.273036069] [controller_server]: Passing new path to controller.
[controller_server-3] [INFO] [1788847266.784626427] [controller_server]: Reached the goal!
[bt_navigator-7] [INFO] [1788847266.813429368] [bt_navigator]: Goal succeeded
[INFO] [1788847266.814180821] [candidate_explorer]: Frontier goal finished: success=True
[INFO] [1788847266.814510236] [candidate_explorer]: Reached frontier. Waiting for the map to expose new frontiers.
[INFO] [1788847266.950997031] [candidate_explorer]: Detected 2857 frontier cells
[INFO] [1788847266.953819971] [candidate_explorer]: Found 120 frontier clusters after filtering
[INFO] [1788847266.955565501] [candidate_explorer]: Selected frontier cluster: size=867, goal=(0.66, 1.09), distance=0.60
[INFO] [1788847266.955941166] [candidate_explorer]: Checking global path to frontier (0.66, 1.09), distance=0.60m
[INFO] [1788847266.958827314] [candidate_explorer]: Nav2 path to frontier is 0.61m (straight-line=0.60m, detour=1.0x)
[INFO] [1788847266.959736683] [candidate_explorer]: Global path accepted. Navigating to frontier (0.66, 1.09)
[bt_navigator-7] [INFO] [1788847266.960241722] [bt_navigator]: Begin navigating from current location (0.69, 0.49) to (0.66, 1.09)
[controller_server-3] [INFO] [1788847266.980799965] [controller_server]: Received a goal, begin computing control effort.
[controller_server-3] [INFO] [1788847268.038450419] [controller_server]: Passing new path to controller.
[planner_server-5] [ERROR] [1788847268.195681623] [global_costmap.global_costmap]: Received map message is malformed. Rejecting.
[controller_server-3] [INFO] [1788847268.234938789] [controller_server]: Reached the goal!
[bt_navigator-7] [INFO] [1788847268.271936302] [bt_navigator]: Goal succeeded
[INFO] [1788847268.272570965] [candidate_explorer]: Frontier goal finished: success=True
[INFO] [1788847268.272795297] [candidate_explorer]: Reached frontier. Waiting for the map to expose new frontiers.
[INFO] [1788847268.462390128] [candidate_explorer]: Detected 6469 frontier cells
[INFO] [1788847268.467666177] [candidate_explorer]: Found 197 frontier clusters after filtering
[INFO] [1788847268.471076614] [candidate_explorer]: Selected frontier cluster: size=2546, goal=(1.02, 1.51), distance=0.60
[INFO] [1788847268.471652027] [candidate_explorer]: Checking global path to frontier (1.02, 1.51), distance=0.60m
[INFO] [1788847268.474777548] [candidate_explorer]: Nav2 path to frontier is 0.82m (straight-line=0.60m, detour=1.4x)
[INFO] [1788847268.475919666] [candidate_explorer]: Global path accepted. Navigating to frontier (1.02, 1.51)
[bt_navigator-7] [INFO] [1788847268.476335455] [bt_navigator]: Begin navigating from current location (0.83, 0.94) to (1.02, 1.51)
[controller_server-3] [INFO] [1788847268.496935949] [controller_server]: Received a goal, begin computing control effort.
[controller_server-3] [INFO] [1788847268.950130054] [controller_server]: Reached the goal!
[bt_navigator-7] [INFO] [1788847268.990177840] [bt_navigator]: Goal succeeded
[INFO] [1788847268.990609837] [candidate_explorer]: Frontier goal finished: success=True
[INFO] [1788847268.990852877] [candidate_explorer]: Reached frontier. Waiting for the map to expose new frontiers.
[INFO] [1788847269.194343119] [candidate_explorer]: Detected 6469 frontier cells
[INFO] [1788847269.199889876] [candidate_explorer]: Found 197 frontier clusters after filtering
[INFO] [1788847269.203487186] [candidate_explorer]: Selected frontier cluster: size=2546, goal=(0.96, 1.93), distance=0.60
[INFO] [1788847269.204139265] [candidate_explorer]: Checking global path to frontier (0.96, 1.93), distance=0.60m
[INFO] [1788847269.206987997] [candidate_explorer]: Nav2 path to frontier is 0.64m (straight-line=0.60m, detour=1.1x)
[INFO] [1788847269.207987907] [candidate_explorer]: Global path accepted. Navigating to frontier (0.96, 1.93)
[bt_navigator-7] [INFO] [1788847269.208375905] [bt_navigator]: Begin navigating from current location (0.86, 1.34) to (0.96, 1.93)
[controller_server-3] [INFO] [1788847269.229005440] [controller_server]: Received a goal, begin computing control effort.
[controller_server-3] [INFO] [1788847269.681246593] [controller_server]: Reached the goal!
[bt_navigator-7] [INFO] [1788847269.719849930] [bt_navigator]: Goal succeeded
[INFO] [1788847269.720473176] [candidate_explorer]: Frontier goal finished: success=True
[INFO] [1788847269.720743132] [candidate_explorer]: Reached frontier. Waiting for the map to expose new frontiers.
[INFO] [1788847269.944499662] [candidate_explorer]: Detected 6469 frontier cells
[INFO] [1788847269.950039918] [candidate_explorer]: Found 197 frontier clusters after filtering
[INFO] [1788847269.953581437] [candidate_explorer]: Selected frontier cluster: size=2546, goal=(0.84, 2.32), distance=0.60
[INFO] [1788847269.954200141] [candidate_explorer]: Checking global path to frontier (0.84, 2.32), distance=0.60m
[INFO] [1788847269.957239663] [candidate_explorer]: Nav2 path to frontier is 0.61m (straight-line=0.60m, detour=1.0x)
[INFO] [1788847269.958280782] [candidate_explorer]: Global path accepted. Navigating to frontier (0.84, 2.32)
[bt_navigator-7] [INFO] [1788847269.958714821] [bt_navigator]: Begin navigating from current location (0.96, 1.73) to (0.84, 2.32)
[controller_server-3] [INFO] [1788847269.981417342] [controller_server]: Received a goal, begin computing control effort.
[controller_server-3] [INFO] [1788847270.433602121] [controller_server]: Reached the goal!
[bt_navigator-7] [INFO] [1788847270.471510337] [bt_navigator]: Goal succeeded
[INFO] [1788847270.472236458] [candidate_explorer]: Frontier goal finished: success=True
[INFO] [1788847270.472499081] [candidate_explorer]: Reached frontier. Waiting for the map to expose new frontiers.
[INFO] [1788847270.713850581] [candidate_explorer]: Detected 10408 frontier cells
[INFO] [1788847270.722294819] [candidate_explorer]: Found 260 frontier clusters after filtering
[INFO] [1788847270.727778909] [candidate_explorer]: Selected frontier cluster: size=1297, goal=(1.31, 2.57), distance=0.60
[INFO] [1788847270.728525321] [candidate_explorer]: Checking global path to frontier (1.31, 2.57), distance=0.60m
[INFO] [1788847270.731437177] [candidate_explorer]: Nav2 path to frontier is 0.63m (straight-line=0.60m, detour=1.1x)
[INFO] [1788847270.732454921] [candidate_explorer]: Global path accepted. Navigating to frontier (1.31, 2.57)
[bt_navigator-7] [INFO] [1788847270.732840710] [bt_navigator]: Begin navigating from current location (0.91, 2.12) to (1.31, 2.57)
[controller_server-3] [INFO] [1788847270.755642564] [controller_server]: Received a goal, begin computing control effort.
[planner_server-5] [INFO] [1788847270.900336932] [global_costmap.global_costmap]: StaticLayer: Resizing costmap to 534 X 395 at 0.015000 m/pix
[controller_server-3] [INFO] [1788847271.814464802] [controller_server]: Passing new path to controller.
[controller_server-3] [INFO] [1788847271.909353654] [controller_server]: Reached the goal!
[bt_navigator-7] [INFO] [1788847271.945691172] [bt_navigator]: Goal succeeded
[INFO] [1788847271.946124419] [candidate_explorer]: Frontier goal finished: success=True
[INFO] [1788847271.946362251] [candidate_explorer]: Reached frontier. Waiting for the map to expose new frontiers.
[INFO] [1788847272.196058364] [candidate_explorer]: Detected 10408 frontier cells
[INFO] [1788847272.204842475] [candidate_explorer]: Found 260 frontier clusters after filtering
[INFO] [1788847272.210451522] [candidate_explorer]: Selected frontier cluster: size=42, goal=(1.56, 2.95), distance=0.60
[INFO] [1788847272.211279351] [candidate_explorer]: Checking global path to frontier (1.56, 2.95), distance=0.60m
[INFO] [1788847272.214700745] [candidate_explorer]: Nav2 path to frontier is 0.85m (straight-line=0.60m, detour=1.4x)
[INFO] [1788847272.215908488] [candidate_explorer]: Global path accepted. Navigating to frontier (1.56, 2.95)
[bt_navigator-7] [INFO] [1788847272.216292485] [bt_navigator]: Begin navigating from current location (1.09, 2.58) to (1.56, 2.95)
[controller_server-3] [INFO] [1788847272.237255143] [controller_server]: Received a goal, begin computing control effort.
[controller_server-3] [INFO] [1788847272.692302612] [controller_server]: Reached the goal!
[bt_navigator-7] [INFO] [1788847272.728073508] [bt_navigator]: Goal succeeded
[INFO] [1788847272.729630665] [candidate_explorer]: Frontier goal finished: success=True
[INFO] [1788847272.729921455] [candidate_explorer]: Reached frontier. Waiting for the map to expose new frontiers.
[planner_server-5] [INFO] [1788847272.899639287] [global_costmap.global_costmap]: StaticLayer: Resizing costmap to 544 X 395 at 0.015000 m/pix
[INFO] [1788847272.965496617] [candidate_explorer]: Detected 14919 frontier cells
[INFO] [1788847272.978384243] [candidate_explorer]: Found 233 frontier clusters after filtering
[INFO] [1788847272.986191485] [candidate_explorer]: Selected frontier cluster: size=3261, goal=(1.89, 3.16), distance=0.60
[INFO] [1788847272.987257519] [candidate_explorer]: Checking global path to frontier (1.89, 3.16), distance=0.60m
[INFO] [1788847272.990629790] [candidate_explorer]: Nav2 path to frontier is 0.63m (straight-line=0.60m, detour=1.0x)
[INFO] [1788847272.991651283] [candidate_explorer]: Global path accepted. Navigating to frontier (1.89, 3.16)
[bt_navigator-7] [INFO] [1788847272.992071655] [bt_navigator]: Begin navigating from current location (1.42, 2.79) to (1.89, 3.16)
[controller_server-3] [INFO] [1788847273.015219716] [controller_server]: Received a goal, begin computing control effort.
[controller_server-3] [INFO] [1788847273.468015449] [controller_server]: Reached the goal!
[bt_navigator-7] [INFO] [1788847273.502692519] [bt_navigator]: Goal succeeded
[INFO] [1788847273.503389265] [candidate_explorer]: Frontier goal finished: success=True
[INFO] [1788847273.503608847] [candidate_explorer]: Reached frontier. Waiting for the map to expose new frontiers.
[INFO] [1788847273.701988246] [candidate_explorer]: Detected 14919 frontier cells
[INFO] [1788847273.714776915] [candidate_explorer]: Found 233 frontier clusters after filtering
[INFO] [1788847273.722592906] [candidate_explorer]: Selected frontier cluster: size=3261, goal=(2.19, 2.63), distance=0.60
[INFO] [1788847273.723610733] [candidate_explorer]: Checking global path to frontier (2.19, 2.63), distance=0.60m
[INFO] [1788847273.726439298] [candidate_explorer]: Nav2 path to frontier is 0.62m (straight-line=0.60m, detour=1.0x)
[INFO] [1788847273.727392084] [candidate_explorer]: Global path accepted. Navigating to frontier (2.19, 2.63)
[bt_navigator-7] [INFO] [1788847273.727803540] [bt_navigator]: Begin navigating from current location (1.74, 3.03) to (2.19, 2.63)
[controller_server-3] [INFO] [1788847273.748253576] [controller_server]: Received a goal, begin computing control effort.
[controller_server-3] [INFO] [1788847274.800395814] [controller_server]: Passing new path to controller.
[planner_server-5] [INFO] [1788847274.900133677] [global_costmap.global_costmap]: StaticLayer: Resizing costmap to 575 X 395 at 0.015000 m/pix
[controller_server-3] [INFO] [1788847275.251181852] [controller_server]: Reached the goal!
[bt_navigator-7] [INFO] [1788847275.289073776] [bt_navigator]: Goal succeeded
[INFO] [1788847275.289743855] [candidate_explorer]: Frontier goal finished: success=True
[INFO] [1788847275.289951687] [candidate_explorer]: Reached frontier. Waiting for the map to expose new frontiers.
[INFO] [1788847275.477401782] [candidate_explorer]: Detected 18189 frontier cells
[INFO] [1788847275.493008599] [candidate_explorer]: Found 210 frontier clusters after filtering
[INFO] [1788847275.502508330] [candidate_explorer]: Selected frontier cluster: size=6741, goal=(2.07, 2.26), distance=0.60
[INFO] [1788847275.503805863] [candidate_explorer]: Checking global path to frontier (2.07, 2.26), distance=0.60m
[INFO] [1788847275.507282133] [candidate_explorer]: Nav2 path to frontier is 0.64m (straight-line=0.60m, detour=1.1x)
[INFO] [1788847275.508328668] [candidate_explorer]: Global path accepted. Navigating to frontier (2.07, 2.26)
[bt_navigator-7] [INFO] [1788847275.508714832] [bt_navigator]: Begin navigating from current location (2.27, 2.83) to (2.07, 2.26)
[controller_server-3] [INFO] [1788847275.530279402] [controller_server]: Received a goal, begin computing control effort.
[controller_server-3] [INFO] [1788847276.582355058] [controller_server]: Passing new path to controller.
[controller_server-3] [INFO] [1788847276.633957728] [controller_server]: Reached the goal!
[bt_navigator-7] [INFO] [1788847276.672506732] [bt_navigator]: Goal succeeded
[INFO] [1788847276.673332852] [candidate_explorer]: Frontier goal finished: success=True
[INFO] [1788847276.673598225] [candidate_explorer]: Reached frontier. Waiting for the map to expose new frontiers.
[INFO] [1788847276.733434468] [candidate_explorer]: Detected 18616 frontier cells
[INFO] [1788847276.749712364] [candidate_explorer]: Found 226 frontier clusters after filtering
[INFO] [1788847276.759433427] [candidate_explorer]: Selected frontier cluster: size=1122, goal=(1.70, 2.15), distance=0.60
[INFO] [1788847276.760737835] [candidate_explorer]: Checking global path to frontier (1.70, 2.15), distance=0.60m
[INFO] [1788847276.765131099] [candidate_explorer]: Nav2 path to frontier is 0.78m (straight-line=0.60m, detour=1.3x)
[INFO] [1788847276.766315008] [candidate_explorer]: Global path accepted. Navigating to frontier (1.70, 2.15)
[bt_navigator-7] [INFO] [1788847276.766736339] [bt_navigator]: Begin navigating from current location (2.27, 2.34) to (1.70, 2.15)
[controller_server-3] [INFO] [1788847276.788798156] [controller_server]: Received a goal, begin computing control effort.
[planner_server-5] [INFO] [1788847276.899470449] [global_costmap.global_costmap]: StaticLayer: Resizing costmap to 601 X 395 at 0.015000 m/pix
[controller_server-3] [INFO] [1788847277.291358030] [controller_server]: Reached the goal!
[bt_navigator-7] [INFO] [1788847277.327395508] [bt_navigator]: Goal succeeded
[INFO] [1788847277.328117462] [candidate_explorer]: Frontier goal finished: success=True
[INFO] [1788847277.328339460] [candidate_explorer]: Reached frontier. Waiting for the map to expose new frontiers.
[INFO] [1788847277.457210054] [candidate_explorer]: Detected 18616 frontier cells
[INFO] [1788847277.473669657] [candidate_explorer]: Found 226 frontier clusters after filtering
[INFO] [1788847277.483289470] [candidate_explorer]: Selected frontier cluster: size=6845, goal=(0.63, 2.21), distance=1.30
[INFO] [1788847277.484547754] [candidate_explorer]: Checking global path to frontier (0.63, 2.21), distance=1.30m
[INFO] [1788847277.489352140] [candidate_explorer]: Nav2 path to frontier is 1.45m (straight-line=1.30m, detour=1.1x)
[INFO] [1788847277.491272086] [candidate_explorer]: Global path accepted. Navigating to frontier (0.63, 2.21)
[bt_navigator-7] [INFO] [1788847277.491636626] [bt_navigator]: Begin navigating from current location (1.93, 2.09) to (0.63, 2.21)
[controller_server-3] [INFO] [1788847277.513818984] [controller_server]: Received a goal, begin computing control effort.
[controller_server-3] [INFO] [1788847278.564539023] [controller_server]: Passing new path to controller.
[controller_server-3] [INFO] [1788847278.567129423] [controller_server]: Reached the goal!
[bt_navigator-7] [INFO] [1788847278.611905137] [bt_navigator]: Goal succeeded
[INFO] [1788847278.612616341] [candidate_explorer]: Frontier goal finished: success=True
[INFO] [1788847278.612836798] [candidate_explorer]: Reached frontier. Waiting for the map to expose new frontiers.
[INFO] [1788847278.737184837] [candidate_explorer]: Detected 18220 frontier cells
[INFO] [1788847278.753028694] [candidate_explorer]: Found 229 frontier clusters after filtering
[INFO] [1788847278.762746465] [candidate_explorer]: Selected frontier cluster: size=12574, goal=(0.23, 2.34), distance=0.60
[INFO] [1788847278.764147831] [candidate_explorer]: Checking global path to frontier (0.23, 2.34), distance=0.60m
[INFO] [1788847278.767634851] [candidate_explorer]: Nav2 path to frontier is 0.70m (straight-line=0.60m, detour=1.2x)
[INFO] [1788847278.768666136] [candidate_explorer]: Global path accepted. Navigating to frontier (0.23, 2.34)
[bt_navigator-7] [INFO] [1788847278.769020509] [bt_navigator]: Begin navigating from current location (0.81, 2.18) to (0.23, 2.34)
[controller_server-3] [INFO] [1788847278.792132778] [controller_server]: Received a goal, begin computing control effort.
[planner_server-5] [INFO] [1788847278.900282254] [global_costmap.global_costmap]: StaticLayer: Resizing costmap to 601 X 404 at 0.015000 m/pix
[controller_server-3] [INFO] [1788847279.248461572] [controller_server]: Reached the goal!
[bt_navigator-7] [INFO] [1788847279.280916323] [bt_navigator]: Goal succeeded
[INFO] [1788847279.281776400] [candidate_explorer]: Frontier goal finished: success=True
[INFO] [1788847279.281989732] [candidate_explorer]: Reached frontier. Waiting for the map to expose new frontiers.
[INFO] [1788847279.464105486] [candidate_explorer]: Detected 18220 frontier cells
[INFO] [1788847279.480213091] [candidate_explorer]: Found 229 frontier clusters after filtering
[INFO] [1788847279.489345408] [candidate_explorer]: Selected frontier cluster: size=12574, goal=(0.30, 2.86), distance=0.60
[INFO] [1788847279.490579609] [candidate_explorer]: Checking global path to frontier (0.30, 2.86), distance=0.60m
[planner_server-5] [ERROR] [1788847279.491890267] [planner_server]: Failed to create a plan from potential when a legal potential was found. This shouldn't happen.
[planner_server-5] [WARN] [1788847279.491930683] [planner_server]: GridBased: failed to create plan with tolerance 0.50.
[planner_server-5] [WARN] [1788847279.491938225] [planner_server]: Planning algorithm GridBased failed to generate a valid path to (0.30, 2.86)
[planner_server-5] [WARN] [1788847279.491945641] [planner_server]: [compute_path_to_pose] [ActionServer] Aborting handle.
[WARN] [1788847279.492993260] [candidate_explorer]: Path computation failed, status=6
[WARN] [1788847279.493201842] [candidate_explorer]: No global path to frontier (0.30, 2.86). Blacklisting.
[INFO] [1788847279.711577447] [candidate_explorer]: Detected 18220 frontier cells
[INFO] [1788847279.727726719] [candidate_explorer]: Found 229 frontier clusters after filtering
[INFO] [1788847279.738584233] [candidate_explorer]: Selected frontier cluster: size=12574, goal=(0.51, 1.68), distance=0.60
[INFO] [1788847279.739837975] [candidate_explorer]: Checking global path to frontier (0.51, 1.68), distance=0.60m
[planner_server-5] [ERROR] [1788847279.741006259] [planner_server]: Failed to create a plan from potential when a legal potential was found. This shouldn't happen.
[planner_server-5] [WARN] [1788847279.741045800] [planner_server]: GridBased: failed to create plan with tolerance 0.50.
[planner_server-5] [WARN] [1788847279.741051842] [planner_server]: Planning algorithm GridBased failed to generate a valid path to (0.51, 1.68)
[planner_server-5] [WARN] [1788847279.741057384] [planner_server]: [compute_path_to_pose] [ActionServer] Aborting handle.
[WARN] [1788847279.742048627] [candidate_explorer]: Path computation failed, status=6
[WARN] [1788847279.742248584] [candidate_explorer]: No global path to frontier (0.51, 1.68). Blacklisting.
[INFO] [1788847279.962114972] [candidate_explorer]: Detected 18220 frontier cells
[INFO] [1788847279.978093078] [candidate_explorer]: Found 229 frontier clusters after filtering
[INFO] [1788847279.990073335] [candidate_explorer]: Selected frontier cluster: size=12574, goal=(0.60, 3.61), distance=1.35
[INFO] [1788847279.991291744] [candidate_explorer]: Checking global path to frontier (0.60, 3.61), distance=1.35m
[INFO] [1788847279.996263504] [candidate_explorer]: Nav2 path to frontier is 1.39m (straight-line=1.35m, detour=1.0x)
[INFO] [1788847279.997949701] [candidate_explorer]: Global path accepted. Navigating to frontier (0.60, 3.61)
[bt_navigator-7] [INFO] [1788847279.998362407] [bt_navigator]: Begin navigating from current location (0.42, 2.28) to (0.60, 3.61)
[controller_server-3] [INFO] [1788847280.020833014] [controller_server]: Received a goal, begin computing control effort.
[planner_server-5] [INFO] [1788847280.900266355] [global_costmap.global_costmap]: StaticLayer: Resizing costmap to 603 X 404 at 0.015000 m/pix
[controller_server-3] [INFO] [1788847281.073440499] [controller_server]: Passing new path to controller.
[controller_server-3] [INFO] [1788847281.373288417] [controller_server]: Reached the goal!
[bt_navigator-7] [INFO] [1788847281.410553054] [bt_navigator]: Goal succeeded
[INFO] [1788847281.411050259] [candidate_explorer]: Frontier goal finished: success=True
[INFO] [1788847281.411341424] [candidate_explorer]: Reached frontier. Waiting for the map to expose new frontiers.
[INFO] [1788847281.487610104] [candidate_explorer]: Detected 18043 frontier cells
[INFO] [1788847281.503582502] [candidate_explorer]: Found 223 frontier clusters after filtering
[INFO] [1788847281.515752049] [candidate_explorer]: Selected frontier cluster: size=12327, goal=(0.01, 3.67), distance=0.60
[INFO] [1788847281.517340289] [candidate_explorer]: Checking global path to frontier (0.01, 3.67), distance=0.60m
[INFO] [1788847281.520384894] [candidate_explorer]: Nav2 path to frontier is 0.61m (straight-line=0.60m, detour=1.0x)
[INFO] [1788847281.521188931] [candidate_explorer]: Global path accepted. Navigating to frontier (0.01, 3.67)
[bt_navigator-7] [INFO] [1788847281.521526512] [bt_navigator]: Begin navigating from current location (0.56, 3.43) to (0.01, 3.67)
[controller_server-3] [INFO] [1788847281.542359421] [controller_server]: Received a goal, begin computing control effort.
[controller_server-3] [INFO] [1788847282.596314689] [controller_server]: Passing new path to controller.
[controller_server-3] [INFO] [1788847282.949172061] [controller_server]: Reached the goal!
[bt_navigator-7] [INFO] [1788847282.982000851] [bt_navigator]: Goal succeeded
[INFO] [1788847282.982721055] [candidate_explorer]: Frontier goal finished: success=True
[INFO] [1788847282.983005261] [candidate_explorer]: Reached frontier. Waiting for the map to expose new frontiers.
[INFO] [1788847283.242177773] [candidate_explorer]: Detected 12625 frontier cells
[INFO] [1788847283.253038703] [candidate_explorer]: Found 260 frontier clusters after filtering
[INFO] [1788847283.261820730] [candidate_explorer]: Selected frontier cluster: size=2687, goal=(-0.20, 4.30), distance=0.60
[INFO] [1788847283.262942098] [candidate_explorer]: Checking global path to frontier (-0.20, 4.30), distance=0.60m
[INFO] [1788847283.266361035] [candidate_explorer]: Nav2 path to frontier is 0.62m (straight-line=0.60m, detour=1.0x)
[INFO] [1788847283.267387695] [candidate_explorer]: Global path accepted. Navigating to frontier (-0.20, 4.30)
[bt_navigator-7] [INFO] [1788847283.267774401] [bt_navigator]: Begin navigating from current location (0.17, 3.82) to (-0.20, 4.30)
[controller_server-3] [INFO] [1788847283.292483701] [controller_server]: Received a goal, begin computing control effort.
[controller_server-3] [INFO] [1788847283.794543703] [controller_server]: Reached the goal!
[bt_navigator-7] [INFO] [1788847283.829485730] [bt_navigator]: Goal succeeded
[INFO] [1788847283.830351433] [candidate_explorer]: Frontier goal finished: success=True
[INFO] [1788847283.830587306] [candidate_explorer]: Reached frontier. Waiting for the map to expose new frontiers.
[INFO] [1788847283.964075495] [candidate_explorer]: Detected 12625 frontier cells
[INFO] [1788847283.975178966] [candidate_explorer]: Found 260 frontier clusters after filtering
[INFO] [1788847283.983531496] [candidate_explorer]: Selected frontier cluster: size=2687, goal=(-0.56, 4.57), distance=0.60
[INFO] [1788847283.984587531] [candidate_explorer]: Checking global path to frontier (-0.56, 4.57), distance=0.60m
[INFO] [1788847283.987769427] [candidate_explorer]: Nav2 path to frontier is 0.62m (straight-line=0.60m, detour=1.0x)
[INFO] [1788847283.988689005] [candidate_explorer]: Global path accepted. Navigating to frontier (-0.56, 4.57)
[bt_navigator-7] [INFO] [1788847283.989061669] [bt_navigator]: Begin navigating from current location (-0.18, 4.11) to (-0.56, 4.57)
[controller_server-3] [INFO] [1788847284.012927516] [controller_server]: Received a goal, begin computing control effort.
[controller_server-3] [INFO] [1788847284.467107866] [controller_server]: Reached the goal!
[bt_navigator-7] [INFO] [1788847284.502308933] [bt_navigator]: Goal succeeded
[INFO] [1788847284.502742305] [candidate_explorer]: Frontier goal finished: success=True
[INFO] [1788847284.502949012] [candidate_explorer]: Reached frontier. Waiting for the map to expose new frontiers.
[INFO] [1788847284.743111978] [candidate_explorer]: Detected 11553 frontier cells
[INFO] [1788847284.753227163] [candidate_explorer]: Found 261 frontier clusters after filtering
[INFO] [1788847284.763244433] [candidate_explorer]: Selected frontier cluster: size=18, goal=(-0.53, 5.07), distance=0.63
[INFO] [1788847284.764818923] [candidate_explorer]: Checking global path to frontier (-0.53, 5.07), distance=0.63m
[INFO] [1788847284.769746433] [candidate_explorer]: Nav2 path to frontier is 0.66m (straight-line=0.63m, detour=1.0x)
[INFO] [1788847284.770692552] [candidate_explorer]: Global path accepted. Navigating to frontier (-0.53, 5.07)
[bt_navigator-7] [INFO] [1788847284.771211048] [bt_navigator]: Begin navigating from current location (-0.40, 4.45) to (-0.53, 5.07)
[controller_server-3] [INFO] [1788847284.793465990] [controller_server]: Received a goal, begin computing control effort.
[controller_server-3] [INFO] [1788847285.295760823] [controller_server]: Reached the goal!
[bt_navigator-7] [INFO] [1788847285.331547470] [bt_navigator]: Goal succeeded
[INFO] [1788847285.332355714] [candidate_explorer]: Frontier goal finished: success=True
[INFO] [1788847285.332628088] [candidate_explorer]: Reached frontier. Waiting for the map to expose new frontiers.
[INFO] [1788847285.466729273] [candidate_explorer]: Detected 11553 frontier cells
[INFO] [1788847285.476734542] [candidate_explorer]: Found 261 frontier clusters after filtering
[INFO] [1788847285.484405035] [candidate_explorer]: Selected frontier cluster: size=2338, goal=(-0.93, 5.34), distance=0.60
[INFO] [1788847285.485393529] [candidate_explorer]: Checking global path to frontier (-0.93, 5.34), distance=0.60m
[INFO] [1788847285.488724549] [candidate_explorer]: Nav2 path to frontier is 0.62m (straight-line=0.60m, detour=1.0x)
[INFO] [1788847285.489545919] [candidate_explorer]: Global path accepted. Navigating to frontier (-0.93, 5.34)
[bt_navigator-7] [INFO] [1788847285.489898500] [bt_navigator]: Begin navigating from current location (-0.57, 4.86) to (-0.93, 5.34)
[controller_server-3] [INFO] [1788847285.511177572] [controller_server]: Received a goal, begin computing control effort.
[controller_server-3] [INFO] [1788847286.416028127] [controller_server]: Reached the goal!
[bt_navigator-7] [INFO] [1788847286.453303013] [bt_navigator]: Goal succeeded
[INFO] [1788847286.453734636] [candidate_explorer]: Frontier goal finished: success=True
[INFO] [1788847286.454025800] [candidate_explorer]: Reached frontier. Waiting for the map to expose new frontiers.
[INFO] [1788847286.742567291] [candidate_explorer]: Detected 10211 frontier cells
[INFO] [1788847286.751212569] [candidate_explorer]: Found 235 frontier clusters after filtering
[INFO] [1788847286.758324357] [candidate_explorer]: Selected frontier cluster: size=2013, goal=(-0.65, 4.68), distance=0.60
[INFO] [1788847286.759269184] [candidate_explorer]: Checking global path to frontier (-0.65, 4.68), distance=0.60m
[INFO] [1788847286.762820328] [candidate_explorer]: Nav2 path to frontier is 0.62m (straight-line=0.60m, detour=1.0x)
[INFO] [1788847286.763651240] [candidate_explorer]: Global path accepted. Navigating to frontier (-0.65, 4.68)
[bt_navigator-7] [INFO] [1788847286.764138903] [bt_navigator]: Begin navigating from current location (-0.74, 5.27) to (-0.65, 4.68)
[controller_server-3] [INFO] [1788847286.785376684] [controller_server]: Received a goal, begin computing control effort.
[controller_server-3] [INFO] [1788847287.838165877] [controller_server]: Passing new path to controller.
[controller_server-3] [INFO] [1788847288.138845665] [controller_server]: Reached the goal!
[bt_navigator-7] [INFO] [1788847288.175839178] [bt_navigator]: Goal succeeded
[INFO] [1788847288.176713298] [candidate_explorer]: Frontier goal finished: success=True
[INFO] [1788847288.176936380] [candidate_explorer]: Reached frontier. Waiting for the map to expose new frontiers.
[INFO] [1788847288.216127421] [candidate_explorer]: Detected 10211 frontier cells
[INFO] [1788847288.225111655] [candidate_explorer]: Found 235 frontier clusters after filtering
[INFO] [1788847288.231946528] [candidate_explorer]: Selected frontier cluster: size=2013, goal=(-0.42, 4.36), distance=0.60
[INFO] [1788847288.232902481] [candidate_explorer]: Checking global path to frontier (-0.42, 4.36), distance=0.60m
[INFO] [1788847288.236420542] [candidate_explorer]: Nav2 path to frontier is 0.61m (straight-line=0.60m, detour=1.0x)
[INFO] [1788847288.237363411] [candidate_explorer]: Global path accepted. Navigating to frontier (-0.42, 4.36)
[bt_navigator-7] [INFO] [1788847288.237794991] [bt_navigator]: Begin navigating from current location (-0.82, 4.81) to (-0.42, 4.36)
[controller_server-3] [INFO] [1788847288.258383860] [controller_server]: Received a goal, begin computing control effort.
[controller_server-3] [INFO] [1788847288.712049587] [controller_server]: Reached the goal!
[bt_navigator-7] [INFO] [1788847288.741292775] [bt_navigator]: Goal succeeded
[INFO] [1788847288.741766939] [candidate_explorer]: Frontier goal finished: success=True
[INFO] [1788847288.742018937] [candidate_explorer]: Reached frontier. Waiting for the map to expose new frontiers.
[INFO] [1788847288.997966219] [candidate_explorer]: Detected 9990 frontier cells
[INFO] [1788847289.006841871] [candidate_explorer]: Found 237 frontier clusters after filtering
[INFO] [1788847289.013422537] [candidate_explorer]: Selected frontier cluster: size=1954, goal=(-0.39, 3.90), distance=0.60
[INFO] [1788847289.014422656] [candidate_explorer]: Checking global path to frontier (-0.39, 3.90), distance=0.60m
[INFO] [1788847289.018057466] [candidate_explorer]: Nav2 path to frontier is 0.65m (straight-line=0.60m, detour=1.1x)
[INFO] [1788847289.018966377] [candidate_explorer]: Global path accepted. Navigating to frontier (-0.39, 3.90)
[bt_navigator-7] [INFO] [1788847289.019412541] [bt_navigator]: Begin navigating from current location (-0.58, 4.47) to (-0.39, 3.90)
[controller_server-3] [INFO] [1788847289.042216853] [controller_server]: Received a goal, begin computing control effort.
[controller_server-3] [INFO] [1788847289.498315815] [controller_server]: Reached the goal!
[bt_navigator-7] [INFO] [1788847289.529590532] [bt_navigator]: Goal succeeded
[INFO] [1788847289.530672234] [candidate_explorer]: Frontier goal finished: success=True
[INFO] [1788847289.530882399] [candidate_explorer]: Reached frontier. Waiting for the map to expose new frontiers.
[INFO] [1788847289.718738199] [candidate_explorer]: Detected 9990 frontier cells
[INFO] [1788847289.727402144] [candidate_explorer]: Found 237 frontier clusters after filtering
[INFO] [1788847289.734118726] [candidate_explorer]: Selected frontier cluster: size=1954, goal=(-0.14, 3.58), distance=0.60
[INFO] [1788847289.735036012] [candidate_explorer]: Checking global path to frontier (-0.14, 3.58), distance=0.60m
[INFO] [1788847289.738443823] [candidate_explorer]: Nav2 path to frontier is 0.61m (straight-line=0.60m, detour=1.0x)
[INFO] [1788847289.739380359] [candidate_explorer]: Global path accepted. Navigating to frontier (-0.14, 3.58)
[bt_navigator-7] [INFO] [1788847289.739719357] [bt_navigator]: Begin navigating from current location (-0.39, 4.13) to (-0.14, 3.58)
[controller_server-3] [INFO] [1788847289.760443308] [controller_server]: Received a goal, begin computing control effort.
[controller_server-3] [INFO] [1788847290.214687198] [controller_server]: Reached the goal!
[bt_navigator-7] [INFO] [1788847290.241626235] [bt_navigator]: Goal succeeded
[INFO] [1788847290.242744936] [candidate_explorer]: Frontier goal finished: success=True
[INFO] [1788847290.242965268] [candidate_explorer]: Reached frontier. Waiting for the map to expose new frontiers.
[INFO] [1788847290.494494578] [candidate_explorer]: Detected 9125 frontier cells
[INFO] [1788847290.502790567] [candidate_explorer]: Found 219 frontier clusters after filtering
[INFO] [1788847290.508933027] [candidate_explorer]: Selected frontier cluster: size=1694, goal=(-0.59, 4.23), distance=0.61
[INFO] [1788847290.509833605] [candidate_explorer]: Checking global path to frontier (-0.59, 4.23), distance=0.61m
[planner_server-5] [ERROR] [1788847290.511016264] [planner_server]: Failed to create a plan from potential when a legal potential was found. This shouldn't happen.
[planner_server-5] [WARN] [1788847290.511060555] [planner_server]: GridBased: failed to create plan with tolerance 0.50.
[planner_server-5] [WARN] [1788847290.511070514] [planner_server]: Planning algorithm GridBased failed to generate a valid path to (-0.59, 4.23)
[planner_server-5] [WARN] [1788847290.511081430] [planner_server]: [compute_path_to_pose] [ActionServer] Aborting handle.
[WARN] [1788847290.512381172] [candidate_explorer]: Path computation failed, status=6
[WARN] [1788847290.512598796] [candidate_explorer]: No global path to frontier (-0.59, 4.23). Blacklisting.
[INFO] [1788847290.714820129] [candidate_explorer]: Detected 9125 frontier cells
[INFO] [1788847290.723250117] [candidate_explorer]: Found 219 frontier clusters after filtering
[INFO] [1788847290.729882033] [candidate_explorer]: Selected frontier cluster: size=189, goal=(1.45, 1.72), distance=2.63
[INFO] [1788847290.730849318] [candidate_explorer]: Checking global path to frontier (1.45, 1.72), distance=2.63m
[INFO] [1788847290.739511721] [candidate_explorer]: Nav2 path to frontier is 2.69m (straight-line=2.63m, detour=1.0x)
[INFO] [1788847290.742776909] [candidate_explorer]: Global path accepted. Navigating to frontier (1.45, 1.72)
[bt_navigator-7] [INFO] [1788847290.743162323] [bt_navigator]: Begin navigating from current location (-0.24, 3.74) to (1.45, 1.72)
[controller_server-3] [INFO] [1788847290.764275771] [controller_server]: Received a goal, begin computing control effort.
[controller_server-3] [INFO] [1788847291.817222005] [controller_server]: Passing new path to controller.
[controller_server-3] [INFO] [1788847292.815904501] [controller_server]: Passing new path to controller.
[controller_server-3] [INFO] [1788847292.968698359] [controller_server]: Reached the goal!
[bt_navigator-7] [INFO] [1788847293.003840759] [bt_navigator]: Goal succeeded
[INFO] [1788847293.004816711] [candidate_explorer]: Frontier goal finished: success=True
[INFO] [1788847293.005076460] [candidate_explorer]: Reached frontier. Waiting for the map to expose new frontiers.
[INFO] [1788847293.242448110] [candidate_explorer]: Detected 8669 frontier cells
[INFO] [1788847293.249774022] [candidate_explorer]: Found 193 frontier clusters after filtering
[INFO] [1788847293.256063940] [candidate_explorer]: Selected frontier cluster: size=189, goal=(1.84, 1.56), distance=0.60
[INFO] [1788847293.256988684] [candidate_explorer]: Checking global path to frontier (1.84, 1.56), distance=0.60m
[INFO] [1788847293.260526245] [candidate_explorer]: Nav2 path to frontier is 0.64m (straight-line=0.60m, detour=1.1x)
[INFO] [1788847293.261320698] [candidate_explorer]: Global path accepted. Navigating to frontier (1.84, 1.56)
[bt_navigator-7] [INFO] [1788847293.261663946] [bt_navigator]: Begin navigating from current location (1.33, 1.87) to (1.84, 1.56)
[controller_server-3] [INFO] [1788847293.283284974] [controller_server]: Received a goal, begin computing control effort.
[controller_server-3] [INFO] [1788847293.736447789] [controller_server]: Reached the goal!
[bt_navigator-7] [INFO] [1788847293.761968834] [bt_navigator]: Goal succeeded
[INFO] [1788847293.762386498] [candidate_explorer]: Frontier goal finished: success=True
[INFO] [1788847293.762638288] [candidate_explorer]: Reached frontier. Waiting for the map to expose new frontiers.
[INFO] [1788847293.969462050] [candidate_explorer]: Detected 8669 frontier cells
[INFO] [1788847293.977001169] [candidate_explorer]: Found 193 frontier clusters after filtering
[INFO] [1788847293.983185921] [candidate_explorer]: Selected frontier cluster: size=131, goal=(2.19, 1.38), distance=0.60
[INFO] [1788847293.984097123] [candidate_explorer]: Checking global path to frontier (2.19, 1.38), distance=0.60m
[INFO] [1788847293.987731225] [candidate_explorer]: Nav2 path to frontier is 0.64m (straight-line=0.60m, detour=1.1x)
[INFO] [1788847293.988599928] [candidate_explorer]: Global path accepted. Navigating to frontier (2.19, 1.38)
[bt_navigator-7] [INFO] [1788847293.988919718] [bt_navigator]: Begin navigating from current location (1.66, 1.66) to (2.19, 1.38)
[controller_server-3] [INFO] [1788847294.010419080] [controller_server]: Received a goal, begin computing control effort.
[controller_server-3] [INFO] [1788847294.463795310] [controller_server]: Reached the goal!
[bt_navigator-7] [INFO] [1788847294.500939239] [bt_navigator]: Goal succeeded
[INFO] [1788847294.501775025] [candidate_explorer]: Frontier goal finished: success=True
[INFO] [1788847294.502041940] [candidate_explorer]: Reached frontier. Waiting for the map to expose new frontiers.
[INFO] [1788847294.743917604] [candidate_explorer]: Detected 9232 frontier cells
[INFO] [1788847294.753387127] [candidate_explorer]: Found 153 frontier clusters after filtering
[INFO] [1788847294.760018668] [candidate_explorer]: Selected frontier cluster: size=815, goal=(2.58, 1.17), distance=0.65
[INFO] [1788847294.760966912] [candidate_explorer]: Checking global path to frontier (2.58, 1.17), distance=0.65m
[INFO] [1788847294.765111344] [candidate_explorer]: Nav2 path to frontier is 0.70m (straight-line=0.65m, detour=1.1x)
[INFO] [1788847294.766039588] [candidate_explorer]: Global path accepted. Navigating to frontier (2.58, 1.17)
[bt_navigator-7] [INFO] [1788847294.766536584] [bt_navigator]: Begin navigating from current location (2.00, 1.47) to (2.58, 1.17)
[controller_server-3] [INFO] [1788847294.789031524] [controller_server]: Received a goal, begin computing control effort.
[planner_server-5] [INFO] [1788847294.898058411] [global_costmap.global_costmap]: StaticLayer: Resizing costmap to 603 X 416 at 0.015000 m/pix
[controller_server-3] [INFO] [1788847295.292162602] [controller_server]: Reached the goal!
[bt_navigator-7] [INFO] [1788847295.328928951] [bt_navigator]: Goal succeeded
[INFO] [1788847295.329430448] [candidate_explorer]: Frontier goal finished: success=True
[INFO] [1788847295.329661113] [candidate_explorer]: Reached frontier. Waiting for the map to expose new frontiers.
[INFO] [1788847295.469820218] [candidate_explorer]: Detected 9232 frontier cells
[INFO] [1788847295.477913666] [candidate_explorer]: Found 153 frontier clusters after filtering
[INFO] [1788847295.484655415] [candidate_explorer]: Selected frontier cluster: size=815, goal=(2.95, 1.05), distance=0.60
[INFO] [1788847295.485568284] [candidate_explorer]: Checking global path to frontier (2.95, 1.05), distance=0.60m
[planner_server-5] [ERROR] [1788847295.487333689] [planner_server]: Failed to create a plan from potential when a legal potential was found. This shouldn't happen.
[planner_server-5] [WARN] [1788847295.487367064] [planner_server]: GridBased: failed to create plan with tolerance 0.50.
[planner_server-5] [WARN] [1788847295.487372606] [planner_server]: Planning algorithm GridBased failed to generate a valid path to (2.95, 1.05)
[planner_server-5] [WARN] [1788847295.487378356] [planner_server]: [compute_path_to_pose] [ActionServer] Aborting handle.
[WARN] [1788847295.488627848] [candidate_explorer]: Path computation failed, status=6
[WARN] [1788847295.488829555] [candidate_explorer]: No global path to frontier (2.95, 1.05). Blacklisting.
[INFO] [1788847295.719380999] [candidate_explorer]: Detected 9232 frontier cells
[INFO] [1788847295.727514405] [candidate_explorer]: Found 153 frontier clusters after filtering
[INFO] [1788847295.734579860] [candidate_explorer]: Selected frontier cluster: size=815, goal=(3.73, 0.87), distance=1.40
[INFO] [1788847295.735467646] [candidate_explorer]: Checking global path to frontier (3.73, 0.87), distance=1.40m
[planner_server-5] [ERROR] [1788847295.737151510] [planner_server]: Failed to create a plan from potential when a legal potential was found. This shouldn't happen.
[planner_server-5] [WARN] [1788847295.737185093] [planner_server]: GridBased: failed to create plan with tolerance 0.50.
[planner_server-5] [WARN] [1788847295.737191177] [planner_server]: Planning algorithm GridBased failed to generate a valid path to (3.73, 0.87)
[planner_server-5] [WARN] [1788847295.737280384] [planner_server]: [compute_path_to_pose] [ActionServer] Aborting handle.
[WARN] [1788847295.738588501] [candidate_explorer]: Path computation failed, status=6
[WARN] [1788847295.738791791] [candidate_explorer]: No global path to frontier (3.73, 0.87). Blacklisting.
[INFO] [1788847295.967602038] [candidate_explorer]: Detected 9232 frontier cells
[INFO] [1788847295.975660029] [candidate_explorer]: Found 153 frontier clusters after filtering
[INFO] [1788847295.983071648] [candidate_explorer]: Selected frontier cluster: size=7, goal=(1.90, 0.90), distance=0.60
[INFO] [1788847295.983994100] [candidate_explorer]: Checking global path to frontier (1.90, 0.90), distance=0.60m
[INFO] [1788847295.987881784] [candidate_explorer]: Nav2 path to frontier is 0.66m (straight-line=0.60m, detour=1.1x)
[INFO] [1788847295.988800445] [candidate_explorer]: Global path accepted. Navigating to frontier (1.90, 0.90)
[bt_navigator-7] [INFO] [1788847295.989192984] [bt_navigator]: Begin navigating from current location (2.39, 1.26) to (1.90, 0.90)
[controller_server-3] [INFO] [1788847296.011298634] [controller_server]: Received a goal, begin computing control effort.
[planner_server-5] [INFO] [1788847296.898836424] [global_costmap.global_costmap]: StaticLayer: Resizing costmap to 604 X 416 at 0.015000 m/pix
[controller_server-3] [INFO] [1788847297.062124090] [controller_server]: Passing new path to controller.
[controller_server-3] [INFO] [1788847297.564898712] [controller_server]: Reached the goal!
[bt_navigator-7] [INFO] [1788847297.599623740] [bt_navigator]: Goal succeeded
[INFO] [1788847297.600579734] [candidate_explorer]: Frontier goal finished: success=True
[INFO] [1788847297.600822399] [candidate_explorer]: Reached frontier. Waiting for the map to expose new frontiers.
[INFO] [1788847297.744517814] [candidate_explorer]: Detected 9409 frontier cells
[INFO] [1788847297.752879428] [candidate_explorer]: Found 161 frontier clusters after filtering
[INFO] [1788847297.760417463] [candidate_explorer]: Selected frontier cluster: size=1547, goal=(0.99, 0.28), distance=1.23
[INFO] [1788847297.761288124] [candidate_explorer]: Checking global path to frontier (0.99, 0.28), distance=1.23m
[INFO] [1788847297.767461876] [candidate_explorer]: Nav2 path to frontier is 1.38m (straight-line=1.23m, detour=1.1x)
[INFO] [1788847297.768843701] [candidate_explorer]: Global path accepted. Navigating to frontier (0.99, 0.28)
[bt_navigator-7] [INFO] [1788847297.769379281] [bt_navigator]: Begin navigating from current location (2.08, 0.84) to (0.99, 0.28)
[controller_server-3] [INFO] [1788847297.792375592] [controller_server]: Received a goal, begin computing control effort.
[controller_server-3] [INFO] [1788847298.842863549] [controller_server]: Passing new path to controller.
[controller_server-3] [INFO] [1788847298.846406527] [controller_server]: Reached the goal!
[bt_navigator-7] [INFO] [1788847298.890957576] [bt_navigator]: Goal succeeded
[INFO] [1788847298.891639905] [candidate_explorer]: Frontier goal finished: success=True
[INFO] [1788847298.891987527] [candidate_explorer]: Reached frontier. Waiting for the map to expose new frontiers.
[INFO] [1788847299.005447553] [candidate_explorer]: Detected 10040 frontier cells
[INFO] [1788847299.014123997] [candidate_explorer]: Found 185 frontier clusters after filtering
[INFO] [1788847299.022840525] [candidate_explorer]: Selected frontier cluster: size=1547, goal=(0.82, 0.34), distance=0.60
[INFO] [1788847299.023783352] [candidate_explorer]: Checking global path to frontier (0.82, 0.34), distance=0.60m
[planner_server-5] [WARN] [1788847299.025073552] [planner_server]: GridBased: failed to create plan with tolerance 0.50.
[planner_server-5] [WARN] [1788847299.025109677] [planner_server]: Planning algorithm GridBased failed to generate a valid path to (0.82, 0.34)
[planner_server-5] [WARN] [1788847299.025119427] [planner_server]: [compute_path_to_pose] [ActionServer] Aborting handle.
[WARN] [1788847299.026815291] [candidate_explorer]: Path computation failed, status=6
[WARN] [1788847299.027038081] [candidate_explorer]: No global path to frontier (0.82, 0.34). Blacklisting.
[INFO] [1788847299.219568602] [candidate_explorer]: Detected 10040 frontier cells
[INFO] [1788847299.228153880] [candidate_explorer]: Found 185 frontier clusters after filtering
[INFO] [1788847299.237270489] [candidate_explorer]: Selected frontier cluster: size=1812, goal=(1.87, 0.79), distance=0.66
[INFO] [1788847299.238210358] [candidate_explorer]: Checking global path to frontier (1.87, 0.79), distance=0.66m
[INFO] [1788847299.241064756] [candidate_explorer]: Nav2 path to frontier is 0.00m (straight-line=0.66m, detour=0.0x)
[WARN] [1788847299.241293005] [candidate_explorer]: Rejecting frontier (1.87, 0.79): Nav2 returned a zero-length path, so it would not move the robot.
[INFO] [1788847299.471155287] [candidate_explorer]: Detected 10040 frontier cells
[INFO] [1788847299.479978564] [candidate_explorer]: Found 185 frontier clusters after filtering
[INFO] [1788847299.489301046] [candidate_explorer]: Selected frontier cluster: size=137, goal=(0.07, 0.04), distance=1.38
[INFO] [1788847299.490206290] [candidate_explorer]: Checking global path to frontier (0.07, 0.04), distance=1.38m
[planner_server-5] [WARN] [1788847299.491540156] [planner_server]: GridBased: failed to create plan with tolerance 0.50.
[planner_server-5] [WARN] [1788847299.491572281] [planner_server]: Planning algorithm GridBased failed to generate a valid path to (0.07, 0.04)
[planner_server-5] [WARN] [1788847299.491578365] [planner_server]: [compute_path_to_pose] [ActionServer] Aborting handle.
[WARN] [1788847299.493184021] [candidate_explorer]: Path computation failed, status=6
[WARN] [1788847299.493398853] [candidate_explorer]: No global path to frontier (0.07, 0.04). Blacklisting.
[INFO] [1788847299.718779288] [candidate_explorer]: Detected 10040 frontier cells
[INFO] [1788847299.727305609] [candidate_explorer]: Found 185 frontier clusters after filtering
[INFO] [1788847299.736956422] [candidate_explorer]: Selected frontier cluster: size=1812, goal=(1.62, 1.56), distance=1.26
[INFO] [1788847299.737880625] [candidate_explorer]: Checking global path to frontier (1.62, 1.56), distance=1.26m
[planner_server-5] [WARN] [1788847299.739252908] [planner_server]: GridBased: failed to create plan with tolerance 0.50.
[planner_server-5] [WARN] [1788847299.739279824] [planner_server]: Planning algorithm GridBased failed to generate a valid path to (1.62, 1.56)
[planner_server-5] [WARN] [1788847299.739285491] [planner_server]: [compute_path_to_pose] [ActionServer] Aborting handle.
[WARN] [1788847299.741022313] [candidate_explorer]: Path computation failed, status=6
[WARN] [1788847299.741242020] [candidate_explorer]: No global path to frontier (1.62, 1.56). Blacklisting.
[INFO] [1788847299.971721381] [candidate_explorer]: Detected 10040 frontier cells
[INFO] [1788847299.980644199] [candidate_explorer]: Found 185 frontier clusters after filtering
[INFO] [1788847299.990068347] [candidate_explorer]: Selected frontier cluster: size=1547, goal=(-0.21, 3.48), distance=3.56
[INFO] [1788847299.990967633] [candidate_explorer]: Checking global path to frontier (-0.21, 3.48), distance=3.56m
[planner_server-5] [WARN] [1788847299.992291958] [planner_server]: GridBased: failed to create plan with tolerance 0.50.
[planner_server-5] [WARN] [1788847299.992324208] [planner_server]: Planning algorithm GridBased failed to generate a valid path to (-0.21, 3.48)
[planner_server-5] [WARN] [1788847299.992329875] [planner_server]: [compute_path_to_pose] [ActionServer] Aborting handle.
[WARN] [1788847299.994098072] [candidate_explorer]: Path computation failed, status=6
[WARN] [1788847299.994334237] [candidate_explorer]: No global path to frontier (-0.21, 3.48). Blacklisting.
[INFO] [1788847300.219048135] [candidate_explorer]: Detected 10040 frontier cells
[INFO] [1788847300.227703330] [candidate_explorer]: Found 185 frontier clusters after filtering
[INFO] [1788847300.237736724] [candidate_explorer]: Selected frontier cluster: size=1547, goal=(-0.90, 4.98), distance=5.21
[INFO] [1788847300.238684343] [candidate_explorer]: Checking global path to frontier (-0.90, 4.98), distance=5.21m
[planner_server-5] [WARN] [1788847300.239892835] [planner_server]: GridBased: failed to create plan with tolerance 0.50.
[planner_server-5] [WARN] [1788847300.239923085] [planner_server]: Planning algorithm GridBased failed to generate a valid path to (-0.90, 4.98)
[planner_server-5] [WARN] [1788847300.239928877] [planner_server]: [compute_path_to_pose] [ActionServer] Aborting handle.
[WARN] [1788847300.241790823] [candidate_explorer]: Path computation failed, status=6
[WARN] [1788847300.242031488] [candidate_explorer]: No global path to frontier (-0.90, 4.98). Blacklisting.
[INFO] [1788847300.498897139] [candidate_explorer]: Detected 10468 frontier cells
[INFO] [1788847300.508290246] [candidate_explorer]: Found 231 frontier clusters after filtering
[INFO] [1788847300.519025761] [candidate_explorer]: Selected frontier cluster: size=1374, goal=(4.45, 2.98), distance=4.03
[INFO] [1788847300.519970213] [candidate_explorer]: Checking global path to frontier (4.45, 2.98), distance=4.03m
[planner_server-5] [WARN] [1788847300.521170830] [planner_server]: GridBased: failed to create plan with tolerance 0.50.
[planner_server-5] [WARN] [1788847300.521196247] [planner_server]: Planning algorithm GridBased failed to generate a valid path to (4.45, 2.98)
[planner_server-5] [WARN] [1788847300.521201705] [planner_server]: [compute_path_to_pose] [ActionServer] Aborting handle.
[WARN] [1788847300.523001485] [candidate_explorer]: Path computation failed, status=6
[WARN] [1788847300.523224109] [candidate_explorer]: No global path to frontier (4.45, 2.98). Blacklisting.
[INFO] [1788847300.721641342] [candidate_explorer]: Detected 10468 frontier cells
[INFO] [1788847300.732239107] [candidate_explorer]: Found 231 frontier clusters after filtering
[INFO] [1788847300.744642236] [candidate_explorer]: Selected frontier cluster: size=664, goal=(4.54, 0.89), distance=3.17
[INFO] [1788847300.745808021] [candidate_explorer]: Checking global path to frontier (4.54, 0.89), distance=3.17m
[planner_server-5] [WARN] [1788847300.747124054] [planner_server]: GridBased: failed to create plan with tolerance 0.50.
[planner_server-5] [WARN] [1788847300.747153179] [planner_server]: Planning algorithm GridBased failed to generate a valid path to (4.54, 0.89)
[planner_server-5] [WARN] [1788847300.747159137] [planner_server]: [compute_path_to_pose] [ActionServer] Aborting handle.
[WARN] [1788847300.748851334] [candidate_explorer]: Path computation failed, status=6
[WARN] [1788847300.749115041] [candidate_explorer]: No global path to frontier (4.54, 0.89). Blacklisting.
[planner_server-5] [INFO] [1788847300.897795133] [global_costmap.global_costmap]: StaticLayer: Resizing costmap to 604 X 418 at 0.015000 m/pix
[INFO] [1788847300.970231337] [candidate_explorer]: Detected 10468 frontier cells
[INFO] [1788847300.979845484] [candidate_explorer]: Found 231 frontier clusters after filtering
[INFO] [1788847300.990950747] [candidate_explorer]: Selected frontier cluster: size=642, goal=(3.78, 4.64), distance=4.93
[INFO] [1788847300.992087239] [candidate_explorer]: Checking global path to frontier (3.78, 4.64), distance=4.93m
[planner_server-5] [WARN] [1788847300.993356481] [planner_server]: GridBased: failed to create plan with tolerance 0.50.
[planner_server-5] [WARN] [1788847300.993380481] [planner_server]: Planning algorithm GridBased failed to generate a valid path to (3.78, 4.64)
[planner_server-5] [WARN] [1788847300.993386231] [planner_server]: [compute_path_to_pose] [ActionServer] Aborting handle.
[WARN] [1788847300.995246552] [candidate_explorer]: Path computation failed, status=6
[WARN] [1788847300.995493718] [candidate_explorer]: No global path to frontier (3.78, 4.64). Blacklisting.
[INFO] [1788847301.223052556] [candidate_explorer]: Detected 10468 frontier cells
[INFO] [1788847301.232277955] [candidate_explorer]: Found 231 frontier clusters after filtering
[INFO] [1788847301.243153636] [candidate_explorer]: Selected frontier cluster: size=1374, goal=(5.25, 3.07), distance=4.71
[INFO] [1788847301.244048588] [candidate_explorer]: Checking global path to frontier (5.25, 3.07), distance=4.71m
[planner_server-5] [WARN] [1788847301.245253081] [planner_server]: GridBased: failed to create plan with tolerance 0.50.
[planner_server-5] [WARN] [1788847301.245281830] [planner_server]: Planning algorithm GridBased failed to generate a valid path to (5.25, 3.07)
[planner_server-5] [WARN] [1788847301.245287747] [planner_server]: [compute_path_to_pose] [ActionServer] Aborting handle.
[WARN] [1788847301.247083694] [candidate_explorer]: Path computation failed, status=6
[WARN] [1788847301.247314109] [candidate_explorer]: No global path to frontier (5.25, 3.07). Blacklisting.
[INFO] [1788847301.473951787] [candidate_explorer]: Detected 10468 frontier cells
[INFO] [1788847301.483273727] [candidate_explorer]: Found 231 frontier clusters after filtering
[INFO] [1788847301.493938992] [candidate_explorer]: Selected frontier cluster: size=1374, goal=(5.14, 3.86), distance=5.14
[INFO] [1788847301.494909028] [candidate_explorer]: Checking global path to frontier (5.14, 3.86), distance=5.14m
[planner_server-5] [WARN] [1788847301.496100437] [planner_server]: GridBased: failed to create plan with tolerance 0.50.
[planner_server-5] [WARN] [1788847301.496131228] [planner_server]: Planning algorithm GridBased failed to generate a valid path to (5.14, 3.86)
[planner_server-5] [WARN] [1788847301.496136645] [planner_server]: [compute_path_to_pose] [ActionServer] Aborting handle.
[WARN] [1788847301.497821009] [candidate_explorer]: Path computation failed, status=6
[WARN] [1788847301.498042174] [candidate_explorer]: No global path to frontier (5.14, 3.86). Blacklisting.
[INFO] [1788847301.724084022] [candidate_explorer]: Detected 10468 frontier cells
[INFO] [1788847301.733272214] [candidate_explorer]: Found 231 frontier clusters after filtering
[INFO] [1788847301.743410191] [candidate_explorer]: Selected frontier cluster: size=642, goal=(4.14, 5.36), distance=5.73
[INFO] [1788847301.744323060] [candidate_explorer]: Checking global path to frontier (4.14, 5.36), distance=5.73m
[planner_server-5] [WARN] [1788847301.745510469] [planner_server]: GridBased: failed to create plan with tolerance 0.50.
[planner_server-5] [WARN] [1788847301.745536885] [planner_server]: Planning algorithm GridBased failed to generate a valid path to (4.14, 5.36)
[planner_server-5] [WARN] [1788847301.745542677] [planner_server]: [compute_path_to_pose] [ActionServer] Aborting handle.
[WARN] [1788847301.747454082] [candidate_explorer]: Path computation failed, status=6
[WARN] [1788847301.747720580] [candidate_explorer]: No global path to frontier (4.14, 5.36). Blacklisting.
[INFO] [1788847301.972459769] [candidate_explorer]: Detected 10468 frontier cells
[INFO] [1788847301.986621554] [candidate_explorer]: Found 231 frontier clusters after filtering
[INFO] [1788847301.996772114] [candidate_explorer]: Selected frontier cluster: size=37, goal=(4.50, 2.17), distance=3.59
[INFO] [1788847301.997745400] [candidate_explorer]: Checking global path to frontier (4.50, 2.17), distance=3.59m
[planner_server-5] [WARN] [1788847301.998921559] [planner_server]: GridBased: failed to create plan with tolerance 0.50.
[planner_server-5] [WARN] [1788847301.998951475] [planner_server]: Planning algorithm GridBased failed to generate a valid path to (4.50, 2.17)
[planner_server-5] [WARN] [1788847301.998956642] [planner_server]: [compute_path_to_pose] [ActionServer] Aborting handle.
[WARN] [1788847302.000579257] [candidate_explorer]: Path computation failed, status=6
[WARN] [1788847302.000804797] [candidate_explorer]: No global path to frontier (4.50, 2.17). Blacklisting.
[INFO] [1788847302.221687219] [candidate_explorer]: Detected 10468 frontier cells
[INFO] [1788847302.230892452] [candidate_explorer]: Found 231 frontier clusters after filtering
[INFO] [1788847302.240909680] [candidate_explorer]: Selected frontier cluster: size=12, goal=(3.34, 2.98), distance=3.28
[INFO] [1788847302.241927215] [candidate_explorer]: Checking global path to frontier (3.34, 2.98), distance=3.28m
[planner_server-5] [WARN] [1788847302.243192290] [planner_server]: GridBased: failed to create plan with tolerance 0.50.
[planner_server-5] [WARN] [1788847302.243251748] [planner_server]: Planning algorithm GridBased failed to generate a valid path to (3.34, 2.98)
[planner_server-5] [WARN] [1788847302.243259957] [planner_server]: [compute_path_to_pose] [ActionServer] Aborting handle.
[WARN] [1788847302.245310693] [candidate_explorer]: Path computation failed, status=6
[WARN] [1788847302.245535109] [candidate_explorer]: No global path to frontier (3.34, 2.98). Blacklisting.
[INFO] [1788847302.501395266] [candidate_explorer]: Detected 10468 frontier cells
[INFO] [1788847302.511529868] [candidate_explorer]: Found 231 frontier clusters after filtering
[INFO] [1788847302.522241341] [candidate_explorer]: Selected frontier cluster: size=7, goal=(1.84, 4.67), distance=4.38
[INFO] [1788847302.523366293] [candidate_explorer]: Checking global path to frontier (1.84, 4.67), distance=4.38m
[planner_server-5] [WARN] [1788847302.524682326] [planner_server]: GridBased: failed to create plan with tolerance 0.50.
[planner_server-5] [WARN] [1788847302.524709742] [planner_server]: Planning algorithm GridBased failed to generate a valid path to (1.84, 4.67)
[planner_server-5] [WARN] [1788847302.524714867] [planner_server]: [compute_path_to_pose] [ActionServer] Aborting handle.
[WARN] [1788847302.526363815] [candidate_explorer]: Path computation failed, status=6
[WARN] [1788847302.526638730] [candidate_explorer]: No global path to frontier (1.84, 4.67). Blacklisting.
[INFO] [1788847302.722105273] [candidate_explorer]: Detected 10468 frontier cells
[INFO] [1788847302.731329214] [candidate_explorer]: Found 231 frontier clusters after filtering
[INFO] [1788847302.741305942] [candidate_explorer]: Selected frontier cluster: size=15, goal=(4.21, 3.85), distance=4.50
[INFO] [1788847302.742237686] [candidate_explorer]: Checking global path to frontier (4.21, 3.85), distance=4.50m
[planner_server-5] [WARN] [1788847302.743424637] [planner_server]: GridBased: failed to create plan with tolerance 0.50.
[planner_server-5] [WARN] [1788847302.743451262] [planner_server]: Planning algorithm GridBased failed to generate a valid path to (4.21, 3.85)
[planner_server-5] [WARN] [1788847302.743456845] [planner_server]: [compute_path_to_pose] [ActionServer] Aborting handle.
[WARN] [1788847302.745681456] [candidate_explorer]: Path computation failed, status=6
[WARN] [1788847302.746042245] [candidate_explorer]: No global path to frontier (4.21, 3.85). Blacklisting.
[INFO] [1788847302.973037254] [candidate_explorer]: Detected 10468 frontier cells
[INFO] [1788847302.982318778] [candidate_explorer]: Found 231 frontier clusters after filtering
[INFO] [1788847302.992650879] [candidate_explorer]: Selected frontier cluster: size=16, goal=(2.74, 4.72), distance=4.60
[INFO] [1788847302.993664289] [candidate_explorer]: Checking global path to frontier (2.74, 4.72), distance=4.60m
[planner_server-5] [WARN] [1788847302.994934614] [planner_server]: GridBased: failed to create plan with tolerance 0.50.
[planner_server-5] [WARN] [1788847302.994959739] [planner_server]: Planning algorithm GridBased failed to generate a valid path to (2.74, 4.72)
[planner_server-5] [WARN] [1788847302.994965030] [planner_server]: [compute_path_to_pose] [ActionServer] Aborting handle.
[WARN] [1788847302.996951309] [candidate_explorer]: Path computation failed, status=6
[WARN] [1788847302.997184641] [candidate_explorer]: No global path to frontier (2.74, 4.72). Blacklisting.
[INFO] [1788847303.221237669] [candidate_explorer]: Detected 10468 frontier cells
[INFO] [1788847303.230400068] [candidate_explorer]: Found 231 frontier clusters after filtering
[INFO] [1788847303.240530379] [candidate_explorer]: Selected frontier cluster: size=10, goal=(5.32, 0.65), distance=3.92
[INFO] [1788847303.241530706] [candidate_explorer]: Checking global path to frontier (5.32, 0.65), distance=3.92m
[planner_server-5] [WARN] [1788847303.242712448] [planner_server]: GridBased: failed to create plan with tolerance 0.50.
[planner_server-5] [WARN] [1788847303.242778698] [planner_server]: Planning algorithm GridBased failed to generate a valid path to (5.32, 0.65)
[planner_server-5] [WARN] [1788847303.242785906] [planner_server]: [compute_path_to_pose] [ActionServer] Aborting handle.
[WARN] [1788847303.244748977] [candidate_explorer]: Path computation failed, status=6
[WARN] [1788847303.244942184] [candidate_explorer]: No global path to frontier (5.32, 0.65). Blacklisting.
[INFO] [1788847303.474221386] [candidate_explorer]: Detected 10468 frontier cells
[INFO] [1788847303.483501494] [candidate_explorer]: Found 231 frontier clusters after filtering
[INFO] [1788847303.493483180] [candidate_explorer]: Selected frontier cluster: size=18, goal=(6.07, 0.37), distance=4.65
[INFO] [1788847303.494378132] [candidate_explorer]: Checking global path to frontier (6.07, 0.37), distance=4.65m
[planner_server-5] [WARN] [1788847303.495635833] [planner_server]: GridBased: failed to create plan with tolerance 0.50.
[planner_server-5] [WARN] [1788847303.495671624] [planner_server]: Planning algorithm GridBased failed to generate a valid path to (6.07, 0.37)
[planner_server-5] [WARN] [1788847303.495676499] [planner_server]: [compute_path_to_pose] [ActionServer] Aborting handle.
[WARN] [1788847303.497534029] [candidate_explorer]: Path computation failed, status=6
[WARN] [1788847303.497789402] [candidate_explorer]: No global path to frontier (6.07, 0.37). Blacklisting.
[INFO] [1788847303.720878102] [candidate_explorer]: Detected 10468 frontier cells
[INFO] [1788847303.729960586] [candidate_explorer]: Found 231 frontier clusters after filtering
[INFO] [1788847303.739859856] [candidate_explorer]: Selected frontier cluster: size=40, goal=(5.92, 3.68), distance=5.62
[INFO] [1788847303.740752809] [candidate_explorer]: Checking global path to frontier (5.92, 3.68), distance=5.62m
[planner_server-5] [WARN] [1788847303.742003843] [planner_server]: GridBased: failed to create plan with tolerance 0.50.
[planner_server-5] [WARN] [1788847303.742031092] [planner_server]: Planning algorithm GridBased failed to generate a valid path to (5.92, 3.68)
[planner_server-5] [WARN] [1788847303.742036884] [planner_server]: [compute_path_to_pose] [ActionServer] Aborting handle.
[WARN] [1788847303.743971455] [candidate_explorer]: Path computation failed, status=6
[WARN] [1788847303.744180995] [candidate_explorer]: No global path to frontier (5.92, 3.68). Blacklisting.
[INFO] [1788847303.969321057] [candidate_explorer]: Detected 10468 frontier cells
[INFO] [1788847303.978357416] [candidate_explorer]: Found 231 frontier clusters after filtering
[INFO] [1788847303.988343353] [candidate_explorer]: Selected frontier cluster: size=18, goal=(5.74, 2.23), distance=4.72
[INFO] [1788847303.989280680] [candidate_explorer]: Checking global path to frontier (5.74, 2.23), distance=4.72m
[planner_server-5] [WARN] [1788847303.990576088] [planner_server]: GridBased: failed to create plan with tolerance 0.50.
[planner_server-5] [WARN] [1788847303.990604921] [planner_server]: Planning algorithm GridBased failed to generate a valid path to (5.74, 2.23)
[planner_server-5] [WARN] [1788847303.990610838] [planner_server]: [compute_path_to_pose] [ActionServer] Aborting handle.
[WARN] [1788847303.992607159] [candidate_explorer]: Path computation failed, status=6
[WARN] [1788847303.992870324] [candidate_explorer]: No global path to frontier (5.74, 2.23). Blacklisting.
[INFO] [1788847304.221529322] [candidate_explorer]: Detected 10468 frontier cells
[INFO] [1788847304.230709888] [candidate_explorer]: Found 231 frontier clusters after filtering
[INFO] [1788847304.240611366] [candidate_explorer]: Selected frontier cluster: size=8, goal=(3.31, 5.30), distance=5.33
[INFO] [1788847304.241600443] [candidate_explorer]: Checking global path to frontier (3.31, 5.30), distance=5.33m
[planner_server-5] [WARN] [1788847304.242874352] [planner_server]: GridBased: failed to create plan with tolerance 0.50.
[planner_server-5] [WARN] [1788847304.242900018] [planner_server]: Planning algorithm GridBased failed to generate a valid path to (3.31, 5.30)
[planner_server-5] [WARN] [1788847304.242905977] [planner_server]: [compute_path_to_pose] [ActionServer] Aborting handle.
[WARN] [1788847304.245081129] [candidate_explorer]: Path computation failed, status=6
[WARN] [1788847304.245327170] [candidate_explorer]: No global path to frontier (3.31, 5.30). Blacklisting.
[INFO] [1788847304.501383117] [candidate_explorer]: Detected 10468 frontier cells
[INFO] [1788847304.510609684] [candidate_explorer]: Found 231 frontier clusters after filtering
[INFO] [1788847304.520543412] [candidate_explorer]: Selected frontier cluster: size=9, goal=(6.18, 1.19), distance=4.84
[INFO] [1788847304.521525281] [candidate_explorer]: Checking global path to frontier (6.18, 1.19), distance=4.84m
[planner_server-5] [WARN] [1788847304.522652732] [planner_server]: GridBased: failed to create plan with tolerance 0.50.
[planner_server-5] [WARN] [1788847304.522678898] [planner_server]: Planning algorithm GridBased failed to generate a valid path to (6.18, 1.19)
[planner_server-5] [WARN] [1788847304.522684106] [planner_server]: [compute_path_to_pose] [ActionServer] Aborting handle.
[WARN] [1788847304.524606928] [candidate_explorer]: Path computation failed, status=6
[WARN] [1788847304.524824301] [candidate_explorer]: No global path to frontier (6.18, 1.19). Blacklisting.
[INFO] [1788847304.721157214] [candidate_explorer]: Detected 10468 frontier cells
[INFO] [1788847304.730059740] [candidate_explorer]: Found 231 frontier clusters after filtering
[INFO] [1788847304.740004885] [candidate_explorer]: Selected frontier cluster: size=8, goal=(6.90, 0.83), distance=5.50
[INFO] [1788847304.741028420] [candidate_explorer]: Checking global path to frontier (6.90, 0.83), distance=5.50m
[planner_server-5] [WARN] [1788847304.742284204] [planner_server]: GridBased: failed to create plan with tolerance 0.50.
[planner_server-5] [WARN] [1788847304.742310620] [planner_server]: Planning algorithm GridBased failed to generate a valid path to (6.90, 0.83)
[planner_server-5] [WARN] [1788847304.742316662] [planner_server]: [compute_path_to_pose] [ActionServer] Aborting handle.
[WARN] [1788847304.744307233] [candidate_explorer]: Path computation failed, status=6
[WARN] [1788847304.744538356] [candidate_explorer]: No global path to frontier (6.90, 0.83). Blacklisting.
[INFO] [1788847304.970254581] [candidate_explorer]: Detected 10468 frontier cells
[INFO] [1788847304.979316940] [candidate_explorer]: Found 231 frontier clusters after filtering
[WARN] [1788847304.989326334] [candidate_explorer]: Frontier clusters exist, but none have a usable goal point.
[WARN] [1788847304.990340703] [candidate_explorer]: Frontier clusters exist but have no usable goal. Trying recovery direction 1/8 before checking again.
[INFO] [1788847304.990584701] [candidate_explorer]: Recovery move 1/8: forward, 0.8 m -> (0.66, 0.08)
[bt_navigator-7] [INFO] [1788847304.991226572] [bt_navigator]: Begin navigating from current location (1.42, 0.32) to (0.66, 0.08)
[planner_server-5] [WARN] [1788847304.992401940] [planner_server]: GridBased: failed to create plan with tolerance 0.50.
[planner_server-5] [WARN] [1788847304.992431148] [planner_server]: Planning algorithm GridBased failed to generate a valid path to (0.66, 0.08)
[planner_server-5] [WARN] [1788847304.992437398] [planner_server]: [compute_path_to_pose] [ActionServer] Aborting handle.
[controller_server-3] [INFO] [1788847305.015734207] [local_costmap.local_costmap]: Received request to clear entirely the local_costmap
[planner_server-5] [INFO] [1788847305.016500244] [global_costmap.global_costmap]: Received request to clear entirely the global_costmap
[planner_server-5] [WARN] [1788847305.909401250] [planner_server]: GridBased: failed to create plan with tolerance 0.50.
[planner_server-5] [WARN] [1788847305.909438208] [planner_server]: Planning algorithm GridBased failed to generate a valid path to (0.66, 0.08)
[planner_server-5] [WARN] [1788847305.909446041] [planner_server]: [compute_path_to_pose] [ActionServer] Aborting handle.
[behavior_server-6] [INFO] [1788847305.922576582] [behavior_server]: Running backup
[behavior_server-6] [INFO] [1788847305.922898038] [behavior_server]: DriveOnHeading: no acceleration or deceleration limits set
[behavior_server-6] [INFO] [1788847307.225744092] [behavior_server]: backup completed successfully
[planner_server-5] [ERROR] [1788847307.258423842] [planner_server]: Failed to create a plan from potential when a legal potential was found. This shouldn't happen.
[planner_server-5] [WARN] [1788847307.258756090] [planner_server]: GridBased: failed to create plan with tolerance 0.50.
[planner_server-5] [WARN] [1788847307.258885256] [planner_server]: Planning algorithm GridBased failed to generate a valid path to (0.66, 0.08)
[planner_server-5] [WARN] [1788847307.259017296] [planner_server]: [compute_path_to_pose] [ActionServer] Aborting handle.
[behavior_server-6] [INFO] [1788847307.273463163] [behavior_server]: Running spin
[behavior_server-6] [INFO] [1788847307.273883868] [behavior_server]: Turning 1.57 for spin behavior.
[behavior_server-6] [INFO] [1788847307.674745933] [behavior_server]: spin completed successfully
[planner_server-5] [ERROR] [1788847307.693492355] [planner_server]: Failed to create a plan from potential when a legal potential was found. This shouldn't happen.
[planner_server-5] [WARN] [1788847307.693795311] [planner_server]: GridBased: failed to create plan with tolerance 0.50.
[planner_server-5] [WARN] [1788847307.693802853] [planner_server]: Planning algorithm GridBased failed to generate a valid path to (0.66, 0.08)
[planner_server-5] [WARN] [1788847307.693808728] [planner_server]: [compute_path_to_pose] [ActionServer] Aborting handle.
[behavior_server-6] [INFO] [1788847307.712639483] [behavior_server]: Running spin
[behavior_server-6] [INFO] [1788847307.712688524] [behavior_server]: Turning -1.57 for spin behavior.
[behavior_server-6] [INFO] [1788847308.113437714] [behavior_server]: spin completed successfully
[planner_server-5] [ERROR] [1788847308.143347065] [planner_server]: Failed to create a plan from potential when a legal potential was found. This shouldn't happen.
[planner_server-5] [WARN] [1788847308.143395940] [planner_server]: GridBased: failed to create plan with tolerance 0.50.
[planner_server-5] [WARN] [1788847308.143402023] [planner_server]: Planning algorithm GridBased failed to generate a valid path to (0.66, 0.08)
[planner_server-5] [WARN] [1788847308.143407648] [planner_server]: [compute_path_to_pose] [ActionServer] Aborting handle.
[controller_server-3] [INFO] [1788847308.161564032] [local_costmap.local_costmap]: Received request to clear entirely the local_costmap
[planner_server-5] [INFO] [1788847308.161934238] [global_costmap.global_costmap]: Received request to clear entirely the global_costmap
[planner_server-5] [INFO] [1788847308.897861704] [global_costmap.global_costmap]: StaticLayer: Resizing costmap to 605 X 418 at 0.015000 m/pix
[planner_server-5] [WARN] [1788847308.905376198] [planner_server]: Planner loop missed its desired rate of 20.0000 Hz. Current loop rate is 0.3333 Hz
[controller_server-3] [INFO] [1788847308.922401881] [controller_server]: Received a goal, begin computing control effort.
[planner_server-5] [ERROR] [1788847309.932319306] [planner_server]: Failed to create a plan from potential when a legal potential was found. This shouldn't happen.
[planner_server-5] [WARN] [1788847309.932644137] [planner_server]: GridBased: failed to create plan with tolerance 0.50.
[planner_server-5] [WARN] [1788847309.932767720] [planner_server]: Planning algorithm GridBased failed to generate a valid path to (0.66, 0.08)
[planner_server-5] [WARN] [1788847309.932870927] [planner_server]: [compute_path_to_pose] [ActionServer] Aborting handle.
[controller_server-3] [INFO] [1788847309.973240378] [controller_server]: Goal was canceled. Stopping the robot.
[controller_server-3] [INFO] [1788847309.973280086] [controller_server]: [follow_path] [ActionServer] Client requested to cancel the goal. Cancelling.
[behavior_server-6] [INFO] [1788847309.973771124] [behavior_server]: Running backup
[bt_navigator-7] [WARN] [1788847309.973951998] [BehaviorTreeEngine]: Behavior Tree tick rate 100.00 was exceeded!
[planner_server-5] [INFO] [1788847310.897843597] [global_costmap.global_costmap]: StaticLayer: Resizing costmap to 605 X 420 at 0.015000 m/pix
[behavior_server-6] [INFO] [1788847311.574074903] [behavior_server]: backup completed successfully
[controller_server-3] [INFO] [1788847311.627680353] [controller_server]: Received a goal, begin computing control effort.
[controller_server-3] [INFO] [1788847312.380240546] [controller_server]: Reached the goal!
[bt_navigator-7] [INFO] [1788847312.415648487] [bt_navigator]: Goal succeeded
[INFO] [1788847312.416099734] [candidate_explorer]: Recovery move 'forward' succeeded.
[INFO] [1788847312.500152739] [candidate_explorer]: Detected 10664 frontier cells
[INFO] [1788847312.509469929] [candidate_explorer]: Found 257 frontier clusters after filtering
[INFO] [1788847312.519961862] [candidate_explorer]: Selected frontier cluster: size=6, goal=(3.12, 0.22), distance=2.26
[INFO] [1788847312.520868523] [candidate_explorer]: Checking global path to frontier (3.12, 0.22), distance=2.26m
[INFO] [1788847312.528324975] [candidate_explorer]: Nav2 path to frontier is 2.36m (straight-line=2.26m, detour=1.0x)
[INFO] [1788847312.530785168] [candidate_explorer]: Global path accepted. Navigating to frontier (3.12, 0.22)
[bt_navigator-7] [INFO] [1788847312.531386998] [bt_navigator]: Begin navigating from current location (0.86, 0.10) to (3.12, 0.22)
[controller_server-3] [INFO] [1788847312.554869681] [controller_server]: Received a goal, begin computing control effort.
[controller_server-3] [INFO] [1788847313.614259831] [controller_server]: Passing new path to controller.
[controller_server-3] [INFO] [1788847314.655116642] [controller_server]: Passing new path to controller.
[controller_server-3] [ERROR] [1788847315.107062380] [controller_server]: Failed to make progress
[controller_server-3] [WARN] [1788847315.107185588] [controller_server]: [follow_path] [ActionServer] Aborting handle.
[behavior_server-6] [INFO] [1788847315.124835267] [behavior_server]: Running spin
[behavior_server-6] [INFO] [1788847315.124897141] [behavior_server]: Turning 1.57 for spin behavior.
[behavior_server-6] [WARN] [1788847315.225473291] [behavior_server]: Collision Ahead - Exiting Spin
[behavior_server-6] [WARN] [1788847315.225503791] [behavior_server]: spin failed
[behavior_server-6] [WARN] [1788847315.225510457] [behavior_server]: [spin] [ActionServer] Aborting handle.
[behavior_server-6] [INFO] [1788847315.253425737] [behavior_server]: Running spin
[behavior_server-6] [INFO] [1788847315.253463570] [behavior_server]: Turning -1.57 for spin behavior.
[behavior_server-6] [WARN] [1788847315.555720640] [behavior_server]: Collision Ahead - Exiting Spin
[behavior_server-6] [WARN] [1788847315.555745181] [behavior_server]: spin failed
[behavior_server-6] [WARN] [1788847315.555750598] [behavior_server]: [spin] [ActionServer] Aborting handle.
[controller_server-3] [INFO] [1788847315.573318527] [local_costmap.local_costmap]: Received request to clear entirely the local_costmap
[planner_server-5] [INFO] [1788847315.573715067] [global_costmap.global_costmap]: Received request to clear entirely the global_costmap
[planner_server-5] [WARN] [1788847315.906899772] [planner_server]: Planner loop missed its desired rate of 20.0000 Hz. Current loop rate is 0.7407 Hz
[controller_server-3] [INFO] [1788847315.921894093] [controller_server]: Received a goal, begin computing control effort.
[controller_server-3] [INFO] [1788847316.973935540] [controller_server]: Passing new path to controller.
[controller_server-3] [INFO] [1788847318.024359040] [controller_server]: Passing new path to controller.
[controller_server-3] [ERROR] [1788847318.473761378] [controller_server]: Failed to make progress
[controller_server-3] [WARN] [1788847318.473886627] [controller_server]: [follow_path] [ActionServer] Aborting handle.
[behavior_server-6] [INFO] [1788847318.482144866] [behavior_server]: Running backup
[behavior_server-6] [INFO] [1788847319.986479383] [behavior_server]: backup completed successfully
[controller_server-3] [INFO] [1788847320.022013197] [controller_server]: Received a goal, begin computing control effort.
[controller_server-3] [INFO] [1788847321.078020703] [controller_server]: Passing new path to controller.
[controller_server-3] [INFO] [1788847322.027237015] [controller_server]: Reached the goal!
[bt_navigator-7] [INFO] [1788847322.062402999] [bt_navigator]: Goal succeeded
[INFO] [1788847322.062883163] [candidate_explorer]: Frontier goal finished: success=True
[INFO] [1788847322.063122328] [candidate_explorer]: Reached frontier. Waiting for the map to expose new frontiers.
[INFO] [1788847322.249669803] [candidate_explorer]: Detected 10743 frontier cells
[INFO] [1788847322.259254992] [candidate_explorer]: Found 255 frontier clusters after filtering
[INFO] [1788847322.269896215] [candidate_explorer]: Selected frontier cluster: size=5, goal=(4.59, 4.55), distance=4.63
[INFO] [1788847322.271152291] [candidate_explorer]: Checking global path to frontier (4.59, 4.55), distance=4.63m
[planner_server-5] [ERROR] [1788847322.277916664] [planner_server]: Failed to create a plan from potential when a legal potential was found. This shouldn't happen.
[planner_server-5] [WARN] [1788847322.277952706] [planner_server]: GridBased: failed to create plan with tolerance 0.50.
[planner_server-5] [WARN] [1788847322.277958581] [planner_server]: Planning algorithm GridBased failed to generate a valid path to (4.59, 4.55)
[planner_server-5] [WARN] [1788847322.277963539] [planner_server]: [compute_path_to_pose] [ActionServer] Aborting handle.
[WARN] [1788847322.279931193] [candidate_explorer]: Path computation failed, status=6
[WARN] [1788847322.280161275] [candidate_explorer]: No global path to frontier (4.59, 4.55). Blacklisting.
[INFO] [1788847322.501951692] [candidate_explorer]: Detected 11505 frontier cells
[INFO] [1788847322.511897378] [candidate_explorer]: Found 226 frontier clusters after filtering
[WARN] [1788847322.524549714] [candidate_explorer]: Frontier clusters exist, but none have a usable goal point.
[WARN] [1788847322.525492250] [candidate_explorer]: Frontier clusters exist but have no usable goal. Trying recovery direction 1/8 before checking again.
[INFO] [1788847322.525758623] [candidate_explorer]: Recovery move 1/8: forward, 0.8 m -> (3.72, 0.18)
[bt_navigator-7] [INFO] [1788847322.526509285] [bt_navigator]: Begin navigating from current location (2.92, 0.23) to (3.72, 0.18)
[controller_server-3] [INFO] [1788847322.548252979] [controller_server]: Received a goal, begin computing control effort.
[planner_server-5] [INFO] [1788847322.901188892] [global_costmap.global_costmap]: StaticLayer: Resizing costmap to 605 X 422 at 0.015000 m/pix
[controller_server-3] [INFO] [1788847323.253327893] [controller_server]: Reached the goal!
[bt_navigator-7] [INFO] [1788847323.289066540] [bt_navigator]: Goal succeeded
[INFO] [1788847323.290069533] [candidate_explorer]: Recovery move 'forward' succeeded.
[INFO] [1788847323.474160649] [candidate_explorer]: Detected 11505 frontier cells
[INFO] [1788847323.484333251] [candidate_explorer]: Found 226 frontier clusters after filtering
[INFO] [1788847323.497425875] [candidate_explorer]: Selected frontier cluster: size=648, goal=(2.88, 0.19), distance=0.60
[INFO] [1788847323.498639201] [candidate_explorer]: Checking global path to frontier (2.88, 0.19), distance=0.60m
[INFO] [1788847323.503453754] [candidate_explorer]: Nav2 path to frontier is 0.63m (straight-line=0.60m, detour=1.0x)
[INFO] [1788847323.504282248] [candidate_explorer]: Global path accepted. Navigating to frontier (2.88, 0.19)
[bt_navigator-7] [INFO] [1788847323.504664954] [bt_navigator]: Begin navigating from current location (3.48, 0.17) to (2.88, 0.19)
[controller_server-3] [INFO] [1788847323.527399559] [controller_server]: Received a goal, begin computing control effort.
[controller_server-3] [INFO] [1788847324.577693559] [controller_server]: Passing new path to controller.
[controller_server-3] [INFO] [1788847325.080086725] [controller_server]: Reached the goal!
[bt_navigator-7] [INFO] [1788847325.115868747] [bt_navigator]: Goal succeeded
[INFO] [1788847325.116932323] [candidate_explorer]: Frontier goal finished: success=True
[INFO] [1788847325.117149072] [candidate_explorer]: Reached frontier. Waiting for the map to expose new frontiers.
[INFO] [1788847325.255453814] [candidate_explorer]: Detected 11572 frontier cells
[INFO] [1788847325.265768248] [candidate_explorer]: Found 210 frontier clusters after filtering
[INFO] [1788847325.279641451] [candidate_explorer]: Selected frontier cluster: size=252, goal=(2.44, 0.19), distance=0.61
[INFO] [1788847325.280801860] [candidate_explorer]: Checking global path to frontier (2.44, 0.19), distance=0.61m
[INFO] [1788847325.285485705] [candidate_explorer]: Nav2 path to frontier is 0.61m (straight-line=0.61m, detour=1.0x)
[INFO] [1788847325.286336742] [candidate_explorer]: Global path accepted. Navigating to frontier (2.44, 0.19)
[bt_navigator-7] [INFO] [1788847325.286741239] [bt_navigator]: Begin navigating from current location (3.03, 0.32) to (2.44, 0.19)
[controller_server-3] [INFO] [1788847325.307896520] [controller_server]: Received a goal, begin computing control effort.
[controller_server-3] [INFO] [1788847325.711625900] [controller_server]: Reached the goal!
[bt_navigator-7] [INFO] [1788847325.739250265] [bt_navigator]: Goal succeeded
[INFO] [1788847325.740210093] [candidate_explorer]: Frontier goal finished: success=True
[INFO] [1788847325.740412341] [candidate_explorer]: Reached frontier. Waiting for the map to expose new frontiers.
[INFO] [1788847325.977236954] [candidate_explorer]: Detected 11572 frontier cells
[INFO] [1788847325.987250973] [candidate_explorer]: Found 210 frontier clusters after filtering
[INFO] [1788847326.001204759] [candidate_explorer]: Selected frontier cluster: size=252, goal=(3.24, 0.17), distance=0.60
[INFO] [1788847326.002205669] [candidate_explorer]: Checking global path to frontier (3.24, 0.17), distance=0.60m
[INFO] [1788847326.007273012] [candidate_explorer]: Nav2 path to frontier is 0.62m (straight-line=0.60m, detour=1.0x)
[INFO] [1788847326.008069382] [candidate_explorer]: Global path accepted. Navigating to frontier (3.24, 0.17)
[bt_navigator-7] [INFO] [1788847326.008478463] [bt_navigator]: Begin navigating from current location (2.64, 0.25) to (3.24, 0.17)
[controller_server-3] [INFO] [1788847326.031370608] [controller_server]: Received a goal, begin computing control effort.
[controller_server-3] [INFO] [1788847327.081560026] [controller_server]: Passing new path to controller.
[controller_server-3] [INFO] [1788847327.634174454] [controller_server]: Reached the goal!
[bt_navigator-7] [INFO] [1788847327.672398127] [bt_navigator]: Goal succeeded
[INFO] [1788847327.673469245] [candidate_explorer]: Frontier goal finished: success=True
[INFO] [1788847327.673753827] [candidate_explorer]: Reached frontier. Waiting for the map to expose new frontiers.
[INFO] [1788847327.752494282] [candidate_explorer]: Detected 12154 frontier cells
[INFO] [1788847327.763277005] [candidate_explorer]: Found 170 frontier clusters after filtering
[INFO] [1788847327.782252800] [candidate_explorer]: Selected frontier cluster: size=245, goal=(2.47, 0.19), distance=0.61
[INFO] [1788847327.783898873] [candidate_explorer]: Checking global path to frontier (2.47, 0.19), distance=0.61m
[INFO] [1788847327.788738884] [candidate_explorer]: Nav2 path to frontier is 0.63m (straight-line=0.61m, detour=1.0x)
[INFO] [1788847327.789640628] [candidate_explorer]: Global path accepted. Navigating to frontier (2.47, 0.19)
[bt_navigator-7] [INFO] [1788847327.790119375] [bt_navigator]: Begin navigating from current location (3.07, 0.04) to (2.47, 0.19)
[controller_server-3] [INFO] [1788847327.812310025] [controller_server]: Received a goal, begin computing control effort.
[controller_server-3] [INFO] [1788847328.863281438] [controller_server]: Passing new path to controller.
[controller_server-3] [INFO] [1788847329.314540722] [controller_server]: Reached the goal!
[INFO] [1788847329.353630598] [candidate_explorer]: Frontier goal finished: success=True
[INFO] [1788847329.353873138] [candidate_explorer]: Reached frontier. Waiting for the map to expose new frontiers.
[bt_navigator-7] [INFO] [1788847329.354018220] [bt_navigator]: Goal succeeded
[INFO] [1788847329.507789155] [candidate_explorer]: Detected 12488 frontier cells
[INFO] [1788847329.518685668] [candidate_explorer]: Found 154 frontier clusters after filtering
[INFO] [1788847329.535904183] [candidate_explorer]: Selected frontier cluster: size=376, goal=(3.19, 0.02), distance=0.60
[INFO] [1788847329.537058218] [candidate_explorer]: Checking global path to frontier (3.19, 0.02), distance=0.60m
[INFO] [1788847329.542000061] [candidate_explorer]: Nav2 path to frontier is 0.62m (straight-line=0.60m, detour=1.0x)
[INFO] [1788847329.542821014] [candidate_explorer]: Global path accepted. Navigating to frontier (3.19, 0.02)
[bt_navigator-7] [INFO] [1788847329.543213720] [bt_navigator]: Begin navigating from current location (2.64, 0.27) to (3.19, 0.02)
[controller_server-3] [INFO] [1788847329.563582215] [controller_server]: Received a goal, begin computing control effort.
[controller_server-3] [INFO] [1788847330.615893286] [controller_server]: Passing new path to controller.
[planner_server-5] [INFO] [1788847330.897784860] [global_costmap.global_costmap]: StaticLayer: Resizing costmap to 605 X 422 at 0.015000 m/pix
[controller_server-3] [INFO] [1788847331.215551789] [controller_server]: Reached the goal!
[bt_navigator-7] [INFO] [1788847331.247556210] [bt_navigator]: Goal succeeded
[INFO] [1788847331.248565203] [candidate_explorer]: Frontier goal finished: success=True
[INFO] [1788847331.248797952] [candidate_explorer]: Reached frontier. Waiting for the map to expose new frontiers.
[INFO] [1788847331.506142683] [candidate_explorer]: Detected 12571 frontier cells
[INFO] [1788847331.516931114] [candidate_explorer]: Found 145 frontier clusters after filtering
[INFO] [1788847331.534599335] [candidate_explorer]: Selected frontier cluster: size=6, goal=(3.64, 0.05), distance=0.65
[INFO] [1788847331.535778160] [candidate_explorer]: Checking global path to frontier (3.64, 0.05), distance=0.65m
[INFO] [1788847331.540707004] [candidate_explorer]: Nav2 path to frontier is 0.65m (straight-line=0.65m, detour=1.0x)
[INFO] [1788847331.541480416] [candidate_explorer]: Global path accepted. Navigating to frontier (3.64, 0.05)
[bt_navigator-7] [INFO] [1788847331.541995704] [bt_navigator]: Begin navigating from current location (3.00, -0.04) to (3.64, 0.05)
[controller_server-3] [INFO] [1788847331.563970772] [controller_server]: Received a goal, begin computing control effort.
[controller_server-3] [INFO] [1788847332.066582687] [controller_server]: Reached the goal!
[bt_navigator-7] [INFO] [1788847332.102358083] [bt_navigator]: Goal succeeded
[INFO] [1788847332.102830539] [candidate_explorer]: Frontier goal finished: success=True
[INFO] [1788847332.103086787] [candidate_explorer]: Reached frontier. Waiting for the map to expose new frontiers.
[INFO] [1788847332.227027745] [candidate_explorer]: Detected 12571 frontier cells
[INFO] [1788847332.237752344] [candidate_explorer]: Found 145 frontier clusters after filtering
[INFO] [1788847332.255226024] [candidate_explorer]: Selected frontier cluster: size=377, goal=(2.85, 0.02), distance=0.61
[INFO] [1788847332.256384600] [candidate_explorer]: Checking global path to frontier (2.85, 0.02), distance=0.61m
[INFO] [1788847332.261402734] [candidate_explorer]: Nav2 path to frontier is 0.62m (straight-line=0.61m, detour=1.0x)
[INFO] [1788847332.262252479] [candidate_explorer]: Global path accepted. Navigating to frontier (2.85, 0.02)
[bt_navigator-7] [INFO] [1788847332.262881600] [bt_navigator]: Begin navigating from current location (3.45, -0.02) to (2.85, 0.02)
[controller_server-3] [INFO] [1788847332.284769377] [controller_server]: Received a goal, begin computing control effort.
[planner_server-5] [INFO] [1788847332.897859211] [global_costmap.global_costmap]: StaticLayer: Resizing costmap to 605 X 423 at 0.015000 m/pix
[controller_server-3] [INFO] [1788847333.336184578] [controller_server]: Passing new path to controller.
[controller_server-3] [INFO] [1788847333.741223908] [controller_server]: Reached the goal!
[bt_navigator-7] [INFO] [1788847333.774065490] [bt_navigator]: Goal succeeded
[INFO] [1788847333.775082108] [candidate_explorer]: Frontier goal finished: success=True
[INFO] [1788847333.775329357] [candidate_explorer]: Reached frontier. Waiting for the map to expose new frontiers.
[INFO] [1788847334.009536652] [candidate_explorer]: Detected 12348 frontier cells
[INFO] [1788847334.020283626] [candidate_explorer]: Found 144 frontier clusters after filtering
[INFO] [1788847334.037935179] [candidate_explorer]: Selected frontier cluster: size=265, goal=(2.40, 0.16), distance=0.60
[INFO] [1788847334.039087797] [candidate_explorer]: Checking global path to frontier (2.40, 0.16), distance=0.60m
[INFO] [1788847334.044046640] [candidate_explorer]: Nav2 path to frontier is 0.63m (straight-line=0.60m, detour=1.0x)
[INFO] [1788847334.044830552] [candidate_explorer]: Global path accepted. Navigating to frontier (2.40, 0.16)
[bt_navigator-7] [INFO] [1788847334.045225716] [bt_navigator]: Begin navigating from current location (3.00, 0.15) to (2.40, 0.16)
[controller_server-3] [INFO] [1788847334.065595378] [controller_server]: Received a goal, begin computing control effort.
[controller_server-3] [INFO] [1788847334.518190154] [controller_server]: Reached the goal!
[bt_navigator-7] [INFO] [1788847334.556111495] [bt_navigator]: Goal succeeded
[INFO] [1788847334.557287487] [candidate_explorer]: Frontier goal finished: success=True
[INFO] [1788847334.557567902] [candidate_explorer]: Reached frontier. Waiting for the map to expose new frontiers.
[INFO] [1788847334.757872623] [candidate_explorer]: Detected 12161 frontier cells
[INFO] [1788847334.768675971] [candidate_explorer]: Found 137 frontier clusters after filtering
[INFO] [1788847334.787061353] [candidate_explorer]: Selected frontier cluster: size=265, goal=(3.18, -0.04), distance=0.61
[INFO] [1788847334.788295387] [candidate_explorer]: Checking global path to frontier (3.18, -0.04), distance=0.61m
[INFO] [1788847334.793621436] [candidate_explorer]: Nav2 path to frontier is 0.65m (straight-line=0.61m, detour=1.1x)
[INFO] [1788847334.794428431] [candidate_explorer]: Global path accepted. Navigating to frontier (3.18, -0.04)
[bt_navigator-7] [INFO] [1788847334.794935136] [bt_navigator]: Begin navigating from current location (2.59, 0.13) to (3.18, -0.04)
[controller_server-3] [INFO] [1788847334.817761907] [controller_server]: Received a goal, begin computing control effort.
[controller_server-3] [INFO] [1788847335.872651503] [controller_server]: Passing new path to controller.
[controller_server-3] [INFO] [1788847336.521096861] [controller_server]: Reached the goal!
[bt_navigator-7] [INFO] [1788847336.555631724] [bt_navigator]: Goal succeeded
[INFO] [1788847336.556671384] [candidate_explorer]: Frontier goal finished: success=True
[INFO] [1788847336.556940549] [candidate_explorer]: Reached frontier. Waiting for the map to expose new frontiers.
[INFO] [1788847336.758597845] [candidate_explorer]: Detected 11758 frontier cells
[INFO] [1788847336.768887904] [candidate_explorer]: Found 138 frontier clusters after filtering
[INFO] [1788847336.785615005] [candidate_explorer]: Selected frontier cluster: size=348, goal=(3.61, -0.14), distance=0.60
[INFO] [1788847336.786678249] [candidate_explorer]: Checking global path to frontier (3.61, -0.14), distance=0.60m
[INFO] [1788847336.792858001] [candidate_explorer]: Nav2 path to frontier is 0.61m (straight-line=0.60m, detour=1.0x)
[INFO] [1788847336.793587413] [candidate_explorer]: Global path accepted. Navigating to frontier (3.61, -0.14)
[bt_navigator-7] [INFO] [1788847336.793960035] [bt_navigator]: Begin navigating from current location (3.01, -0.16) to (3.61, -0.14)
[controller_server-3] [INFO] [1788847336.815567689] [controller_server]: Received a goal, begin computing control effort.
[controller_server-3] [INFO] [1788847337.266827390] [controller_server]: Reached the goal!
[bt_navigator-7] [INFO] [1788847337.306901301] [bt_navigator]: Goal succeeded
[INFO] [1788847337.307992377] [candidate_explorer]: Frontier goal finished: success=True
[INFO] [1788847337.308207251] [candidate_explorer]: Reached frontier. Waiting for the map to expose new frontiers.
[INFO] [1788847337.482327306] [candidate_explorer]: Detected 11758 frontier cells
[INFO] [1788847337.492446449] [candidate_explorer]: Found 138 frontier clusters after filtering
[INFO] [1788847337.509334758] [candidate_explorer]: Selected frontier cluster: size=534, goal=(5.44, -0.14), distance=2.04
[INFO] [1788847337.510359251] [candidate_explorer]: Checking global path to frontier (5.44, -0.14), distance=2.04m
[INFO] [1788847337.518310284] [candidate_explorer]: Nav2 path to frontier is 2.27m (straight-line=2.04m, detour=1.1x)
[INFO] [1788847337.519867107] [candidate_explorer]: Global path accepted. Navigating to frontier (5.44, -0.14)
[bt_navigator-7] [INFO] [1788847337.520325229] [bt_navigator]: Begin navigating from current location (3.40, -0.15) to (5.44, -0.14)
[controller_server-3] [INFO] [1788847337.540860182] [controller_server]: Received a goal, begin computing control effort.
[controller_server-3] [INFO] [1788847338.593823623] [controller_server]: Passing new path to controller.
[planner_server-5] [INFO] [1788847338.898370470] [global_costmap.global_costmap]: StaticLayer: Resizing costmap to 605 X 423 at 0.015000 m/pix
[controller_server-3] [INFO] [1788847339.244941548] [controller_server]: Reached the goal!
[bt_navigator-7] [INFO] [1788847339.280533737] [bt_navigator]: Goal succeeded
[INFO] [1788847339.281619355] [candidate_explorer]: Frontier goal finished: success=True
[INFO] [1788847339.281877145] [candidate_explorer]: Reached frontier. Waiting for the map to expose new frontiers.
[INFO] [1788847339.508870696] [candidate_explorer]: Detected 11620 frontier cells
[INFO] [1788847339.519246004] [candidate_explorer]: Found 128 frontier clusters after filtering
[INFO] [1788847339.535686899] [candidate_explorer]: Selected frontier cluster: size=273, goal=(4.09, -0.16), distance=1.16
[INFO] [1788847339.536793726] [candidate_explorer]: Checking global path to frontier (4.09, -0.16), distance=1.16m
[INFO] [1788847339.543397017] [candidate_explorer]: Nav2 path to frontier is 1.23m (straight-line=1.16m, detour=1.1x)
[INFO] [1788847339.544352469] [candidate_explorer]: Global path accepted. Navigating to frontier (4.09, -0.16)
[bt_navigator-7] [INFO] [1788847339.544835508] [bt_navigator]: Begin navigating from current location (5.25, -0.21) to (4.09, -0.16)
[controller_server-3] [INFO] [1788847339.566718576] [controller_server]: Received a goal, begin computing control effort.
[controller_server-3] [INFO] [1788847340.616930369] [controller_server]: Passing new path to controller.
[controller_server-3] [INFO] [1788847341.070135099] [controller_server]: Reached the goal!
[bt_navigator-7] [INFO] [1788847341.105935537] [bt_navigator]: Goal succeeded
[INFO] [1788847341.107501777] [candidate_explorer]: Frontier goal finished: success=True
[INFO] [1788847341.107745484] [candidate_explorer]: Reached frontier. Waiting for the map to expose new frontiers.
[INFO] [1788847341.262370704] [candidate_explorer]: Detected 11337 frontier cells
[INFO] [1788847341.272709388] [candidate_explorer]: Found 119 frontier clusters after filtering
[INFO] [1788847341.288802244] [candidate_explorer]: Selected frontier cluster: size=273, goal=(3.69, -0.13), distance=0.61
[INFO] [1788847341.289795904] [candidate_explorer]: Checking global path to frontier (3.69, -0.13), distance=0.61m
[INFO] [1788847341.295171620] [candidate_explorer]: Nav2 path to frontier is 0.63m (straight-line=0.61m, detour=1.0x)
[INFO] [1788847341.295783616] [candidate_explorer]: Global path accepted. Navigating to frontier (3.69, -0.13)
[bt_navigator-7] [INFO] [1788847341.296221197] [bt_navigator]: Begin navigating from current location (4.30, -0.12) to (3.69, -0.13)
[controller_server-3] [INFO] [1788847341.316757774] [controller_server]: Received a goal, begin computing control effort.
[controller_server-3] [INFO] [1788847341.769831755] [controller_server]: Reached the goal!
[bt_navigator-7] [INFO] [1788847341.806491396] [bt_navigator]: Goal succeeded
[INFO] [1788847341.806985768] [candidate_explorer]: Frontier goal finished: success=True
[INFO] [1788847341.807209308] [candidate_explorer]: Reached frontier. Waiting for the map to expose new frontiers.
[INFO] [1788847341.980424743] [candidate_explorer]: Detected 11337 frontier cells
[INFO] [1788847341.990116640] [candidate_explorer]: Found 119 frontier clusters after filtering
[INFO] [1788847342.005940330] [candidate_explorer]: Selected frontier cluster: size=273, goal=(3.28, -0.15), distance=0.61
[INFO] [1788847342.006999782] [candidate_explorer]: Checking global path to frontier (3.28, -0.15), distance=0.61m
[INFO] [1788847342.012224957] [candidate_explorer]: Nav2 path to frontier is 0.70m (straight-line=0.61m, detour=1.2x)
[INFO] [1788847342.012995035] [candidate_explorer]: Global path accepted. Navigating to frontier (3.28, -0.15)
[bt_navigator-7] [INFO] [1788847342.013375366] [bt_navigator]: Begin navigating from current location (3.89, -0.13) to (3.28, -0.15)
[controller_server-3] [INFO] [1788847342.035293143] [controller_server]: Received a goal, begin computing control effort.
[controller_server-3] [INFO] [1788847342.490901733] [controller_server]: Reached the goal!
[bt_navigator-7] [INFO] [1788847342.527424208] [bt_navigator]: Goal succeeded
[INFO] [1788847342.528492660] [candidate_explorer]: Frontier goal finished: success=True
[INFO] [1788847342.528743158] [candidate_explorer]: Reached frontier. Waiting for the map to expose new frontiers.
[INFO] [1788847342.759313310] [candidate_explorer]: Detected 10627 frontier cells
[INFO] [1788847342.768847416] [candidate_explorer]: Found 136 frontier clusters after filtering
[INFO] [1788847342.786107848] [candidate_explorer]: Selected frontier cluster: size=273, goal=(2.91, -0.12), distance=0.60
[INFO] [1788847342.787438547] [candidate_explorer]: Checking global path to frontier (2.91, -0.12), distance=0.60m
[planner_server-5] [ERROR] [1788847342.788916996] [planner_server]: Failed to create a plan from potential when a legal potential was found. This shouldn't happen.
[planner_server-5] [WARN] [1788847342.788968579] [planner_server]: GridBased: failed to create plan with tolerance 0.50.
[planner_server-5] [WARN] [1788847342.788984204] [planner_server]: Planning algorithm GridBased failed to generate a valid path to (2.91, -0.12)
[planner_server-5] [WARN] [1788847342.788989662] [planner_server]: [compute_path_to_pose] [ActionServer] Aborting handle.
[WARN] [1788847342.792300350] [candidate_explorer]: Path computation failed, status=6
[WARN] [1788847342.792640473] [candidate_explorer]: No global path to frontier (2.91, -0.12). Blacklisting.
[INFO] [1788847342.983412212] [candidate_explorer]: Detected 10627 frontier cells
[INFO] [1788847342.993204817] [candidate_explorer]: Found 136 frontier clusters after filtering
[INFO] [1788847343.007046811] [candidate_explorer]: Selected frontier cluster: size=199, goal=(5.05, -0.22), distance=1.55
[INFO] [1788847343.008102388] [candidate_explorer]: Checking global path to frontier (5.05, -0.22), distance=1.55m
[INFO] [1788847343.015622132] [candidate_explorer]: Nav2 path to frontier is 1.71m (straight-line=1.55m, detour=1.1x)
[INFO] [1788847343.016824666] [candidate_explorer]: Global path accepted. Navigating to frontier (5.05, -0.22)
[bt_navigator-7] [INFO] [1788847343.017316538] [bt_navigator]: Begin navigating from current location (3.51, -0.15) to (5.05, -0.22)
[controller_server-3] [INFO] [1788847343.039719853] [controller_server]: Received a goal, begin computing control effort.
[planner_server-5] [WARN] [1788847343.900128357] [nav2_costmap_2d]: Robot is out of bounds of the costmap!
[planner_server-5] [WARN] [1788847343.900520813] [global_costmap.global_costmap]: Sensor origin at (3.72, -0.42) is out of map bounds (-1.41, -0.36) to (7.66, 5.97). The costmap cannot raytrace for it.
[planner_server-5] [WARN] [1788847344.050271815] [planner_server]: Cannot create a plan: the robot's start position is off the global costmap. Planning will always fail, are you sure the robot has been properly localized?
[planner_server-5] [WARN] [1788847344.050299065] [planner_server]: GridBased: failed to create plan with tolerance 0.50.
[planner_server-5] [WARN] [1788847344.050303523] [planner_server]: Planning algorithm GridBased failed to generate a valid path to (5.05, -0.22)
[planner_server-5] [WARN] [1788847344.050315357] [planner_server]: [compute_path_to_pose] [ActionServer] Aborting handle.
[controller_server-3] [INFO] [1788847344.091880674] [controller_server]: Goal was canceled. Stopping the robot.
[controller_server-3] [INFO] [1788847344.091907924] [controller_server]: [follow_path] [ActionServer] Client requested to cancel the goal. Cancelling.
[bt_navigator-7] [ERROR] [1788847344.091927049] [bt_navigator_navigate_to_pose_rclcpp_node]: Failed to get result for follow_path in node halt!
[behavior_server-6] [INFO] [1788847344.092824377] [behavior_server]: Running spin
[behavior_server-6] [INFO] [1788847344.092900710] [behavior_server]: Turning 1.57 for spin behavior.
[bt_navigator-7] [WARN] [1788847344.093056000] [BehaviorTreeEngine]: Behavior Tree tick rate 100.00 was exceeded!
[behavior_server-6] [INFO] [1788847344.695162280] [behavior_server]: spin completed successfully
[planner_server-5] [WARN] [1788847344.724571842] [planner_server]: Cannot create a plan: the robot's start position is off the global costmap. Planning will always fail, are you sure the robot has been properly localized?
[planner_server-5] [WARN] [1788847344.724596175] [planner_server]: GridBased: failed to create plan with tolerance 0.50.
[planner_server-5] [WARN] [1788847344.724600550] [planner_server]: Planning algorithm GridBased failed to generate a valid path to (5.05, -0.22)
[planner_server-5] [WARN] [1788847344.724604925] [planner_server]: [compute_path_to_pose] [ActionServer] Aborting handle.
[behavior_server-6] [INFO] [1788847344.747745235] [behavior_server]: Running spin
[behavior_server-6] [INFO] [1788847344.747777110] [behavior_server]: Turning -1.57 for spin behavior.
[planner_server-5] [WARN] [1788847344.898783771] [nav2_costmap_2d]: Robot is out of bounds of the costmap!
[planner_server-5] [INFO] [1788847344.898811604] [global_costmap.global_costmap]: StaticLayer: Resizing costmap to 605 X 426 at 0.015000 m/pix
[behavior_server-6] [INFO] [1788847345.148261677] [behavior_server]: spin completed successfully
[planner_server-5] [ERROR] [1788847345.177453199] [planner_server]: Failed to create a plan from potential when a legal potential was found. This shouldn't happen.
[planner_server-5] [WARN] [1788847345.177497407] [planner_server]: GridBased: failed to create plan with tolerance 0.50.
[planner_server-5] [WARN] [1788847345.177503324] [planner_server]: Planning algorithm GridBased failed to generate a valid path to (5.05, -0.22)
[planner_server-5] [WARN] [1788847345.177508366] [planner_server]: [compute_path_to_pose] [ActionServer] Aborting handle.
[controller_server-3] [INFO] [1788847345.197738611] [local_costmap.local_costmap]: Received request to clear entirely the local_costmap
[planner_server-5] [INFO] [1788847345.198255025] [global_costmap.global_costmap]: Received request to clear entirely the global_costmap
[planner_server-5] [WARN] [1788847345.902662359] [planner_server]: Planner loop missed its desired rate of 20.0000 Hz. Current loop rate is 0.3571 Hz
[controller_server-3] [INFO] [1788847345.923390310] [controller_server]: Received a goal, begin computing control effort.
[controller_server-3] [INFO] [1788847346.776998608] [controller_server]: Reached the goal!
[bt_navigator-7] [INFO] [1788847346.813372001] [bt_navigator]: Goal succeeded
[INFO] [1788847346.814491077] [candidate_explorer]: Frontier goal finished: success=True
[INFO] [1788847346.814702242] [candidate_explorer]: Reached frontier. Waiting for the map to expose new frontiers.
[INFO] [1788847347.012926726] [candidate_explorer]: Detected 10413 frontier cells
[INFO] [1788847347.022348875] [candidate_explorer]: Found 168 frontier clusters after filtering
[INFO] [1788847347.035472791] [candidate_explorer]: Selected frontier cluster: size=155, goal=(5.44, -0.26), distance=0.60
[INFO] [1788847347.036446618] [candidate_explorer]: Checking global path to frontier (5.44, -0.26), distance=0.60m
[INFO] [1788847347.042912993] [candidate_explorer]: Nav2 path to frontier is 0.64m (straight-line=0.60m, detour=1.1x)
[INFO] [1788847347.043537073] [candidate_explorer]: Global path accepted. Navigating to frontier (5.44, -0.26)
[bt_navigator-7] [INFO] [1788847347.043937278] [bt_navigator]: Begin navigating from current location (4.84, -0.30) to (5.44, -0.26)
[controller_server-3] [INFO] [1788847347.064452439] [controller_server]: Received a goal, begin computing control effort.
[controller_server-3] [INFO] [1788847347.516694301] [controller_server]: Reached the goal!
[bt_navigator-7] [INFO] [1788847347.554363435] [bt_navigator]: Goal succeeded
[INFO] [1788847347.555462845] [candidate_explorer]: Frontier goal finished: success=True
[INFO] [1788847347.555713385] [candidate_explorer]: Reached frontier. Waiting for the map to expose new frontiers.
[INFO] [1788847347.733108085] [candidate_explorer]: Detected 10413 frontier cells
[INFO] [1788847347.742073236] [candidate_explorer]: Found 168 frontier clusters after filtering
[INFO] [1788847347.755484859] [candidate_explorer]: Selected frontier cluster: size=113, goal=(4.63, -0.35), distance=0.60
[INFO] [1788847347.756497186] [candidate_explorer]: Checking global path to frontier (4.63, -0.35), distance=0.60m
[INFO] [1788847347.761878193] [candidate_explorer]: Nav2 path to frontier is 0.61m (straight-line=0.60m, detour=1.0x)
[INFO] [1788847347.762427564] [candidate_explorer]: Global path accepted. Navigating to frontier (4.63, -0.35)
[bt_navigator-7] [INFO] [1788847347.762939436] [bt_navigator]: Begin navigating from current location (5.23, -0.28) to (4.63, -0.35)
[controller_server-3] [INFO] [1788847347.784952504] [controller_server]: Received a goal, begin computing control effort.
[planner_server-5] [WARN] [1788847348.785126199] [planner_server]: Cannot create a plan: the robot's start position is off the global costmap. Planning will always fail, are you sure the robot has been properly localized?
[planner_server-5] [WARN] [1788847348.785182407] [planner_server]: GridBased: failed to create plan with tolerance 0.50.
[planner_server-5] [WARN] [1788847348.785191532] [planner_server]: Planning algorithm GridBased failed to generate a valid path to (4.63, -0.35)
[planner_server-5] [WARN] [1788847348.785196282] [planner_server]: [compute_path_to_pose] [ActionServer] Aborting handle.
[bt_navigator-7] [ERROR] [1788847348.827356721] [bt_navigator_navigate_to_pose_rclcpp_node]: Failed to get result for follow_path in node halt!
[behavior_server-6] [INFO] [1788847348.827934051] [behavior_server]: Running backup
[bt_navigator-7] [WARN] [1788847348.828067008] [BehaviorTreeEngine]: Behavior Tree tick rate 100.00 was exceeded!
[controller_server-3] [INFO] [1788847348.835827959] [controller_server]: Goal was canceled. Stopping the robot.
[controller_server-3] [INFO] [1788847348.835886542] [controller_server]: [follow_path] [ActionServer] Client requested to cancel the goal. Cancelling.
[planner_server-5] [WARN] [1788847348.899097763] [nav2_costmap_2d]: Robot is out of bounds of the costmap!
[planner_server-5] [WARN] [1788847348.899635593] [global_costmap.global_costmap]: Sensor origin at (4.88, -0.49) is out of map bounds (-1.41, -0.42) to (7.66, 5.97). The costmap cannot raytrace for it.
[planner_server-5] [WARN] [1788847349.898188840] [nav2_costmap_2d]: Robot is out of bounds of the costmap!
[planner_server-5] [WARN] [1788847349.898208965] [global_costmap.global_costmap]: Sensor origin at (5.17, -0.58) is out of map bounds (-1.41, -0.42) to (7.66, 5.97). The costmap cannot raytrace for it.
[behavior_server-6] [INFO] [1788847350.428213788] [behavior_server]: backup completed successfully
[planner_server-5] [WARN] [1788847350.450367564] [planner_server]: Cannot create a plan: the robot's start position is off the global costmap. Planning will always fail, are you sure the robot has been properly localized?
[planner_server-5] [WARN] [1788847350.450395063] [planner_server]: GridBased: failed to create plan with tolerance 0.50.
[planner_server-5] [WARN] [1788847350.450400147] [planner_server]: Planning algorithm GridBased failed to generate a valid path to (4.63, -0.35)
[planner_server-5] [WARN] [1788847350.450404813] [planner_server]: [compute_path_to_pose] [ActionServer] Aborting handle.
[behavior_server-6] [INFO] [1788847350.468605114] [behavior_server]: Running spin
[behavior_server-6] [INFO] [1788847350.468641363] [behavior_server]: Turning 1.57 for spin behavior.
[behavior_server-6] [INFO] [1788847350.872437243] [behavior_server]: spin completed successfully
[planner_server-5] [WARN] [1788847350.889394801] [planner_server]: Cannot create a plan: the robot's start position is off the global costmap. Planning will always fail, are you sure the robot has been properly localized?
[planner_server-5] [WARN] [1788847350.889418093] [planner_server]: GridBased: failed to create plan with tolerance 0.50.
[planner_server-5] [WARN] [1788847350.889422593] [planner_server]: Planning algorithm GridBased failed to generate a valid path to (4.63, -0.35)
[planner_server-5] [WARN] [1788847350.889427218] [planner_server]: [compute_path_to_pose] [ActionServer] Aborting handle.
[planner_server-5] [WARN] [1788847350.899593069] [nav2_costmap_2d]: Robot is out of bounds of the costmap!
[planner_server-5] [INFO] [1788847350.899630819] [global_costmap.global_costmap]: StaticLayer: Resizing costmap to 749 X 432 at 0.015000 m/pix
[planner_server-5] [WARN] [1788847350.900512022] [global_costmap.global_costmap]: Sensor origin at (5.38, -0.65) is out of map bounds (-1.41, -0.49) to (9.82, 5.98). The costmap cannot raytrace for it.
[behavior_server-6] [INFO] [1788847350.908970759] [behavior_server]: Running spin
[behavior_server-6] [INFO] [1788847350.909199383] [behavior_server]: Turning -1.57 for spin behavior.
[behavior_server-6] [INFO] [1788847351.312070477] [behavior_server]: spin completed successfully
[planner_server-5] [WARN] [1788847351.338937138] [planner_server]: Cannot create a plan: the robot's start position is off the global costmap. Planning will always fail, are you sure the robot has been properly localized?
[planner_server-5] [WARN] [1788847351.339205553] [planner_server]: GridBased: failed to create plan with tolerance 0.50.
[planner_server-5] [WARN] [1788847351.339350677] [planner_server]: Planning algorithm GridBased failed to generate a valid path to (4.63, -0.35)
[planner_server-5] [WARN] [1788847351.339472135] [planner_server]: [compute_path_to_pose] [ActionServer] Aborting handle.
[controller_server-3] [INFO] [1788847351.359624298] [local_costmap.local_costmap]: Received request to clear entirely the local_costmap
[planner_server-5] [INFO] [1788847351.359898588] [global_costmap.global_costmap]: Received request to clear entirely the global_costmap
[planner_server-5] [WARN] [1788847351.898550856] [nav2_costmap_2d]: Robot is out of bounds of the costmap!
[planner_server-5] [WARN] [1788847351.898574939] [global_costmap.global_costmap]: Sensor origin at (5.38, -0.65) is out of map bounds (-1.41, -0.49) to (9.82, 5.98). The costmap cannot raytrace for it.
[planner_server-5] [WARN] [1788847351.910679653] [planner_server]: Cannot create a plan: the robot's start position is off the global costmap. Planning will always fail, are you sure the robot has been properly localized?
[planner_server-5] [WARN] [1788847351.910914944] [planner_server]: GridBased: failed to create plan with tolerance 0.50.
[planner_server-5] [WARN] [1788847351.910921902] [planner_server]: Planning algorithm GridBased failed to generate a valid path to (4.63, -0.35)
[planner_server-5] [WARN] [1788847351.910929943] [planner_server]: [compute_path_to_pose] [ActionServer] Aborting handle.
[behavior_server-6] [INFO] [1788847351.928384082] [behavior_server]: Running backup
[planner_server-5] [WARN] [1788847352.900790205] [nav2_costmap_2d]: Robot is out of bounds of the costmap!
[planner_server-5] [INFO] [1788847352.900823913] [global_costmap.global_costmap]: StaticLayer: Resizing costmap to 768 X 443 at 0.015000 m/pix
[planner_server-5] [WARN] [1788847352.901788865] [global_costmap.global_costmap]: Sensor origin at (5.72, -0.78) is out of map bounds (-1.41, -0.66) to (10.11, 5.97). The costmap cannot raytrace for it.
[behavior_server-6] [INFO] [1788847353.229371689] [behavior_server]: backup completed successfully
[planner_server-5] [WARN] [1788847353.259220165] [planner_server]: Cannot create a plan: the robot's start position is off the global costmap. Planning will always fail, are you sure the robot has been properly localized?
[planner_server-5] [WARN] [1788847353.259255790] [planner_server]: GridBased: failed to create plan with tolerance 0.50.
[planner_server-5] [WARN] [1788847353.259261373] [planner_server]: Planning algorithm GridBased failed to generate a valid path to (4.63, -0.35)
[planner_server-5] [WARN] [1788847353.259266873] [planner_server]: [compute_path_to_pose] [ActionServer] Aborting handle.
[behavior_server-6] [INFO] [1788847353.279649827] [behavior_server]: Running spin
[behavior_server-6] [INFO] [1788847353.279678410] [behavior_server]: Turning 1.57 for spin behavior.
[behavior_server-6] [INFO] [1788847353.681221637] [behavior_server]: spin completed successfully
[planner_server-5] [WARN] [1788847353.710772156] [planner_server]: Cannot create a plan: the robot's start position is off the global costmap. Planning will always fail, are you sure the robot has been properly localized?
[planner_server-5] [WARN] [1788847353.710798240] [planner_server]: GridBased: failed to create plan with tolerance 0.50.
[planner_server-5] [WARN] [1788847353.710821323] [planner_server]: Planning algorithm GridBased failed to generate a valid path to (4.63, -0.35)
[planner_server-5] [WARN] [1788847353.710827073] [planner_server]: [compute_path_to_pose] [ActionServer] Aborting handle.
[bt_navigator-7] [WARN] [1788847353.738828102] [bt_navigator]: [navigate_to_pose] [ActionServer] Aborting handle.
[bt_navigator-7] [ERROR] [1788847353.739914929] [bt_navigator]: Goal failed
[INFO] [1788847353.740926839] [candidate_explorer]: Frontier goal finished: success=False
[WARN] [1788847353.741214920] [candidate_explorer]: Blacklisting failed frontier (4.63, -0.35)
[planner_server-5] [WARN] [1788847353.899811741] [nav2_costmap_2d]: Robot is out of bounds of the costmap!
[planner_server-5] [WARN] [1788847353.900238280] [global_costmap.global_costmap]: Sensor origin at (5.85, -0.83) is out of map bounds (-1.41, -0.66) to (10.11, 5.97). The costmap cannot raytrace for it.
[INFO] [1788847354.017742737] [candidate_explorer]: Detected 9675 frontier cells
[INFO] [1788847354.026352099] [candidate_explorer]: Found 128 frontier clusters after filtering
[INFO] [1788847354.038105107] [candidate_explorer]: Selected frontier cluster: size=275, goal=(6.48, -0.34), distance=0.79
[INFO] [1788847354.039086059] [candidate_explorer]: Checking global path to frontier (6.48, -0.34), distance=0.79m
[planner_server-5] [WARN] [1788847354.039672014] [planner_server]: Cannot create a plan: the robot's start position is off the global costmap. Planning will always fail, are you sure the robot has been properly localized?
[planner_server-5] [WARN] [1788847354.040003179] [planner_server]: GridBased: failed to create plan with tolerance 0.50.
[planner_server-5] [WARN] [1788847354.040175178] [planner_server]: Planning algorithm GridBased failed to generate a valid path to (6.48, -0.34)
[planner_server-5] [WARN] [1788847354.040311927] [planner_server]: [compute_path_to_pose] [ActionServer] Aborting handle.
[WARN] [1788847354.043722113] [candidate_explorer]: Path computation failed, status=6
[WARN] [1788847354.043941653] [candidate_explorer]: No global path to frontier (6.48, -0.34). Blacklisting.
[INFO] [1788847354.235416931] [candidate_explorer]: Detected 9675 frontier cells
[INFO] [1788847354.244098083] [candidate_explorer]: Found 128 frontier clusters after filtering
[INFO] [1788847354.255652301] [candidate_explorer]: Selected frontier cluster: size=444, goal=(3.82, -0.39), distance=2.08
[INFO] [1788847354.256538962] [candidate_explorer]: Checking global path to frontier (3.82, -0.39), distance=2.08m
[planner_server-5] [WARN] [1788847354.257159917] [planner_server]: Cannot create a plan: the robot's start position is off the global costmap. Planning will always fail, are you sure the robot has been properly localized?
[planner_server-5] [WARN] [1788847354.257197708] [planner_server]: GridBased: failed to create plan with tolerance 0.50.
[planner_server-5] [WARN] [1788847354.257204083] [planner_server]: Planning algorithm GridBased failed to generate a valid path to (3.82, -0.39)
[planner_server-5] [WARN] [1788847354.257208750] [planner_server]: [compute_path_to_pose] [ActionServer] Aborting handle.
[WARN] [1788847354.261095100] [candidate_explorer]: Path computation failed, status=6
[WARN] [1788847354.261315973] [candidate_explorer]: No global path to frontier (3.82, -0.39). Blacklisting.
[INFO] [1788847354.520281736] [candidate_explorer]: Detected 9675 frontier cells
[INFO] [1788847354.528964681] [candidate_explorer]: Found 128 frontier clusters after filtering
[WARN] [1788847354.540285817] [candidate_explorer]: Frontier clusters exist, but none have a usable goal point.
[WARN] [1788847354.541269894] [candidate_explorer]: Frontier clusters exist but have no usable goal. Trying recovery direction 1/8 before checking again.
[WARN] [1788847354.541539184] [candidate_explorer]: Skipping recovery move 'forward': no usable in-map endpoint is available yet.
[INFO] [1788847354.735459820] [candidate_explorer]: Detected 9675 frontier cells
[INFO] [1788847354.744327847] [candidate_explorer]: Found 128 frontier clusters after filtering
[WARN] [1788847354.755759441] [candidate_explorer]: Frontier clusters exist, but none have a usable goal point.
[WARN] [1788847354.756658018] [candidate_explorer]: Frontier clusters exist but have no usable goal. Trying recovery direction 2/8 before checking again.
[WARN] [1788847354.756914975] [candidate_explorer]: Skipping recovery move 'forward-left': no usable in-map endpoint is available yet.
[planner_server-5] [WARN] [1788847354.897796450] [nav2_costmap_2d]: Robot is out of bounds of the costmap!
[planner_server-5] [WARN] [1788847354.898508904] [global_costmap.global_costmap]: Sensor origin at (5.85, -0.83) is out of map bounds (-1.41, -0.66) to (10.11, 5.97). The costmap cannot raytrace for it.
[INFO] [1788847354.984453980] [candidate_explorer]: Detected 9675 frontier cells
[INFO] [1788847354.993223591] [candidate_explorer]: Found 128 frontier clusters after filtering
[WARN] [1788847355.005041348] [candidate_explorer]: Frontier clusters exist, but none have a usable goal point.
[WARN] [1788847355.006089883] [candidate_explorer]: Frontier clusters exist but have no usable goal. Trying recovery direction 3/8 before checking again.
[WARN] [1788847355.006474256] [candidate_explorer]: Skipping recovery move 'left': no usable in-map endpoint is available yet.
[INFO] [1788847355.235034129] [candidate_explorer]: Detected 9675 frontier cells
[INFO] [1788847355.243700116] [candidate_explorer]: Found 128 frontier clusters after filtering
[WARN] [1788847355.254931169] [candidate_explorer]: Frontier clusters exist, but none have a usable goal point.
[WARN] [1788847355.255894163] [candidate_explorer]: Frontier clusters exist but have no usable goal. Trying recovery direction 4/8 before checking again.
[INFO] [1788847355.256250702] [candidate_explorer]: Recovery move 4/8: backward-left, 0.8 m -> (6.44, -0.28)
[bt_navigator-7] [INFO] [1788847355.256864157] [bt_navigator]: Begin navigating from current location (5.85, -0.83) to (6.44, -0.28)
[planner_server-5] [WARN] [1788847355.257149405] [planner_server]: Cannot create a plan: the robot's start position is off the global costmap. Planning will always fail, are you sure the robot has been properly localized?
[planner_server-5] [WARN] [1788847355.257171613] [planner_server]: GridBased: failed to create plan with tolerance 0.50.
[planner_server-5] [WARN] [1788847355.257176405] [planner_server]: Planning algorithm GridBased failed to generate a valid path to (6.44, -0.28)
[planner_server-5] [WARN] [1788847355.257181321] [planner_server]: [compute_path_to_pose] [ActionServer] Aborting handle.
[behavior_server-6] [INFO] [1788847355.270873776] [behavior_server]: Running spin
[behavior_server-6] [INFO] [1788847355.270934233] [behavior_server]: Turning -1.57 for spin behavior.
[behavior_server-6] [INFO] [1788847355.671248177] [behavior_server]: spin completed successfully
[planner_server-5] [WARN] [1788847355.700799321] [planner_server]: Cannot create a plan: the robot's start position is off the global costmap. Planning will always fail, are you sure the robot has been properly localized?
[planner_server-5] [WARN] [1788847355.700827904] [planner_server]: GridBased: failed to create plan with tolerance 0.50.
[planner_server-5] [WARN] [1788847355.700832529] [planner_server]: Planning algorithm GridBased failed to generate a valid path to (6.44, -0.28)
[planner_server-5] [WARN] [1788847355.700837154] [planner_server]: [compute_path_to_pose] [ActionServer] Aborting handle.
[controller_server-3] [INFO] [1788847355.717171842] [local_costmap.local_costmap]: Received request to clear entirely the local_costmap
[planner_server-5] [INFO] [1788847355.717361632] [global_costmap.global_costmap]: Received request to clear entirely the global_costmap
[planner_server-5] [WARN] [1788847355.900219756] [nav2_costmap_2d]: Robot is out of bounds of the costmap!
[planner_server-5] [WARN] [1788847355.900251839] [global_costmap.global_costmap]: Sensor origin at (5.85, -0.83) is out of map bounds (-1.41, -0.66) to (10.11, 5.97). The costmap cannot raytrace for it.
[planner_server-5] [WARN] [1788847355.908708327] [planner_server]: Cannot create a plan: the robot's start position is off the global costmap. Planning will always fail, are you sure the robot has been properly localized?
[planner_server-5] [WARN] [1788847355.908728702] [planner_server]: GridBased: failed to create plan with tolerance 0.50.
[planner_server-5] [WARN] [1788847355.908733827] [planner_server]: Planning algorithm GridBased failed to generate a valid path to (6.44, -0.28)
[planner_server-5] [WARN] [1788847355.908749951] [planner_server]: [compute_path_to_pose] [ActionServer] Aborting handle.
[behavior_server-6] [INFO] [1788847355.917958393] [behavior_server]: Running backup
[planner_server-5] [WARN] [1788847356.899246500] [nav2_costmap_2d]: Robot is out of bounds of the costmap!
[planner_server-5] [INFO] [1788847356.899266625] [global_costmap.global_costmap]: StaticLayer: Resizing costmap to 847 X 455 at 0.015000 m/pix
[planner_server-5] [WARN] [1788847356.900295285] [global_costmap.global_costmap]: Sensor origin at (6.25, -0.93) is out of map bounds (-1.41, -0.84) to (11.29, 5.97). The costmap cannot raytrace for it.
[behavior_server-6] [INFO] [1788847357.218144380] [behavior_server]: backup completed successfully
[planner_server-5] [WARN] [1788847357.248801893] [planner_server]: Cannot create a plan: the robot's start position is off the global costmap. Planning will always fail, are you sure the robot has been properly localized?
[planner_server-5] [WARN] [1788847357.248831643] [planner_server]: GridBased: failed to create plan with tolerance 0.50.
[planner_server-5] [WARN] [1788847357.248836476] [planner_server]: Planning algorithm GridBased failed to generate a valid path to (6.44, -0.28)
[planner_server-5] [WARN] [1788847357.248841017] [planner_server]: [compute_path_to_pose] [ActionServer] Aborting handle.
[behavior_server-6] [INFO] [1788847357.269573135] [behavior_server]: Running spin
[behavior_server-6] [INFO] [1788847357.269609885] [behavior_server]: Turning 1.57 for spin behavior.
[behavior_server-6] [INFO] [1788847357.671464360] [behavior_server]: spin completed successfully
[planner_server-5] [WARN] [1788847357.697320986] [planner_server]: Cannot create a plan: the robot's start position is off the global costmap. Planning will always fail, are you sure the robot has been properly localized?
[planner_server-5] [WARN] [1788847357.697348278] [planner_server]: GridBased: failed to create plan with tolerance 0.50.
[planner_server-5] [WARN] [1788847357.697353528] [planner_server]: Planning algorithm GridBased failed to generate a valid path to (6.44, -0.28)
[planner_server-5] [WARN] [1788847357.697359028] [planner_server]: [compute_path_to_pose] [ActionServer] Aborting handle.
[behavior_server-6] [INFO] [1788847357.717181151] [behavior_server]: Running spin
[behavior_server-6] [INFO] [1788847357.717216068] [behavior_server]: Turning -1.57 for spin behavior.
[planner_server-5] [WARN] [1788847357.897821289] [nav2_costmap_2d]: Robot is out of bounds of the costmap!
[planner_server-5] [WARN] [1788847357.897840664] [global_costmap.global_costmap]: Sensor origin at (6.38, -0.96) is out of map bounds (-1.41, -0.84) to (11.29, 5.97). The costmap cannot raytrace for it.
[behavior_server-6] [INFO] [1788847358.117639844] [behavior_server]: spin completed successfully
[planner_server-5] [WARN] [1788847358.138425627] [planner_server]: Cannot create a plan: the robot's start position is off the global costmap. Planning will always fail, are you sure the robot has been properly localized?
[planner_server-5] [WARN] [1788847358.138451044] [planner_server]: GridBased: failed to create plan with tolerance 0.50.
[planner_server-5] [WARN] [1788847358.138455419] [planner_server]: Planning algorithm GridBased failed to generate a valid path to (6.44, -0.28)
[planner_server-5] [WARN] [1788847358.138483085] [planner_server]: [compute_path_to_pose] [ActionServer] Aborting handle.
[controller_server-3] [INFO] [1788847358.157515797] [local_costmap.local_costmap]: Received request to clear entirely the local_costmap
[planner_server-5] [INFO] [1788847358.157813962] [global_costmap.global_costmap]: Received request to clear entirely the global_costmap
[planner_server-5] [WARN] [1788847358.898880187] [nav2_costmap_2d]: Robot is out of bounds of the costmap!
[planner_server-5] [WARN] [1788847358.899679307] [global_costmap.global_costmap]: Sensor origin at (6.38, -0.96) is out of map bounds (-1.41, -0.84) to (11.29, 5.97). The costmap cannot raytrace for it.
[planner_server-5] [WARN] [1788847358.909194038] [planner_server]: Cannot create a plan: the robot's start position is off the global costmap. Planning will always fail, are you sure the robot has been properly localized?
[planner_server-5] [WARN] [1788847358.909217288] [planner_server]: GridBased: failed to create plan with tolerance 0.50.
[planner_server-5] [WARN] [1788847358.909222163] [planner_server]: Planning algorithm GridBased failed to generate a valid path to (6.44, -0.28)
[planner_server-5] [WARN] [1788847358.909228579] [planner_server]: [compute_path_to_pose] [ActionServer] Aborting handle.
[bt_navigator-7] [WARN] [1788847358.937439941] [bt_navigator]: [navigate_to_pose] [ActionServer] Aborting handle.
[bt_navigator-7] [ERROR] [1788847358.937538524] [bt_navigator]: Goal failed
[WARN] [1788847358.938656517] [candidate_explorer]: Recovery move 'backward-left' failed; checking frontiers before the next direction.
[INFO] [1788847359.271888222] [candidate_explorer]: Detected 9733 frontier cells
[INFO] [1788847359.280691707] [candidate_explorer]: Found 123 frontier clusters after filtering
[INFO] [1788847359.292198342] [candidate_explorer]: Selected frontier cluster: size=586, goal=(5.74, -0.67), distance=0.70
[INFO] [1788847359.293258418] [candidate_explorer]: Checking global path to frontier (5.74, -0.67), distance=0.70m
[planner_server-5] [WARN] [1788847359.293831498] [planner_server]: Cannot create a plan: the robot's start position is off the global costmap. Planning will always fail, are you sure the robot has been properly localized?
[planner_server-5] [WARN] [1788847359.293861373] [planner_server]: GridBased: failed to create plan with tolerance 0.50.
[planner_server-5] [WARN] [1788847359.293867706] [planner_server]: Planning algorithm GridBased failed to generate a valid path to (5.74, -0.67)
[planner_server-5] [WARN] [1788847359.293872623] [planner_server]: [compute_path_to_pose] [ActionServer] Aborting handle.
[WARN] [1788847359.298047388] [candidate_explorer]: Path computation failed, status=6
[WARN] [1788847359.298271136] [candidate_explorer]: No global path to frontier (5.74, -0.67). Blacklisting.
[INFO] [1788847359.486767099] [candidate_explorer]: Detected 9733 frontier cells
[INFO] [1788847359.495490168] [candidate_explorer]: Found 123 frontier clusters after filtering
[WARN] [1788847359.507106428] [candidate_explorer]: Frontier clusters exist, but none have a usable goal point.
[WARN] [1788847359.508593126] [candidate_explorer]: Frontier clusters exist but have no usable goal. Trying recovery direction 1/8 before checking again.
[INFO] [1788847359.508902749] [candidate_explorer]: Recovery move 1/8: forward, 0.8 m -> (5.60, -0.75)
[bt_navigator-7] [INFO] [1788847359.509509871] [bt_navigator]: Begin navigating from current location (6.38, -0.96) to (5.60, -0.75)
[planner_server-5] [WARN] [1788847359.509803410] [planner_server]: Cannot create a plan: the robot's start position is off the global costmap. Planning will always fail, are you sure the robot has been properly localized?
[planner_server-5] [WARN] [1788847359.509826702] [planner_server]: GridBased: failed to create plan with tolerance 0.50.
[planner_server-5] [WARN] [1788847359.509831618] [planner_server]: Planning algorithm GridBased failed to generate a valid path to (5.60, -0.75)
[planner_server-5] [WARN] [1788847359.509836202] [planner_server]: [compute_path_to_pose] [ActionServer] Aborting handle.
[behavior_server-6] [INFO] [1788847359.530274613] [behavior_server]: Running backup
[planner_server-5] [WARN] [1788847359.899673087] [nav2_costmap_2d]: Robot is out of bounds of the costmap!
[planner_server-5] [WARN] [1788847359.899694503] [global_costmap.global_costmap]: Sensor origin at (6.51, -0.99) is out of map bounds (-1.41, -0.84) to (11.29, 5.97). The costmap cannot raytrace for it.
[behavior_server-6] [INFO] [1788847360.831556343] [behavior_server]: backup completed successfully
[planner_server-5] [WARN] [1788847360.862081440] [planner_server]: Cannot create a plan: the robot's start position is off the global costmap. Planning will always fail, are you sure the robot has been properly localized?
[planner_server-5] [WARN] [1788847360.862323730] [planner_server]: GridBased: failed to create plan with tolerance 0.50.
[planner_server-5] [WARN] [1788847360.862457063] [planner_server]: Planning algorithm GridBased failed to generate a valid path to (5.60, -0.75)
[planner_server-5] [WARN] [1788847360.862567062] [planner_server]: [compute_path_to_pose] [ActionServer] Aborting handle.
[behavior_server-6] [INFO] [1788847360.880251866] [behavior_server]: Running spin
[behavior_server-6] [INFO] [1788847360.880531614] [behavior_server]: Turning 1.57 for spin behavior.
[planner_server-5] [WARN] [1788847360.897770296] [nav2_costmap_2d]: Robot is out of bounds of the costmap!
[planner_server-5] [INFO] [1788847360.898033919] [global_costmap.global_costmap]: StaticLayer: Resizing costmap to 923 X 464 at 0.015000 m/pix
[planner_server-5] [WARN] [1788847360.899411410] [global_costmap.global_costmap]: Sensor origin at (6.88, -1.09) is out of map bounds (-1.41, -0.97) to (12.43, 5.98). The costmap cannot raytrace for it.
[behavior_server-6] [INFO] [1788847361.282713587] [behavior_server]: spin completed successfully
[planner_server-5] [WARN] [1788847361.311217655] [planner_server]: Cannot create a plan: the robot's start position is off the global costmap. Planning will always fail, are you sure the robot has been properly localized?
[planner_server-5] [WARN] [1788847361.311248655] [planner_server]: GridBased: failed to create plan with tolerance 0.50.
[planner_server-5] [WARN] [1788847361.311259613] [planner_server]: Planning algorithm GridBased failed to generate a valid path to (5.60, -0.75)
[planner_server-5] [WARN] [1788847361.311265113] [planner_server]: [compute_path_to_pose] [ActionServer] Aborting handle.
[behavior_server-6] [INFO] [1788847361.330654489] [behavior_server]: Running spin
[behavior_server-6] [INFO] [1788847361.330685947] [behavior_server]: Turning -1.57 for spin behavior.
[behavior_server-6] [INFO] [1788847361.731303680] [behavior_server]: spin completed successfully
[planner_server-5] [WARN] [1788847361.761131240] [planner_server]: Cannot create a plan: the robot's start position is off the global costmap. Planning will always fail, are you sure the robot has been properly localized?
[planner_server-5] [WARN] [1788847361.761156406] [planner_server]: GridBased: failed to create plan with tolerance 0.50.
[planner_server-5] [WARN] [1788847361.761160906] [planner_server]: Planning algorithm GridBased failed to generate a valid path to (5.60, -0.75)
[planner_server-5] [WARN] [1788847361.761165989] [planner_server]: [compute_path_to_pose] [ActionServer] Aborting handle.
[controller_server-3] [INFO] [1788847361.780306784] [local_costmap.local_costmap]: Received request to clear entirely the local_costmap
[planner_server-5] [INFO] [1788847361.780506074] [global_costmap.global_costmap]: Received request to clear entirely the global_costmap
[planner_server-5] [WARN] [1788847361.897796783] [nav2_costmap_2d]: Robot is out of bounds of the costmap!
[planner_server-5] [WARN] [1788847361.897815867] [global_costmap.global_costmap]: Sensor origin at (6.88, -1.09) is out of map bounds (-1.41, -0.97) to (12.43, 5.98). The costmap cannot raytrace for it.
[planner_server-5] [WARN] [1788847361.902302963] [planner_server]: Cannot create a plan: the robot's start position is off the global costmap. Planning will always fail, are you sure the robot has been properly localized?
[planner_server-5] [WARN] [1788847361.902316671] [planner_server]: GridBased: failed to create plan with tolerance 0.50.
[planner_server-5] [WARN] [1788847361.902320796] [planner_server]: Planning algorithm GridBased failed to generate a valid path to (5.60, -0.75)
[planner_server-5] [WARN] [1788847361.902329463] [planner_server]: [compute_path_to_pose] [ActionServer] Aborting handle.
[behavior_server-6] [INFO] [1788847361.921826755] [behavior_server]: Running backup
[planner_server-5] [WARN] [1788847362.900138590] [nav2_costmap_2d]: Robot is out of bounds of the costmap!
[planner_server-5] [WARN] [1788847362.900894210] [global_costmap.global_costmap]: Sensor origin at (7.25, -1.17) is out of map bounds (-1.41, -0.97) to (12.43, 5.98). The costmap cannot raytrace for it.
[behavior_server-6] [INFO] [1788847363.222526073] [behavior_server]: backup completed successfully
[planner_server-5] [WARN] [1788847363.253273001] [planner_server]: Cannot create a plan: the robot's start position is off the global costmap. Planning will always fail, are you sure the robot has been properly localized?
[planner_server-5] [WARN] [1788847363.253302918] [planner_server]: GridBased: failed to create plan with tolerance 0.50.
[planner_server-5] [WARN] [1788847363.253308001] [planner_server]: Planning algorithm GridBased failed to generate a valid path to (5.60, -0.75)
[planner_server-5] [WARN] [1788847363.253312793] [planner_server]: [compute_path_to_pose] [ActionServer] Aborting handle.
[behavior_server-6] [INFO] [1788847363.272444420] [behavior_server]: Running spin
[behavior_server-6] [INFO] [1788847363.272479420] [behavior_server]: Turning 1.57 for spin behavior.
[behavior_server-6] [INFO] [1788847363.673964731] [behavior_server]: spin completed successfully
[planner_server-5] [WARN] [1788847363.700095606] [planner_server]: Cannot create a plan: the robot's start position is off the global costmap. Planning will always fail, are you sure the robot has been properly localized?
[planner_server-5] [WARN] [1788847363.700123522] [planner_server]: GridBased: failed to create plan with tolerance 0.50.
[planner_server-5] [WARN] [1788847363.700128522] [planner_server]: Planning algorithm GridBased failed to generate a valid path to (5.60, -0.75)
[planner_server-5] [WARN] [1788847363.700147314] [planner_server]: [compute_path_to_pose] [ActionServer] Aborting handle.
[bt_navigator-7] [WARN] [1788847363.729710292] [bt_navigator]: [navigate_to_pose] [ActionServer] Aborting handle.
[bt_navigator-7] [ERROR] [1788847363.730053331] [bt_navigator]: Goal failed
[WARN] [1788847363.731263698] [candidate_explorer]: Recovery move 'forward' failed; checking frontiers before the next direction.
[planner_server-5] [WARN] [1788847363.898446756] [nav2_costmap_2d]: Robot is out of bounds of the costmap!
[planner_server-5] [WARN] [1788847363.898491255] [global_costmap.global_costmap]: Sensor origin at (7.38, -1.19) is out of map bounds (-1.41, -0.97) to (12.43, 5.98). The costmap cannot raytrace for it.
[INFO] [1788847364.021823259] [candidate_explorer]: Detected 9859 frontier cells
[INFO] [1788847364.030739661] [candidate_explorer]: Found 109 frontier clusters after filtering
[INFO] [1788847364.043505287] [candidate_explorer]: Selected frontier cluster: size=7, goal=(9.09, -0.32), distance=1.92
[INFO] [1788847364.044391032] [candidate_explorer]: Checking global path to frontier (9.09, -0.32), distance=1.92m
[planner_server-5] [WARN] [1788847364.044993320] [planner_server]: Cannot create a plan: the robot's start position is off the global costmap. Planning will always fail, are you sure the robot has been properly localized?
[planner_server-5] [WARN] [1788847364.045016861] [planner_server]: GridBased: failed to create plan with tolerance 0.50.
[planner_server-5] [WARN] [1788847364.045023153] [planner_server]: Planning algorithm GridBased failed to generate a valid path to (9.09, -0.32)
[planner_server-5] [WARN] [1788847364.045027778] [planner_server]: [compute_path_to_pose] [ActionServer] Aborting handle.
[WARN] [1788847364.047456387] [candidate_explorer]: Path computation failed, status=6
[WARN] [1788847364.047673927] [candidate_explorer]: No global path to frontier (9.09, -0.32). Blacklisting.
[INFO] [1788847364.240018866] [candidate_explorer]: Detected 9859 frontier cells
[INFO] [1788847364.248550686] [candidate_explorer]: Found 109 frontier clusters after filtering
[WARN] [1788847364.261231939] [candidate_explorer]: Frontier clusters exist, but none have a usable goal point.
[WARN] [1788847364.262198766] [candidate_explorer]: Frontier clusters exist but have no usable goal. Trying recovery direction 1/8 before checking again.
[WARN] [1788847364.262454681] [candidate_explorer]: Skipping recovery move 'forward': no usable in-map endpoint is available yet.
[INFO] [1788847364.526820201] [candidate_explorer]: Detected 9988 frontier cells
[INFO] [1788847364.535801810] [candidate_explorer]: Found 115 frontier clusters after filtering
[WARN] [1788847364.548184147] [candidate_explorer]: Frontier clusters exist, but none have a usable goal point.
[WARN] [1788847364.549110225] [candidate_explorer]: Frontier clusters exist but have no usable goal. Trying recovery direction 2/8 before checking again.
[INFO] [1788847364.549389848] [candidate_explorer]: Recovery move 2/8: forward-left, 0.8 m -> (7.72, -1.49)
[bt_navigator-7] [INFO] [1788847364.549871678] [bt_navigator]: Begin navigating from current location (7.38, -1.19) to (7.72, -1.49)
[planner_server-5] [WARN] [1788847364.550119468] [planner_server]: Cannot create a plan: the robot's start position is off the global costmap. Planning will always fail, are you sure the robot has been properly localized?
[planner_server-5] [WARN] [1788847364.550139677] [planner_server]: GridBased: failed to create plan with tolerance 0.50.
[planner_server-5] [WARN] [1788847364.550144218] [planner_server]: Planning algorithm GridBased failed to generate a valid path to (7.72, -1.49)
[planner_server-5] [WARN] [1788847364.550148468] [planner_server]: [compute_path_to_pose] [ActionServer] Aborting handle.
[behavior_server-6] [INFO] [1788847364.561239606] [behavior_server]: Running spin
[behavior_server-6] [INFO] [1788847364.561275689] [behavior_server]: Turning -1.57 for spin behavior.
[planner_server-5] [WARN] [1788847364.902417468] [nav2_costmap_2d]: Robot is out of bounds of the costmap!
[planner_server-5] [INFO] [1788847364.902434843] [global_costmap.global_costmap]: StaticLayer: Resizing costmap to 949 X 497 at 0.015000 m/pix
[behavior_server-6] [INFO] [1788847364.962178003] [behavior_server]: spin completed successfully
[planner_server-5] [WARN] [1788847364.980918550] [planner_server]: The goal sent to the planner is off the global costmap. Planning will always fail to this goal.
[planner_server-5] [WARN] [1788847364.980954883] [planner_server]: GridBased: failed to create plan with tolerance 0.50.
[planner_server-5] [WARN] [1788847364.980960217] [planner_server]: Planning algorithm GridBased failed to generate a valid path to (7.72, -1.49)
[planner_server-5] [WARN] [1788847364.980965092] [planner_server]: [compute_path_to_pose] [ActionServer] Aborting handle.
[controller_server-3] [INFO] [1788847365.001834875] [local_costmap.local_costmap]: Received request to clear entirely the local_costmap
[planner_server-5] [INFO] [1788847365.002304039] [global_costmap.global_costmap]: Received request to clear entirely the global_costmap
[planner_server-5] [WARN] [1788847365.913789634] [planner_server]: The goal sent to the planner is off the global costmap. Planning will always fail to this goal.
[planner_server-5] [WARN] [1788847365.914141048] [planner_server]: GridBased: failed to create plan with tolerance 0.50.
[planner_server-5] [WARN] [1788847365.914147715] [planner_server]: Planning algorithm GridBased failed to generate a valid path to (7.72, -1.49)
[planner_server-5] [WARN] [1788847365.914153882] [planner_server]: [compute_path_to_pose] [ActionServer] Aborting handle.
[behavior_server-6] [INFO] [1788847365.932011976] [behavior_server]: Running backup
[behavior_server-6] [INFO] [1788847367.233980702] [behavior_server]: backup completed successfully
[planner_server-5] [WARN] [1788847367.260659115] [planner_server]: The goal sent to the planner is off the global costmap. Planning will always fail to this goal.
[planner_server-5] [WARN] [1788847367.260688823] [planner_server]: GridBased: failed to create plan with tolerance 0.50.
[planner_server-5] [WARN] [1788847367.260694156] [planner_server]: Planning algorithm GridBased failed to generate a valid path to (7.72, -1.49)
[planner_server-5] [WARN] [1788847367.260699281] [planner_server]: [compute_path_to_pose] [ActionServer] Aborting handle.
[behavior_server-6] [INFO] [1788847367.281591398] [behavior_server]: Running spin
[behavior_server-6] [INFO] [1788847367.281628939] [behavior_server]: Turning 1.57 for spin behavior.
[behavior_server-6] [INFO] [1788847367.683242124] [behavior_server]: spin completed successfully
[planner_server-5] [WARN] [1788847367.712517854] [planner_server]: The goal sent to the planner is off the global costmap. Planning will always fail to this goal.
[planner_server-5] [WARN] [1788847367.712547395] [planner_server]: GridBased: failed to create plan with tolerance 0.50.
[planner_server-5] [WARN] [1788847367.712552062] [planner_server]: Planning algorithm GridBased failed to generate a valid path to (7.72, -1.49)
[planner_server-5] [WARN] [1788847367.712556437] [planner_server]: [compute_path_to_pose] [ActionServer] Aborting handle.
[behavior_server-6] [INFO] [1788847367.730842737] [behavior_server]: Running spin
[behavior_server-6] [INFO] [1788847367.730882153] [behavior_server]: Turning -1.57 for spin behavior.
[behavior_server-6] [INFO] [1788847368.131901925] [behavior_server]: spin completed successfully
[planner_server-5] [WARN] [1788847368.152728209] [planner_server]: The goal sent to the planner is off the global costmap. Planning will always fail to this goal.
[planner_server-5] [WARN] [1788847368.152750376] [planner_server]: GridBased: failed to create plan with tolerance 0.50.
[planner_server-5] [WARN] [1788847368.152755459] [planner_server]: Planning algorithm GridBased failed to generate a valid path to (7.72, -1.49)
[planner_server-5] [WARN] [1788847368.152760167] [planner_server]: [compute_path_to_pose] [ActionServer] Aborting handle.
[controller_server-3] [INFO] [1788847368.172430958] [local_costmap.local_costmap]: Received request to clear entirely the local_costmap
[planner_server-5] [INFO] [1788847368.173167787] [global_costmap.global_costmap]: Received request to clear entirely the global_costmap
[planner_server-5] [INFO] [1788847368.901416761] [global_costmap.global_costmap]: StaticLayer: Resizing costmap to 985 X 526 at 0.015000 m/pix
[planner_server-5] [WARN] [1788847368.916463664] [planner_server]: Planner loop missed its desired rate of 20.0000 Hz. Current loop rate is 0.3390 Hz
[controller_server-3] [INFO] [1788847368.930906239] [controller_server]: Received a goal, begin computing control effort.
[controller_server-3] [INFO] [1788847369.984748091] [controller_server]: Passing new path to controller.
[controller_server-3] [INFO] [1788847370.085739530] [controller_server]: Reached the goal!
[bt_navigator-7] [INFO] [1788847370.121442677] [bt_navigator]: Goal succeeded
[INFO] [1788847370.122821210] [candidate_explorer]: Recovery move 'forward-left' succeeded.
[INFO] [1788847370.284803883] [candidate_explorer]: Detected 10033 frontier cells
[INFO] [1788847370.293969700] [candidate_explorer]: Found 147 frontier clusters after filtering
[INFO] [1788847370.306560536] [candidate_explorer]: Selected frontier cluster: size=1008, goal=(7.32, -1.13), distance=0.61
[INFO] [1788847370.307552321] [candidate_explorer]: Checking global path to frontier (7.32, -1.13), distance=0.61m
[INFO] [1788847370.313815740] [candidate_explorer]: Nav2 path to frontier is 0.63m (straight-line=0.61m, detour=1.0x)
[INFO] [1788847370.314663526] [candidate_explorer]: Global path accepted. Navigating to frontier (7.32, -1.13)
[bt_navigator-7] [INFO] [1788847370.315128606] [bt_navigator]: Begin navigating from current location (7.90, -1.31) to (7.32, -1.13)
[controller_server-3] [INFO] [1788847370.338630915] [controller_server]: Received a goal, begin computing control effort.
[controller_server-3] [INFO] [1788847371.393363845] [controller_server]: Passing new path to controller.
[controller_server-3] [INFO] [1788847371.690928903] [controller_server]: Reached the goal!
[bt_navigator-7] [INFO] [1788847371.725361599] [bt_navigator]: Goal succeeded
[INFO] [1788847371.726476967] [candidate_explorer]: Frontier goal finished: success=True
[INFO] [1788847371.726697924] [candidate_explorer]: Reached frontier. Waiting for the map to expose new frontiers.
[INFO] [1788847372.033862129] [candidate_explorer]: Detected 10033 frontier cells
[INFO] [1788847372.042910571] [candidate_explorer]: Found 147 frontier clusters after filtering
[INFO] [1788847372.055705073] [candidate_explorer]: Selected frontier cluster: size=1008, goal=(7.90, -0.95), distance=0.60
[INFO] [1788847372.056716066] [candidate_explorer]: Checking global path to frontier (7.90, -0.95), distance=0.60m
[INFO] [1788847372.063394399] [candidate_explorer]: Nav2 path to frontier is 0.60m (straight-line=0.60m, detour=1.0x)
[INFO] [1788847372.064598683] [candidate_explorer]: Global path accepted. Navigating to frontier (7.90, -0.95)
[bt_navigator-7] [INFO] [1788847372.065180971] [bt_navigator]: Begin navigating from current location (7.42, -1.31) to (7.90, -0.95)
[controller_server-3] [INFO] [1788847372.087755035] [controller_server]: Received a goal, begin computing control effort.
[controller_server-3] [INFO] [1788847373.137990660] [controller_server]: Passing new path to controller.
[controller_server-3] [INFO] [1788847373.643297600] [controller_server]: Reached the goal!
[bt_navigator-7] [INFO] [1788847373.675460644] [bt_navigator]: Goal succeeded
[INFO] [1788847373.677990128] [candidate_explorer]: Frontier goal finished: success=True
[INFO] [1788847373.678339876] [candidate_explorer]: Reached frontier. Waiting for the map to expose new frontiers.
[INFO] [1788847373.789418583] [candidate_explorer]: Detected 10033 frontier cells
[INFO] [1788847373.798518483] [candidate_explorer]: Found 147 frontier clusters after filtering
[INFO] [1788847373.811341901] [candidate_explorer]: Selected frontier cluster: size=5, goal=(8.31, -0.87), distance=0.61
[INFO] [1788847373.812748267] [candidate_explorer]: Checking global path to frontier (8.31, -0.87), distance=0.61m
[INFO] [1788847373.819808264] [candidate_explorer]: Nav2 path to frontier is 0.63m (straight-line=0.61m, detour=1.0x)
[INFO] [1788847373.820626342] [candidate_explorer]: Global path accepted. Navigating to frontier (8.31, -0.87)
[bt_navigator-7] [INFO] [1788847373.821220713] [bt_navigator]: Begin navigating from current location (7.70, -0.88) to (8.31, -0.87)
[controller_server-3] [INFO] [1788847373.842412453] [controller_server]: Received a goal, begin computing control effort.
[controller_server-3] [INFO] [1788847374.344848077] [controller_server]: Reached the goal!
[bt_navigator-7] [INFO] [1788847374.384769489] [bt_navigator]: Goal succeeded
[INFO] [1788847374.385910232] [candidate_explorer]: Frontier goal finished: success=True
[INFO] [1788847374.386155189] [candidate_explorer]: Reached frontier. Waiting for the map to expose new frontiers.
[INFO] [1788847374.536583936] [candidate_explorer]: Detected 11090 frontier cells
[INFO] [1788847374.546428873] [candidate_explorer]: Found 187 frontier clusters after filtering
[INFO] [1788847374.562435563] [candidate_explorer]: Selected frontier cluster: size=1570, goal=(8.62, -1.16), distance=0.60
[INFO] [1788847374.563494723] [candidate_explorer]: Checking global path to frontier (8.62, -1.16), distance=0.60m
[INFO] [1788847374.569813516] [candidate_explorer]: Nav2 path to frontier is 0.63m (straight-line=0.60m, detour=1.0x)
[INFO] [1788847374.570682635] [candidate_explorer]: Global path accepted. Navigating to frontier (8.62, -1.16)
[bt_navigator-7] [INFO] [1788847374.571113924] [bt_navigator]: Begin navigating from current location (8.12, -0.83) to (8.62, -1.16)
[controller_server-3] [INFO] [1788847374.594601066] [controller_server]: Received a goal, begin computing control effort.
[controller_server-3] [INFO] [1788847375.049197495] [controller_server]: Reached the goal!
[bt_navigator-7] [INFO] [1788847375.081882703] [bt_navigator]: Goal succeeded
[INFO] [1788847375.082387325] [candidate_explorer]: Frontier goal finished: success=True
[INFO] [1788847375.082639865] [candidate_explorer]: Reached frontier. Waiting for the map to expose new frontiers.
[INFO] [1788847375.245506700] [candidate_explorer]: Detected 11090 frontier cells
[INFO] [1788847375.255466970] [candidate_explorer]: Found 187 frontier clusters after filtering
[INFO] [1788847375.270594498] [candidate_explorer]: Selected frontier cluster: size=22, goal=(9.06, -1.13), distance=0.61
[INFO] [1788847375.271641325] [candidate_explorer]: Checking global path to frontier (9.06, -1.13), distance=0.61m
[INFO] [1788847375.283132710] [candidate_explorer]: Nav2 path to frontier is 0.63m (straight-line=0.61m, detour=1.0x)
[INFO] [1788847375.284059287] [candidate_explorer]: Global path accepted. Navigating to frontier (9.06, -1.13)
[bt_navigator-7] [INFO] [1788847375.284529992] [bt_navigator]: Begin navigating from current location (8.47, -0.99) to (9.06, -1.13)
[controller_server-3] [INFO] [1788847375.306469727] [controller_server]: Received a goal, begin computing control effort.
[controller_server-3] [INFO] [1788847375.758723755] [controller_server]: Reached the goal!
[bt_navigator-7] [INFO] [1788847375.797324759] [bt_navigator]: Goal succeeded
[INFO] [1788847375.798669417] [candidate_explorer]: Frontier goal finished: success=True
[INFO] [1788847375.798945665] [candidate_explorer]: Reached frontier. Waiting for the map to expose new frontiers.
[INFO] [1788847375.995469202] [candidate_explorer]: Detected 11090 frontier cells
[INFO] [1788847376.005355680] [candidate_explorer]: Found 187 frontier clusters after filtering
[INFO] [1788847376.019728797] [candidate_explorer]: Selected frontier cluster: size=32, goal=(9.43, -1.13), distance=0.61
[INFO] [1788847376.020793457] [candidate_explorer]: Checking global path to frontier (9.43, -1.13), distance=0.61m
[INFO] [1788847376.026820835] [candidate_explorer]: Nav2 path to frontier is 0.61m (straight-line=0.61m, detour=1.0x)
[INFO] [1788847376.027703204] [candidate_explorer]: Global path accepted. Navigating to frontier (9.43, -1.13)
[bt_navigator-7] [INFO] [1788847376.028214409] [bt_navigator]: Begin navigating from current location (8.83, -1.16) to (9.43, -1.13)
[controller_server-3] [INFO] [1788847376.051148388] [controller_server]: Received a goal, begin computing control effort.
[controller_server-3] [INFO] [1788847376.503931579] [controller_server]: Reached the goal!
[bt_navigator-7] [INFO] [1788847376.540211056] [bt_navigator]: Goal succeeded
[INFO] [1788847376.541436048] [candidate_explorer]: Frontier goal finished: success=True
[INFO] [1788847376.541718255] [candidate_explorer]: Reached frontier. Waiting for the map to expose new frontiers.
[INFO] [1788847376.790924871] [candidate_explorer]: Detected 12553 frontier cells
[INFO] [1788847376.801902301] [candidate_explorer]: Found 203 frontier clusters after filtering
[INFO] [1788847376.822809001] [candidate_explorer]: Selected frontier cluster: size=2479, goal=(9.82, -1.07), distance=0.60
[INFO] [1788847376.824006327] [candidate_explorer]: Checking global path to frontier (9.82, -1.07), distance=0.60m
[INFO] [1788847376.830193120] [candidate_explorer]: Nav2 path to frontier is 0.62m (straight-line=0.60m, detour=1.0x)
[INFO] [1788847376.831068031] [candidate_explorer]: Global path accepted. Navigating to frontier (9.82, -1.07)
[bt_navigator-7] [INFO] [1788847376.831509820] [bt_navigator]: Begin navigating from current location (9.23, -1.15) to (9.82, -1.07)
[controller_server-3] [INFO] [1788847376.854646631] [controller_server]: Received a goal, begin computing control effort.
[planner_server-5] [INFO] [1788847376.900499671] [global_costmap.global_costmap]: StaticLayer: Resizing costmap to 1019 X 543 at 0.015000 m/pix
[controller_server-3] [INFO] [1788847377.306756160] [controller_server]: Reached the goal!
[bt_navigator-7] [INFO] [1788847377.342594473] [bt_navigator]: Goal succeeded
[INFO] [1788847377.343765757] [candidate_explorer]: Frontier goal finished: success=True
[INFO] [1788847377.344033880] [candidate_explorer]: Reached frontier. Waiting for the map to expose new frontiers.
[INFO] [1788847377.499851135] [candidate_explorer]: Detected 12553 frontier cells
[INFO] [1788847377.511114938] [candidate_explorer]: Found 203 frontier clusters after filtering
[INFO] [1788847377.530683063] [candidate_explorer]: Selected frontier cluster: size=2479, goal=(10.14, -0.85), distance=0.60
[INFO] [1788847377.531991846] [candidate_explorer]: Checking global path to frontier (10.14, -0.85), distance=0.60m
[INFO] [1788847377.538729762] [candidate_explorer]: Nav2 path to frontier is 0.62m (straight-line=0.60m, detour=1.0x)
[INFO] [1788847377.539668506] [candidate_explorer]: Global path accepted. Navigating to frontier (10.14, -0.85)
[bt_navigator-7] [INFO] [1788847377.540071503] [bt_navigator]: Begin navigating from current location (9.61, -1.13) to (10.14, -0.85)
[controller_server-3] [INFO] [1788847377.563399396] [controller_server]: Received a goal, begin computing control effort.
[controller_server-3] [INFO] [1788847378.018393615] [controller_server]: Reached the goal!
[bt_navigator-7] [INFO] [1788847378.053706431] [bt_navigator]: Goal succeeded
[INFO] [1788847378.055043714] [candidate_explorer]: Frontier goal finished: success=True
[INFO] [1788847378.055293671] [candidate_explorer]: Reached frontier. Waiting for the map to expose new frontiers.
[INFO] [1788847378.249931928] [candidate_explorer]: Detected 12553 frontier cells
[INFO] [1788847378.261497895] [candidate_explorer]: Found 203 frontier clusters after filtering
[INFO] [1788847378.280247984] [candidate_explorer]: Selected frontier cluster: size=2479, goal=(10.60, -1.00), distance=0.60
[INFO] [1788847378.281557684] [candidate_explorer]: Checking global path to frontier (10.60, -1.00), distance=0.60m
[INFO] [1788847378.288307224] [candidate_explorer]: Nav2 path to frontier is 0.61m (straight-line=0.60m, detour=1.0x)
[INFO] [1788847378.289178802] [candidate_explorer]: Global path accepted. Navigating to frontier (10.60, -1.00)
[bt_navigator-7] [INFO] [1788847378.289610383] [bt_navigator]: Begin navigating from current location (10.00, -0.98) to (10.60, -1.00)
[controller_server-3] [INFO] [1788847378.310493041] [controller_server]: Received a goal, begin computing control effort.
[controller_server-3] [INFO] [1788847378.814765737] [controller_server]: Reached the goal!
[bt_navigator-7] [INFO] [1788847378.851784250] [bt_navigator]: Goal succeeded
[INFO] [1788847378.852954618] [candidate_explorer]: Frontier goal finished: success=True
[INFO] [1788847378.853172033] [candidate_explorer]: Reached frontier. Waiting for the map to expose new frontiers.
[planner_server-5] [INFO] [1788847378.901487933] [global_costmap.global_costmap]: StaticLayer: Resizing costmap to 1024 X 545 at 0.015000 m/pix
[INFO] [1788847379.043228903] [candidate_explorer]: Detected 12922 frontier cells
[INFO] [1788847379.054484872] [candidate_explorer]: Found 143 frontier clusters after filtering
[INFO] [1788847379.076048151] [candidate_explorer]: Selected frontier cluster: size=3559, goal=(11.01, -1.08), distance=0.60
[INFO] [1788847379.077339601] [candidate_explorer]: Checking global path to frontier (11.01, -1.08), distance=0.60m
[INFO] [1788847379.083799519] [candidate_explorer]: Nav2 path to frontier is 0.63m (straight-line=0.60m, detour=1.0x)
[INFO] [1788847379.084709971] [candidate_explorer]: Global path accepted. Navigating to frontier (11.01, -1.08)
[bt_navigator-7] [INFO] [1788847379.085097344] [bt_navigator]: Begin navigating from current location (10.44, -0.89) to (11.01, -1.08)
[controller_server-3] [INFO] [1788847379.106485582] [controller_server]: Received a goal, begin computing control effort.
[controller_server-3] [INFO] [1788847379.561460176] [controller_server]: Reached the goal!
[bt_navigator-7] [INFO] [1788847379.597493154] [bt_navigator]: Goal succeeded
[INFO] [1788847379.598919312] [candidate_explorer]: Frontier goal finished: success=True
[INFO] [1788847379.599183935] [candidate_explorer]: Reached frontier. Waiting for the map to expose new frontiers.
[INFO] [1788847379.750801633] [candidate_explorer]: Detected 12922 frontier cells
[INFO] [1788847379.764687211] [candidate_explorer]: Found 143 frontier clusters after filtering
[INFO] [1788847379.784682292] [candidate_explorer]: Selected frontier cluster: size=3559, goal=(11.41, -1.12), distance=0.60
[INFO] [1788847379.785888493] [candidate_explorer]: Checking global path to frontier (11.41, -1.12), distance=0.60m
[INFO] [1788847379.792187827] [candidate_explorer]: Nav2 path to frontier is 0.63m (straight-line=0.60m, detour=1.1x)
[INFO] [1788847379.793089822] [candidate_explorer]: Global path accepted. Navigating to frontier (11.41, -1.12)
[bt_navigator-7] [INFO] [1788847379.793456653] [bt_navigator]: Begin navigating from current location (10.82, -1.01) to (11.41, -1.12)
[controller_server-3] [INFO] [1788847379.814599518] [controller_server]: Received a goal, begin computing control effort.
[controller_server-3] [INFO] [1788847380.270212816] [controller_server]: Reached the goal!
[bt_navigator-7] [INFO] [1788847380.303878768] [bt_navigator]: Goal succeeded
[INFO] [1788847380.305078927] [candidate_explorer]: Frontier goal finished: success=True
[INFO] [1788847380.305351508] [candidate_explorer]: Reached frontier. Waiting for the map to expose new frontiers.
[INFO] [1788847380.545986513] [candidate_explorer]: Detected 12147 frontier cells
[INFO] [1788847380.557030359] [candidate_explorer]: Found 135 frontier clusters after filtering
[INFO] [1788847380.575075702] [candidate_explorer]: Selected frontier cluster: size=2908, goal=(11.82, -1.21), distance=0.60
[INFO] [1788847380.576142612] [candidate_explorer]: Checking global path to frontier (11.82, -1.21), distance=0.60m
[INFO] [1788847380.582747653] [candidate_explorer]: Nav2 path to frontier is 0.63m (straight-line=0.60m, detour=1.0x)
[INFO] [1788847380.583712980] [candidate_explorer]: Global path accepted. Navigating to frontier (11.82, -1.21)
[bt_navigator-7] [INFO] [1788847380.584154769] [bt_navigator]: Begin navigating from current location (11.23, -1.11) to (11.82, -1.21)
[controller_server-3] [INFO] [1788847380.605834672] [controller_server]: Received a goal, begin computing control effort.
[planner_server-5] [INFO] [1788847380.897826016] [global_costmap.global_costmap]: StaticLayer: Resizing costmap to 1024 X 546 at 0.015000 m/pix
[controller_server-3] [INFO] [1788847381.007223817] [controller_server]: Reached the goal!
[bt_navigator-7] [INFO] [1788847381.047532268] [bt_navigator]: Goal succeeded
[INFO] [1788847381.048850051] [candidate_explorer]: Frontier goal finished: success=True
[INFO] [1788847381.049119425] [candidate_explorer]: Reached frontier. Waiting for the map to expose new frontiers.
[INFO] [1788847381.252658125] [candidate_explorer]: Detected 12147 frontier cells
[INFO] [1788847381.263866678] [candidate_explorer]: Found 135 frontier clusters after filtering
[INFO] [1788847381.281772897] [candidate_explorer]: Selected frontier cluster: size=2908, goal=(12.10, -1.47), distance=0.60
[INFO] [1788847381.282887848] [candidate_explorer]: Checking global path to frontier (12.10, -1.47), distance=0.60m
[INFO] [1788847381.289219641] [candidate_explorer]: Nav2 path to frontier is 0.62m (straight-line=0.60m, detour=1.0x)
[INFO] [1788847381.290132344] [candidate_explorer]: Global path accepted. Navigating to frontier (12.10, -1.47)
[bt_navigator-7] [INFO] [1788847381.290511008] [bt_navigator]: Begin navigating from current location (11.58, -1.17) to (12.10, -1.47)
[controller_server-3] [INFO] [1788847381.314422105] [controller_server]: Received a goal, begin computing control effort.
[controller_server-3] [INFO] [1788847381.818216971] [controller_server]: Reached the goal!
[bt_navigator-7] [INFO] [1788847381.854817695] [bt_navigator]: Goal succeeded
[INFO] [1788847381.856220770] [candidate_explorer]: Frontier goal finished: success=True
[INFO] [1788847381.856600809] [candidate_explorer]: Reached frontier. Waiting for the map to expose new frontiers.
[INFO] [1788847382.000656764] [candidate_explorer]: Detected 12147 frontier cells
[INFO] [1788847382.011612902] [candidate_explorer]: Found 135 frontier clusters after filtering
[INFO] [1788847382.029592871] [candidate_explorer]: Selected frontier cluster: size=2908, goal=(11.38, -1.45), distance=0.60
[INFO] [1788847382.030811988] [candidate_explorer]: Checking global path to frontier (11.38, -1.45), distance=0.60m
[planner_server-5] [ERROR] [1788847382.032921308] [planner_server]: Failed to create a plan from potential when a legal potential was found. This shouldn't happen.
[planner_server-5] [WARN] [1788847382.033310847] [planner_server]: GridBased: failed to create plan with tolerance 0.50.
[planner_server-5] [WARN] [1788847382.033413763] [planner_server]: Planning algorithm GridBased failed to generate a valid path to (11.38, -1.45)
[planner_server-5] [WARN] [1788847382.033420013] [planner_server]: [compute_path_to_pose] [ActionServer] Aborting handle.
[WARN] [1788847382.036250828] [candidate_explorer]: Path computation failed, status=6
[WARN] [1788847382.036471619] [candidate_explorer]: No global path to frontier (11.38, -1.45). Blacklisting.
[INFO] [1788847382.249777881] [candidate_explorer]: Detected 12147 frontier cells
[INFO] [1788847382.261025434] [candidate_explorer]: Found 135 frontier clusters after filtering
[INFO] [1788847382.279118069] [candidate_explorer]: Selected frontier cluster: size=29, goal=(11.77, -0.75), distance=0.63
[INFO] [1788847382.280242520] [candidate_explorer]: Checking global path to frontier (11.77, -0.75), distance=0.63m
[INFO] [1788847382.287124226] [candidate_explorer]: Nav2 path to frontier is 0.68m (straight-line=0.63m, detour=1.1x)
[INFO] [1788847382.288073803] [candidate_explorer]: Global path accepted. Navigating to frontier (11.77, -0.75)
[bt_navigator-7] [INFO] [1788847382.288468717] [bt_navigator]: Begin navigating from current location (11.97, -1.34) to (11.77, -0.75)
[controller_server-3] [INFO] [1788847382.310336161] [controller_server]: Received a goal, begin computing control effort.
[controller_server-3] [INFO] [1788847383.363144895] [controller_server]: Passing new path to controller.
[controller_server-3] [INFO] [1788847383.517499201] [controller_server]: Reached the goal!
[bt_navigator-7] [INFO] [1788847383.551879690] [bt_navigator]: Goal succeeded
[INFO] [1788847383.552369270] [candidate_explorer]: Frontier goal finished: success=True
[INFO] [1788847383.552609560] [candidate_explorer]: Reached frontier. Waiting for the map to expose new frontiers.
[INFO] [1788847383.794532807] [candidate_explorer]: Detected 11666 frontier cells
[INFO] [1788847383.808902673] [candidate_explorer]: Found 128 frontier clusters after filtering
[INFO] [1788847383.828275841] [candidate_explorer]: Selected frontier cluster: size=2593, goal=(12.19, -1.44), distance=0.60
[INFO] [1788847383.829636582] [candidate_explorer]: Checking global path to frontier (12.19, -1.44), distance=0.60m
[INFO] [1788847383.836364748] [candidate_explorer]: Nav2 path to frontier is 0.64m (straight-line=0.60m, detour=1.1x)
[INFO] [1788847383.837233367] [candidate_explorer]: Global path accepted. Navigating to frontier (12.19, -1.44)
[bt_navigator-7] [INFO] [1788847383.837627198] [bt_navigator]: Begin navigating from current location (11.87, -0.93) to (12.19, -1.44)
[controller_server-3] [INFO] [1788847383.859812473] [controller_server]: Received a goal, begin computing control effort.
[planner_server-5] [ERROR] [1788847384.206617716] [global_costmap.global_costmap]: Received map message is malformed. Rejecting.
[controller_server-3] [INFO] [1788847384.911395882] [controller_server]: Passing new path to controller.
[controller_server-3] [INFO] [1788847385.618069493] [controller_server]: Reached the goal!
[bt_navigator-7] [INFO] [1788847385.650622827] [bt_navigator]: Goal succeeded
[INFO] [1788847385.651097282] [candidate_explorer]: Frontier goal finished: success=True
[INFO] [1788847385.651358989] [candidate_explorer]: Reached frontier. Waiting for the map to expose new frontiers.
[INFO] [1788847385.796266522] [candidate_explorer]: Detected 11665 frontier cells
[INFO] [1788847385.806738455] [candidate_explorer]: Found 128 frontier clusters after filtering
[INFO] [1788847385.825062088] [candidate_explorer]: Selected frontier cluster: size=2593, goal=(10.69, -1.05), distance=1.36
[INFO] [1788847385.826982076] [candidate_explorer]: Checking global path to frontier (10.69, -1.05), distance=1.36m
[INFO] [1788847385.836071393] [candidate_explorer]: Nav2 path to frontier is 1.40m (straight-line=1.36m, detour=1.0x)
[INFO] [1788847385.837817715] [candidate_explorer]: Global path accepted. Navigating to frontier (10.69, -1.05)
[bt_navigator-7] [INFO] [1788847385.838354711] [bt_navigator]: Begin navigating from current location (12.01, -1.39) to (10.69, -1.05)
[controller_server-3] [INFO] [1788847385.860178947] [controller_server]: Received a goal, begin computing control effort.
[controller_server-3] [INFO] [1788847386.912254311] [controller_server]: Passing new path to controller.
[controller_server-3] [INFO] [1788847387.714170939] [controller_server]: Reached the goal!
[bt_navigator-7] [INFO] [1788847387.748637302] [bt_navigator]: Goal succeeded
[INFO] [1788847387.749904378] [candidate_explorer]: Frontier goal finished: success=True
[INFO] [1788847387.750143209] [candidate_explorer]: Reached frontier. Waiting for the map to expose new frontiers.
[INFO] [1788847388.045186450] [candidate_explorer]: Detected 11658 frontier cells
[INFO] [1788847388.056182046] [candidate_explorer]: Found 128 frontier clusters after filtering
[INFO] [1788847388.073493227] [candidate_explorer]: Selected frontier cluster: size=2590, goal=(10.35, -1.32), distance=0.60
[INFO] [1788847388.074609220] [candidate_explorer]: Checking global path to frontier (10.35, -1.32), distance=0.60m
[INFO] [1788847388.081710633] [candidate_explorer]: Nav2 path to frontier is 0.81m (straight-line=0.60m, detour=1.3x)
[INFO] [1788847388.082853084] [candidate_explorer]: Global path accepted. Navigating to frontier (10.35, -1.32)
[bt_navigator-7] [INFO] [1788847388.083284540] [bt_navigator]: Begin navigating from current location (10.89, -1.05) to (10.35, -1.32)
[controller_server-3] [INFO] [1788847388.105354816] [controller_server]: Received a goal, begin computing control effort.
[planner_server-5] [ERROR] [1788847388.205792757] [global_costmap.global_costmap]: Received map message is malformed. Rejecting.
[controller_server-3] [INFO] [1788847388.560461409] [controller_server]: Reached the goal!
[bt_navigator-7] [INFO] [1788847388.593995195] [bt_navigator]: Goal succeeded
[INFO] [1788847388.594399317] [candidate_explorer]: Frontier goal finished: success=True
[INFO] [1788847388.594613107] [candidate_explorer]: Reached frontier. Waiting for the map to expose new frontiers.
[INFO] [1788847388.795355659] [candidate_explorer]: Detected 11606 frontier cells
[INFO] [1788847388.805604093] [candidate_explorer]: Found 128 frontier clusters after filtering
[INFO] [1788847388.822814692] [candidate_explorer]: Selected frontier cluster: size=2538, goal=(9.93, -1.26), distance=0.60
[INFO] [1788847388.823942726] [candidate_explorer]: Checking global path to frontier (9.93, -1.26), distance=0.60m
[INFO] [1788847388.830743724] [candidate_explorer]: Nav2 path to frontier is 0.64m (straight-line=0.60m, detour=1.1x)
[INFO] [1788847388.831677760] [candidate_explorer]: Global path accepted. Navigating to frontier (9.93, -1.26)
[bt_navigator-7] [INFO] [1788847388.832095757] [bt_navigator]: Begin navigating from current location (10.52, -1.14) to (9.93, -1.26)
[controller_server-3] [INFO] [1788847388.854678030] [controller_server]: Received a goal, begin computing control effort.
[controller_server-3] [INFO] [1788847389.359225516] [controller_server]: Reached the goal!
[bt_navigator-7] [INFO] [1788847389.392503761] [bt_navigator]: Goal succeeded
[INFO] [1788847389.393026466] [candidate_explorer]: Frontier goal finished: success=True
[INFO] [1788847389.393371881] [candidate_explorer]: Reached frontier. Waiting for the map to expose new frontiers.
[INFO] [1788847389.501090735] [candidate_explorer]: Detected 11606 frontier cells
[INFO] [1788847389.512020248] [candidate_explorer]: Found 128 frontier clusters after filtering
[INFO] [1788847389.529446095] [candidate_explorer]: Selected frontier cluster: size=2538, goal=(9.55, -1.17), distance=0.60
[INFO] [1788847389.530540046] [candidate_explorer]: Checking global path to frontier (9.55, -1.17), distance=0.60m
[INFO] [1788847389.537412336] [candidate_explorer]: Nav2 path to frontier is 0.63m (straight-line=0.60m, detour=1.0x)
[INFO] [1788847389.538401288] [candidate_explorer]: Global path accepted. Navigating to frontier (9.55, -1.17)
[bt_navigator-7] [INFO] [1788847389.538788910] [bt_navigator]: Begin navigating from current location (10.15, -1.27) to (9.55, -1.17)
[controller_server-3] [INFO] [1788847389.561588223] [controller_server]: Received a goal, begin computing control effort.
[controller_server-3] [INFO] [1788847390.014154374] [controller_server]: Reached the goal!
[bt_navigator-7] [INFO] [1788847390.051557594] [bt_navigator]: Goal succeeded
[INFO] [1788847390.052889377] [candidate_explorer]: Frontier goal finished: success=True
[INFO] [1788847390.053164209] [candidate_explorer]: Reached frontier. Waiting for the map to expose new frontiers.
[INFO] [1788847390.251585566] [candidate_explorer]: Detected 11606 frontier cells
[INFO] [1788847390.262211373] [candidate_explorer]: Found 128 frontier clusters after filtering
[INFO] [1788847390.280206967] [candidate_explorer]: Selected frontier cluster: size=6, goal=(9.15, -1.24), distance=0.61
[INFO] [1788847390.281370084] [candidate_explorer]: Checking global path to frontier (9.15, -1.24), distance=0.61m
[planner_server-5] [ERROR] [1788847390.283539821] [planner_server]: Failed to create a plan from potential when a legal potential was found. This shouldn't happen.
[planner_server-5] [WARN] [1788847390.283818152] [planner_server]: GridBased: failed to create plan with tolerance 0.50.
[planner_server-5] [WARN] [1788847390.283824694] [planner_server]: Planning algorithm GridBased failed to generate a valid path to (9.15, -1.24)
[planner_server-5] [WARN] [1788847390.283830027] [planner_server]: [compute_path_to_pose] [ActionServer] Aborting handle.
[WARN] [1788847390.287154881] [candidate_explorer]: Path computation failed, status=6
[WARN] [1788847390.287380879] [candidate_explorer]: No global path to frontier (9.15, -1.24). Blacklisting.
[INFO] [1788847390.545747104] [candidate_explorer]: Detected 10889 frontier cells
[INFO] [1788847390.555488042] [candidate_explorer]: Found 126 frontier clusters after filtering
[INFO] [1788847390.571532939] [candidate_explorer]: Selected frontier cluster: size=1970, goal=(10.35, -1.36), distance=0.60
[INFO] [1788847390.572570433] [candidate_explorer]: Checking global path to frontier (10.35, -1.36), distance=0.60m
[INFO] [1788847390.579331598] [candidate_explorer]: Nav2 path to frontier is 0.62m (straight-line=0.60m, detour=1.0x)
[INFO] [1788847390.580276925] [candidate_explorer]: Global path accepted. Navigating to frontier (10.35, -1.36)
[bt_navigator-7] [INFO] [1788847390.580719089] [bt_navigator]: Begin navigating from current location (9.76, -1.23) to (10.35, -1.36)
[controller_server-3] [INFO] [1788847390.603155113] [controller_server]: Received a goal, begin computing control effort.
[planner_server-5] [INFO] [1788847390.899292596] [global_costmap.global_costmap]: StaticLayer: Resizing costmap to 1025 X 547 at 0.015000 m/pix
[controller_server-3] [INFO] [1788847391.654846813] [controller_server]: Passing new path to controller.
[controller_server-3] [INFO] [1788847392.155852364] [controller_server]: Reached the goal!
[bt_navigator-7] [INFO] [1788847392.192802336] [bt_navigator]: Goal succeeded
[INFO] [1788847392.193237459] [candidate_explorer]: Frontier goal finished: success=True
[INFO] [1788847392.193455291] [candidate_explorer]: Reached frontier. Waiting for the map to expose new frontiers.
[planner_server-5] [ERROR] [1788847392.204341846] [global_costmap.global_costmap]: Received map message is malformed. Rejecting.
[INFO] [1788847392.549080603] [candidate_explorer]: Detected 10889 frontier cells
[INFO] [1788847392.558885249] [candidate_explorer]: Found 126 frontier clusters after filtering
[INFO] [1788847392.575125228] [candidate_explorer]: Selected frontier cluster: size=8, goal=(12.19, -1.72), distance=2.04
[INFO] [1788847392.576177472] [candidate_explorer]: Checking global path to frontier (12.19, -1.72), distance=2.04m
[INFO] [1788847392.586743321] [candidate_explorer]: Nav2 path to frontier is 2.31m (straight-line=2.04m, detour=1.1x)
[INFO] [1788847392.589194764] [candidate_explorer]: Global path accepted. Navigating to frontier (12.19, -1.72)
[bt_navigator-7] [INFO] [1788847392.589622761] [bt_navigator]: Begin navigating from current location (10.17, -1.48) to (12.19, -1.72)
[controller_server-3] [INFO] [1788847392.612793363] [controller_server]: Received a goal, begin computing control effort.
[planner_server-5] [ERROR] [1788847393.622304375] [planner_server]: Failed to create a plan from potential when a legal potential was found. This shouldn't happen.
[planner_server-5] [WARN] [1788847393.622646831] [planner_server]: GridBased: failed to create plan with tolerance 0.50.
[planner_server-5] [WARN] [1788847393.622772955] [planner_server]: Planning algorithm GridBased failed to generate a valid path to (12.19, -1.72)
[planner_server-5] [WARN] [1788847393.622878246] [planner_server]: [compute_path_to_pose] [ActionServer] Aborting handle.
[bt_navigator-7] [ERROR] [1788847393.663935901] [bt_navigator_navigate_to_pose_rclcpp_node]: Failed to get result for follow_path in node halt!
[controller_server-3] [INFO] [1788847393.664141150] [controller_server]: Goal was canceled. Stopping the robot.
[controller_server-3] [INFO] [1788847393.664183274] [controller_server]: [follow_path] [ActionServer] Client requested to cancel the goal. Cancelling.
[behavior_server-6] [INFO] [1788847393.664518689] [behavior_server]: Running backup
[bt_navigator-7] [WARN] [1788847393.664651438] [BehaviorTreeEngine]: Behavior Tree tick rate 100.00 was exceeded!
[planner_server-5] [ERROR] [1788847394.204784656] [global_costmap.global_costmap]: Received map message is malformed. Rejecting.
[behavior_server-6] [INFO] [1788847395.265990171] [behavior_server]: backup completed successfully
[controller_server-3] [INFO] [1788847395.305042172] [controller_server]: Received a goal, begin computing control effort.
[planner_server-5] [ERROR] [1788847396.204881259] [global_costmap.global_costmap]: Received map message is malformed. Rejecting.
[controller_server-3] [INFO] [1788847396.355195883] [controller_server]: Passing new path to controller.
[controller_server-3] [INFO] [1788847396.460400461] [controller_server]: Reached the goal!
[bt_navigator-7] [INFO] [1788847396.497545891] [bt_navigator]: Goal succeeded
[INFO] [1788847396.498087929] [candidate_explorer]: Frontier goal finished: success=True
[INFO] [1788847396.498316094] [candidate_explorer]: Reached frontier. Waiting for the map to expose new frontiers.
[INFO] [1788847396.797508475] [candidate_explorer]: Detected 10460 frontier cells
[INFO] [1788847396.806954748] [candidate_explorer]: Found 125 frontier clusters after filtering
[INFO] [1788847396.821353073] [candidate_explorer]: Selected frontier cluster: size=1565, goal=(10.57, -1.52), distance=1.41
[INFO] [1788847396.822314567] [candidate_explorer]: Checking global path to frontier (10.57, -1.52), distance=1.41m
[INFO] [1788847396.830899637] [candidate_explorer]: Nav2 path to frontier is 1.43m (straight-line=1.41m, detour=1.0x)
[INFO] [1788847396.832450169] [candidate_explorer]: Global path accepted. Navigating to frontier (10.57, -1.52)
[bt_navigator-7] [INFO] [1788847396.832954624] [bt_navigator]: Begin navigating from current location (11.97, -1.66) to (10.57, -1.52)
[controller_server-3] [INFO] [1788847396.856328058] [controller_server]: Received a goal, begin computing control effort.
[controller_server-3] [INFO] [1788847397.907000016] [controller_server]: Passing new path to controller.
[planner_server-5] [ERROR] [1788847398.201729967] [global_costmap.global_costmap]: Received map message is malformed. Rejecting.
[controller_server-3] [INFO] [1788847398.668441737] [controller_server]: Reached the goal!
[bt_navigator-7] [INFO] [1788847398.703750845] [bt_navigator]: Goal succeeded
[INFO] [1788847398.705239502] [candidate_explorer]: Frontier goal finished: success=True
[INFO] [1788847398.705451626] [candidate_explorer]: Reached frontier. Waiting for the map to expose new frontiers.
[INFO] [1788847399.049219097] [candidate_explorer]: Detected 10318 frontier cells
[INFO] [1788847399.058768536] [candidate_explorer]: Found 120 frontier clusters after filtering
[INFO] [1788847399.073465109] [candidate_explorer]: Selected frontier cluster: size=1542, goal=(10.17, -1.46), distance=0.61
[INFO] [1788847399.074411395] [candidate_explorer]: Checking global path to frontier (10.17, -1.46), distance=0.61m
[INFO] [1788847399.081466016] [candidate_explorer]: Nav2 path to frontier is 0.61m (straight-line=0.61m, detour=1.0x)
[INFO] [1788847399.082318844] [candidate_explorer]: Global path accepted. Navigating to frontier (10.17, -1.46)
[bt_navigator-7] [INFO] [1788847399.082750258] [bt_navigator]: Begin navigating from current location (10.77, -1.49) to (10.17, -1.46)
[controller_server-3] [INFO] [1788847399.103515709] [controller_server]: Received a goal, begin computing control effort.
[controller_server-3] [INFO] [1788847399.556114694] [controller_server]: Reached the goal!
[bt_navigator-7] [INFO] [1788847399.592950042] [bt_navigator]: Goal succeeded
[INFO] [1788847399.594436741] [candidate_explorer]: Frontier goal finished: success=True
[INFO] [1788847399.594696322] [candidate_explorer]: Reached frontier. Waiting for the map to expose new frontiers.
[INFO] [1788847399.752898895] [candidate_explorer]: Detected 10318 frontier cells
[INFO] [1788847399.762488751] [candidate_explorer]: Found 120 frontier clusters after filtering
[INFO] [1788847399.777204115] [candidate_explorer]: Selected frontier cluster: size=20, goal=(8.40, -0.94), distance=2.04
[INFO] [1788847399.778176526] [candidate_explorer]: Checking global path to frontier (8.40, -0.94), distance=2.04m
[INFO] [1788847399.787496800] [candidate_explorer]: Nav2 path to frontier is 2.08m (straight-line=2.04m, detour=1.0x)
[INFO] [1788847399.789943826] [candidate_explorer]: Global path accepted. Navigating to frontier (8.40, -0.94)
[bt_navigator-7] [INFO] [1788847399.790340156] [bt_navigator]: Begin navigating from current location (10.37, -1.48) to (8.40, -0.94)
[controller_server-3] [INFO] [1788847399.812212725] [controller_server]: Received a goal, begin computing control effort.
[planner_server-5] [ERROR] [1788847400.206174959] [global_costmap.global_costmap]: Received map message is malformed. Rejecting.
[controller_server-3] [INFO] [1788847400.862687392] [controller_server]: Passing new path to controller.
[controller_server-3] [INFO] [1788847401.515645765] [controller_server]: Reached the goal!
[bt_navigator-7] [INFO] [1788847401.551798367] [bt_navigator]: Goal succeeded
[INFO] [1788847401.553243941] [candidate_explorer]: Frontier goal finished: success=True
[INFO] [1788847401.553466398] [candidate_explorer]: Reached frontier. Waiting for the map to expose new frontiers.
[INFO] [1788847401.798517833] [candidate_explorer]: Detected 10225 frontier cells
[INFO] [1788847401.807747191] [candidate_explorer]: Found 119 frontier clusters after filtering
[INFO] [1788847401.821471728] [candidate_explorer]: Selected frontier cluster: size=1454, goal=(8.04, -1.21), distance=0.60
[INFO] [1788847401.822433264] [candidate_explorer]: Checking global path to frontier (8.04, -1.21), distance=0.60m
[INFO] [1788847401.829636051] [candidate_explorer]: Nav2 path to frontier is 0.67m (straight-line=0.60m, detour=1.1x)
[INFO] [1788847401.830586045] [candidate_explorer]: Global path accepted. Navigating to frontier (8.04, -1.21)
[bt_navigator-7] [INFO] [1788847401.831090334] [bt_navigator]: Begin navigating from current location (8.59, -0.97) to (8.04, -1.21)
[controller_server-3] [INFO] [1788847401.854415268] [controller_server]: Received a goal, begin computing control effort.
[planner_server-5] [ERROR] [1788847402.203272457] [global_costmap.global_costmap]: Received map message is malformed. Rejecting.
[controller_server-3] [INFO] [1788847402.306854046] [controller_server]: Reached the goal!
[bt_navigator-7] [INFO] [1788847402.342688067] [bt_navigator]: Goal succeeded
[INFO] [1788847402.344250057] [candidate_explorer]: Frontier goal finished: success=True
[INFO] [1788847402.344507847] [candidate_explorer]: Reached frontier. Waiting for the map to expose new frontiers.
[INFO] [1788847402.544286196] [candidate_explorer]: Detected 10264 frontier cells
[INFO] [1788847402.554445298] [candidate_explorer]: Found 122 frontier clusters after filtering
[INFO] [1788847402.568021295] [candidate_explorer]: Selected frontier cluster: size=1439, goal=(7.59, -1.21), distance=0.61
[INFO] [1788847402.568946581] [candidate_explorer]: Checking global path to frontier (7.59, -1.21), distance=0.61m
[INFO] [1788847402.575953619] [candidate_explorer]: Nav2 path to frontier is 0.63m (straight-line=0.61m, detour=1.0x)
[INFO] [1788847402.576861447] [candidate_explorer]: Global path accepted. Navigating to frontier (7.59, -1.21)
[bt_navigator-7] [INFO] [1788847402.577212903] [bt_navigator]: Begin navigating from current location (8.18, -1.04) to (7.59, -1.21)
[controller_server-3] [INFO] [1788847402.599353178] [controller_server]: Received a goal, begin computing control effort.
[controller_server-3] [INFO] [1788847403.053989442] [controller_server]: Reached the goal!
[bt_navigator-7] [INFO] [1788847403.090768082] [bt_navigator]: Goal succeeded
[INFO] [1788847403.092242406] [candidate_explorer]: Frontier goal finished: success=True
[INFO] [1788847403.092508612] [candidate_explorer]: Reached frontier. Waiting for the map to expose new frontiers.
[INFO] [1788847403.252407841] [candidate_explorer]: Detected 10264 frontier cells
[INFO] [1788847403.261835281] [candidate_explorer]: Found 122 frontier clusters after filtering
[INFO] [1788847403.275594193] [candidate_explorer]: Selected frontier cluster: size=1439, goal=(7.21, -1.11), distance=0.60
[INFO] [1788847403.276611520] [candidate_explorer]: Checking global path to frontier (7.21, -1.11), distance=0.60m
[INFO] [1788847403.283820016] [candidate_explorer]: Nav2 path to frontier is 0.62m (straight-line=0.60m, detour=1.0x)
[INFO] [1788847403.284703177] [candidate_explorer]: Global path accepted. Navigating to frontier (7.21, -1.11)
[bt_navigator-7] [INFO] [1788847403.285141591] [bt_navigator]: Begin navigating from current location (7.81, -1.20) to (7.21, -1.11)
[controller_server-3] [INFO] [1788847403.307700988] [controller_server]: Received a goal, begin computing control effort.
[controller_server-3] [INFO] [1788847403.766192894] [controller_server]: Reached the goal!
[bt_navigator-7] [INFO] [1788847403.805452310] [bt_navigator]: Goal succeeded
[INFO] [1788847403.805866057] [candidate_explorer]: Frontier goal finished: success=True
[INFO] [1788847403.806093473] [candidate_explorer]: Reached frontier. Waiting for the map to expose new frontiers.
[INFO] [1788847404.003788752] [candidate_explorer]: Detected 10264 frontier cells
[INFO] [1788847404.013054568] [candidate_explorer]: Found 122 frontier clusters after filtering
[INFO] [1788847404.027850390] [candidate_explorer]: Selected frontier cluster: size=1439, goal=(7.96, -1.00), distance=0.61
[INFO] [1788847404.029401005] [candidate_explorer]: Checking global path to frontier (7.96, -1.00), distance=0.61m
[INFO] [1788847404.037238788] [candidate_explorer]: Nav2 path to frontier is 0.62m (straight-line=0.61m, detour=1.0x)
[INFO] [1788847404.038278740] [candidate_explorer]: Global path accepted. Navigating to frontier (7.96, -1.00)
[bt_navigator-7] [INFO] [1788847404.038847861] [bt_navigator]: Begin navigating from current location (7.39, -1.19) to (7.96, -1.00)
[controller_server-3] [INFO] [1788847404.060935845] [controller_server]: Received a goal, begin computing control effort.
[planner_server-5] [ERROR] [1788847404.201647113] [global_costmap.global_costmap]: Received map message is malformed. Rejecting.
[controller_server-3] [INFO] [1788847405.111393179] [controller_server]: Passing new path to controller.
[controller_server-3] [INFO] [1788847405.564145705] [controller_server]: Reached the goal!
[bt_navigator-7] [INFO] [1788847405.600909554] [bt_navigator]: Goal succeeded
[INFO] [1788847405.602401294] [candidate_explorer]: Frontier goal finished: success=True
[INFO] [1788847405.602648917] [candidate_explorer]: Reached frontier. Waiting for the map to expose new frontiers.
[INFO] [1788847405.797586006] [candidate_explorer]: Detected 10187 frontier cells
[INFO] [1788847405.806883863] [candidate_explorer]: Found 126 frontier clusters after filtering
[INFO] [1788847405.820803691] [candidate_explorer]: Selected frontier cluster: size=1325, goal=(7.21, -1.11), distance=0.61
[INFO] [1788847405.821781852] [candidate_explorer]: Checking global path to frontier (7.21, -1.11), distance=0.61m
[INFO] [1788847405.829721718] [candidate_explorer]: Nav2 path to frontier is 0.61m (straight-line=0.61m, detour=1.0x)
[INFO] [1788847405.830567462] [candidate_explorer]: Global path accepted. Navigating to frontier (7.21, -1.11)
[bt_navigator-7] [INFO] [1788847405.831011626] [bt_navigator]: Begin navigating from current location (7.79, -0.91) to (7.21, -1.11)
[controller_server-3] [INFO] [1788847405.853827897] [controller_server]: Received a goal, begin computing control effort.
[planner_server-5] [ERROR] [1788847406.204030577] [global_costmap.global_costmap]: Received map message is malformed. Rejecting.
[controller_server-3] [INFO] [1788847406.903954108] [controller_server]: Passing new path to controller.
[controller_server-3] [INFO] [1788847407.456544038] [controller_server]: Reached the goal!
[bt_navigator-7] [INFO] [1788847407.492705265] [bt_navigator]: Goal succeeded
[INFO] [1788847407.494323255] [candidate_explorer]: Frontier goal finished: success=True
[INFO] [1788847407.494604337] [candidate_explorer]: Reached frontier. Waiting for the map to expose new frontiers.
[INFO] [1788847407.800521467] [candidate_explorer]: Detected 10163 frontier cells
[INFO] [1788847407.809884657] [candidate_explorer]: Found 126 frontier clusters after filtering
[INFO] [1788847407.823795318] [candidate_explorer]: Selected frontier cluster: size=1322, goal=(8.01, -1.26), distance=0.60
[INFO] [1788847407.824753437] [candidate_explorer]: Checking global path to frontier (8.01, -1.26), distance=0.60m
[INFO] [1788847407.831461686] [candidate_explorer]: Nav2 path to frontier is 0.62m (straight-line=0.60m, detour=1.0x)
[INFO] [1788847407.832368847] [candidate_explorer]: Global path accepted. Navigating to frontier (8.01, -1.26)
[bt_navigator-7] [INFO] [1788847407.832776052] [bt_navigator]: Begin navigating from current location (7.40, -1.22) to (8.01, -1.26)
[controller_server-3] [INFO] [1788847407.855979487] [controller_server]: Received a goal, begin computing control effort.
[planner_server-5] [ERROR] [1788847408.202423734] [global_costmap.global_costmap]: Received map message is malformed. Rejecting.
[controller_server-3] [INFO] [1788847408.907224775] [controller_server]: Passing new path to controller.
[controller_server-3] [INFO] [1788847409.408988571] [controller_server]: Reached the goal!
[bt_navigator-7] [INFO] [1788847409.442988687] [bt_navigator]: Goal succeeded
[INFO] [1788847409.444368762] [candidate_explorer]: Frontier goal finished: success=True
[INFO] [1788847409.444671635] [candidate_explorer]: Reached frontier. Waiting for the map to expose new frontiers.
[INFO] [1788847409.797191592] [candidate_explorer]: Detected 10237 frontier cells
[INFO] [1788847409.807451985] [candidate_explorer]: Found 117 frontier clusters after filtering
[INFO] [1788847409.821854935] [candidate_explorer]: Selected frontier cluster: size=1499, goal=(7.29, -1.15), distance=0.61
[INFO] [1788847409.822814678] [candidate_explorer]: Checking global path to frontier (7.29, -1.15), distance=0.61m
[INFO] [1788847409.830153715] [candidate_explorer]: Nav2 path to frontier is 0.61m (straight-line=0.61m, detour=1.0x)
[INFO] [1788847409.831017626] [candidate_explorer]: Global path accepted. Navigating to frontier (7.29, -1.15)
[bt_navigator-7] [INFO] [1788847409.831454082] [bt_navigator]: Begin navigating from current location (7.84, -1.41) to (7.29, -1.15)
[controller_server-3] [INFO] [1788847409.853137568] [controller_server]: Received a goal, begin computing control effort.
[planner_server-5] [ERROR] [1788847410.201590510] [global_costmap.global_costmap]: Received map message is malformed. Rejecting.
[controller_server-3] [INFO] [1788847410.903417195] [controller_server]: Passing new path to controller.
[controller_server-3] [INFO] [1788847411.405554989] [controller_server]: Reached the goal!
[bt_navigator-7] [INFO] [1788847411.442682627] [bt_navigator]: Goal succeeded
[INFO] [1788847411.444188825] [candidate_explorer]: Frontier goal finished: success=True
[INFO] [1788847411.444453615] [candidate_explorer]: Reached frontier. Waiting for the map to expose new frontiers.
[INFO] [1788847411.799383891] [candidate_explorer]: Detected 10312 frontier cells
[INFO] [1788847411.808893538] [candidate_explorer]: Found 118 frontier clusters after filtering
[INFO] [1788847411.823281196] [candidate_explorer]: Selected frontier cluster: size=1594, goal=(7.99, -1.42), distance=0.60
[INFO] [1788847411.824282065] [candidate_explorer]: Checking global path to frontier (7.99, -1.42), distance=0.60m
[INFO] [1788847411.831745559] [candidate_explorer]: Nav2 path to frontier is 0.60m (straight-line=0.60m, detour=1.0x)
[INFO] [1788847411.832669095] [candidate_explorer]: Global path accepted. Navigating to frontier (7.99, -1.42)
[bt_navigator-7] [INFO] [1788847411.833096467] [bt_navigator]: Begin navigating from current location (7.49, -1.09) to (7.99, -1.42)
[controller_server-3] [INFO] [1788847411.855562698] [controller_server]: Received a goal, begin computing control effort.
[planner_server-5] [ERROR] [1788847412.203835933] [global_costmap.global_costmap]: Received map message is malformed. Rejecting.
[controller_server-3] [INFO] [1788847412.905837825] [controller_server]: Passing new path to controller.
[controller_server-3] [INFO] [1788847413.360257299] [controller_server]: Reached the goal!
[bt_navigator-7] [INFO] [1788847413.393315546] [bt_navigator]: Goal succeeded
[INFO] [1788847413.394896119] [candidate_explorer]: Frontier goal finished: success=True
[INFO] [1788847413.395175826] [candidate_explorer]: Reached frontier. Waiting for the map to expose new frontiers.
[INFO] [1788847413.548661304] [candidate_explorer]: Detected 10211 frontier cells
[INFO] [1788847413.557920370] [candidate_explorer]: Found 117 frontier clusters after filtering
[INFO] [1788847413.572228737] [candidate_explorer]: Selected frontier cluster: size=1551, goal=(7.27, -1.14), distance=0.60
[INFO] [1788847413.573141606] [candidate_explorer]: Checking global path to frontier (7.27, -1.14), distance=0.60m
[INFO] [1788847413.580528726] [candidate_explorer]: Nav2 path to frontier is 0.61m (straight-line=0.60m, detour=1.0x)
[INFO] [1788847413.581463886] [candidate_explorer]: Global path accepted. Navigating to frontier (7.27, -1.14)
[bt_navigator-7] [INFO] [1788847413.581866925] [bt_navigator]: Begin navigating from current location (7.77, -1.47) to (7.27, -1.14)
[controller_server-3] [INFO] [1788847413.603359746] [controller_server]: Received a goal, begin computing control effort.
[controller_server-3] [INFO] [1788847414.656339731] [controller_server]: Passing new path to controller.
[planner_server-5] [INFO] [1788847414.898198062] [global_costmap.global_costmap]: StaticLayer: Resizing costmap to 1025 X 547 at 0.015000 m/pix
[controller_server-3] [INFO] [1788847415.207142047] [controller_server]: Reached the goal!
[bt_navigator-7] [INFO] [1788847415.242454947] [bt_navigator]: Goal succeeded
[INFO] [1788847415.242982235] [candidate_explorer]: Frontier goal finished: success=True
[INFO] [1788847415.243217442] [candidate_explorer]: Reached frontier. Waiting for the map to expose new frontiers.
[INFO] [1788847415.549114364] [candidate_explorer]: Detected 10272 frontier cells
[INFO] [1788847415.558422471] [candidate_explorer]: Found 120 frontier clusters after filtering
[INFO] [1788847415.573421500] [candidate_explorer]: Selected frontier cluster: size=1598, goal=(7.95, -1.47), distance=0.60
[INFO] [1788847415.574386994] [candidate_explorer]: Checking global path to frontier (7.95, -1.47), distance=0.60m
[INFO] [1788847415.581944946] [candidate_explorer]: Nav2 path to frontier is 0.62m (straight-line=0.60m, detour=1.0x)
[INFO] [1788847415.582862315] [candidate_explorer]: Global path accepted. Navigating to frontier (7.95, -1.47)
[bt_navigator-7] [INFO] [1788847415.583306145] [bt_navigator]: Begin navigating from current location (7.49, -1.07) to (7.95, -1.47)
[controller_server-3] [INFO] [1788847415.604572718] [controller_server]: Received a goal, begin computing control effort.
[planner_server-5] [ERROR] [1788847416.201852779] [global_costmap.global_costmap]: Received map message is malformed. Rejecting.
[controller_server-3] [INFO] [1788847416.655613840] [controller_server]: Passing new path to controller.
[controller_server-3] [INFO] [1788847417.256900667] [controller_server]: Reached the goal!
[bt_navigator-7] [INFO] [1788847417.297465783] [bt_navigator]: Goal succeeded
[INFO] [1788847417.299062565] [candidate_explorer]: Frontier goal finished: success=True
[INFO] [1788847417.299352729] [candidate_explorer]: Reached frontier. Waiting for the map to expose new frontiers.
[INFO] [1788847417.551158871] [candidate_explorer]: Detected 10222 frontier cells
[INFO] [1788847417.560525478] [candidate_explorer]: Found 118 frontier clusters after filtering
[INFO] [1788847417.574905220] [candidate_explorer]: Selected frontier cluster: size=1570, goal=(8.34, -1.48), distance=0.60
[INFO] [1788847417.575946505] [candidate_explorer]: Checking global path to frontier (8.34, -1.48), distance=0.60m
[INFO] [1788847417.583424665] [candidate_explorer]: Nav2 path to frontier is 0.61m (straight-line=0.60m, detour=1.0x)
[INFO] [1788847417.584283868] [candidate_explorer]: Global path accepted. Navigating to frontier (8.34, -1.48)
[bt_navigator-7] [INFO] [1788847417.584666199] [bt_navigator]: Begin navigating from current location (7.74, -1.52) to (8.34, -1.48)
[controller_server-3] [INFO] [1788847417.605354567] [controller_server]: Received a goal, begin computing control effort.
[controller_server-3] [INFO] [1788847418.058921546] [controller_server]: Reached the goal!
[bt_navigator-7] [INFO] [1788847418.097412217] [bt_navigator]: Goal succeeded
[INFO] [1788847418.098886957] [candidate_explorer]: Frontier goal finished: success=True
[INFO] [1788847418.099170497] [candidate_explorer]: Reached frontier. Waiting for the map to expose new frontiers.
[planner_server-5] [ERROR] [1788847418.206485312] [global_costmap.global_costmap]: Received map message is malformed. Rejecting.
[INFO] [1788847418.255337708] [candidate_explorer]: Detected 10222 frontier cells
[INFO] [1788847418.264710815] [candidate_explorer]: Found 118 frontier clusters after filtering
[INFO] [1788847418.279298180] [candidate_explorer]: Selected frontier cluster: size=1570, goal=(7.56, -1.39), distance=0.60
[INFO] [1788847418.280312549] [candidate_explorer]: Checking global path to frontier (7.56, -1.39), distance=0.60m
[INFO] [1788847418.287844334] [candidate_explorer]: Nav2 path to frontier is 0.62m (straight-line=0.60m, detour=1.0x)
[INFO] [1788847418.288836119] [candidate_explorer]: Global path accepted. Navigating to frontier (7.56, -1.39)
[bt_navigator-7] [INFO] [1788847418.289269408] [bt_navigator]: Begin navigating from current location (8.13, -1.59) to (7.56, -1.39)
[controller_server-3] [INFO] [1788847418.312181220] [controller_server]: Received a goal, begin computing control effort.
[controller_server-3] [INFO] [1788847419.362463264] [controller_server]: Passing new path to controller.
[controller_server-3] [INFO] [1788847419.865167387] [controller_server]: Reached the goal!
[bt_navigator-7] [INFO] [1788847419.902626856] [bt_navigator]: Goal succeeded
[INFO] [1788847419.903126812] [candidate_explorer]: Frontier goal finished: success=True
[INFO] [1788847419.903354393] [candidate_explorer]: Reached frontier. Waiting for the map to expose new frontiers.
[INFO] [1788847420.049682626] [candidate_explorer]: Detected 10222 frontier cells
[INFO] [1788847420.059104816] [candidate_explorer]: Found 120 frontier clusters after filtering
[INFO] [1788847420.073877971] [candidate_explorer]: Selected frontier cluster: size=1582, goal=(8.29, -1.50), distance=0.60
[INFO] [1788847420.074908506] [candidate_explorer]: Checking global path to frontier (8.29, -1.50), distance=0.60m
[INFO] [1788847420.082619124] [candidate_explorer]: Nav2 path to frontier is 0.62m (straight-line=0.60m, detour=1.0x)
[INFO] [1788847420.083583701] [candidate_explorer]: Global path accepted. Navigating to frontier (8.29, -1.50)
[bt_navigator-7] [INFO] [1788847420.084057823] [bt_navigator]: Begin navigating from current location (7.73, -1.30) to (8.29, -1.50)
[controller_server-3] [INFO] [1788847420.107542340] [controller_server]: Received a goal, begin computing control effort.
[planner_server-5] [ERROR] [1788847420.206382375] [global_costmap.global_costmap]: Received map message is malformed. Rejecting.
[controller_server-3] [INFO] [1788847421.158049215] [controller_server]: Passing new path to controller.
[controller_server-3] [INFO] [1788847421.659500763] [controller_server]: Reached the goal!
[bt_navigator-7] [INFO] [1788847421.697438063] [bt_navigator]: Goal succeeded
[INFO] [1788847421.699066552] [candidate_explorer]: Frontier goal finished: success=True
[INFO] [1788847421.699286884] [candidate_explorer]: Reached frontier. Waiting for the map to expose new frontiers.
[INFO] [1788847422.047736492] [candidate_explorer]: Detected 10139 frontier cells
[INFO] [1788847422.057197390] [candidate_explorer]: Found 118 frontier clusters after filtering
[INFO] [1788847422.071554757] [candidate_explorer]: Selected frontier cluster: size=1519, goal=(7.53, -1.41), distance=0.61
[INFO] [1788847422.072498251] [candidate_explorer]: Checking global path to frontier (7.53, -1.41), distance=0.61m
[INFO] [1788847422.080488283] [candidate_explorer]: Nav2 path to frontier is 0.62m (straight-line=0.61m, detour=1.0x)
[INFO] [1788847422.081503985] [candidate_explorer]: Global path accepted. Navigating to frontier (7.53, -1.41)
[bt_navigator-7] [INFO] [1788847422.081998315] [bt_navigator]: Begin navigating from current location (8.11, -1.62) to (7.53, -1.41)
[controller_server-3] [INFO] [1788847422.103545386] [controller_server]: Received a goal, begin computing control effort.
[planner_server-5] [ERROR] [1788847422.205233653] [global_costmap.global_costmap]: Received map message is malformed. Rejecting.
[controller_server-3] [INFO] [1788847423.154998047] [controller_server]: Passing new path to controller.
[controller_server-3] [INFO] [1788847423.957216008] [controller_server]: Reached the goal!
[bt_navigator-7] [INFO] [1788847423.992660823] [bt_navigator]: Goal succeeded
[INFO] [1788847423.994218480] [candidate_explorer]: Frontier goal finished: success=True
[INFO] [1788847423.994427729] [candidate_explorer]: Reached frontier. Waiting for the map to expose new frontiers.
[planner_server-5] [ERROR] [1788847424.203462811] [global_costmap.global_costmap]: Received map message is malformed. Rejecting.
[INFO] [1788847424.300239443] [candidate_explorer]: Detected 10261 frontier cells
[INFO] [1788847424.309868923] [candidate_explorer]: Found 130 frontier clusters after filtering
[INFO] [1788847424.324610162] [candidate_explorer]: Selected frontier cluster: size=1510, goal=(8.20, -1.62), distance=0.60
[INFO] [1788847424.325713405] [candidate_explorer]: Checking global path to frontier (8.20, -1.62), distance=0.60m
[INFO] [1788847424.333520813] [candidate_explorer]: Nav2 path to frontier is 0.62m (straight-line=0.60m, detour=1.0x)
[INFO] [1788847424.334442683] [candidate_explorer]: Global path accepted. Navigating to frontier (8.20, -1.62)
[bt_navigator-7] [INFO] [1788847424.334789264] [bt_navigator]: Begin navigating from current location (7.71, -1.27) to (8.20, -1.62)
[controller_server-3] [INFO] [1788847424.355664130] [controller_server]: Received a goal, begin computing control effort.
[controller_server-3] [INFO] [1788847425.414126580] [controller_server]: Passing new path to controller.
[controller_server-3] [INFO] [1788847426.007808872] [controller_server]: Reached the goal!
[bt_navigator-7] [INFO] [1788847426.046179044] [bt_navigator]: Goal succeeded
[INFO] [1788847426.047679660] [candidate_explorer]: Frontier goal finished: success=True
[INFO] [1788847426.047944158] [candidate_explorer]: Reached frontier. Waiting for the map to expose new frontiers.
[planner_server-5] [ERROR] [1788847426.205466402] [global_costmap.global_costmap]: Received map message is malformed. Rejecting.
[INFO] [1788847426.302183993] [candidate_explorer]: Detected 10189 frontier cells
[INFO] [1788847426.312068763] [candidate_explorer]: Found 129 frontier clusters after filtering
[INFO] [1788847426.327468040] [candidate_explorer]: Selected frontier cluster: size=1470, goal=(7.50, -1.38), distance=0.60
[INFO] [1788847426.328561324] [candidate_explorer]: Checking global path to frontier (7.50, -1.38), distance=0.60m
[INFO] [1788847426.336479565] [candidate_explorer]: Nav2 path to frontier is 0.61m (straight-line=0.60m, detour=1.0x)
[INFO] [1788847426.337350435] [candidate_explorer]: Global path accepted. Navigating to frontier (7.50, -1.38)
[bt_navigator-7] [INFO] [1788847426.337770890] [bt_navigator]: Begin navigating from current location (8.01, -1.69) to (7.50, -1.38)
[controller_server-3] [INFO] [1788847426.360355955] [controller_server]: Received a goal, begin computing control effort.
[controller_server-3] [INFO] [1788847427.411016704] [controller_server]: Passing new path to controller.
[controller_server-3] [INFO] [1788847428.065666982] [controller_server]: Reached the goal!
[bt_navigator-7] [INFO] [1788847428.098330565] [bt_navigator]: Goal succeeded
[INFO] [1788847428.099911055] [candidate_explorer]: Frontier goal finished: success=True
[INFO] [1788847428.100195012] [candidate_explorer]: Reached frontier. Waiting for the map to expose new frontiers.
[planner_server-5] [ERROR] [1788847428.201957612] [global_costmap.global_costmap]: Received map message is malformed. Rejecting.
[INFO] [1788847428.299962153] [candidate_explorer]: Detected 10280 frontier cells
[INFO] [1788847428.310531627] [candidate_explorer]: Found 124 frontier clusters after filtering
[INFO] [1788847428.327011063] [candidate_explorer]: Selected frontier cluster: size=1582, goal=(7.09, -1.17), distance=0.60
[INFO] [1788847428.328491471] [candidate_explorer]: Checking global path to frontier (7.09, -1.17), distance=0.60m
[INFO] [1788847428.338715364] [candidate_explorer]: Nav2 path to frontier is 0.61m (straight-line=0.60m, detour=1.0x)
[INFO] [1788847428.339830148] [candidate_explorer]: Global path accepted. Navigating to frontier (7.09, -1.17)
[bt_navigator-7] [INFO] [1788847428.340319062] [bt_navigator]: Begin navigating from current location (7.68, -1.32) to (7.09, -1.17)
[controller_server-3] [INFO] [1788847428.362688169] [controller_server]: Received a goal, begin computing control effort.
[controller_server-3] [INFO] [1788847428.866224204] [controller_server]: Reached the goal!
[bt_navigator-7] [INFO] [1788847428.903382175] [bt_navigator]: Goal succeeded
[INFO] [1788847428.905009206] [candidate_explorer]: Frontier goal finished: success=True
[INFO] [1788847428.905228705] [candidate_explorer]: Reached frontier. Waiting for the map to expose new frontiers.
[INFO] [1788847429.047989710] [candidate_explorer]: Detected 10233 frontier cells
[INFO] [1788847429.057383816] [candidate_explorer]: Found 120 frontier clusters after filtering
[INFO] [1788847429.072429887] [candidate_explorer]: Selected frontier cluster: size=1576, goal=(7.77, -1.57), distance=0.60
[INFO] [1788847429.073446047] [candidate_explorer]: Checking global path to frontier (7.77, -1.57), distance=0.60m
[INFO] [1788847429.081403496] [candidate_explorer]: Nav2 path to frontier is 0.62m (straight-line=0.60m, detour=1.0x)
[INFO] [1788847429.082443073] [candidate_explorer]: Global path accepted. Navigating to frontier (7.77, -1.57)
[bt_navigator-7] [INFO] [1788847429.082915695] [bt_navigator]: Begin navigating from current location (7.28, -1.21) to (7.77, -1.57)
[controller_server-3] [INFO] [1788847429.104027644] [controller_server]: Received a goal, begin computing control effort.
[controller_server-3] [INFO] [1788847430.155263223] [controller_server]: Passing new path to controller.
[planner_server-5] [ERROR] [1788847430.205763150] [global_costmap.global_costmap]: Received map message is malformed. Rejecting.
[controller_server-3] [INFO] [1788847430.558147400] [controller_server]: Reached the goal!
[bt_navigator-7] [INFO] [1788847430.593155510] [bt_navigator]: Goal succeeded
[INFO] [1788847430.594789374] [candidate_explorer]: Frontier goal finished: success=True
[INFO] [1788847430.595054539] [candidate_explorer]: Reached frontier. Waiting for the map to expose new frontiers.
[INFO] [1788847430.799928065] [candidate_explorer]: Detected 10250 frontier cells
[INFO] [1788847430.809285171] [candidate_explorer]: Found 123 frontier clusters after filtering
[INFO] [1788847430.824158201] [candidate_explorer]: Selected frontier cluster: size=1578, goal=(7.11, -1.20), distance=0.60
[INFO] [1788847430.825116529] [candidate_explorer]: Checking global path to frontier (7.11, -1.20), distance=0.60m
[INFO] [1788847430.837899947] [candidate_explorer]: Nav2 path to frontier is 0.60m (straight-line=0.60m, detour=1.0x)
[INFO] [1788847430.838806608] [candidate_explorer]: Global path accepted. Navigating to frontier (7.11, -1.20)
[bt_navigator-7] [INFO] [1788847430.839309896] [bt_navigator]: Begin navigating from current location (7.54, -1.61) to (7.11, -1.20)
[controller_server-3] [INFO] [1788847430.861765920] [controller_server]: Received a goal, begin computing control effort.
[controller_server-3] [INFO] [1788847431.915989105] [controller_server]: Passing new path to controller.
[planner_server-5] [ERROR] [1788847432.218809629] [global_costmap.global_costmap]: Received map message is malformed. Rejecting.
[controller_server-3] [INFO] [1788847432.467097586] [controller_server]: Reached the goal!
[bt_navigator-7] [INFO] [1788847432.501177243] [bt_navigator]: Goal succeeded
[INFO] [1788847432.502761525] [candidate_explorer]: Frontier goal finished: success=True
[INFO] [1788847432.503022148] [candidate_explorer]: Reached frontier. Waiting for the map to expose new frontiers.
[INFO] [1788847432.796213609] [candidate_explorer]: Detected 10246 frontier cells
[INFO] [1788847432.805112219] [candidate_explorer]: Found 123 frontier clusters after filtering
[INFO] [1788847432.819790667] [candidate_explorer]: Selected frontier cluster: size=1578, goal=(7.78, -1.54), distance=0.60
[INFO] [1788847432.820824202] [candidate_explorer]: Checking global path to frontier (7.78, -1.54), distance=0.60m
[INFO] [1788847432.829075649] [candidate_explorer]: Nav2 path to frontier is 0.61m (straight-line=0.60m, detour=1.0x)
[INFO] [1788847432.829985143] [candidate_explorer]: Global path accepted. Navigating to frontier (7.78, -1.54)
[bt_navigator-7] [INFO] [1788847432.830434766] [bt_navigator]: Begin navigating from current location (7.31, -1.17) to (7.78, -1.54)
[controller_server-3] [INFO] [1788847432.853584576] [controller_server]: Received a goal, begin computing control effort.
[controller_server-3] [INFO] [1788847433.903721412] [controller_server]: Passing new path to controller.
[planner_server-5] [ERROR] [1788847434.202365464] [global_costmap.global_costmap]: Received map message is malformed. Rejecting.
[controller_server-3] [INFO] [1788847434.455787720] [controller_server]: Reached the goal!
[bt_navigator-7] [INFO] [1788847434.492531152] [bt_navigator]: Goal succeeded
[INFO] [1788847434.494136976] [candidate_explorer]: Frontier goal finished: success=True
[INFO] [1788847434.494419015] [candidate_explorer]: Reached frontier. Waiting for the map to expose new frontiers.
[INFO] [1788847434.801924302] [candidate_explorer]: Detected 10190 frontier cells
[INFO] [1788847434.811338367] [candidate_explorer]: Found 124 frontier clusters after filtering
[INFO] [1788847434.826057898] [candidate_explorer]: Selected frontier cluster: size=1522, goal=(7.06, -1.27), distance=0.60
[INFO] [1788847434.827120683] [candidate_explorer]: Checking global path to frontier (7.06, -1.27), distance=0.60m
[INFO] [1788847434.835404046] [candidate_explorer]: Nav2 path to frontier is 0.62m (straight-line=0.60m, detour=1.0x)
[INFO] [1788847434.836283874] [candidate_explorer]: Global path accepted. Navigating to frontier (7.06, -1.27)
[bt_navigator-7] [INFO] [1788847434.836714121] [bt_navigator]: Begin navigating from current location (7.56, -1.61) to (7.06, -1.27)
[controller_server-3] [INFO] [1788847434.859018521] [controller_server]: Received a goal, begin computing control effort.
[controller_server-3] [INFO] [1788847435.910534431] [controller_server]: Passing new path to controller.
[planner_server-5] [ERROR] [1788847436.205916712] [global_costmap.global_costmap]: Received map message is malformed. Rejecting.
[controller_server-3] [INFO] [1788847436.363680121] [controller_server]: Reached the goal!
[bt_navigator-7] [INFO] [1788847436.398534482] [bt_navigator]: Goal succeeded
[INFO] [1788847436.400210679] [candidate_explorer]: Frontier goal finished: success=True
[INFO] [1788847436.400457761] [candidate_explorer]: Reached frontier. Waiting for the map to expose new frontiers.
[INFO] [1788847436.548115693] [candidate_explorer]: Detected 10183 frontier cells
[INFO] [1788847436.557639591] [candidate_explorer]: Found 124 frontier clusters after filtering
[INFO] [1788847436.572048124] [candidate_explorer]: Selected frontier cluster: size=1522, goal=(7.77, -1.54), distance=0.60
[INFO] [1788847436.573026534] [candidate_explorer]: Checking global path to frontier (7.77, -1.54), distance=0.60m
[INFO] [1788847436.581456855] [candidate_explorer]: Nav2 path to frontier is 0.62m (straight-line=0.60m, detour=1.0x)
[INFO] [1788847436.582339850] [candidate_explorer]: Global path accepted. Navigating to frontier (7.77, -1.54)
[bt_navigator-7] [INFO] [1788847436.582832097] [bt_navigator]: Begin navigating from current location (7.25, -1.24) to (7.77, -1.54)
[controller_server-3] [INFO] [1788847436.604355918] [controller_server]: Received a goal, begin computing control effort.
[controller_server-3] [INFO] [1788847437.656052035] [controller_server]: Passing new path to controller.
[planner_server-5] [ERROR] [1788847438.205758942] [global_costmap.global_costmap]: Received map message is malformed. Rejecting.
[controller_server-3] [INFO] [1788847438.258123024] [controller_server]: Reached the goal!
[bt_navigator-7] [INFO] [1788847438.293226592] [bt_navigator]: Goal succeeded
[INFO] [1788847438.294718249] [candidate_explorer]: Frontier goal finished: success=True
[INFO] [1788847438.294999205] [candidate_explorer]: Reached frontier. Waiting for the map to expose new frontiers.
[INFO] [1788847438.550104243] [candidate_explorer]: Detected 10020 frontier cells
[INFO] [1788847438.559385892] [candidate_explorer]: Found 120 frontier clusters after filtering
[INFO] [1788847438.573636176] [candidate_explorer]: Selected frontier cluster: size=1403, goal=(7.03, -1.33), distance=0.60
[INFO] [1788847438.574647211] [candidate_explorer]: Checking global path to frontier (7.03, -1.33), distance=0.60m
[INFO] [1788847438.582589702] [candidate_explorer]: Nav2 path to frontier is 0.62m (straight-line=0.60m, detour=1.0x)
[INFO] [1788847438.583484197] [candidate_explorer]: Global path accepted. Navigating to frontier (7.03, -1.33)
[bt_navigator-7] [INFO] [1788847438.583860778] [bt_navigator]: Begin navigating from current location (7.56, -1.62) to (7.03, -1.33)
[controller_server-3] [INFO] [1788847438.607191712] [controller_server]: Received a goal, begin computing control effort.
[controller_server-3] [INFO] [1788847439.659728616] [controller_server]: Passing new path to controller.
[planner_server-5] [ERROR] [1788847440.202317235] [global_costmap.global_costmap]: Received map message is malformed. Rejecting.
[controller_server-3] [INFO] [1788847440.209278815] [controller_server]: Reached the goal!
[bt_navigator-7] [INFO] [1788847440.246638660] [bt_navigator]: Goal succeeded
[INFO] [1788847440.247042283] [candidate_explorer]: Frontier goal finished: success=True
[INFO] [1788847440.247255698] [candidate_explorer]: Reached frontier. Waiting for the map to expose new frontiers.
[INFO] [1788847440.552090251] [candidate_explorer]: Detected 9992 frontier cells
[INFO] [1788847440.561355776] [candidate_explorer]: Found 119 frontier clusters after filtering
[INFO] [1788847440.575428602] [candidate_explorer]: Selected frontier cluster: size=1403, goal=(7.72, -1.60), distance=0.61
[INFO] [1788847440.576440346] [candidate_explorer]: Checking global path to frontier (7.72, -1.60), distance=0.61m
[INFO] [1788847440.584782918] [candidate_explorer]: Nav2 path to frontier is 0.62m (straight-line=0.61m, detour=1.0x)
[INFO] [1788847440.585650412] [candidate_explorer]: Global path accepted. Navigating to frontier (7.72, -1.60)
[bt_navigator-7] [INFO] [1788847440.586084243] [bt_navigator]: Begin navigating from current location (7.23, -1.25) to (7.72, -1.60)
[controller_server-3] [INFO] [1788847440.606542195] [controller_server]: Received a goal, begin computing control effort.
[controller_server-3] [INFO] [1788847441.657062321] [controller_server]: Passing new path to controller.
[controller_server-3] [INFO] [1788847442.161110311] [controller_server]: Reached the goal!
[bt_navigator-7] [INFO] [1788847442.197784368] [bt_navigator]: Goal succeeded
[INFO] [1788847442.198265490] [candidate_explorer]: Frontier goal finished: success=True
[INFO] [1788847442.198535488] [candidate_explorer]: Reached frontier. Waiting for the map to expose new frontiers.
[planner_server-5] [ERROR] [1788847442.202692253] [global_costmap.global_costmap]: Received map message is malformed. Rejecting.
[INFO] [1788847442.550635115] [candidate_explorer]: Detected 9983 frontier cells
[INFO] [1788847442.559565600] [candidate_explorer]: Found 119 frontier clusters after filtering
[INFO] [1788847442.573388053] [candidate_explorer]: Selected frontier cluster: size=1376, goal=(7.00, -1.35), distance=0.60
[INFO] [1788847442.574283381] [candidate_explorer]: Checking global path to frontier (7.00, -1.35), distance=0.60m
[INFO] [1788847442.582160830] [candidate_explorer]: Nav2 path to frontier is 0.62m (straight-line=0.60m, detour=1.0x)
[INFO] [1788847442.583034366] [candidate_explorer]: Global path accepted. Navigating to frontier (7.00, -1.35)
[bt_navigator-7] [INFO] [1788847442.583422114] [bt_navigator]: Begin navigating from current location (7.51, -1.67) to (7.00, -1.35)
[controller_server-3] [INFO] [1788847442.606970464] [controller_server]: Received a goal, begin computing control effort.
[controller_server-3] [INFO] [1788847443.658549790] [controller_server]: Passing new path to controller.
[controller_server-3] [INFO] [1788847444.209265899] [controller_server]: Reached the goal!
[planner_server-5] [ERROR] [1788847444.215299860] [global_costmap.global_costmap]: Received map message is malformed. Rejecting.
[bt_navigator-7] [INFO] [1788847444.247540654] [bt_navigator]: Goal succeeded
[INFO] [1788847444.247990360] [candidate_explorer]: Frontier goal finished: success=True
[INFO] [1788847444.248197109] [candidate_explorer]: Reached frontier. Waiting for the map to expose new frontiers.
[INFO] [1788847444.547703654] [candidate_explorer]: Detected 9972 frontier cells
[INFO] [1788847444.557058011] [candidate_explorer]: Found 119 frontier clusters after filtering
[INFO] [1788847444.571089422] [candidate_explorer]: Selected frontier cluster: size=1370, goal=(7.68, -1.66), distance=0.61
[INFO] [1788847444.572047582] [candidate_explorer]: Checking global path to frontier (7.68, -1.66), distance=0.61m
[INFO] [1788847444.580469862] [candidate_explorer]: Nav2 path to frontier is 0.63m (straight-line=0.61m, detour=1.0x)
[INFO] [1788847444.581449064] [candidate_explorer]: Global path accepted. Navigating to frontier (7.68, -1.66)
[bt_navigator-7] [INFO] [1788847444.582007852] [bt_navigator]: Begin navigating from current location (7.21, -1.27) to (7.68, -1.66)
[controller_server-3] [INFO] [1788847444.604072211] [controller_server]: Received a goal, begin computing control effort.
[controller_server-3] [INFO] [1788847445.654439254] [controller_server]: Passing new path to controller.
[controller_server-3] [INFO] [1788847446.214617969] [controller_server]: Reached the goal!
[planner_server-5] [ERROR] [1788847446.219479771] [global_costmap.global_costmap]: Received map message is malformed. Rejecting.
[bt_navigator-7] [INFO] [1788847446.246661431] [bt_navigator]: Goal succeeded
[INFO] [1788847446.248305337] [candidate_explorer]: Frontier goal finished: success=True
[INFO] [1788847446.248538086] [candidate_explorer]: Reached frontier. Waiting for the map to expose new frontiers.
[INFO] [1788847446.551055946] [candidate_explorer]: Detected 9970 frontier cells
[INFO] [1788847446.560807883] [candidate_explorer]: Found 118 frontier clusters after filtering
[INFO] [1788847446.574906252] [candidate_explorer]: Selected frontier cluster: size=1444, goal=(6.96, -1.38), distance=0.61
[INFO] [1788847446.575885454] [candidate_explorer]: Checking global path to frontier (6.96, -1.38), distance=0.61m
[INFO] [1788847446.584366150] [candidate_explorer]: Nav2 path to frontier is 0.62m (straight-line=0.61m, detour=1.0x)
[INFO] [1788847446.585290227] [candidate_explorer]: Global path accepted. Navigating to frontier (6.96, -1.38)
[bt_navigator-7] [INFO] [1788847446.585731266] [bt_navigator]: Begin navigating from current location (7.46, -1.72) to (6.96, -1.38)
[controller_server-3] [INFO] [1788847446.607179587] [controller_server]: Received a goal, begin computing control effort.
[controller_server-3] [INFO] [1788847447.658766331] [controller_server]: Passing new path to controller.
[planner_server-5] [ERROR] [1788847448.205702713] [global_costmap.global_costmap]: Received map message is malformed. Rejecting.
[controller_server-3] [INFO] [1788847448.210859555] [controller_server]: Reached the goal!
[bt_navigator-7] [INFO] [1788847448.247422072] [bt_navigator]: Goal succeeded
[INFO] [1788847448.249224060] [candidate_explorer]: Frontier goal finished: success=True
[INFO] [1788847448.249471726] [candidate_explorer]: Reached frontier. Waiting for the map to expose new frontiers.
[INFO] [1788847448.548095652] [candidate_explorer]: Detected 9960 frontier cells
[INFO] [1788847448.558753167] [candidate_explorer]: Found 118 frontier clusters after filtering
[INFO] [1788847448.574272568] [candidate_explorer]: Selected frontier cluster: size=1434, goal=(7.63, -1.71), distance=0.60
[INFO] [1788847448.576732928] [candidate_explorer]: Checking global path to frontier (7.63, -1.71), distance=0.60m
[INFO] [1788847448.587015070] [candidate_explorer]: Nav2 path to frontier is 0.61m (straight-line=0.60m, detour=1.0x)
[INFO] [1788847448.587961023] [candidate_explorer]: Global path accepted. Navigating to frontier (7.63, -1.71)
[bt_navigator-7] [INFO] [1788847448.588559935] [bt_navigator]: Begin navigating from current location (7.16, -1.34) to (7.63, -1.71)
[controller_server-3] [INFO] [1788847448.610496670] [controller_server]: Received a goal, begin computing control effort.
[controller_server-3] [INFO] [1788847449.662188163] [controller_server]: Passing new path to controller.
[controller_server-3] [INFO] [1788847450.163212631] [controller_server]: Reached the goal!
[bt_navigator-7] [INFO] [1788847450.198720279] [bt_navigator]: Goal succeeded
[INFO] [1788847450.200246936] [candidate_explorer]: Frontier goal finished: success=True
[INFO] [1788847450.200482476] [candidate_explorer]: Reached frontier. Waiting for the map to expose new frontiers.
[planner_server-5] [ERROR] [1788847450.204291660] [global_costmap.global_costmap]: Received map message is malformed. Rejecting.
[INFO] [1788847450.548183339] [candidate_explorer]: Detected 10035 frontier cells
[INFO] [1788847450.557230365] [candidate_explorer]: Found 114 frontier clusters after filtering
[INFO] [1788847450.571622939] [candidate_explorer]: Selected frontier cluster: size=1557, goal=(8.05, -1.71), distance=0.60
[INFO] [1788847450.572583308] [candidate_explorer]: Checking global path to frontier (8.05, -1.71), distance=0.60m
[INFO] [1788847450.580827756] [candidate_explorer]: Nav2 path to frontier is 0.61m (straight-line=0.60m, detour=1.0x)
[INFO] [1788847450.581670917] [candidate_explorer]: Global path accepted. Navigating to frontier (8.05, -1.71)
[bt_navigator-7] [INFO] [1788847450.582052873] [bt_navigator]: Begin navigating from current location (7.45, -1.74) to (8.05, -1.71)
[controller_server-3] [INFO] [1788847450.603327695] [controller_server]: Received a goal, begin computing control effort.
[controller_server-3] [INFO] [1788847451.058051167] [controller_server]: Reached the goal!
[bt_navigator-7] [INFO] [1788847451.092681946] [bt_navigator]: Goal succeeded
[INFO] [1788847451.093271775] [candidate_explorer]: Frontier goal finished: success=True
[INFO] [1788847451.093492274] [candidate_explorer]: Reached frontier. Waiting for the map to expose new frontiers.
[INFO] [1788847451.256417858] [candidate_explorer]: Detected 10035 frontier cells
[INFO] [1788847451.265433259] [candidate_explorer]: Found 114 frontier clusters after filtering
[INFO] [1788847451.279907125] [candidate_explorer]: Selected frontier cluster: size=1557, goal=(8.44, -1.69), distance=0.61
[INFO] [1788847451.280959452] [candidate_explorer]: Checking global path to frontier (8.44, -1.69), distance=0.61m
[INFO] [1788847451.289124316] [candidate_explorer]: Nav2 path to frontier is 0.61m (straight-line=0.61m, detour=1.0x)
[INFO] [1788847451.289887353] [candidate_explorer]: Global path accepted. Navigating to frontier (8.44, -1.69)
[bt_navigator-7] [INFO] [1788847451.290370600] [bt_navigator]: Begin navigating from current location (7.84, -1.81) to (8.44, -1.69)
[controller_server-3] [INFO] [1788847451.313347120] [controller_server]: Received a goal, begin computing control effort.
[controller_server-3] [INFO] [1788847451.765483149] [controller_server]: Reached the goal!
[bt_navigator-7] [INFO] [1788847451.801322879] [bt_navigator]: Goal succeeded
[INFO] [1788847451.802969535] [candidate_explorer]: Frontier goal finished: success=True
[INFO] [1788847451.803216825] [candidate_explorer]: Reached frontier. Waiting for the map to expose new frontiers.
[INFO] [1788847452.004104042] [candidate_explorer]: Detected 10035 frontier cells
[INFO] [1788847452.013078443] [candidate_explorer]: Found 114 frontier clusters after filtering
[INFO] [1788847452.027269644] [candidate_explorer]: Selected frontier cluster: size=1557, goal=(7.63, -1.71), distance=0.61
[INFO] [1788847452.028194389] [candidate_explorer]: Checking global path to frontier (7.63, -1.71), distance=0.61m
[INFO] [1788847452.036584502] [candidate_explorer]: Nav2 path to frontier is 0.62m (straight-line=0.61m, detour=1.0x)
[INFO] [1788847452.037439288] [candidate_explorer]: Global path accepted. Navigating to frontier (7.63, -1.71)
[bt_navigator-7] [INFO] [1788847452.037872743] [bt_navigator]: Begin navigating from current location (8.24, -1.73) to (7.63, -1.71)
[controller_server-3] [INFO] [1788847452.059303482] [controller_server]: Received a goal, begin computing control effort.
[planner_server-5] [ERROR] [1788847452.203766392] [global_costmap.global_costmap]: Received map message is malformed. Rejecting.
[controller_server-3] [INFO] [1788847453.112165134] [controller_server]: Passing new path to controller.
[controller_server-3] [INFO] [1788847453.664870188] [controller_server]: Reached the goal!
[bt_navigator-7] [INFO] [1788847453.699691049] [bt_navigator]: Goal succeeded
[INFO] [1788847453.700150421] [candidate_explorer]: Frontier goal finished: success=True
[INFO] [1788847453.700365086] [candidate_explorer]: Reached frontier. Waiting for the map to expose new frontiers.
[INFO] [1788847454.047226913] [candidate_explorer]: Detected 10017 frontier cells
[INFO] [1788847454.056415896] [candidate_explorer]: Found 116 frontier clusters after filtering
[INFO] [1788847454.070789137] [candidate_explorer]: Selected frontier cluster: size=1530, goal=(7.20, -1.57), distance=0.61
[INFO] [1788847454.071996796] [candidate_explorer]: Checking global path to frontier (7.20, -1.57), distance=0.61m
[INFO] [1788847454.087383740] [candidate_explorer]: Nav2 path to frontier is 0.62m (straight-line=0.61m, detour=1.0x)
[INFO] [1788847454.088302776] [candidate_explorer]: Global path accepted. Navigating to frontier (7.20, -1.57)
[bt_navigator-7] [INFO] [1788847454.088772564] [bt_navigator]: Begin navigating from current location (7.80, -1.59) to (7.20, -1.57)
[controller_server-3] [INFO] [1788847454.111306587] [controller_server]: Received a goal, begin computing control effort.
[planner_server-5] [ERROR] [1788847454.202231465] [global_costmap.global_costmap]: Received map message is malformed. Rejecting.
[controller_server-3] [INFO] [1788847454.565835893] [controller_server]: Reached the goal!
[bt_navigator-7] [INFO] [1788847454.600327214] [bt_navigator]: Goal succeeded
[INFO] [1788847454.601996329] [candidate_explorer]: Frontier goal finished: success=True
[INFO] [1788847454.602252494] [candidate_explorer]: Reached frontier. Waiting for the map to expose new frontiers.
[INFO] [1788847454.796183756] [candidate_explorer]: Detected 9984 frontier cells
[INFO] [1788847454.805010033] [candidate_explorer]: Found 118 frontier clusters after filtering
[INFO] [1788847454.818892111] [candidate_explorer]: Selected frontier cluster: size=1485, goal=(6.85, -1.32), distance=0.61
[INFO] [1788847454.819808646] [candidate_explorer]: Checking global path to frontier (6.85, -1.32), distance=0.61m
[INFO] [1788847454.828034302] [candidate_explorer]: Nav2 path to frontier is 0.63m (straight-line=0.61m, detour=1.0x)
[INFO] [1788847454.828994379] [candidate_explorer]: Global path accepted. Navigating to frontier (6.85, -1.32)
[bt_navigator-7] [INFO] [1788847454.829392627] [bt_navigator]: Begin navigating from current location (7.40, -1.60) to (6.85, -1.32)
[controller_server-3] [INFO] [1788847454.852895143] [controller_server]: Received a goal, begin computing control effort.
[controller_server-3] [INFO] [1788847455.305251588] [controller_server]: Reached the goal!
[bt_navigator-7] [INFO] [1788847455.341270192] [bt_navigator]: Goal succeeded
[INFO] [1788847455.342920598] [candidate_explorer]: Frontier goal finished: success=True
[INFO] [1788847455.343153430] [candidate_explorer]: Reached frontier. Waiting for the map to expose new frontiers.
[INFO] [1788847455.501739292] [candidate_explorer]: Detected 9984 frontier cells
[INFO] [1788847455.510869484] [candidate_explorer]: Found 118 frontier clusters after filtering
[INFO] [1788847455.524938310] [candidate_explorer]: Selected frontier cluster: size=1485, goal=(7.57, -1.71), distance=0.61
[INFO] [1788847455.525909096] [candidate_explorer]: Checking global path to frontier (7.57, -1.71), distance=0.61m
[INFO] [1788847455.534370334] [candidate_explorer]: Nav2 path to frontier is 0.63m (straight-line=0.61m, detour=1.0x)
[INFO] [1788847455.535224870] [candidate_explorer]: Global path accepted. Navigating to frontier (7.57, -1.71)
[bt_navigator-7] [INFO] [1788847455.535636409] [bt_navigator]: Begin navigating from current location (7.01, -1.46) to (7.57, -1.71)
[controller_server-3] [INFO] [1788847455.556228819] [controller_server]: Received a goal, begin computing control effort.
[planner_server-5] [ERROR] [1788847456.203914933] [global_costmap.global_costmap]: Received map message is malformed. Rejecting.
[controller_server-3] [INFO] [1788847456.606595862] [controller_server]: Passing new path to controller.
[controller_server-3] [INFO] [1788847457.258681073] [controller_server]: Reached the goal!
[bt_navigator-7] [INFO] [1788847457.298364611] [bt_navigator]: Goal succeeded
[INFO] [1788847457.298874108] [candidate_explorer]: Frontier goal finished: success=True
[INFO] [1788847457.299124857] [candidate_explorer]: Reached frontier. Waiting for the map to expose new frontiers.
[INFO] [1788847457.550661625] [candidate_explorer]: Detected 9811 frontier cells
[INFO] [1788847457.559763442] [candidate_explorer]: Found 119 frontier clusters after filtering
[INFO] [1788847457.574031185] [candidate_explorer]: Selected frontier cluster: size=1312, goal=(6.96, -1.41), distance=0.61
[INFO] [1788847457.574905304] [candidate_explorer]: Checking global path to frontier (6.96, -1.41), distance=0.61m
[INFO] [1788847457.583640915] [candidate_explorer]: Nav2 path to frontier is 0.62m (straight-line=0.61m, detour=1.0x)
[INFO] [1788847457.584481993] [candidate_explorer]: Global path accepted. Navigating to frontier (6.96, -1.41)
[bt_navigator-7] [INFO] [1788847457.584945032] [bt_navigator]: Begin navigating from current location (7.40, -1.82) to (6.96, -1.41)
[controller_server-3] [INFO] [1788847457.607902635] [controller_server]: Received a goal, begin computing control effort.
[controller_server-3] [INFO] [1788847458.658176470] [controller_server]: Passing new path to controller.
[controller_server-3] [INFO] [1788847459.016394391] [controller_server]: Reached the goal!
[bt_navigator-7] [INFO] [1788847459.056683801] [bt_navigator]: Goal succeeded
[INFO] [1788847459.058361873] [candidate_explorer]: Frontier goal finished: success=True
[INFO] [1788847459.058585663] [candidate_explorer]: Reached frontier. Waiting for the map to expose new frontiers.
[INFO] [1788847459.297213140] [candidate_explorer]: Detected 9891 frontier cells
[INFO] [1788847459.306236957] [candidate_explorer]: Found 114 frontier clusters after filtering
[INFO] [1788847459.319999953] [candidate_explorer]: Selected frontier cluster: size=1408, goal=(6.61, -1.17), distance=0.60
[INFO] [1788847459.320855947] [candidate_explorer]: Checking global path to frontier (6.61, -1.17), distance=0.60m
[INFO] [1788847459.329439976] [candidate_explorer]: Nav2 path to frontier is 0.61m (straight-line=0.60m, detour=1.0x)
[INFO] [1788847459.330305053] [candidate_explorer]: Global path accepted. Navigating to frontier (6.61, -1.17)
[bt_navigator-7] [INFO] [1788847459.330719426] [bt_navigator]: Begin navigating from current location (7.16, -1.41) to (6.61, -1.17)
[controller_server-3] [INFO] [1788847459.354184109] [controller_server]: Received a goal, begin computing control effort.
[controller_server-3] [INFO] [1788847459.807488715] [controller_server]: Reached the goal!
[bt_navigator-7] [INFO] [1788847459.842452116] [bt_navigator]: Goal succeeded
[INFO] [1788847459.844112981] [candidate_explorer]: Frontier goal finished: success=True
[INFO] [1788847459.844327479] [candidate_explorer]: Reached frontier. Waiting for the map to expose new frontiers.
[INFO] [1788847460.005443409] [candidate_explorer]: Detected 9891 frontier cells
[INFO] [1788847460.014278686] [candidate_explorer]: Found 114 frontier clusters after filtering
[INFO] [1788847460.028205514] [candidate_explorer]: Selected frontier cluster: size=1408, goal=(7.17, -1.74), distance=0.60
[INFO] [1788847460.029272465] [candidate_explorer]: Checking global path to frontier (7.17, -1.74), distance=0.60m
[INFO] [1788847460.037857827] [candidate_explorer]: Nav2 path to frontier is 0.63m (straight-line=0.60m, detour=1.0x)
[INFO] [1788847460.038814029] [candidate_explorer]: Global path accepted. Navigating to frontier (7.17, -1.74)
[bt_navigator-7] [INFO] [1788847460.039191152] [bt_navigator]: Begin navigating from current location (6.83, -1.23) to (7.17, -1.74)
[controller_server-3] [INFO] [1788847460.061108595] [controller_server]: Received a goal, begin computing control effort.
[planner_server-5] [ERROR] [1788847460.219246419] [global_costmap.global_costmap]: Received map message is malformed. Rejecting.
[controller_server-3] [INFO] [1788847461.112005177] [controller_server]: Passing new path to controller.
[controller_server-3] [INFO] [1788847461.516239720] [controller_server]: Reached the goal!
[bt_navigator-7] [INFO] [1788847461.550152295] [bt_navigator]: Goal succeeded
[INFO] [1788847461.551901368] [candidate_explorer]: Frontier goal finished: success=True
[INFO] [1788847461.552186074] [candidate_explorer]: Reached frontier. Waiting for the map to expose new frontiers.
[INFO] [1788847461.798170628] [candidate_explorer]: Detected 9888 frontier cells
[INFO] [1788847461.807233696] [candidate_explorer]: Found 114 frontier clusters after filtering
[INFO] [1788847461.821070649] [candidate_explorer]: Selected frontier cluster: size=1416, goal=(7.57, -1.72), distance=0.60
[INFO] [1788847461.821935643] [candidate_explorer]: Checking global path to frontier (7.57, -1.72), distance=0.60m
[INFO] [1788847461.830629629] [candidate_explorer]: Nav2 path to frontier is 0.64m (straight-line=0.60m, detour=1.1x)
[INFO] [1788847461.831482207] [candidate_explorer]: Global path accepted. Navigating to frontier (7.57, -1.72)
[bt_navigator-7] [INFO] [1788847461.831923580] [bt_navigator]: Begin navigating from current location (6.97, -1.66) to (7.57, -1.72)
[controller_server-3] [INFO] [1788847461.854427936] [controller_server]: Received a goal, begin computing control effort.
[planner_server-5] [ERROR] [1788847462.205519819] [global_costmap.global_costmap]: Received map message is malformed. Rejecting.
[controller_server-3] [INFO] [1788847462.358704008] [controller_server]: Reached the goal!
[bt_navigator-7] [INFO] [1788847462.393197079] [bt_navigator]: Goal succeeded
[INFO] [1788847462.395059150] [candidate_explorer]: Frontier goal finished: success=True
[INFO] [1788847462.395326149] [candidate_explorer]: Reached frontier. Waiting for the map to expose new frontiers.
[INFO] [1788847462.549980536] [candidate_explorer]: Detected 10037 frontier cells
[INFO] [1788847462.559020437] [candidate_explorer]: Found 115 frontier clusters after filtering
[INFO] [1788847462.573495219] [candidate_explorer]: Selected frontier cluster: size=1559, goal=(6.82, -1.54), distance=0.61
[INFO] [1788847462.574442672] [candidate_explorer]: Checking global path to frontier (6.82, -1.54), distance=0.61m
[INFO] [1788847462.583331323] [candidate_explorer]: Nav2 path to frontier is 0.63m (straight-line=0.61m, detour=1.0x)
[INFO] [1788847462.584179318] [candidate_explorer]: Global path accepted. Navigating to frontier (6.82, -1.54)
[bt_navigator-7] [INFO] [1788847462.584616023] [bt_navigator]: Begin navigating from current location (7.37, -1.82) to (6.82, -1.54)
[controller_server-3] [INFO] [1788847462.606605133] [controller_server]: Received a goal, begin computing control effort.
[controller_server-3] [INFO] [1788847463.658356667] [controller_server]: Passing new path to controller.
[controller_server-3] [INFO] [1788847464.160139546] [controller_server]: Reached the goal!
[bt_navigator-7] [INFO] [1788847464.194896449] [bt_navigator]: Goal succeeded
[INFO] [1788847464.196848687] [candidate_explorer]: Frontier goal finished: success=True
[INFO] [1788847464.197115102] [candidate_explorer]: Reached frontier. Waiting for the map to expose new frontiers.
[planner_server-5] [ERROR] [1788847464.203797101] [global_costmap.global_costmap]: Received map message is malformed. Rejecting.
[INFO] [1788847464.546892993] [candidate_explorer]: Detected 9961 frontier cells
[INFO] [1788847464.555643563] [candidate_explorer]: Found 115 frontier clusters after filtering
[INFO] [1788847464.569959596] [candidate_explorer]: Selected frontier cluster: size=1495, goal=(6.49, -1.18), distance=0.60
[INFO] [1788847464.570947131] [candidate_explorer]: Checking global path to frontier (6.49, -1.18), distance=0.60m
[INFO] [1788847464.579710159] [candidate_explorer]: Nav2 path to frontier is 0.62m (straight-line=0.60m, detour=1.0x)
[INFO] [1788847464.580779319] [candidate_explorer]: Global path accepted. Navigating to frontier (6.49, -1.18)
[bt_navigator-7] [INFO] [1788847464.581292232] [bt_navigator]: Begin navigating from current location (7.03, -1.45) to (6.49, -1.18)
[controller_server-3] [INFO] [1788847464.603422341] [controller_server]: Received a goal, begin computing control effort.
[controller_server-3] [INFO] [1788847465.065207350] [controller_server]: Reached the goal!
[bt_navigator-7] [INFO] [1788847465.104184310] [bt_navigator]: Goal succeeded
[INFO] [1788847465.106191255] [candidate_explorer]: Frontier goal finished: success=True
[INFO] [1788847465.106461629] [candidate_explorer]: Reached frontier. Waiting for the map to expose new frontiers.
[INFO] [1788847465.258729115] [candidate_explorer]: Detected 9961 frontier cells
[INFO] [1788847465.268004597] [candidate_explorer]: Found 115 frontier clusters after filtering
[INFO] [1788847465.282074757] [candidate_explorer]: Selected frontier cluster: size=1495, goal=(7.09, -1.72), distance=0.61
[INFO] [1788847465.283136875] [candidate_explorer]: Checking global path to frontier (7.09, -1.72), distance=0.61m
[INFO] [1788847465.291940569] [candidate_explorer]: Nav2 path to frontier is 0.62m (straight-line=0.61m, detour=1.0x)
[INFO] [1788847465.292891980] [candidate_explorer]: Global path accepted. Navigating to frontier (7.09, -1.72)
[bt_navigator-7] [INFO] [1788847465.293678892] [bt_navigator]: Begin navigating from current location (6.67, -1.29) to (7.09, -1.72)
[controller_server-3] [INFO] [1788847465.315320712] [controller_server]: Received a goal, begin computing control effort.
[planner_server-5] [ERROR] [1788847466.205036947] [global_costmap.global_costmap]: Received map message is malformed. Rejecting.
[controller_server-3] [INFO] [1788847466.365966045] [controller_server]: Passing new path to controller.
[controller_server-3] [INFO] [1788847466.817226830] [controller_server]: Reached the goal!
[bt_navigator-7] [INFO] [1788847466.855603293] [bt_navigator]: Goal succeeded
[INFO] [1788847466.857477323] [candidate_explorer]: Frontier goal finished: success=True
[INFO] [1788847466.857730904] [candidate_explorer]: Reached frontier. Waiting for the map to expose new frontiers.
[INFO] [1788847467.050532173] [candidate_explorer]: Detected 10016 frontier cells
[INFO] [1788847467.059763406] [candidate_explorer]: Found 115 frontier clusters after filtering
[INFO] [1788847467.074047023] [candidate_explorer]: Selected frontier cluster: size=1551, goal=(6.46, -1.30), distance=0.60
[INFO] [1788847467.074922851] [candidate_explorer]: Checking global path to frontier (6.46, -1.30), distance=0.60m
[INFO] [1788847467.084062001] [candidate_explorer]: Nav2 path to frontier is 0.60m (straight-line=0.60m, detour=1.0x)
[INFO] [1788847467.085066828] [candidate_explorer]: Global path accepted. Navigating to frontier (6.46, -1.30)
[bt_navigator-7] [INFO] [1788847467.085492242] [bt_navigator]: Begin navigating from current location (6.90, -1.72) to (6.46, -1.30)
[controller_server-3] [INFO] [1788847467.107669225] [controller_server]: Received a goal, begin computing control effort.
[controller_server-3] [INFO] [1788847468.160899542] [controller_server]: Passing new path to controller.
[planner_server-5] [ERROR] [1788847468.205755588] [global_costmap.global_costmap]: Received map message is malformed. Rejecting.
[controller_server-3] [INFO] [1788847468.814155162] [controller_server]: Reached the goal!
[bt_navigator-7] [INFO] [1788847468.847363533] [bt_navigator]: Goal succeeded
[INFO] [1788847468.849080939] [candidate_explorer]: Frontier goal finished: success=True
[INFO] [1788847468.849351104] [candidate_explorer]: Reached frontier. Waiting for the map to expose new frontiers.
[INFO] [1788847469.050433611] [candidate_explorer]: Detected 10012 frontier cells
[INFO] [1788847469.059831176] [candidate_explorer]: Found 114 frontier clusters after filtering
[INFO] [1788847469.073852962] [candidate_explorer]: Selected frontier cluster: size=1542, goal=(7.05, -1.71), distance=0.61
[INFO] [1788847469.074855164] [candidate_explorer]: Checking global path to frontier (7.05, -1.71), distance=0.61m
[INFO] [1788847469.084050313] [candidate_explorer]: Nav2 path to frontier is 0.63m (straight-line=0.61m, detour=1.0x)
[INFO] [1788847469.084928016] [candidate_explorer]: Global path accepted. Navigating to frontier (7.05, -1.71)
[bt_navigator-7] [INFO] [1788847469.085379097] [bt_navigator]: Begin navigating from current location (6.64, -1.26) to (7.05, -1.71)
[controller_server-3] [INFO] [1788847469.107143499] [controller_server]: Received a goal, begin computing control effort.
[controller_server-3] [INFO] [1788847470.157331168] [controller_server]: Passing new path to controller.
[planner_server-5] [ERROR] [1788847470.206216065] [global_costmap.global_costmap]: Received map message is malformed. Rejecting.
[controller_server-3] [INFO] [1788847470.659819918] [controller_server]: Reached the goal!
[bt_navigator-7] [INFO] [1788847470.696140270] [bt_navigator]: Goal succeeded
[INFO] [1788847470.696633016] [candidate_explorer]: Frontier goal finished: success=True
[INFO] [1788847470.696870307] [candidate_explorer]: Reached frontier. Waiting for the map to expose new frontiers.
[INFO] [1788847471.049871511] [candidate_explorer]: Detected 9955 frontier cells
[INFO] [1788847471.059279201] [candidate_explorer]: Found 115 frontier clusters after filtering
[INFO] [1788847471.073502485] [candidate_explorer]: Selected frontier cluster: size=1495, goal=(7.41, -1.81), distance=0.60
[INFO] [1788847471.074426062] [candidate_explorer]: Checking global path to frontier (7.41, -1.81), distance=0.60m
[INFO] [1788847471.083808419] [candidate_explorer]: Nav2 path to frontier is 0.63m (straight-line=0.60m, detour=1.0x)
[INFO] [1788847471.084596456] [candidate_explorer]: Global path accepted. Navigating to frontier (7.41, -1.81)
[bt_navigator-7] [INFO] [1788847471.085006328] [bt_navigator]: Begin navigating from current location (6.81, -1.70) to (7.41, -1.81)
[controller_server-3] [INFO] [1788847471.105628322] [controller_server]: Received a goal, begin computing control effort.
[controller_server-3] [INFO] [1788847471.558874052] [controller_server]: Reached the goal!
[bt_navigator-7] [INFO] [1788847471.595222404] [bt_navigator]: Goal succeeded
[INFO] [1788847471.597002059] [candidate_explorer]: Frontier goal finished: success=True
[INFO] [1788847471.597284057] [candidate_explorer]: Reached frontier. Waiting for the map to expose new frontiers.
[INFO] [1788847471.753617892] [candidate_explorer]: Detected 9955 frontier cells
[INFO] [1788847471.762677001] [candidate_explorer]: Found 115 frontier clusters after filtering
[INFO] [1788847471.777065701] [candidate_explorer]: Selected frontier cluster: size=1495, goal=(6.64, -1.57), distance=0.60
[INFO] [1788847471.778043445] [candidate_explorer]: Checking global path to frontier (6.64, -1.57), distance=0.60m
[INFO] [1788847471.787455468] [candidate_explorer]: Nav2 path to frontier is 0.62m (straight-line=0.60m, detour=1.0x)
[INFO] [1788847471.788294171] [candidate_explorer]: Global path accepted. Navigating to frontier (6.64, -1.57)
[bt_navigator-7] [INFO] [1788847471.788759543] [bt_navigator]: Begin navigating from current location (7.18, -1.83) to (6.64, -1.57)
[controller_server-3] [INFO] [1788847471.809342245] [controller_server]: Received a goal, begin computing control effort.
[planner_server-5] [ERROR] [1788847472.205866338] [global_costmap.global_costmap]: Received map message is malformed. Rejecting.
[controller_server-3] [INFO] [1788847472.862252688] [controller_server]: Passing new path to controller.
[controller_server-3] [INFO] [1788847473.511687833] [controller_server]: Reached the goal!
[bt_navigator-7] [INFO] [1788847473.540192609] [bt_navigator]: Goal succeeded
[INFO] [1788847473.540643273] [candidate_explorer]: Frontier goal finished: success=True
[INFO] [1788847473.540911063] [candidate_explorer]: Reached frontier. Waiting for the map to expose new frontiers.
[INFO] [1788847473.801876188] [candidate_explorer]: Detected 9955 frontier cells
[INFO] [1788847473.810925964] [candidate_explorer]: Found 115 frontier clusters after filtering
[INFO] [1788847473.825009624] [candidate_explorer]: Selected frontier cluster: size=1495, goal=(7.32, -1.81), distance=0.60
[INFO] [1788847473.825903702] [candidate_explorer]: Checking global path to frontier (7.32, -1.81), distance=0.60m
[INFO] [1788847473.840080694] [candidate_explorer]: Nav2 path to frontier is 0.61m (straight-line=0.60m, detour=1.0x)
[INFO] [1788847473.840960897] [candidate_explorer]: Global path accepted. Navigating to frontier (7.32, -1.81)
[bt_navigator-7] [INFO] [1788847473.841440686] [bt_navigator]: Begin navigating from current location (6.81, -1.49) to (7.32, -1.81)
[controller_server-3] [INFO] [1788847473.864685287] [controller_server]: Received a goal, begin computing control effort.
[planner_server-5] [ERROR] [1788847474.207356932] [global_costmap.global_costmap]: Received map message is malformed. Rejecting.
[controller_server-3] [INFO] [1788847474.914806123] [controller_server]: Passing new path to controller.
[controller_server-3] [INFO] [1788847475.517000195] [controller_server]: Reached the goal!
[bt_navigator-7] [INFO] [1788847475.553051381] [bt_navigator]: Goal succeeded
[INFO] [1788847475.554945036] [candidate_explorer]: Frontier goal finished: success=True
[INFO] [1788847475.555218367] [candidate_explorer]: Reached frontier. Waiting for the map to expose new frontiers.
[INFO] [1788847475.799271934] [candidate_explorer]: Detected 9955 frontier cells
[INFO] [1788847475.808212669] [candidate_explorer]: Found 115 frontier clusters after filtering
[INFO] [1788847475.822311662] [candidate_explorer]: Selected frontier cluster: size=1495, goal=(7.72, -1.78), distance=0.61
[INFO] [1788847475.823150740] [candidate_explorer]: Checking global path to frontier (7.72, -1.78), distance=0.61m
[INFO] [1788847475.832236182] [candidate_explorer]: Nav2 path to frontier is 0.61m (straight-line=0.61m, detour=1.0x)
[INFO] [1788847475.832992885] [candidate_explorer]: Global path accepted. Navigating to frontier (7.72, -1.78)
[bt_navigator-7] [INFO] [1788847475.833411883] [bt_navigator]: Begin navigating from current location (7.13, -1.89) to (7.72, -1.78)
[controller_server-3] [INFO] [1788847475.854791288] [controller_server]: Received a goal, begin computing control effort.
[planner_server-5] [ERROR] [1788847476.204433805] [global_costmap.global_costmap]: Received map message is malformed. Rejecting.
[controller_server-3] [INFO] [1788847476.356074087] [controller_server]: Reached the goal!
[bt_navigator-7] [INFO] [1788847476.396560579] [bt_navigator]: Goal succeeded
[INFO] [1788847476.397310615] [candidate_explorer]: Frontier goal finished: success=True
[INFO] [1788847476.397535281] [candidate_explorer]: Reached frontier. Waiting for the map to expose new frontiers.
[INFO] [1788847476.548947730] [candidate_explorer]: Detected 9904 frontier cells
[INFO] [1788847476.558031422] [candidate_explorer]: Found 114 frontier clusters after filtering
[INFO] [1788847476.572288290] [candidate_explorer]: Selected frontier cluster: size=1464, goal=(6.93, -1.81), distance=0.61
[INFO] [1788847476.573154368] [candidate_explorer]: Checking global path to frontier (6.93, -1.81), distance=0.61m
[INFO] [1788847476.582340309] [candidate_explorer]: Nav2 path to frontier is 0.63m (straight-line=0.61m, detour=1.0x)
[INFO] [1788847476.583034221] [candidate_explorer]: Global path accepted. Navigating to frontier (6.93, -1.81)
[bt_navigator-7] [INFO] [1788847476.583458718] [bt_navigator]: Begin navigating from current location (7.53, -1.90) to (6.93, -1.81)
[controller_server-3] [INFO] [1788847476.605400078] [controller_server]: Received a goal, begin computing control effort.
[controller_server-3] [INFO] [1788847477.663261115] [controller_server]: Passing new path to controller.
[controller_server-3] [INFO] [1788847478.113198284] [controller_server]: Reached the goal!
[bt_navigator-7] [INFO] [1788847478.146655070] [bt_navigator]: Goal succeeded
[INFO] [1788847478.147118609] [candidate_explorer]: Frontier goal finished: success=True
[INFO] [1788847478.147384149] [candidate_explorer]: Reached frontier. Waiting for the map to expose new frontiers.
[planner_server-5] [ERROR] [1788847478.206391480] [global_costmap.global_costmap]: Received map message is malformed. Rejecting.
[INFO] [1788847478.257219364] [candidate_explorer]: Detected 9904 frontier cells
[INFO] [1788847478.266384139] [candidate_explorer]: Found 114 frontier clusters after filtering
[INFO] [1788847478.280344300] [candidate_explorer]: Selected frontier cluster: size=1464, goal=(6.55, -1.48), distance=0.60
[INFO] [1788847478.281337585] [candidate_explorer]: Checking global path to frontier (6.55, -1.48), distance=0.60m
[INFO] [1788847478.290462319] [candidate_explorer]: Nav2 path to frontier is 0.61m (straight-line=0.60m, detour=1.0x)
[INFO] [1788847478.291274355] [candidate_explorer]: Global path accepted. Navigating to frontier (6.55, -1.48)
[bt_navigator-7] [INFO] [1788847478.291689811] [bt_navigator]: Begin navigating from current location (7.12, -1.69) to (6.55, -1.48)
[controller_server-3] [INFO] [1788847478.314212125] [controller_server]: Received a goal, begin computing control effort.
[controller_server-3] [INFO] [1788847478.768311559] [controller_server]: Reached the goal!
[bt_navigator-7] [INFO] [1788847478.803288627] [bt_navigator]: Goal succeeded
[INFO] [1788847478.805266323] [candidate_explorer]: Frontier goal finished: success=True
[INFO] [1788847478.805520238] [candidate_explorer]: Reached frontier. Waiting for the map to expose new frontiers.
[INFO] [1788847479.050517590] [candidate_explorer]: Detected 9962 frontier cells
[INFO] [1788847479.060081113] [candidate_explorer]: Found 114 frontier clusters after filtering
[INFO] [1788847479.074062440] [candidate_explorer]: Selected frontier cluster: size=1544, goal=(7.24, -1.89), distance=0.61
[INFO] [1788847479.075166350] [candidate_explorer]: Checking global path to frontier (7.24, -1.89), distance=0.61m
[INFO] [1788847479.084694497] [candidate_explorer]: Nav2 path to frontier is 0.62m (straight-line=0.61m, detour=1.0x)
[INFO] [1788847479.085547617] [candidate_explorer]: Global path accepted. Navigating to frontier (7.24, -1.89)
[bt_navigator-7] [INFO] [1788847479.085963989] [bt_navigator]: Begin navigating from current location (6.72, -1.58) to (7.24, -1.89)
[controller_server-3] [INFO] [1788847479.109731379] [controller_server]: Received a goal, begin computing control effort.
[controller_server-3] [INFO] [1788847480.161095374] [controller_server]: Passing new path to controller.
[planner_server-5] [ERROR] [1788847480.206500667] [global_costmap.global_costmap]: Received map message is malformed. Rejecting.
[controller_server-3] [INFO] [1788847480.818034804] [controller_server]: Reached the goal!
[bt_navigator-7] [INFO] [1788847480.847669865] [bt_navigator]: Goal succeeded
[INFO] [1788847480.849490811] [candidate_explorer]: Frontier goal finished: success=True
[INFO] [1788847480.849738393] [candidate_explorer]: Reached frontier. Waiting for the map to expose new frontiers.
[INFO] [1788847481.053792465] [candidate_explorer]: Detected 10013 frontier cells
[INFO] [1788847481.063209613] [candidate_explorer]: Found 118 frontier clusters after filtering
[INFO] [1788847481.077509689] [candidate_explorer]: Selected frontier cluster: size=1536, goal=(6.60, -1.53), distance=0.60
[INFO] [1788847481.078529141] [candidate_explorer]: Checking global path to frontier (6.60, -1.53), distance=0.60m
[INFO] [1788847481.088024622] [candidate_explorer]: Nav2 path to frontier is 0.62m (straight-line=0.60m, detour=1.0x)
[INFO] [1788847481.088897699] [candidate_explorer]: Global path accepted. Navigating to frontier (6.60, -1.53)
[bt_navigator-7] [INFO] [1788847481.089443196] [bt_navigator]: Begin navigating from current location (7.17, -1.71) to (6.60, -1.53)
[controller_server-3] [INFO] [1788847481.112963004] [controller_server]: Received a goal, begin computing control effort.
[controller_server-3] [INFO] [1788847482.165319909] [controller_server]: Passing new path to controller.
[planner_server-5] [ERROR] [1788847482.207172309] [global_costmap.global_costmap]: Received map message is malformed. Rejecting.
[controller_server-3] [INFO] [1788847482.365188925] [controller_server]: Reached the goal!
[bt_navigator-7] [INFO] [1788847482.402127314] [bt_navigator]: Goal succeeded
[INFO] [1788847482.404132884] [candidate_explorer]: Frontier goal finished: success=True
[INFO] [1788847482.404412424] [candidate_explorer]: Reached frontier. Waiting for the map to expose new frontiers.
[INFO] [1788847482.550967572] [candidate_explorer]: Detected 10012 frontier cells
[INFO] [1788847482.560266721] [candidate_explorer]: Found 118 frontier clusters after filtering
[INFO] [1788847482.574296256] [candidate_explorer]: Selected frontier cluster: size=1515, goal=(6.28, -1.27), distance=0.61
[INFO] [1788847482.575304000] [candidate_explorer]: Checking global path to frontier (6.28, -1.27), distance=0.61m
[INFO] [1788847482.584724648] [candidate_explorer]: Nav2 path to frontier is 0.63m (straight-line=0.61m, detour=1.0x)
[INFO] [1788847482.585653517] [candidate_explorer]: Global path accepted. Navigating to frontier (6.28, -1.27)
[bt_navigator-7] [INFO] [1788847482.586064306] [bt_navigator]: Begin navigating from current location (6.73, -1.69) to (6.28, -1.27)
[controller_server-3] [INFO] [1788847482.609140742] [controller_server]: Received a goal, begin computing control effort.
[controller_server-3] [INFO] [1788847483.113998393] [controller_server]: Reached the goal!
[bt_navigator-7] [INFO] [1788847483.148189175] [bt_navigator]: Goal succeeded
[INFO] [1788847483.149963497] [candidate_explorer]: Frontier goal finished: success=True
[INFO] [1788847483.150213995] [candidate_explorer]: Reached frontier. Waiting for the map to expose new frontiers.
[INFO] [1788847483.252966048] [candidate_explorer]: Detected 10012 frontier cells
[INFO] [1788847483.262418946] [candidate_explorer]: Found 118 frontier clusters after filtering
[INFO] [1788847483.276619688] [candidate_explorer]: Selected frontier cluster: size=1515, goal=(6.90, -1.78), distance=0.61
[INFO] [1788847483.277572474] [candidate_explorer]: Checking global path to frontier (6.90, -1.78), distance=0.61m
[INFO] [1788847483.286955414] [candidate_explorer]: Nav2 path to frontier is 0.62m (straight-line=0.61m, detour=1.0x)
[INFO] [1788847483.287793159] [candidate_explorer]: Global path accepted. Navigating to frontier (6.90, -1.78)
[bt_navigator-7] [INFO] [1788847483.288263114] [bt_navigator]: Begin navigating from current location (6.39, -1.41) to (6.90, -1.78)
[controller_server-3] [INFO] [1788847483.310181682] [controller_server]: Received a goal, begin computing control effort.
[controller_server-3] [INFO] [1788847484.364419034] [controller_server]: Passing new path to controller.
[controller_server-3] [INFO] [1788847484.862863518] [controller_server]: Reached the goal!
[bt_navigator-7] [INFO] [1788847484.890244718] [bt_navigator]: Goal succeeded
[INFO] [1788847484.890740548] [candidate_explorer]: Frontier goal finished: success=True
[INFO] [1788847484.890970922] [candidate_explorer]: Reached frontier. Waiting for the map to expose new frontiers.
[INFO] [1788847485.052147518] [candidate_explorer]: Detected 10095 frontier cells
[INFO] [1788847485.061494291] [candidate_explorer]: Found 127 frontier clusters after filtering
[INFO] [1788847485.075871074] [candidate_explorer]: Selected frontier cluster: size=1557, goal=(7.38, -1.87), distance=0.60
[INFO] [1788847485.076873360] [candidate_explorer]: Checking global path to frontier (7.38, -1.87), distance=0.60m
[INFO] [1788847485.086380799] [candidate_explorer]: Nav2 path to frontier is 0.62m (straight-line=0.60m, detour=1.0x)
[INFO] [1788847485.087228210] [candidate_explorer]: Global path accepted. Navigating to frontier (7.38, -1.87)
[bt_navigator-7] [INFO] [1788847485.087669249] [bt_navigator]: Begin navigating from current location (6.84, -1.60) to (7.38, -1.87)
[controller_server-3] [INFO] [1788847485.111077850] [controller_server]: Received a goal, begin computing control effort.
[controller_server-3] [INFO] [1788847485.562405801] [controller_server]: Reached the goal!
[bt_navigator-7] [INFO] [1788847485.589489711] [bt_navigator]: Goal succeeded
[INFO] [1788847485.589978833] [candidate_explorer]: Frontier goal finished: success=True
[INFO] [1788847485.590210790] [candidate_explorer]: Reached frontier. Waiting for the map to expose new frontiers.
[INFO] [1788847485.757434389] [candidate_explorer]: Detected 10095 frontier cells
[INFO] [1788847485.766648663] [candidate_explorer]: Found 127 frontier clusters after filtering
[INFO] [1788847485.781046572] [candidate_explorer]: Selected frontier cluster: size=1557, goal=(6.63, -1.57), distance=0.60
[INFO] [1788847485.782188814] [candidate_explorer]: Checking global path to frontier (6.63, -1.57), distance=0.60m
[INFO] [1788847485.791570004] [candidate_explorer]: Nav2 path to frontier is 0.61m (straight-line=0.60m, detour=1.0x)
[INFO] [1788847485.792472207] [candidate_explorer]: Global path accepted. Navigating to frontier (6.63, -1.57)
[bt_navigator-7] [INFO] [1788847485.792894663] [bt_navigator]: Begin navigating from current location (7.18, -1.82) to (6.63, -1.57)
[controller_server-3] [INFO] [1788847485.814154027] [controller_server]: Received a goal, begin computing control effort.
[planner_server-5] [ERROR] [1788847486.207807721] [global_costmap.global_costmap]: Received map message is malformed. Rejecting.
[controller_server-3] [INFO] [1788847486.866399516] [controller_server]: Passing new path to controller.
[controller_server-3] [INFO] [1788847487.319261749] [controller_server]: Reached the goal!
[bt_navigator-7] [INFO] [1788847487.353070784] [bt_navigator]: Goal succeeded
[INFO] [1788847487.354945188] [candidate_explorer]: Frontier goal finished: success=True
[INFO] [1788847487.355213062] [candidate_explorer]: Reached frontier. Waiting for the map to expose new frontiers.
[INFO] [1788847487.548134163] [candidate_explorer]: Detected 10078 frontier cells
[INFO] [1788847487.557497853] [candidate_explorer]: Found 126 frontier clusters after filtering
[INFO] [1788847487.572181426] [candidate_explorer]: Selected frontier cluster: size=1542, goal=(7.32, -1.87), distance=0.60
[INFO] [1788847487.573142212] [candidate_explorer]: Checking global path to frontier (7.32, -1.87), distance=0.60m
[INFO] [1788847487.582783192] [candidate_explorer]: Nav2 path to frontier is 0.62m (straight-line=0.60m, detour=1.0x)
[INFO] [1788847487.583612061] [candidate_explorer]: Global path accepted. Navigating to frontier (7.32, -1.87)
[bt_navigator-7] [INFO] [1788847487.584004476] [bt_navigator]: Begin navigating from current location (6.83, -1.52) to (7.32, -1.87)
[controller_server-3] [INFO] [1788847487.605868294] [controller_server]: Received a goal, begin computing control effort.
[controller_server-3] [INFO] [1788847488.657966701] [controller_server]: Passing new path to controller.
[controller_server-3] [INFO] [1788847489.058032397] [controller_server]: Reached the goal!
[bt_navigator-7] [INFO] [1788847489.097671644] [bt_navigator]: Goal succeeded
[INFO] [1788847489.098222848] [candidate_explorer]: Frontier goal finished: success=True
[INFO] [1788847489.098502930] [candidate_explorer]: Reached frontier. Waiting for the map to expose new frontiers.
[INFO] [1788847489.299731437] [candidate_explorer]: Detected 10077 frontier cells
[INFO] [1788847489.310707450] [candidate_explorer]: Found 126 frontier clusters after filtering
[INFO] [1788847489.326252726] [candidate_explorer]: Selected frontier cluster: size=1542, goal=(7.71, -1.90), distance=0.60
[INFO] [1788847489.327506009] [candidate_explorer]: Checking global path to frontier (7.71, -1.90), distance=0.60m
[INFO] [1788847489.337745569] [candidate_explorer]: Nav2 path to frontier is 0.61m (straight-line=0.60m, detour=1.0x)
[INFO] [1788847489.338510606] [candidate_explorer]: Global path accepted. Navigating to frontier (7.71, -1.90)
[bt_navigator-7] [INFO] [1788847489.339072477] [bt_navigator]: Begin navigating from current location (7.10, -1.92) to (7.71, -1.90)
[controller_server-3] [INFO] [1788847489.362272579] [controller_server]: Received a goal, begin computing control effort.
[controller_server-3] [INFO] [1788847489.869136551] [controller_server]: Reached the goal!
[bt_navigator-7] [INFO] [1788847489.902831711] [bt_navigator]: Goal succeeded
[INFO] [1788847489.903317249] [candidate_explorer]: Frontier goal finished: success=True
[INFO] [1788847489.903578289] [candidate_explorer]: Reached frontier. Waiting for the map to expose new frontiers.
[INFO] [1788847490.006887921] [candidate_explorer]: Detected 10077 frontier cells
[INFO] [1788847490.016046904] [candidate_explorer]: Found 126 frontier clusters after filtering
[INFO] [1788847490.030596228] [candidate_explorer]: Selected frontier cluster: size=1542, goal=(8.10, -1.81), distance=0.60
[INFO] [1788847490.031620513] [candidate_explorer]: Checking global path to frontier (8.10, -1.81), distance=0.60m
[INFO] [1788847490.041187494] [candidate_explorer]: Nav2 path to frontier is 0.61m (straight-line=0.60m, detour=1.0x)
[INFO] [1788847490.041936781] [candidate_explorer]: Global path accepted. Navigating to frontier (8.10, -1.81)
[bt_navigator-7] [INFO] [1788847490.042383028] [bt_navigator]: Begin navigating from current location (7.53, -1.97) to (8.10, -1.81)
[controller_server-3] [INFO] [1788847490.063506143] [controller_server]: Received a goal, begin computing control effort.
[planner_server-5] [ERROR] [1788847490.205122114] [global_costmap.global_costmap]: Received map message is malformed. Rejecting.
[controller_server-3] [INFO] [1788847490.516459667] [controller_server]: Reached the goal!
[bt_navigator-7] [INFO] [1788847490.556542620] [bt_navigator]: Goal succeeded
[INFO] [1788847490.558658273] [candidate_explorer]: Frontier goal finished: success=True
[INFO] [1788847490.558921813] [candidate_explorer]: Reached frontier. Waiting for the map to expose new frontiers.
[INFO] [1788847490.801198641] [candidate_explorer]: Detected 10153 frontier cells
[INFO] [1788847490.810912120] [candidate_explorer]: Found 122 frontier clusters after filtering
[INFO] [1788847490.825930066] [candidate_explorer]: Selected frontier cluster: size=1619, goal=(7.30, -1.87), distance=0.60
[INFO] [1788847490.827076934] [candidate_explorer]: Checking global path to frontier (7.30, -1.87), distance=0.60m
[INFO] [1788847490.836783955] [candidate_explorer]: Nav2 path to frontier is 0.62m (straight-line=0.60m, detour=1.0x)
[INFO] [1788847490.837514951] [candidate_explorer]: Global path accepted. Navigating to frontier (7.30, -1.87)
[bt_navigator-7] [INFO] [1788847490.838036906] [bt_navigator]: Begin navigating from current location (7.91, -1.89) to (7.30, -1.87)
[controller_server-3] [INFO] [1788847490.861355257] [controller_server]: Received a goal, begin computing control effort.
[controller_server-3] [INFO] [1788847491.913357581] [controller_server]: Passing new path to controller.
[controller_server-3] [INFO] [1788847491.915596483] [controller_server]: Reached the goal!
[bt_navigator-7] [INFO] [1788847491.960644196] [bt_navigator]: Goal succeeded
[INFO] [1788847491.961125734] [candidate_explorer]: Frontier goal finished: success=True
[INFO] [1788847491.961380066] [candidate_explorer]: Reached frontier. Waiting for the map to expose new frontiers.
[planner_server-5] [ERROR] [1788847492.219405168] [global_costmap.global_costmap]: Received map message is malformed. Rejecting.
[INFO] [1788847492.260445823] [candidate_explorer]: Detected 10153 frontier cells
[INFO] [1788847492.269538140] [candidate_explorer]: Found 122 frontier clusters after filtering
[INFO] [1788847492.284241379] [candidate_explorer]: Selected frontier cluster: size=1619, goal=(8.05, -1.87), distance=0.61
[INFO] [1788847492.285227456] [candidate_explorer]: Checking global path to frontier (8.05, -1.87), distance=0.61m
[INFO] [1788847492.294847395] [candidate_explorer]: Nav2 path to frontier is 0.63m (straight-line=0.61m, detour=1.0x)
[INFO] [1788847492.295621598] [candidate_explorer]: Global path accepted. Navigating to frontier (8.05, -1.87)
[bt_navigator-7] [INFO] [1788847492.296070929] [bt_navigator]: Begin navigating from current location (7.46, -1.75) to (8.05, -1.87)
[controller_server-3] [INFO] [1788847492.317793165] [controller_server]: Received a goal, begin computing control effort.
[controller_server-3] [INFO] [1788847493.376167532] [controller_server]: Passing new path to controller.
[controller_server-3] [INFO] [1788847493.819911157] [controller_server]: Reached the goal!
[bt_navigator-7] [INFO] [1788847493.859064615] [bt_navigator]: Goal succeeded
[INFO] [1788847493.861057936] [candidate_explorer]: Frontier goal finished: success=True
[INFO] [1788847493.861349434] [candidate_explorer]: Reached frontier. Waiting for the map to expose new frontiers.
[INFO] [1788847494.052224007] [candidate_explorer]: Detected 10093 frontier cells
[INFO] [1788847494.066894413] [candidate_explorer]: Found 123 frontier clusters after filtering
[INFO] [1788847494.081213738] [candidate_explorer]: Selected frontier cluster: size=1551, goal=(8.46, -1.81), distance=0.61
[INFO] [1788847494.082286481] [candidate_explorer]: Checking global path to frontier (8.46, -1.81), distance=0.61m
[INFO] [1788847494.091953586] [candidate_explorer]: Nav2 path to frontier is 0.61m (straight-line=0.61m, detour=1.0x)
[INFO] [1788847494.092680748] [candidate_explorer]: Global path accepted. Navigating to frontier (8.46, -1.81)
[bt_navigator-7] [INFO] [1788847494.093106121] [bt_navigator]: Begin navigating from current location (7.87, -1.99) to (8.46, -1.81)
[controller_server-3] [INFO] [1788847494.116389930] [controller_server]: Received a goal, begin computing control effort.
[planner_server-5] [ERROR] [1788847494.204825407] [global_costmap.global_costmap]: Received map message is malformed. Rejecting.
[controller_server-3] [INFO] [1788847494.570626072] [controller_server]: Reached the goal!
[bt_navigator-7] [INFO] [1788847494.603880693] [bt_navigator]: Goal succeeded
[INFO] [1788847494.605798555] [candidate_explorer]: Frontier goal finished: success=True
[INFO] [1788847494.606028637] [candidate_explorer]: Reached frontier. Waiting for the map to expose new frontiers.
[INFO] [1788847494.803479293] [candidate_explorer]: Detected 10200 frontier cells
[INFO] [1788847494.812772400] [candidate_explorer]: Found 130 frontier clusters after filtering
[INFO] [1788847494.827329516] [candidate_explorer]: Selected frontier cluster: size=17, goal=(9.67, -1.86), distance=1.40
[INFO] [1788847494.828313968] [candidate_explorer]: Checking global path to frontier (9.67, -1.86), distance=1.40m
[INFO] [1788847494.839419105] [candidate_explorer]: Nav2 path to frontier is 1.39m (straight-line=1.40m, detour=1.0x)
[INFO] [1788847494.840817430] [candidate_explorer]: Global path accepted. Navigating to frontier (9.67, -1.86)
[bt_navigator-7] [INFO] [1788847494.841283260] [bt_navigator]: Begin navigating from current location (8.28, -1.91) to (9.67, -1.86)
[controller_server-3] [INFO] [1788847494.862165585] [controller_server]: Received a goal, begin computing control effort.
[controller_server-3] [INFO] [1788847495.912380171] [controller_server]: Passing new path to controller.
[controller_server-3] [INFO] [1788847496.016764254] [controller_server]: Reached the goal!
[bt_navigator-7] [INFO] [1788847496.053149355] [bt_navigator]: Goal succeeded
[INFO] [1788847496.053619977] [candidate_explorer]: Frontier goal finished: success=True
[INFO] [1788847496.053899309] [candidate_explorer]: Reached frontier. Waiting for the map to expose new frontiers.
[planner_server-5] [ERROR] [1788847496.218604674] [global_costmap.global_costmap]: Received map message is malformed. Rejecting.
[INFO] [1788847496.258510127] [candidate_explorer]: Detected 10200 frontier cells
[INFO] [1788847496.267712110] [candidate_explorer]: Found 130 frontier clusters after filtering
[INFO] [1788847496.282129435] [candidate_explorer]: Selected frontier cluster: size=1556, goal=(10.08, -1.80), distance=0.61
[INFO] [1788847496.283142720] [candidate_explorer]: Checking global path to frontier (10.08, -1.80), distance=0.61m
[INFO] [1788847496.292463494] [candidate_explorer]: Nav2 path to frontier is 0.62m (straight-line=0.61m, detour=1.0x)
[INFO] [1788847496.293175906] [candidate_explorer]: Global path accepted. Navigating to frontier (10.08, -1.80)
[bt_navigator-7] [INFO] [1788847496.293568612] [bt_navigator]: Begin navigating from current location (9.47, -1.87) to (10.08, -1.80)
[controller_server-3] [INFO] [1788847496.316551548] [controller_server]: Received a goal, begin computing control effort.
[controller_server-3] [INFO] [1788847496.769260157] [controller_server]: Reached the goal!
[bt_navigator-7] [INFO] [1788847496.804096143] [bt_navigator]: Goal succeeded
[INFO] [1788847496.806092256] [candidate_explorer]: Frontier goal finished: success=True
[INFO] [1788847496.806349879] [candidate_explorer]: Reached frontier. Waiting for the map to expose new frontiers.
[INFO] [1788847497.051905561] [candidate_explorer]: Detected 10218 frontier cells
[INFO] [1788847497.061348376] [candidate_explorer]: Found 129 frontier clusters after filtering
[INFO] [1788847497.076057323] [candidate_explorer]: Selected frontier cluster: size=1416, goal=(10.47, -1.86), distance=0.60
[INFO] [1788847497.077156316] [candidate_explorer]: Checking global path to frontier (10.47, -1.86), distance=0.60m
[INFO] [1788847497.086651881] [candidate_explorer]: Nav2 path to frontier is 0.62m (straight-line=0.60m, detour=1.0x)
[INFO] [1788847497.087416543] [candidate_explorer]: Global path accepted. Navigating to frontier (10.47, -1.86)
[bt_navigator-7] [INFO] [1788847497.087825123] [bt_navigator]: Begin navigating from current location (9.87, -1.83) to (10.47, -1.86)
[controller_server-3] [INFO] [1788847497.108671573] [controller_server]: Received a goal, begin computing control effort.
[controller_server-3] [INFO] [1788847497.512953409] [controller_server]: Reached the goal!
[bt_navigator-7] [INFO] [1788847497.549667716] [bt_navigator]: Goal succeeded
[INFO] [1788847497.551532787] [candidate_explorer]: Frontier goal finished: success=True
[INFO] [1788847497.551777411] [candidate_explorer]: Reached frontier. Waiting for the map to expose new frontiers.
[INFO] [1788847497.757104183] [candidate_explorer]: Detected 10218 frontier cells
[INFO] [1788847497.766163917] [candidate_explorer]: Found 129 frontier clusters after filtering
[INFO] [1788847497.780456159] [candidate_explorer]: Selected frontier cluster: size=107, goal=(12.01, -1.95), distance=1.76
[INFO] [1788847497.781448403] [candidate_explorer]: Checking global path to frontier (12.01, -1.95), distance=1.76m
[INFO] [1788847497.793206577] [candidate_explorer]: Nav2 path to frontier is 1.79m (straight-line=1.76m, detour=1.0x)
[INFO] [1788847497.794879567] [candidate_explorer]: Global path accepted. Navigating to frontier (12.01, -1.95)
[bt_navigator-7] [INFO] [1788847497.795277814] [bt_navigator]: Begin navigating from current location (10.25, -1.83) to (12.01, -1.95)
[controller_server-3] [INFO] [1788847497.818882705] [controller_server]: Received a goal, begin computing control effort.
[controller_server-3] [INFO] [1788847498.875232502] [controller_server]: Passing new path to controller.
[planner_server-5] [INFO] [1788847498.897817149] [global_costmap.global_costmap]: StaticLayer: Resizing costmap to 1151 X 555 at 0.015000 m/pix
[controller_server-3] [INFO] [1788847499.221623873] [controller_server]: Reached the goal!
[bt_navigator-7] [INFO] [1788847499.256152528] [bt_navigator]: Goal succeeded
[INFO] [1788847499.258041224] [candidate_explorer]: Frontier goal finished: success=True
[INFO] [1788847499.258257014] [candidate_explorer]: Reached frontier. Waiting for the map to expose new frontiers.
[INFO] [1788847499.557625853] [candidate_explorer]: Detected 10076 frontier cells
[INFO] [1788847499.567050001] [candidate_explorer]: Found 136 frontier clusters after filtering
[INFO] [1788847499.580660330] [candidate_explorer]: Selected frontier cluster: size=1431, goal=(12.39, -1.98), distance=0.60
[INFO] [1788847499.581754324] [candidate_explorer]: Checking global path to frontier (12.39, -1.98), distance=0.60m
[INFO] [1788847499.591754301] [candidate_explorer]: Nav2 path to frontier is 0.62m (straight-line=0.60m, detour=1.0x)
[INFO] [1788847499.592558630] [candidate_explorer]: Global path accepted. Navigating to frontier (12.39, -1.98)
[bt_navigator-7] [INFO] [1788847499.593011918] [bt_navigator]: Begin navigating from current location (11.79, -1.91) to (12.39, -1.98)
[controller_server-3] [INFO] [1788847499.614010409] [controller_server]: Received a goal, begin computing control effort.
[controller_server-3] [INFO] [1788847500.067050391] [controller_server]: Reached the goal!
[bt_navigator-7] [INFO] [1788847500.103235285] [bt_navigator]: Goal succeeded
[INFO] [1788847500.105236314] [candidate_explorer]: Frontier goal finished: success=True
[INFO] [1788847500.105502396] [candidate_explorer]: Reached frontier. Waiting for the map to expose new frontiers.
[planner_server-5] [ERROR] [1788847500.207275746] [global_costmap.global_costmap]: Received map message is malformed. Rejecting.
[INFO] [1788847500.262962640] [candidate_explorer]: Detected 10076 frontier cells
[INFO] [1788847500.272240414] [candidate_explorer]: Found 136 frontier clusters after filtering
[INFO] [1788847500.286088951] [candidate_explorer]: Selected frontier cluster: size=1431, goal=(10.75, -1.95), distance=1.45
[INFO] [1788847500.287096861] [candidate_explorer]: Checking global path to frontier (10.75, -1.95), distance=1.45m
[planner_server-5] [ERROR] [1788847500.288852058] [planner_server]: Failed to create a plan from potential when a legal potential was found. This shouldn't happen.
[planner_server-5] [WARN] [1788847500.288895975] [planner_server]: GridBased: failed to create plan with tolerance 0.50.
[planner_server-5] [WARN] [1788847500.288905600] [planner_server]: Planning algorithm GridBased failed to generate a valid path to (10.75, -1.95)
[planner_server-5] [WARN] [1788847500.289042349] [planner_server]: [compute_path_to_pose] [ActionServer] Aborting handle.
[WARN] [1788847500.301084064] [candidate_explorer]: Path computation failed, status=6
[WARN] [1788847500.301283729] [candidate_explorer]: No global path to frontier (10.75, -1.95). Blacklisting.
[INFO] [1788847500.558651711] [candidate_explorer]: Detected 9961 frontier cells
[INFO] [1788847500.567740361] [candidate_explorer]: Found 133 frontier clusters after filtering
[INFO] [1788847500.581382607] [candidate_explorer]: Selected frontier cluster: size=1397, goal=(9.94, -1.92), distance=2.26
[INFO] [1788847500.582353018] [candidate_explorer]: Checking global path to frontier (9.94, -1.92), distance=2.26m
[planner_server-5] [ERROR] [1788847500.584232964] [planner_server]: Failed to create a plan from potential when a legal potential was found. This shouldn't happen.
[planner_server-5] [WARN] [1788847500.584273422] [planner_server]: GridBased: failed to create plan with tolerance 0.50.
[planner_server-5] [WARN] [1788847500.584280547] [planner_server]: Planning algorithm GridBased failed to generate a valid path to (9.94, -1.92)
[planner_server-5] [WARN] [1788847500.584286047] [planner_server]: [compute_path_to_pose] [ActionServer] Aborting handle.
[WARN] [1788847500.590596632] [candidate_explorer]: Path computation failed, status=6
[WARN] [1788847500.590841380] [candidate_explorer]: No global path to frontier (9.94, -1.92). Blacklisting.
[INFO] [1788847500.759249930] [candidate_explorer]: Detected 9961 frontier cells
[INFO] [1788847500.768376663] [candidate_explorer]: Found 133 frontier clusters after filtering
[INFO] [1788847500.781959368] [candidate_explorer]: Selected frontier cluster: size=1397, goal=(8.74, -1.94), distance=3.46
[INFO] [1788847500.782898154] [candidate_explorer]: Checking global path to frontier (8.74, -1.94), distance=3.46m
[planner_server-5] [ERROR] [1788847500.784918641] [planner_server]: Failed to create a plan from potential when a legal potential was found. This shouldn't happen.
[planner_server-5] [WARN] [1788847500.785188514] [planner_server]: GridBased: failed to create plan with tolerance 0.50.
[planner_server-5] [WARN] [1788847500.785195014] [planner_server]: Planning algorithm GridBased failed to generate a valid path to (8.74, -1.94)
[planner_server-5] [WARN] [1788847500.785200014] [planner_server]: [compute_path_to_pose] [ActionServer] Aborting handle.
[WARN] [1788847500.791572348] [candidate_explorer]: Path computation failed, status=6
[WARN] [1788847500.791823513] [candidate_explorer]: No global path to frontier (8.74, -1.94). Blacklisting.
[INFO] [1788847501.011090988] [candidate_explorer]: Detected 9961 frontier cells
[INFO] [1788847501.020608219] [candidate_explorer]: Found 133 frontier clusters after filtering
[INFO] [1788847501.034288048] [candidate_explorer]: Selected frontier cluster: size=1397, goal=(7.93, -1.97), distance=4.27
[INFO] [1788847501.035315959] [candidate_explorer]: Checking global path to frontier (7.93, -1.97), distance=4.27m
[planner_server-5] [ERROR] [1788847501.037391237] [planner_server]: Failed to create a plan from potential when a legal potential was found. This shouldn't happen.
[planner_server-5] [WARN] [1788847501.037681693] [planner_server]: GridBased: failed to create plan with tolerance 0.50.
[planner_server-5] [WARN] [1788847501.037688943] [planner_server]: Planning algorithm GridBased failed to generate a valid path to (7.93, -1.97)
[planner_server-5] [WARN] [1788847501.037694777] [planner_server]: [compute_path_to_pose] [ActionServer] Aborting handle.
[WARN] [1788847501.043977737] [candidate_explorer]: Path computation failed, status=6
[WARN] [1788847501.044223068] [candidate_explorer]: No global path to frontier (7.93, -1.97). Blacklisting.
[INFO] [1788847501.261959470] [candidate_explorer]: Detected 9961 frontier cells
[INFO] [1788847501.271230119] [candidate_explorer]: Found 133 frontier clusters after filtering
[INFO] [1788847501.284978531] [candidate_explorer]: Selected frontier cluster: size=1397, goal=(7.14, -1.86), distance=5.06
[INFO] [1788847501.285916025] [candidate_explorer]: Checking global path to frontier (7.14, -1.86), distance=5.06m
[planner_server-5] [ERROR] [1788847501.288504717] [planner_server]: Failed to create a plan from potential when a legal potential was found. This shouldn't happen.
[planner_server-5] [WARN] [1788847501.288540217] [planner_server]: GridBased: failed to create plan with tolerance 0.50.
[planner_server-5] [WARN] [1788847501.288546258] [planner_server]: Planning algorithm GridBased failed to generate a valid path to (7.14, -1.86)
[planner_server-5] [WARN] [1788847501.288551175] [planner_server]: [compute_path_to_pose] [ActionServer] Aborting handle.
[WARN] [1788847501.294906634] [candidate_explorer]: Path computation failed, status=6
[WARN] [1788847501.295149674] [candidate_explorer]: No global path to frontier (7.14, -1.86). Blacklisting.
[INFO] [1788847501.506555366] [candidate_explorer]: Detected 9961 frontier cells
[INFO] [1788847501.515533851] [candidate_explorer]: Found 133 frontier clusters after filtering
[INFO] [1788847501.529257430] [candidate_explorer]: Selected frontier cluster: size=1397, goal=(6.46, -1.43), distance=5.76
[INFO] [1788847501.530271215] [candidate_explorer]: Checking global path to frontier (6.46, -1.43), distance=5.76m
[INFO] [1788847501.549103261] [candidate_explorer]: Nav2 path to frontier is 5.84m (straight-line=5.76m, detour=1.0x)
[INFO] [1788847501.555564470] [candidate_explorer]: Global path accepted. Navigating to frontier (6.46, -1.43)
[bt_navigator-7] [INFO] [1788847501.556107091] [bt_navigator]: Begin navigating from current location (12.20, -1.96) to (6.46, -1.43)
[controller_server-3] [INFO] [1788847501.578765738] [controller_server]: Received a goal, begin computing control effort.
[controller_server-3] [INFO] [1788847502.634269874] [controller_server]: Passing new path to controller.
[controller_server-3] [INFO] [1788847503.682142141] [controller_server]: Passing new path to controller.
[planner_server-5] [ERROR] [1788847504.206453085] [global_costmap.global_costmap]: Received map message is malformed. Rejecting.
[controller_server-3] [INFO] [1788847504.681343177] [controller_server]: Passing new path to controller.
[controller_server-3] [INFO] [1788847505.680545505] [controller_server]: Passing new path to controller.
[controller_server-3] [INFO] [1788847506.730733049] [controller_server]: Passing new path to controller.
[controller_server-3] [INFO] [1788847507.033290951] [controller_server]: Reached the goal!
[bt_navigator-7] [INFO] [1788847507.066441947] [bt_navigator]: Goal succeeded
[INFO] [1788847507.068398352] [candidate_explorer]: Frontier goal finished: success=True
[INFO] [1788847507.068644392] [candidate_explorer]: Reached frontier. Waiting for the map to expose new frontiers.
[INFO] [1788847507.309753727] [candidate_explorer]: Detected 9960 frontier cells
[INFO] [1788847507.318852544] [candidate_explorer]: Found 133 frontier clusters after filtering
[INFO] [1788847507.332876496] [candidate_explorer]: Selected frontier cluster: size=1397, goal=(11.98, -1.98), distance=5.36
[INFO] [1788847507.333874198] [candidate_explorer]: Checking global path to frontier (11.98, -1.98), distance=5.36m
[INFO] [1788847507.352052957] [candidate_explorer]: Nav2 path to frontier is 5.43m (straight-line=5.36m, detour=1.0x)
[INFO] [1788847507.358132252] [candidate_explorer]: Global path accepted. Navigating to frontier (11.98, -1.98)
[bt_navigator-7] [INFO] [1788847507.358672331] [bt_navigator]: Begin navigating from current location (6.65, -1.39) to (11.98, -1.98)
[controller_server-3] [INFO] [1788847507.379469115] [controller_server]: Received a goal, begin computing control effort.
[planner_server-5] [ERROR] [1788847508.206714916] [global_costmap.global_costmap]: Received map message is malformed. Rejecting.
[controller_server-3] [INFO] [1788847508.429823575] [controller_server]: Passing new path to controller.
[controller_server-3] [INFO] [1788847509.480475908] [controller_server]: Passing new path to controller.
[controller_server-3] [INFO] [1788847510.479996067] [controller_server]: Passing new path to controller.
[controller_server-3] [INFO] [1788847511.530189861] [controller_server]: Passing new path to controller.
[controller_server-3] [INFO] [1788847512.484815099] [controller_server]: Reached the goal!
[bt_navigator-7] [INFO] [1788847512.520307789] [bt_navigator]: Goal succeeded
[INFO] [1788847512.520782494] [candidate_explorer]: Frontier goal finished: success=True
[INFO] [1788847512.521005451] [candidate_explorer]: Reached frontier. Waiting for the map to expose new frontiers.
[INFO] [1788847512.807671162] [candidate_explorer]: Detected 9953 frontier cells
[INFO] [1788847512.816522856] [candidate_explorer]: Found 132 frontier clusters after filtering
[INFO] [1788847512.830365559] [candidate_explorer]: Selected frontier cluster: size=1395, goal=(12.37, -2.00), distance=0.61
[INFO] [1788847512.831371678] [candidate_explorer]: Checking global path to frontier (12.37, -2.00), distance=0.61m
[INFO] [1788847512.840406745] [candidate_explorer]: Nav2 path to frontier is 0.65m (straight-line=0.61m, detour=1.1x)
[INFO] [1788847512.841206282] [candidate_explorer]: Global path accepted. Navigating to frontier (12.37, -2.00)
[bt_navigator-7] [INFO] [1788847512.841635654] [bt_navigator]: Begin navigating from current location (11.77, -1.94) to (12.37, -2.00)
[controller_server-3] [INFO] [1788847512.863542222] [controller_server]: Received a goal, begin computing control effort.
[controller_server-3] [INFO] [1788847512.916012887] [controller_server]: Passing new path to controller.
[controller_server-3] [INFO] [1788847513.367254673] [controller_server]: Reached the goal!
[bt_navigator-7] [INFO] [1788847513.403473900] [bt_navigator]: Goal succeeded
[INFO] [1788847513.405267555] [candidate_explorer]: Frontier goal finished: success=True
[INFO] [1788847513.405481678] [candidate_explorer]: Reached frontier. Waiting for the map to expose new frontiers.
[INFO] [1788847513.507628693] [candidate_explorer]: Detected 9953 frontier cells
[INFO] [1788847513.517079591] [candidate_explorer]: Found 132 frontier clusters after filtering
[INFO] [1788847513.530954294] [candidate_explorer]: Selected frontier cluster: size=1395, goal=(6.46, -1.43), distance=5.74
[INFO] [1788847513.531960538] [candidate_explorer]: Checking global path to frontier (6.46, -1.43), distance=5.74m
[INFO] [1788847513.550637918] [candidate_explorer]: Nav2 path to frontier is 5.82m (straight-line=5.74m, detour=1.0x)
[INFO] [1788847513.557087960] [candidate_explorer]: Global path accepted. Navigating to frontier (6.46, -1.43)
[bt_navigator-7] [INFO] [1788847513.557634499] [bt_navigator]: Begin navigating from current location (12.18, -2.00) to (6.46, -1.43)
[controller_server-3] [INFO] [1788847513.580799851] [controller_server]: Received a goal, begin computing control effort.
[planner_server-5] [ERROR] [1788847514.205422946] [global_costmap.global_costmap]: Received map message is malformed. Rejecting.
[controller_server-3] [INFO] [1788847514.632248428] [controller_server]: Passing new path to controller.
[controller_server-3] [INFO] [1788847515.630995509] [controller_server]: Passing new path to controller.
[controller_server-3] [INFO] [1788847516.681063471] [controller_server]: Passing new path to controller.
[controller_server-3] [INFO] [1788847517.732019093] [controller_server]: Passing new path to controller.
[controller_server-3] [INFO] [1788847518.732155499] [controller_server]: Passing new path to controller.
[controller_server-3] [INFO] [1788847519.033149160] [controller_server]: Reached the goal!
[bt_navigator-7] [INFO] [1788847519.069025809] [bt_navigator]: Goal succeeded
[INFO] [1788847519.069645014] [candidate_explorer]: Frontier goal finished: success=True
[INFO] [1788847519.069895096] [candidate_explorer]: Reached frontier. Waiting for the map to expose new frontiers.
[INFO] [1788847519.308958345] [candidate_explorer]: Detected 9927 frontier cells
[INFO] [1788847519.317901372] [candidate_explorer]: Found 132 frontier clusters after filtering
[INFO] [1788847519.331893409] [candidate_explorer]: Selected frontier cluster: size=1369, goal=(11.98, -1.98), distance=5.34
[INFO] [1788847519.332910070] [candidate_explorer]: Checking global path to frontier (11.98, -1.98), distance=5.34m
[INFO] [1788847519.351597994] [candidate_explorer]: Nav2 path to frontier is 5.40m (straight-line=5.34m, detour=1.0x)
[INFO] [1788847519.357491040] [candidate_explorer]: Global path accepted. Navigating to frontier (11.98, -1.98)
[bt_navigator-7] [INFO] [1788847519.357998371] [bt_navigator]: Begin navigating from current location (6.67, -1.43) to (11.98, -1.98)
[controller_server-3] [INFO] [1788847519.381517431] [controller_server]: Received a goal, begin computing control effort.
[controller_server-3] [INFO] [1788847520.431705214] [controller_server]: Passing new path to controller.
[controller_server-3] [INFO] [1788847521.434527628] [controller_server]: Passing new path to controller.
[controller_server-3] [INFO] [1788847522.484900618] [controller_server]: Passing new path to controller.
[controller_server-3] [INFO] [1788847523.532007045] [controller_server]: Passing new path to controller.
[controller_server-3] [INFO] [1788847524.486282305] [controller_server]: Reached the goal!
[bt_navigator-7] [INFO] [1788847524.518252813] [bt_navigator]: Goal succeeded
[INFO] [1788847524.518727310] [candidate_explorer]: Frontier goal finished: success=True
[INFO] [1788847524.519028600] [candidate_explorer]: Reached frontier. Waiting for the map to expose new frontiers.
[INFO] [1788847524.817640392] [candidate_explorer]: Detected 9923 frontier cells
[INFO] [1788847524.826472628] [candidate_explorer]: Found 132 frontier clusters after filtering
[INFO] [1788847524.839992418] [candidate_explorer]: Selected frontier cluster: size=1371, goal=(12.39, -1.98), distance=0.61
[INFO] [1788847524.840996162] [candidate_explorer]: Checking global path to frontier (12.39, -1.98), distance=0.61m
[INFO] [1788847524.849775024] [candidate_explorer]: Nav2 path to frontier is 0.62m (straight-line=0.61m, detour=1.0x)
[INFO] [1788847524.850558102] [candidate_explorer]: Global path accepted. Navigating to frontier (12.39, -1.98)
[bt_navigator-7] [INFO] [1788847524.851000891] [bt_navigator]: Begin navigating from current location (11.78, -1.91) to (12.39, -1.98)
[controller_server-3] [INFO] [1788847524.871734052] [controller_server]: Received a goal, begin computing control effort.
[controller_server-3] [INFO] [1788847524.871810760] [controller_server]: Passing new path to controller.
[controller_server-3] [INFO] [1788847525.324031672] [controller_server]: Reached the goal!
[bt_navigator-7] [INFO] [1788847525.361653436] [bt_navigator]: Goal succeeded
[INFO] [1788847525.363486382] [candidate_explorer]: Frontier goal finished: success=True
[INFO] [1788847525.363771422] [candidate_explorer]: Reached frontier. Waiting for the map to expose new frontiers.
[INFO] [1788847525.521268267] [candidate_explorer]: Detected 9923 frontier cells
[INFO] [1788847525.530335918] [candidate_explorer]: Found 132 frontier clusters after filtering
[INFO] [1788847525.543825709] [candidate_explorer]: Selected frontier cluster: size=1371, goal=(6.46, -1.43), distance=5.76
[INFO] [1788847525.544932535] [candidate_explorer]: Checking global path to frontier (6.46, -1.43), distance=5.76m
[INFO] [1788847525.563688001] [candidate_explorer]: Nav2 path to frontier is 5.85m (straight-line=5.76m, detour=1.0x)
[INFO] [1788847525.570048544] [candidate_explorer]: Global path accepted. Navigating to frontier (6.46, -1.43)
[bt_navigator-7] [INFO] [1788847525.570540374] [bt_navigator]: Begin navigating from current location (12.19, -1.99) to (6.46, -1.43)
[controller_server-3] [INFO] [1788847525.593501480] [controller_server]: Received a goal, begin computing control effort.
[controller_server-3] [INFO] [1788847526.646469121] [controller_server]: Passing new path to controller.
[controller_server-3] [INFO] [1788847527.647347505] [controller_server]: Passing new path to controller.
[controller_server-3] [INFO] [1788847528.693876519] [controller_server]: Passing new path to controller.
[controller_server-3] [INFO] [1788847529.694450655] [controller_server]: Passing new path to controller.
[controller_server-3] [INFO] [1788847530.746371511] [controller_server]: Passing new path to controller.
[controller_server-3] [INFO] [1788847531.048325157] [controller_server]: Reached the goal!
[bt_navigator-7] [INFO] [1788847531.081696489] [bt_navigator]: Goal succeeded
[INFO] [1788847531.082377402] [candidate_explorer]: Frontier goal finished: success=True
[INFO] [1788847531.082599400] [candidate_explorer]: Reached frontier. Waiting for the map to expose new frontiers.
[INFO] [1788847531.317558509] [candidate_explorer]: Detected 9917 frontier cells
[INFO] [1788847531.326368578] [candidate_explorer]: Found 132 frontier clusters after filtering
[INFO] [1788847531.340250700] [candidate_explorer]: Selected frontier cluster: size=1366, goal=(11.98, -1.98), distance=5.33
[INFO] [1788847531.341230443] [candidate_explorer]: Checking global path to frontier (11.98, -1.98), distance=5.33m
[INFO] [1788847531.359215164] [candidate_explorer]: Nav2 path to frontier is 5.39m (straight-line=5.33m, detour=1.0x)
[INFO] [1788847531.365044502] [candidate_explorer]: Global path accepted. Navigating to frontier (11.98, -1.98)
[bt_navigator-7] [INFO] [1788847531.365548916] [bt_navigator]: Begin navigating from current location (6.68, -1.41) to (11.98, -1.98)
[controller_server-3] [INFO] [1788847531.386584117] [controller_server]: Received a goal, begin computing control effort.
[controller_server-3] [INFO] [1788847532.438639430] [controller_server]: Passing new path to controller.
[controller_server-3] [INFO] [1788847533.440406183] [controller_server]: Passing new path to controller.
[controller_server-3] [INFO] [1788847534.487542444] [controller_server]: Passing new path to controller.
[controller_server-3] [INFO] [1788847535.488288662] [controller_server]: Passing new path to controller.
[controller_server-3] [INFO] [1788847536.491186909] [controller_server]: Reached the goal!
[controller_server-3] [INFO] [1788847536.509017255] [controller_server]: Received a goal, begin computing control effort.
[controller_server-3] [INFO] [1788847536.510794369] [controller_server]: Reached the goal!
[bt_navigator-7] [INFO] [1788847536.547592930] [bt_navigator]: Goal succeeded
[INFO] [1788847536.548048385] [candidate_explorer]: Frontier goal finished: success=True
[INFO] [1788847536.548280175] [candidate_explorer]: Reached frontier. Waiting for the map to expose new frontiers.
[INFO] [1788847536.821752334] [candidate_explorer]: Detected 9916 frontier cells
[INFO] [1788847536.830554737] [candidate_explorer]: Found 132 frontier clusters after filtering
[INFO] [1788847536.844206609] [candidate_explorer]: Selected frontier cluster: size=1366, goal=(12.39, -2.01), distance=0.60
[INFO] [1788847536.845180770] [candidate_explorer]: Checking global path to frontier (12.39, -2.01), distance=0.60m
[INFO] [1788847536.853865924] [candidate_explorer]: Nav2 path to frontier is 0.61m (straight-line=0.60m, detour=1.0x)
[INFO] [1788847536.854738835] [candidate_explorer]: Global path accepted. Navigating to frontier (12.39, -2.01)
[bt_navigator-7] [INFO] [1788847536.855213832] [bt_navigator]: Begin navigating from current location (11.79, -1.93) to (12.39, -2.01)
[controller_server-3] [INFO] [1788847536.876468824] [controller_server]: Received a goal, begin computing control effort.
[controller_server-3] [INFO] [1788847537.329776437] [controller_server]: Reached the goal!
[bt_navigator-7] [INFO] [1788847537.369452979] [bt_navigator]: Goal succeeded
[INFO] [1788847537.371389342] [candidate_explorer]: Frontier goal finished: success=True
[INFO] [1788847537.371615591] [candidate_explorer]: Reached frontier. Waiting for the map to expose new frontiers.
[INFO] [1788847537.524019676] [candidate_explorer]: Detected 9916 frontier cells
[INFO] [1788847537.532903537] [candidate_explorer]: Found 132 frontier clusters after filtering
[INFO] [1788847537.546211703] [candidate_explorer]: Selected frontier cluster: size=1366, goal=(6.46, -1.43), distance=5.74
[INFO] [1788847537.547119572] [candidate_explorer]: Checking global path to frontier (6.46, -1.43), distance=5.74m
[INFO] [1788847537.565606248] [candidate_explorer]: Nav2 path to frontier is 5.82m (straight-line=5.74m, detour=1.0x)
[INFO] [1788847537.571980125] [candidate_explorer]: Global path accepted. Navigating to frontier (6.46, -1.43)
[bt_navigator-7] [INFO] [1788847537.572410789] [bt_navigator]: Begin navigating from current location (12.17, -2.00) to (6.46, -1.43)
[controller_server-3] [INFO] [1788847537.593678863] [controller_server]: Received a goal, begin computing control effort.
[controller_server-3] [INFO] [1788847538.646268215] [controller_server]: Passing new path to controller.
[controller_server-3] [INFO] [1788847539.647245931] [controller_server]: Passing new path to controller.
[controller_server-3] [INFO] [1788847540.694186235] [controller_server]: Passing new path to controller.
[controller_server-3] [INFO] [1788847541.696197237] [controller_server]: Passing new path to controller.
[controller_server-3] [INFO] [1788847542.750107163] [controller_server]: Passing new path to controller.
[controller_server-3] [INFO] [1788847543.047817836] [controller_server]: Reached the goal!
[bt_navigator-7] [INFO] [1788847543.082695867] [bt_navigator]: Goal succeeded
[INFO] [1788847543.084388940] [candidate_explorer]: Frontier goal finished: success=True
[INFO] [1788847543.084683146] [candidate_explorer]: Reached frontier. Waiting for the map to expose new frontiers.
[INFO] [1788847543.321799866] [candidate_explorer]: Detected 9915 frontier cells
[INFO] [1788847543.331229432] [candidate_explorer]: Found 132 frontier clusters after filtering
[INFO] [1788847543.345108595] [candidate_explorer]: Selected frontier cluster: size=1366, goal=(11.98, -1.98), distance=5.35
[INFO] [1788847543.345965340] [candidate_explorer]: Checking global path to frontier (11.98, -1.98), distance=5.35m
[INFO] [1788847543.364287433] [candidate_explorer]: Nav2 path to frontier is 5.40m (straight-line=5.35m, detour=1.0x)
[INFO] [1788847543.369603191] [candidate_explorer]: Global path accepted. Navigating to frontier (11.98, -1.98)
[bt_navigator-7] [INFO] [1788847543.370063063] [bt_navigator]: Begin navigating from current location (6.66, -1.43) to (11.98, -1.98)
[controller_server-3] [INFO] [1788847543.391628470] [controller_server]: Received a goal, begin computing control effort.
[controller_server-3] [INFO] [1788847544.442391374] [controller_server]: Passing new path to controller.
[controller_server-3] [INFO] [1788847545.491836537] [controller_server]: Passing new path to controller.
[controller_server-3] [INFO] [1788847546.492474631] [controller_server]: Passing new path to controller.
[controller_server-3] [INFO] [1788847547.491877024] [controller_server]: Passing new path to controller.
[controller_server-3] [INFO] [1788847548.544461792] [controller_server]: Passing new path to controller.
[controller_server-3] [INFO] [1788847548.546393322] [controller_server]: Reached the goal!
[bt_navigator-7] [INFO] [1788847548.591332206] [bt_navigator]: Goal succeeded
[INFO] [1788847548.593156320] [candidate_explorer]: Frontier goal finished: success=True
[INFO] [1788847548.593422818] [candidate_explorer]: Reached frontier. Waiting for the map to expose new frontiers.
[INFO] [1788847548.820360102] [candidate_explorer]: Detected 9993 frontier cells
[INFO] [1788847548.829437253] [candidate_explorer]: Found 132 frontier clusters after filtering
[INFO] [1788847548.843527040] [candidate_explorer]: Selected frontier cluster: size=1405, goal=(12.37, -2.01), distance=0.61
[INFO] [1788847548.844503450] [candidate_explorer]: Checking global path to frontier (12.37, -2.01), distance=0.61m
[INFO] [1788847548.853129730] [candidate_explorer]: Nav2 path to frontier is 0.64m (straight-line=0.61m, detour=1.0x)
[INFO] [1788847548.853874891] [candidate_explorer]: Global path accepted. Navigating to frontier (12.37, -2.01)
[bt_navigator-7] [INFO] [1788847548.854523346] [bt_navigator]: Begin navigating from current location (11.77, -1.94) to (12.37, -2.01)
[controller_server-3] [INFO] [1788847548.876697332] [controller_server]: Received a goal, begin computing control effort.
[controller_server-3] [INFO] [1788847549.329324990] [controller_server]: Reached the goal!
[bt_navigator-7] [INFO] [1788847549.365569055] [bt_navigator]: Goal succeeded
[INFO] [1788847549.367512001] [candidate_explorer]: Frontier goal finished: success=True
[INFO] [1788847549.367746541] [candidate_explorer]: Reached frontier. Waiting for the map to expose new frontiers.
[INFO] [1788847549.522604819] [candidate_explorer]: Detected 9993 frontier cells
[INFO] [1788847549.531708262] [candidate_explorer]: Found 132 frontier clusters after filtering
[INFO] [1788847549.545662966] [candidate_explorer]: Selected frontier cluster: size=1405, goal=(6.46, -1.43), distance=5.72
[INFO] [1788847549.546553835] [candidate_explorer]: Checking global path to frontier (6.46, -1.43), distance=5.72m
[INFO] [1788847549.565483841] [candidate_explorer]: Nav2 path to frontier is 5.82m (straight-line=5.72m, detour=1.0x)
[INFO] [1788847549.571420346] [candidate_explorer]: Global path accepted. Navigating to frontier (6.46, -1.43)
[bt_navigator-7] [INFO] [1788847549.571809927] [bt_navigator]: Begin navigating from current location (12.16, -2.00) to (6.46, -1.43)
[controller_server-3] [INFO] [1788847549.593160709] [controller_server]: Received a goal, begin computing control effort.
[controller_server-3] [INFO] [1788847550.647035844] [controller_server]: Passing new path to controller.
[planner_server-5] [INFO] [1788847550.898158976] [global_costmap.global_costmap]: StaticLayer: Resizing costmap to 1155 X 555 at 0.015000 m/pix
[controller_server-3] [INFO] [1788847551.702103013] [controller_server]: Passing new path to controller.
[controller_server-3] [INFO] [1788847552.695989025] [controller_server]: Passing new path to controller.
[controller_server-3] [INFO] [1788847553.696216704] [controller_server]: Passing new path to controller.
[controller_server-3] [INFO] [1788847554.744323167] [controller_server]: Passing new path to controller.
[controller_server-3] [INFO] [1788847555.045527652] [controller_server]: Reached the goal!
[bt_navigator-7] [INFO] [1788847555.082055214] [bt_navigator]: Goal succeeded
[INFO] [1788847555.083947452] [candidate_explorer]: Frontier goal finished: success=True
[INFO] [1788847555.084226075] [candidate_explorer]: Reached frontier. Waiting for the map to expose new frontiers.
[INFO] [1788847555.322038999] [candidate_explorer]: Detected 9980 frontier cells
[INFO] [1788847555.330588071] [candidate_explorer]: Found 131 frontier clusters after filtering
[INFO] [1788847555.344791398] [candidate_explorer]: Selected frontier cluster: size=1408, goal=(11.98, -1.98), distance=5.33
[INFO] [1788847555.345714476] [candidate_explorer]: Checking global path to frontier (11.98, -1.98), distance=5.33m
[INFO] [1788847555.363636863] [candidate_explorer]: Nav2 path to frontier is 5.39m (straight-line=5.33m, detour=1.0x)
[INFO] [1788847555.369355494] [candidate_explorer]: Global path accepted. Navigating to frontier (11.98, -1.98)
[bt_navigator-7] [INFO] [1788847555.369790824] [bt_navigator]: Begin navigating from current location (6.68, -1.44) to (11.98, -1.98)
[controller_server-3] [INFO] [1788847555.393391093] [controller_server]: Received a goal, begin computing control effort.
[controller_server-3] [INFO] [1788847556.447352727] [controller_server]: Passing new path to controller.
[controller_server-3] [INFO] [1788847557.495461023] [controller_server]: Passing new path to controller.
[controller_server-3] [INFO] [1788847558.494503502] [controller_server]: Passing new path to controller.
[controller_server-3] [INFO] [1788847559.546330192] [controller_server]: Passing new path to controller.
[controller_server-3] [INFO] [1788847560.498401674] [controller_server]: Reached the goal!
[bt_navigator-7] [INFO] [1788847560.531078385] [bt_navigator]: Goal succeeded
[INFO] [1788847560.533395829] [candidate_explorer]: Frontier goal finished: success=True
[INFO] [1788847560.533646411] [candidate_explorer]: Reached frontier. Waiting for the map to expose new frontiers.
[INFO] [1788847560.821225064] [candidate_explorer]: Detected 10027 frontier cells
[INFO] [1788847560.829933135] [candidate_explorer]: Found 131 frontier clusters after filtering
[INFO] [1788847560.843945422] [candidate_explorer]: Selected frontier cluster: size=1432, goal=(12.36, -2.00), distance=0.61
[INFO] [1788847560.844921582] [candidate_explorer]: Checking global path to frontier (12.36, -2.00), distance=0.61m
[INFO] [1788847560.853413779] [candidate_explorer]: Nav2 path to frontier is 0.64m (straight-line=0.61m, detour=1.1x)
[INFO] [1788847560.854271232] [candidate_explorer]: Global path accepted. Navigating to frontier (12.36, -2.00)
[bt_navigator-7] [INFO] [1788847560.854744854] [bt_navigator]: Begin navigating from current location (11.75, -1.92) to (12.36, -2.00)
[controller_server-3] [INFO] [1788847560.875419849] [controller_server]: Received a goal, begin computing control effort.
[controller_server-3] [INFO] [1788847561.329991246] [controller_server]: Reached the goal!
[bt_navigator-7] [INFO] [1788847561.364882527] [bt_navigator]: Goal succeeded
[INFO] [1788847561.366710640] [candidate_explorer]: Frontier goal finished: success=True
[INFO] [1788847561.366986138] [candidate_explorer]: Reached frontier. Waiting for the map to expose new frontiers.
[INFO] [1788847561.523999278] [candidate_explorer]: Detected 10027 frontier cells
[INFO] [1788847561.533030138] [candidate_explorer]: Found 131 frontier clusters after filtering
[INFO] [1788847561.546834218] [candidate_explorer]: Selected frontier cluster: size=1432, goal=(6.46, -1.43), distance=5.72
[INFO] [1788847561.547739129] [candidate_explorer]: Checking global path to frontier (6.46, -1.43), distance=5.72m
[INFO] [1788847561.566556094] [candidate_explorer]: Nav2 path to frontier is 5.81m (straight-line=5.72m, detour=1.0x)
[INFO] [1788847561.572941721] [candidate_explorer]: Global path accepted. Navigating to frontier (6.46, -1.43)
[bt_navigator-7] [INFO] [1788847561.573376468] [bt_navigator]: Begin navigating from current location (12.16, -1.99) to (6.46, -1.43)
[controller_server-3] [INFO] [1788847561.597012695] [controller_server]: Received a goal, begin computing control effort.
[controller_server-3] [INFO] [1788847562.647255685] [controller_server]: Passing new path to controller.
[planner_server-5] [INFO] [1788847562.897806654] [global_costmap.global_costmap]: StaticLayer: Resizing costmap to 1156 X 555 at 0.015000 m/pix
[controller_server-3] [INFO] [1788847563.648065820] [controller_server]: Passing new path to controller.
[controller_server-3] [INFO] [1788847564.697358359] [controller_server]: Passing new path to controller.
[controller_server-3] [INFO] [1788847565.749027257] [controller_server]: Passing new path to controller.
[controller_server-3] [INFO] [1788847566.747532365] [controller_server]: Passing new path to controller.
[controller_server-3] [INFO] [1788847567.051326041] [controller_server]: Reached the goal!
[bt_navigator-7] [INFO] [1788847567.084843372] [bt_navigator]: Goal succeeded
[INFO] [1788847567.085450244] [candidate_explorer]: Frontier goal finished: success=True
[INFO] [1788847567.085731242] [candidate_explorer]: Reached frontier. Waiting for the map to expose new frontiers.
[INFO] [1788847567.321031598] [candidate_explorer]: Detected 10027 frontier cells
[INFO] [1788847567.329994959] [candidate_explorer]: Found 131 frontier clusters after filtering
[INFO] [1788847567.344184328] [candidate_explorer]: Selected frontier cluster: size=1432, goal=(11.98, -1.98), distance=5.33
[INFO] [1788847567.345094864] [candidate_explorer]: Checking global path to frontier (11.98, -1.98), distance=5.33m
[INFO] [1788847567.362552504] [candidate_explorer]: Nav2 path to frontier is 5.39m (straight-line=5.33m, detour=1.0x)
[INFO] [1788847567.368495967] [candidate_explorer]: Global path accepted. Navigating to frontier (11.98, -1.98)
[bt_navigator-7] [INFO] [1788847567.369014589] [bt_navigator]: Begin navigating from current location (6.69, -1.41) to (11.98, -1.98)
[controller_server-3] [INFO] [1788847567.391118117] [controller_server]: Received a goal, begin computing control effort.
[controller_server-3] [INFO] [1788847568.441257358] [controller_server]: Passing new path to controller.
[controller_server-3] [INFO] [1788847569.495743948] [controller_server]: Passing new path to controller.
[controller_server-3] [INFO] [1788847570.495848253] [controller_server]: Passing new path to controller.
[controller_server-3] [INFO] [1788847571.542915139] [controller_server]: Passing new path to controller.
[controller_server-3] [INFO] [1788847572.493494547] [controller_server]: Reached the goal!
[bt_navigator-7] [INFO] [1788847572.530058193] [bt_navigator]: Goal succeeded
[INFO] [1788847572.531970931] [candidate_explorer]: Frontier goal finished: success=True
[INFO] [1788847572.532197304] [candidate_explorer]: Reached frontier. Waiting for the map to expose new frontiers.
[INFO] [1788847572.820581036] [candidate_explorer]: Detected 10024 frontier cells
[INFO] [1788847572.829628104] [candidate_explorer]: Found 131 frontier clusters after filtering
[INFO] [1788847572.843519975] [candidate_explorer]: Selected frontier cluster: size=1432, goal=(12.37, -2.01), distance=0.61
[INFO] [1788847572.844377428] [candidate_explorer]: Checking global path to frontier (12.37, -2.01), distance=0.61m
[INFO] [1788847572.853062040] [candidate_explorer]: Nav2 path to frontier is 0.64m (straight-line=0.61m, detour=1.0x)
[INFO] [1788847572.853796702] [candidate_explorer]: Global path accepted. Navigating to frontier (12.37, -2.01)
[bt_navigator-7] [INFO] [1788847572.854225533] [bt_navigator]: Begin navigating from current location (11.77, -1.92) to (12.37, -2.01)
[controller_server-3] [INFO] [1788847572.876661892] [controller_server]: Received a goal, begin computing control effort.
[controller_server-3] [INFO] [1788847573.379008489] [controller_server]: Reached the goal!
[bt_navigator-7] [INFO] [1788847573.414955805] [bt_navigator]: Goal succeeded
[INFO] [1788847573.416692669] [candidate_explorer]: Frontier goal finished: success=True
[INFO] [1788847573.416910293] [candidate_explorer]: Reached frontier. Waiting for the map to expose new frontiers.
[INFO] [1788847573.524800032] [candidate_explorer]: Detected 10024 frontier cells
[INFO] [1788847573.539152525] [candidate_explorer]: Found 131 frontier clusters after filtering
[INFO] [1788847573.552955980] [candidate_explorer]: Selected frontier cluster: size=1432, goal=(6.46, -1.43), distance=5.75
[INFO] [1788847573.553897766] [candidate_explorer]: Checking global path to frontier (6.46, -1.43), distance=5.75m
[INFO] [1788847573.572461816] [candidate_explorer]: Nav2 path to frontier is 5.84m (straight-line=5.75m, detour=1.0x)
[INFO] [1788847573.578721652] [candidate_explorer]: Global path accepted. Navigating to frontier (6.46, -1.43)
[bt_navigator-7] [INFO] [1788847573.579156108] [bt_navigator]: Begin navigating from current location (12.18, -2.01) to (6.46, -1.43)
[controller_server-3] [INFO] [1788847573.600230100] [controller_server]: Received a goal, begin computing control effort.
[controller_server-3] [INFO] [1788847574.653066575] [controller_server]: Passing new path to controller.
[controller_server-3] [INFO] [1788847575.653208630] [controller_server]: Passing new path to controller.
[controller_server-3] [INFO] [1788847576.700855388] [controller_server]: Passing new path to controller.
[controller_server-3] [INFO] [1788847577.708010274] [controller_server]: Passing new path to controller.
[controller_server-3] [INFO] [1788847578.701020624] [controller_server]: Passing new path to controller.
[controller_server-3] [INFO] [1788847579.102809852] [controller_server]: Reached the goal!
[bt_navigator-7] [INFO] [1788847579.140046785] [bt_navigator]: Goal succeeded
[INFO] [1788847579.141669942] [candidate_explorer]: Frontier goal finished: success=True
[INFO] [1788847579.141944232] [candidate_explorer]: Reached frontier. Waiting for the map to expose new frontiers.
[INFO] [1788847579.319395701] [candidate_explorer]: Detected 10024 frontier cells
[INFO] [1788847579.328349978] [candidate_explorer]: Found 131 frontier clusters after filtering
[INFO] [1788847579.342645389] [candidate_explorer]: Selected frontier cluster: size=1432, goal=(11.98, -1.98), distance=5.34
[INFO] [1788847579.343650591] [candidate_explorer]: Checking global path to frontier (11.98, -1.98), distance=5.34m
[INFO] [1788847579.361086731] [candidate_explorer]: Nav2 path to frontier is 5.40m (straight-line=5.34m, detour=1.0x)
[INFO] [1788847579.366953111] [candidate_explorer]: Global path accepted. Navigating to frontier (11.98, -1.98)
[bt_navigator-7] [INFO] [1788847579.367483608] [bt_navigator]: Begin navigating from current location (6.67, -1.43) to (11.98, -1.98)
[controller_server-3] [INFO] [1788847579.390971210] [controller_server]: Received a goal, begin computing control effort.
[controller_server-3] [INFO] [1788847580.448452781] [controller_server]: Passing new path to controller.
[controller_server-3] [INFO] [1788847581.492414728] [controller_server]: Passing new path to controller.
[controller_server-3] [INFO] [1788847582.491598206] [controller_server]: Passing new path to controller.
[controller_server-3] [INFO] [1788847583.542727150] [controller_server]: Passing new path to controller.
[controller_server-3] [INFO] [1788847584.494150094] [controller_server]: Reached the goal!
[bt_navigator-7] [INFO] [1788847584.528120673] [bt_navigator]: Goal succeeded
[INFO] [1788847584.528592586] [candidate_explorer]: Frontier goal finished: success=True
[INFO] [1788847584.528810418] [candidate_explorer]: Reached frontier. Waiting for the map to expose new frontiers.
[INFO] [1788847584.822261826] [candidate_explorer]: Detected 10139 frontier cells
[INFO] [1788847584.831566226] [candidate_explorer]: Found 133 frontier clusters after filtering
[INFO] [1788847584.845933511] [candidate_explorer]: Selected frontier cluster: size=1479, goal=(12.37, -2.01), distance=0.61
[INFO] [1788847584.846910463] [candidate_explorer]: Checking global path to frontier (12.37, -2.01), distance=0.61m
[INFO] [1788847584.856058239] [candidate_explorer]: Nav2 path to frontier is 0.64m (straight-line=0.61m, detour=1.1x)
[INFO] [1788847584.856951525] [candidate_explorer]: Global path accepted. Navigating to frontier (12.37, -2.01)
[bt_navigator-7] [INFO] [1788847584.857516355] [bt_navigator]: Begin navigating from current location (11.77, -1.93) to (12.37, -2.01)
[controller_server-3] [INFO] [1788847584.879441301] [controller_server]: Received a goal, begin computing control effort.
[controller_server-3] [INFO] [1788847585.333035954] [controller_server]: Reached the goal!
[bt_navigator-7] [INFO] [1788847585.368998186] [bt_navigator]: Goal succeeded
[INFO] [1788847585.369455267] [candidate_explorer]: Frontier goal finished: success=True
[INFO] [1788847585.369682224] [candidate_explorer]: Reached frontier. Waiting for the map to expose new frontiers.
[INFO] [1788847585.525096415] [candidate_explorer]: Detected 10139 frontier cells
[INFO] [1788847585.534164691] [candidate_explorer]: Found 133 frontier clusters after filtering
[INFO] [1788847585.548383143] [candidate_explorer]: Selected frontier cluster: size=1479, goal=(6.46, -1.43), distance=5.73
[INFO] [1788847585.549262596] [candidate_explorer]: Checking global path to frontier (6.46, -1.43), distance=5.73m
[INFO] [1788847585.573324862] [candidate_explorer]: Nav2 path to frontier is 5.80m (straight-line=5.73m, detour=1.0x)
[INFO] [1788847585.579637697] [candidate_explorer]: Global path accepted. Navigating to frontier (6.46, -1.43)
[bt_navigator-7] [INFO] [1788847585.580119403] [bt_navigator]: Begin navigating from current location (12.16, -1.98) to (6.46, -1.43)
[controller_server-3] [INFO] [1788847585.603667046] [controller_server]: Received a goal, begin computing control effort.
[controller_server-3] [INFO] [1788847586.654323785] [controller_server]: Passing new path to controller.
[controller_server-3] [INFO] [1788847587.655867331] [controller_server]: Passing new path to controller.
[controller_server-3] [INFO] [1788847588.704197251] [controller_server]: Passing new path to controller.
[controller_server-3] [INFO] [1788847589.706466043] [controller_server]: Passing new path to controller.
[controller_server-3] [INFO] [1788847590.754247925] [controller_server]: Passing new path to controller.
[controller_server-3] [INFO] [1788847591.007542793] [controller_server]: Reached the goal!
[bt_navigator-7] [INFO] [1788847591.041172624] [bt_navigator]: Goal succeeded
[INFO] [1788847591.042760114] [candidate_explorer]: Frontier goal finished: success=True
[INFO] [1788847591.042969612] [candidate_explorer]: Reached frontier. Waiting for the map to expose new frontiers.
[INFO] [1788847591.319129587] [candidate_explorer]: Detected 10139 frontier cells
[INFO] [1788847591.327949074] [candidate_explorer]: Found 133 frontier clusters after filtering
[INFO] [1788847591.342168443] [candidate_explorer]: Selected frontier cluster: size=1479, goal=(11.98, -1.98), distance=5.31
[INFO] [1788847591.343321227] [candidate_explorer]: Checking global path to frontier (11.98, -1.98), distance=5.31m
[INFO] [1788847591.360501411] [candidate_explorer]: Nav2 path to frontier is 5.37m (straight-line=5.31m, detour=1.0x)
[INFO] [1788847591.366343624] [candidate_explorer]: Global path accepted. Navigating to frontier (11.98, -1.98)
[bt_navigator-7] [INFO] [1788847591.366825121] [bt_navigator]: Begin navigating from current location (6.70, -1.42) to (11.98, -1.98)
[controller_server-3] [INFO] [1788847591.389640061] [controller_server]: Received a goal, begin computing control effort.
[controller_server-3] [INFO] [1788847592.439797761] [controller_server]: Passing new path to controller.
[controller_server-3] [INFO] [1788847593.491045787] [controller_server]: Passing new path to controller.
[controller_server-3] [INFO] [1788847594.490719096] [controller_server]: Passing new path to controller.
[controller_server-3] [INFO] [1788847595.492447183] [controller_server]: Passing new path to controller.
[controller_server-3] [INFO] [1788847596.494084437] [controller_server]: Reached the goal!
[bt_navigator-7] [INFO] [1788847596.527927267] [bt_navigator]: Goal succeeded
[INFO] [1788847596.529473424] [candidate_explorer]: Frontier goal finished: success=True
[INFO] [1788847596.529707422] [candidate_explorer]: Reached frontier. Waiting for the map to expose new frontiers.
[INFO] [1788847596.818799941] [candidate_explorer]: Detected 10262 frontier cells
[INFO] [1788847596.827795301] [candidate_explorer]: Found 132 frontier clusters after filtering
[INFO] [1788847596.842776124] [candidate_explorer]: Selected frontier cluster: size=1738, goal=(12.37, -2.01), distance=0.60
[INFO] [1788847596.843774034] [candidate_explorer]: Checking global path to frontier (12.37, -2.01), distance=0.60m
[INFO] [1788847596.852409105] [candidate_explorer]: Nav2 path to frontier is 0.63m (straight-line=0.60m, detour=1.0x)
[INFO] [1788847596.853135725] [candidate_explorer]: Global path accepted. Navigating to frontier (12.37, -2.01)
[bt_navigator-7] [INFO] [1788847596.853702222] [bt_navigator]: Begin navigating from current location (11.77, -1.93) to (12.37, -2.01)
[controller_server-3] [INFO] [1788847596.876232580] [controller_server]: Received a goal, begin computing control effort.
[controller_server-3] [INFO] [1788847596.932512019] [controller_server]: Passing new path to controller.
[controller_server-3] [INFO] [1788847597.329328111] [controller_server]: Reached the goal!
[bt_navigator-7] [INFO] [1788847597.354772535] [bt_navigator]: Goal succeeded
[INFO] [1788847597.356937313] [candidate_explorer]: Frontier goal finished: success=True
[INFO] [1788847597.357162561] [candidate_explorer]: Reached frontier. Waiting for the map to expose new frontiers.
[INFO] [1788847597.521293156] [candidate_explorer]: Detected 10262 frontier cells
[INFO] [1788847597.530454932] [candidate_explorer]: Found 132 frontier clusters after filtering
[INFO] [1788847597.545247298] [candidate_explorer]: Selected frontier cluster: size=1738, goal=(6.46, -1.43), distance=5.73
[INFO] [1788847597.546174625] [candidate_explorer]: Checking global path to frontier (6.46, -1.43), distance=5.73m
[INFO] [1788847597.564585426] [candidate_explorer]: Nav2 path to frontier is 5.78m (straight-line=5.73m, detour=1.0x)
[INFO] [1788847597.570696513] [candidate_explorer]: Global path accepted. Navigating to frontier (6.46, -1.43)
[bt_navigator-7] [INFO] [1788847597.571155177] [bt_navigator]: Begin navigating from current location (12.16, -1.99) to (6.46, -1.43)
[controller_server-3] [INFO] [1788847597.593419328] [controller_server]: Received a goal, begin computing control effort.
[controller_server-3] [INFO] [1788847598.648148166] [controller_server]: Passing new path to controller.
[controller_server-3] [INFO] [1788847599.694645764] [controller_server]: Passing new path to controller.
[controller_server-3] [INFO] [1788847600.694662529] [controller_server]: Passing new path to controller.
[controller_server-3] [INFO] [1788847601.746425052] [controller_server]: Passing new path to controller.
[controller_server-3] [INFO] [1788847602.746479024] [controller_server]: Passing new path to controller.
[controller_server-3] [INFO] [1788847603.099515683] [controller_server]: Reached the goal!
[bt_navigator-7] [INFO] [1788847603.132298353] [bt_navigator]: Goal succeeded
[INFO] [1788847603.132877557] [candidate_explorer]: Frontier goal finished: success=True
[INFO] [1788847603.133131597] [candidate_explorer]: Reached frontier. Waiting for the map to expose new frontiers.
[INFO] [1788847603.318220811] [candidate_explorer]: Detected 10262 frontier cells
[INFO] [1788847603.327317170] [candidate_explorer]: Found 132 frontier clusters after filtering
[INFO] [1788847603.342562324] [candidate_explorer]: Selected frontier cluster: size=1738, goal=(11.98, -1.98), distance=5.33
[INFO] [1788847603.343568568] [candidate_explorer]: Checking global path to frontier (11.98, -1.98), distance=5.33m
[INFO] [1788847603.361193666] [candidate_explorer]: Nav2 path to frontier is 5.39m (straight-line=5.33m, detour=1.0x)
[INFO] [1788847603.367208711] [candidate_explorer]: Global path accepted. Navigating to frontier (11.98, -1.98)
[bt_navigator-7] [INFO] [1788847603.367612751] [bt_navigator]: Begin navigating from current location (6.68, -1.41) to (11.98, -1.98)
[controller_server-3] [INFO] [1788847603.391302519] [controller_server]: Received a goal, begin computing control effort.
[controller_server-3] [INFO] [1788847604.442484962] [controller_server]: Passing new path to controller.
[controller_server-3] [INFO] [1788847605.492064665] [controller_server]: Passing new path to controller.
[controller_server-3] [INFO] [1788847606.491519142] [controller_server]: Passing new path to controller.
[controller_server-3] [INFO] [1788847607.491500014] [controller_server]: Passing new path to controller.
[controller_server-3] [INFO] [1788847608.493546156] [controller_server]: Reached the goal!
[bt_navigator-7] [INFO] [1788847608.531171540] [bt_navigator]: Goal succeeded
[INFO] [1788847608.531654412] [candidate_explorer]: Frontier goal finished: success=True
[INFO] [1788847608.531889119] [candidate_explorer]: Reached frontier. Waiting for the map to expose new frontiers.
[INFO] [1788847608.820116861] [candidate_explorer]: Detected 10282 frontier cells
[INFO] [1788847608.829081929] [candidate_explorer]: Found 131 frontier clusters after filtering
[INFO] [1788847608.844106958] [candidate_explorer]: Selected frontier cluster: size=1771, goal=(12.39, -2.01), distance=0.61
[INFO] [1788847608.845078660] [candidate_explorer]: Checking global path to frontier (12.39, -2.01), distance=0.61m
[INFO] [1788847608.853280900] [candidate_explorer]: Nav2 path to frontier is 0.64m (straight-line=0.61m, detour=1.1x)
[INFO] [1788847608.854009312] [candidate_explorer]: Global path accepted. Navigating to frontier (12.39, -2.01)
[bt_navigator-7] [INFO] [1788847608.854447100] [bt_navigator]: Begin navigating from current location (11.78, -1.94) to (12.39, -2.01)
[controller_server-3] [INFO] [1788847608.876667709] [controller_server]: Received a goal, begin computing control effort.
[controller_server-3] [INFO] [1788847608.928369712] [controller_server]: Passing new path to controller.
[controller_server-3] [INFO] [1788847609.331164472] [controller_server]: Reached the goal!
[bt_navigator-7] [INFO] [1788847609.364953548] [bt_navigator]: Goal succeeded
[INFO] [1788847609.366577496] [candidate_explorer]: Frontier goal finished: success=True
[INFO] [1788847609.366870619] [candidate_explorer]: Reached frontier. Waiting for the map to expose new frontiers.
[INFO] [1788847609.521850671] [candidate_explorer]: Detected 10282 frontier cells
[INFO] [1788847609.531349360] [candidate_explorer]: Found 131 frontier clusters after filtering
[INFO] [1788847609.545561603] [candidate_explorer]: Selected frontier cluster: size=1771, goal=(6.46, -1.43), distance=5.74
[INFO] [1788847609.546594971] [candidate_explorer]: Checking global path to frontier (6.46, -1.43), distance=5.74m
[INFO] [1788847609.564883021] [candidate_explorer]: Nav2 path to frontier is 5.81m (straight-line=5.74m, detour=1.0x)
[INFO] [1788847609.571296480] [candidate_explorer]: Global path accepted. Navigating to frontier (6.46, -1.43)
[bt_navigator-7] [INFO] [1788847609.571765811] [bt_navigator]: Begin navigating from current location (12.17, -2.00) to (6.46, -1.43)
[controller_server-3] [INFO] [1788847609.593963669] [controller_server]: Received a goal, begin computing control effort.
[controller_server-3] [INFO] [1788847610.647938395] [controller_server]: Passing new path to controller.
[planner_server-5] [INFO] [1788847610.897888382] [global_costmap.global_costmap]: StaticLayer: Resizing costmap to 1165 X 555 at 0.015000 m/pix
[controller_server-3] [INFO] [1788847611.694273545] [controller_server]: Passing new path to controller.
[controller_server-3] [INFO] [1788847612.697413180] [controller_server]: Passing new path to controller.
[controller_server-3] [INFO] [1788847613.697422959] [controller_server]: Passing new path to controller.
[controller_server-3] [INFO] [1788847614.746173053] [controller_server]: Passing new path to controller.
[controller_server-3] [INFO] [1788847615.049294283] [controller_server]: Reached the goal!
[bt_navigator-7] [INFO] [1788847615.083634897] [bt_navigator]: Goal succeeded
[INFO] [1788847615.084154727] [candidate_explorer]: Frontier goal finished: success=True
[INFO] [1788847615.084402476] [candidate_explorer]: Reached frontier. Waiting for the map to expose new frontiers.
[INFO] [1788847615.321363962] [candidate_explorer]: Detected 10281 frontier cells
[INFO] [1788847615.330374946] [candidate_explorer]: Found 131 frontier clusters after filtering
[INFO] [1788847615.345252268] [candidate_explorer]: Selected frontier cluster: size=1771, goal=(11.98, -1.98), distance=5.34
[INFO] [1788847615.346215928] [candidate_explorer]: Checking global path to frontier (11.98, -1.98), distance=5.34m
[INFO] [1788847615.363599192] [candidate_explorer]: Nav2 path to frontier is 5.39m (straight-line=5.34m, detour=1.0x)
[INFO] [1788847615.369484196] [candidate_explorer]: Global path accepted. Navigating to frontier (11.98, -1.98)
[bt_navigator-7] [INFO] [1788847615.370030735] [bt_navigator]: Begin navigating from current location (6.67, -1.41) to (11.98, -1.98)
[controller_server-3] [INFO] [1788847615.393692792] [controller_server]: Received a goal, begin computing control effort.
[controller_server-3] [INFO] [1788847616.445294575] [controller_server]: Passing new path to controller.
[controller_server-3] [INFO] [1788847617.495793949] [controller_server]: Passing new path to controller.
[controller_server-3] [INFO] [1788847618.497262177] [controller_server]: Passing new path to controller.
[controller_server-3] [INFO] [1788847619.546476309] [controller_server]: Passing new path to controller.
[controller_server-3] [INFO] [1788847620.500053469] [controller_server]: Reached the goal!
[bt_navigator-7] [INFO] [1788847620.530308400] [bt_navigator]: Goal succeeded
[INFO] [1788847620.530763147] [candidate_explorer]: Frontier goal finished: success=True
[INFO] [1788847620.530984563] [candidate_explorer]: Reached frontier. Waiting for the map to expose new frontiers.
[INFO] [1788847620.818701725] [candidate_explorer]: Detected 10282 frontier cells
[INFO] [1788847620.827805208] [candidate_explorer]: Found 131 frontier clusters after filtering
[INFO] [1788847620.842694155] [candidate_explorer]: Selected frontier cluster: size=1771, goal=(12.37, -2.01), distance=0.61
[INFO] [1788847620.843628274] [candidate_explorer]: Checking global path to frontier (12.37, -2.01), distance=0.61m
[INFO] [1788847620.851781639] [candidate_explorer]: Nav2 path to frontier is 0.63m (straight-line=0.61m, detour=1.0x)
[INFO] [1788847620.852505092] [candidate_explorer]: Global path accepted. Navigating to frontier (12.37, -2.01)
[bt_navigator-7] [INFO] [1788847620.853015256] [bt_navigator]: Begin navigating from current location (11.77, -1.92) to (12.37, -2.01)
[controller_server-3] [INFO] [1788847620.874156496] [controller_server]: Received a goal, begin computing control effort.
[controller_server-3] [INFO] [1788847621.326911312] [controller_server]: Reached the goal!
[bt_navigator-7] [INFO] [1788847621.354607344] [bt_navigator]: Goal succeeded
[INFO] [1788847621.356423707] [candidate_explorer]: Frontier goal finished: success=True
[INFO] [1788847621.356682539] [candidate_explorer]: Reached frontier. Waiting for the map to expose new frontiers.
[INFO] [1788847621.523063934] [candidate_explorer]: Detected 10282 frontier cells
[INFO] [1788847621.532319417] [candidate_explorer]: Found 131 frontier clusters after filtering
[INFO] [1788847621.547041990] [candidate_explorer]: Selected frontier cluster: size=1771, goal=(6.46, -1.43), distance=5.72
[INFO] [1788847621.547900692] [candidate_explorer]: Checking global path to frontier (6.46, -1.43), distance=5.72m
[INFO] [1788847621.566111576] [candidate_explorer]: Nav2 path to frontier is 5.80m (straight-line=5.72m, detour=1.0x)
[INFO] [1788847621.572277828] [candidate_explorer]: Global path accepted. Navigating to frontier (6.46, -1.43)
[bt_navigator-7] [INFO] [1788847621.572710576] [bt_navigator]: Begin navigating from current location (12.16, -1.98) to (6.46, -1.43)
[controller_server-3] [INFO] [1788847621.596337341] [controller_server]: Received a goal, begin computing control effort.
[controller_server-3] [INFO] [1788847622.648178915] [controller_server]: Passing new path to controller.
[controller_server-3] [INFO] [1788847623.647044827] [controller_server]: Passing new path to controller.
[controller_server-3] [INFO] [1788847624.698310029] [controller_server]: Passing new path to controller.
[controller_server-3] [INFO] [1788847625.697003233] [controller_server]: Passing new path to controller.
[controller_server-3] [INFO] [1788847626.747104109] [controller_server]: Passing new path to controller.
[controller_server-3] [INFO] [1788847627.050433005] [controller_server]: Reached the goal!
[bt_navigator-7] [INFO] [1788847627.082994339] [bt_navigator]: Goal succeeded
[INFO] [1788847627.084576954] [candidate_explorer]: Frontier goal finished: success=True
[INFO] [1788847627.084875827] [candidate_explorer]: Reached frontier. Waiting for the map to expose new frontiers.
[INFO] [1788847627.319226747] [candidate_explorer]: Detected 10270 frontier cells
[INFO] [1788847627.328255356] [candidate_explorer]: Found 131 frontier clusters after filtering
[INFO] [1788847627.343402926] [candidate_explorer]: Selected frontier cluster: size=1771, goal=(11.98, -1.98), distance=5.34
[INFO] [1788847627.344405586] [candidate_explorer]: Checking global path to frontier (11.98, -1.98), distance=5.34m
[INFO] [1788847627.362008307] [candidate_explorer]: Nav2 path to frontier is 5.41m (straight-line=5.34m, detour=1.0x)
[INFO] [1788847627.368059185] [candidate_explorer]: Global path accepted. Navigating to frontier (11.98, -1.98)
[bt_navigator-7] [INFO] [1788847627.368642848] [bt_navigator]: Begin navigating from current location (6.67, -1.41) to (11.98, -1.98)
[controller_server-3] [INFO] [1788847627.389344841] [controller_server]: Received a goal, begin computing control effort.
[controller_server-3] [INFO] [1788847628.441920909] [controller_server]: Passing new path to controller.
[controller_server-3] [INFO] [1788847629.448321523] [controller_server]: Passing new path to controller.
[controller_server-3] [ERROR] [1788847629.941117792] [controller_server]: Failed to make progress
[controller_server-3] [WARN] [1788847629.941745330] [controller_server]: [follow_path] [ActionServer] Aborting handle.
[behavior_server-6] [INFO] [1788847629.952893134] [behavior_server]: Running spin
[behavior_server-6] [INFO] [1788847629.953028049] [behavior_server]: Turning 1.57 for spin behavior.
[behavior_server-6] [INFO] [1788847630.655866477] [behavior_server]: spin completed successfully
[controller_server-3] [INFO] [1788847630.701834100] [controller_server]: Received a goal, begin computing control effort.
[controller_server-3] [INFO] [1788847631.752035892] [controller_server]: Passing new path to controller.
[controller_server-3] [INFO] [1788847632.802316517] [controller_server]: Passing new path to controller.
[controller_server-3] [INFO] [1788847633.803986745] [controller_server]: Passing new path to controller.
[controller_server-3] [INFO] [1788847634.802328618] [controller_server]: Passing new path to controller.
[controller_server-3] [INFO] [1788847635.354226010] [controller_server]: Reached the goal!
[bt_navigator-7] [INFO] [1788847635.389128620] [bt_navigator]: Goal succeeded
[INFO] [1788847635.390624777] [candidate_explorer]: Frontier goal finished: success=True
[INFO] [1788847635.390874901] [candidate_explorer]: Reached frontier. Waiting for the map to expose new frontiers.
[INFO] [1788847635.569808591] [candidate_explorer]: Detected 10269 frontier cells
[INFO] [1788847635.579047324] [candidate_explorer]: Found 131 frontier clusters after filtering
[INFO] [1788847635.593851937] [candidate_explorer]: Selected frontier cluster: size=1771, goal=(12.37, -2.01), distance=0.61
[INFO] [1788847635.594801848] [candidate_explorer]: Checking global path to frontier (12.37, -2.01), distance=0.61m
[INFO] [1788847635.603189878] [candidate_explorer]: Nav2 path to frontier is 0.64m (straight-line=0.61m, detour=1.1x)
[INFO] [1788847635.603928831] [candidate_explorer]: Global path accepted. Navigating to frontier (12.37, -2.01)
[bt_navigator-7] [INFO] [1788847635.604328287] [bt_navigator]: Begin navigating from current location (11.77, -1.92) to (12.37, -2.01)
[controller_server-3] [INFO] [1788847635.625671151] [controller_server]: Received a goal, begin computing control effort.
[controller_server-3] [INFO] [1788847636.130030305] [controller_server]: Reached the goal!
[bt_navigator-7] [INFO] [1788847636.166843403] [bt_navigator]: Goal succeeded
[INFO] [1788847636.168480559] [candidate_explorer]: Frontier goal finished: success=True
[INFO] [1788847636.168759640] [candidate_explorer]: Reached frontier. Waiting for the map to expose new frontiers.
[INFO] [1788847636.273079224] [candidate_explorer]: Detected 10269 frontier cells
[INFO] [1788847636.282477997] [candidate_explorer]: Found 131 frontier clusters after filtering
[INFO] [1788847636.297485360] [candidate_explorer]: Selected frontier cluster: size=1771, goal=(6.46, -1.43), distance=5.74
[INFO] [1788847636.298465812] [candidate_explorer]: Checking global path to frontier (6.46, -1.43), distance=5.74m
[INFO] [1788847636.316853528] [candidate_explorer]: Nav2 path to frontier is 5.81m (straight-line=5.74m, detour=1.0x)
[INFO] [1788847636.322882948] [candidate_explorer]: Global path accepted. Navigating to frontier (6.46, -1.43)
[bt_navigator-7] [INFO] [1788847636.323387195] [bt_navigator]: Begin navigating from current location (12.17, -2.00) to (6.46, -1.43)
[controller_server-3] [INFO] [1788847636.346755254] [controller_server]: Received a goal, begin computing control effort.
[planner_server-5] [INFO] [1788847636.898253064] [global_costmap.global_costmap]: StaticLayer: Resizing costmap to 1165 X 556 at 0.015000 m/pix
[controller_server-3] [INFO] [1788847637.398224204] [controller_server]: Passing new path to controller.
[controller_server-3] [INFO] [1788847638.397089741] [controller_server]: Passing new path to controller.
[controller_server-3] [INFO] [1788847639.447994821] [controller_server]: Passing new path to controller.
[controller_server-3] [INFO] [1788847640.452844319] [controller_server]: Passing new path to controller.
[controller_server-3] [INFO] [1788847641.497566563] [controller_server]: Passing new path to controller.
[controller_server-3] [INFO] [1788847641.850854932] [controller_server]: Reached the goal!
[bt_navigator-7] [INFO] [1788847641.883751221] [bt_navigator]: Goal succeeded
[INFO] [1788847641.884240843] [candidate_explorer]: Frontier goal finished: success=True
[INFO] [1788847641.884498967] [candidate_explorer]: Reached frontier. Waiting for the map to expose new frontiers.
[INFO] [1788847642.071736687] [candidate_explorer]: Detected 10203 frontier cells
[INFO] [1788847642.081180544] [candidate_explorer]: Found 120 frontier clusters after filtering
[INFO] [1788847642.096180656] [candidate_explorer]: Selected frontier cluster: size=1764, goal=(11.98, -1.99), distance=5.33
[INFO] [1788847642.097161317] [candidate_explorer]: Checking global path to frontier (11.98, -1.99), distance=5.33m
[INFO] [1788847642.114735663] [candidate_explorer]: Nav2 path to frontier is 5.39m (straight-line=5.33m, detour=1.0x)
[INFO] [1788847642.120472709] [candidate_explorer]: Global path accepted. Navigating to frontier (11.98, -1.99)
[bt_navigator-7] [INFO] [1788847642.121019998] [bt_navigator]: Begin navigating from current location (6.68, -1.44) to (11.98, -1.99)
[controller_server-3] [INFO] [1788847642.142378070] [controller_server]: Received a goal, begin computing control effort.
[controller_server-3] [INFO] [1788847643.192534987] [controller_server]: Passing new path to controller.
[controller_server-3] [INFO] [1788847644.193479261] [controller_server]: Passing new path to controller.
[controller_server-3] [INFO] [1788847645.243429013] [controller_server]: Passing new path to controller.
[controller_server-3] [INFO] [1788847646.292638603] [controller_server]: Passing new path to controller.
[controller_server-3] [INFO] [1788847647.248367722] [controller_server]: Reached the goal!
[bt_navigator-7] [INFO] [1788847647.284157622] [bt_navigator]: Goal succeeded
[INFO] [1788847647.285585988] [candidate_explorer]: Frontier goal finished: success=True
[INFO] [1788847647.285799486] [candidate_explorer]: Reached frontier. Waiting for the map to expose new frontiers.
[INFO] [1788847647.568908330] [candidate_explorer]: Detected 10224 frontier cells
[INFO] [1788847647.577953815] [candidate_explorer]: Found 119 frontier clusters after filtering
[INFO] [1788847647.593037262] [candidate_explorer]: Selected frontier cluster: size=1790, goal=(12.37, -2.02), distance=0.61
[INFO] [1788847647.594016339] [candidate_explorer]: Checking global path to frontier (12.37, -2.02), distance=0.61m
[INFO] [1788847647.601960039] [candidate_explorer]: Nav2 path to frontier is 0.64m (straight-line=0.61m, detour=1.0x)
[INFO] [1788847647.602825742] [candidate_explorer]: Global path accepted. Navigating to frontier (12.37, -2.02)
[bt_navigator-7] [INFO] [1788847647.603229239] [bt_navigator]: Begin navigating from current location (11.77, -1.91) to (12.37, -2.02)
[controller_server-3] [INFO] [1788847647.627245296] [controller_server]: Received a goal, begin computing control effort.
[controller_server-3] [INFO] [1788847647.678919888] [controller_server]: Passing new path to controller.
[controller_server-3] [INFO] [1788847648.079229411] [controller_server]: Reached the goal!
[bt_navigator-7] [INFO] [1788847648.115003811] [bt_navigator]: Goal succeeded
[INFO] [1788847648.115477350] [candidate_explorer]: Frontier goal finished: success=True
[INFO] [1788847648.115754681] [candidate_explorer]: Reached frontier. Waiting for the map to expose new frontiers.
[INFO] [1788847648.274384892] [candidate_explorer]: Detected 10224 frontier cells
[INFO] [1788847648.283801416] [candidate_explorer]: Found 119 frontier clusters after filtering
[INFO] [1788847648.298752030] [candidate_explorer]: Selected frontier cluster: size=6, goal=(14.59, -2.21), distance=2.43
[INFO] [1788847648.299734774] [candidate_explorer]: Checking global path to frontier (14.59, -2.21), distance=2.43m
[planner_server-5] [ERROR] [1788847648.324230453] [planner_server]: Failed to create a plan from potential when a legal potential was found. This shouldn't happen.
[planner_server-5] [WARN] [1788847648.324305911] [planner_server]: GridBased: failed to create plan with tolerance 0.50.
[planner_server-5] [WARN] [1788847648.324317411] [planner_server]: Planning algorithm GridBased failed to generate a valid path to (14.59, -2.21)
[planner_server-5] [WARN] [1788847648.324327077] [planner_server]: [compute_path_to_pose] [ActionServer] Aborting handle.
[WARN] [1788847648.327857763] [candidate_explorer]: Path computation failed, status=6
[WARN] [1788847648.328167928] [candidate_explorer]: No global path to frontier (14.59, -2.21). Blacklisting.
[INFO] [1788847648.569187662] [candidate_explorer]: Detected 10261 frontier cells
[INFO] [1788847648.578408020] [candidate_explorer]: Found 119 frontier clusters after filtering
[INFO] [1788847648.593783965] [candidate_explorer]: Selected frontier cluster: size=14, goal=(15.40, -2.29), distance=3.25
[INFO] [1788847648.594867542] [candidate_explorer]: Checking global path to frontier (15.40, -2.29), distance=3.25m
[planner_server-5] [ERROR] [1788847648.619126723] [planner_server]: Failed to create a plan from potential when a legal potential was found. This shouldn't happen.
[planner_server-5] [WARN] [1788847648.619171264] [planner_server]: GridBased: failed to create plan with tolerance 0.50.
[planner_server-5] [WARN] [1788847648.619178639] [planner_server]: Planning algorithm GridBased failed to generate a valid path to (15.40, -2.29)
[planner_server-5] [WARN] [1788847648.619184181] [planner_server]: [compute_path_to_pose] [ActionServer] Aborting handle.
[WARN] [1788847648.622644867] [candidate_explorer]: Path computation failed, status=6
[WARN] [1788847648.622914782] [candidate_explorer]: No global path to frontier (15.40, -2.29). Blacklisting.
[INFO] [1788847648.770799102] [candidate_explorer]: Detected 10261 frontier cells
[INFO] [1788847648.780205584] [candidate_explorer]: Found 119 frontier clusters after filtering
[INFO] [1788847648.795467738] [candidate_explorer]: Selected frontier cluster: size=1790, goal=(6.45, -1.45), distance=5.75
[INFO] [1788847648.796455982] [candidate_explorer]: Checking global path to frontier (6.45, -1.45), distance=5.75m
[INFO] [1788847648.814512618] [candidate_explorer]: Nav2 path to frontier is 5.84m (straight-line=5.75m, detour=1.0x)
[INFO] [1788847648.821081994] [candidate_explorer]: Global path accepted. Navigating to frontier (6.45, -1.45)
[bt_navigator-7] [INFO] [1788847648.821570865] [bt_navigator]: Begin navigating from current location (12.17, -1.99) to (6.45, -1.45)
[controller_server-3] [INFO] [1788847648.842815357] [controller_server]: Received a goal, begin computing control effort.
[controller_server-3] [INFO] [1788847649.893920410] [controller_server]: Passing new path to controller.
[controller_server-3] [INFO] [1788847650.943020351] [controller_server]: Passing new path to controller.
[controller_server-3] [INFO] [1788847651.944375509] [controller_server]: Passing new path to controller.
[controller_server-3] [INFO] [1788847652.995026649] [controller_server]: Passing new path to controller.
[controller_server-3] [INFO] [1788847653.993002120] [controller_server]: Passing new path to controller.
[controller_server-3] [INFO] [1788847654.300033272] [controller_server]: Reached the goal!
[bt_navigator-7] [INFO] [1788847654.331776530] [bt_navigator]: Goal succeeded
[INFO] [1788847654.332424943] [candidate_explorer]: Frontier goal finished: success=True
[INFO] [1788847654.332665816] [candidate_explorer]: Reached frontier. Waiting for the map to expose new frontiers.
[INFO] [1788847654.571222399] [candidate_explorer]: Detected 10262 frontier cells
[INFO] [1788847654.580495882] [candidate_explorer]: Found 119 frontier clusters after filtering
[INFO] [1788847654.595522288] [candidate_explorer]: Selected frontier cluster: size=1790, goal=(11.98, -1.99), distance=5.36
[INFO] [1788847654.596567489] [candidate_explorer]: Checking global path to frontier (11.98, -1.99), distance=5.36m
[INFO] [1788847654.614010380] [candidate_explorer]: Nav2 path to frontier is 5.42m (straight-line=5.36m, detour=1.0x)
[INFO] [1788847654.619842968] [candidate_explorer]: Global path accepted. Navigating to frontier (11.98, -1.99)
[bt_navigator-7] [INFO] [1788847654.620370006] [bt_navigator]: Begin navigating from current location (6.65, -1.46) to (11.98, -1.99)
[controller_server-3] [INFO] [1788847654.643612902] [controller_server]: Received a goal, begin computing control effort.
[controller_server-3] [INFO] [1788847655.697403730] [controller_server]: Passing new path to controller.
[controller_server-3] [INFO] [1788847656.745472344] [controller_server]: Passing new path to controller.
[controller_server-3] [INFO] [1788847657.747459040] [controller_server]: Passing new path to controller.
[controller_server-3] [INFO] [1788847658.798213054] [controller_server]: Passing new path to controller.
[controller_server-3] [INFO] [1788847659.794070455] [controller_server]: Passing new path to controller.
[controller_server-3] [INFO] [1788847659.795943443] [controller_server]: Reached the goal!
[bt_navigator-7] [INFO] [1788847659.842036986] [bt_navigator]: Goal succeeded
[INFO] [1788847659.843525894] [candidate_explorer]: Frontier goal finished: success=True
[INFO] [1788847659.843755434] [candidate_explorer]: Reached frontier. Waiting for the map to expose new frontiers.
[INFO] [1788847660.069226057] [candidate_explorer]: Detected 10254 frontier cells
[INFO] [1788847660.078399041] [candidate_explorer]: Found 119 frontier clusters after filtering
[INFO] [1788847660.093819652] [candidate_explorer]: Selected frontier cluster: size=1782, goal=(12.36, -2.02), distance=0.60
[INFO] [1788847660.094857437] [candidate_explorer]: Checking global path to frontier (12.36, -2.02), distance=0.60m
[INFO] [1788847660.102888137] [candidate_explorer]: Nav2 path to frontier is 0.62m (straight-line=0.60m, detour=1.0x)
[INFO] [1788847660.103749340] [candidate_explorer]: Global path accepted. Navigating to frontier (12.36, -2.02)
[bt_navigator-7] [INFO] [1788847660.104183420] [bt_navigator]: Begin navigating from current location (11.76, -1.92) to (12.36, -2.02)
[controller_server-3] [INFO] [1788847660.127428899] [controller_server]: Received a goal, begin computing control effort.
[controller_server-3] [INFO] [1788847660.579963135] [controller_server]: Reached the goal!
[bt_navigator-7] [INFO] [1788847660.615892659] [bt_navigator]: Goal succeeded
[INFO] [1788847660.616359031] [candidate_explorer]: Frontier goal finished: success=True
[INFO] [1788847660.616613863] [candidate_explorer]: Reached frontier. Waiting for the map to expose new frontiers.
[INFO] [1788847660.819368504] [candidate_explorer]: Detected 10254 frontier cells
[INFO] [1788847660.828449905] [candidate_explorer]: Found 119 frontier clusters after filtering
[INFO] [1788847660.843774809] [candidate_explorer]: Selected frontier cluster: size=1782, goal=(6.45, -1.45), distance=5.74
[INFO] [1788847660.844795594] [candidate_explorer]: Checking global path to frontier (6.45, -1.45), distance=5.74m
[INFO] [1788847660.862510316] [candidate_explorer]: Nav2 path to frontier is 5.80m (straight-line=5.74m, detour=1.0x)
[INFO] [1788847660.868672611] [candidate_explorer]: Global path accepted. Navigating to frontier (6.45, -1.45)
[bt_navigator-7] [INFO] [1788847660.869152482] [bt_navigator]: Begin navigating from current location (12.16, -2.00) to (6.45, -1.45)
[controller_server-3] [INFO] [1788847660.891328593] [controller_server]: Received a goal, begin computing control effort.
[controller_server-3] [INFO] [1788847661.941698651] [controller_server]: Passing new path to controller.
[controller_server-3] [INFO] [1788847662.993267910] [controller_server]: Passing new path to controller.
[controller_server-3] [INFO] [1788847663.992647080] [controller_server]: Passing new path to controller.
[controller_server-3] [INFO] [1788847665.041585439] [controller_server]: Passing new path to controller.
[controller_server-3] [INFO] [1788847666.042183644] [controller_server]: Passing new path to controller.
[controller_server-3] [INFO] [1788847666.344952447] [controller_server]: Reached the goal!
[bt_navigator-7] [INFO] [1788847666.379456897] [bt_navigator]: Goal succeeded
[INFO] [1788847666.380853180] [candidate_explorer]: Frontier goal finished: success=True
[INFO] [1788847666.381082220] [candidate_explorer]: Reached frontier. Waiting for the map to expose new frontiers.
[INFO] [1788847666.567798753] [candidate_explorer]: Detected 10253 frontier cells
[INFO] [1788847666.576989196] [candidate_explorer]: Found 119 frontier clusters after filtering
[INFO] [1788847666.592183808] [candidate_explorer]: Selected frontier cluster: size=1782, goal=(11.98, -1.99), distance=5.36
[INFO] [1788847666.593286635] [candidate_explorer]: Checking global path to frontier (11.98, -1.99), distance=5.36m
[INFO] [1788847666.610757400] [candidate_explorer]: Nav2 path to frontier is 5.42m (straight-line=5.36m, detour=1.0x)
[INFO] [1788847666.616531238] [candidate_explorer]: Global path accepted. Navigating to frontier (11.98, -1.99)
[bt_navigator-7] [INFO] [1788847666.617000819] [bt_navigator]: Begin navigating from current location (6.65, -1.43) to (11.98, -1.99)
[controller_server-3] [INFO] [1788847666.638336851] [controller_server]: Received a goal, begin computing control effort.
[controller_server-3] [INFO] [1788847667.691583183] [controller_server]: Passing new path to controller.
[controller_server-3] [INFO] [1788847668.739170550] [controller_server]: Passing new path to controller.
[controller_server-3] [INFO] [1788847669.743081150] [controller_server]: Passing new path to controller.
[controller_server-3] [INFO] [1788847670.741948199] [controller_server]: Passing new path to controller.
[controller_server-3] [INFO] [1788847671.740719082] [controller_server]: Reached the goal!
[controller_server-3] [INFO] [1788847671.757312853] [controller_server]: Received a goal, begin computing control effort.
[controller_server-3] [INFO] [1788847671.759140924] [controller_server]: Reached the goal!
[bt_navigator-7] [INFO] [1788847671.798265887] [bt_navigator]: Goal succeeded
[INFO] [1788847671.798823758] [candidate_explorer]: Frontier goal finished: success=True
[INFO] [1788847671.799130048] [candidate_explorer]: Reached frontier. Waiting for the map to expose new frontiers.
[INFO] [1788847672.070715922] [candidate_explorer]: Detected 10412 frontier cells
[INFO] [1788847672.080084822] [candidate_explorer]: Found 117 frontier clusters after filtering
[INFO] [1788847672.095769015] [candidate_explorer]: Selected frontier cluster: size=2085, goal=(12.37, -2.02), distance=0.61
[INFO] [1788847672.096821633] [candidate_explorer]: Checking global path to frontier (12.37, -2.02), distance=0.61m
[INFO] [1788847672.104870041] [candidate_explorer]: Nav2 path to frontier is 0.62m (straight-line=0.61m, detour=1.0x)
[INFO] [1788847672.105904909] [candidate_explorer]: Global path accepted. Navigating to frontier (12.37, -2.02)
[bt_navigator-7] [INFO] [1788847672.106486656] [bt_navigator]: Begin navigating from current location (11.77, -1.92) to (12.37, -2.02)
[controller_server-3] [INFO] [1788847672.128331852] [controller_server]: Received a goal, begin computing control effort.
[controller_server-3] [INFO] [1788847672.582288495] [controller_server]: Reached the goal!
[bt_navigator-7] [INFO] [1788847672.617346900] [bt_navigator]: Goal succeeded
[INFO] [1788847672.618805557] [candidate_explorer]: Frontier goal finished: success=True
[INFO] [1788847672.619059972] [candidate_explorer]: Reached frontier. Waiting for the map to expose new frontiers.
[INFO] [1788847672.823754684] [candidate_explorer]: Detected 10412 frontier cells
[INFO] [1788847672.833482290] [candidate_explorer]: Found 117 frontier clusters after filtering
[INFO] [1788847672.849584355] [candidate_explorer]: Selected frontier cluster: size=2085, goal=(6.45, -1.45), distance=5.73
[INFO] [1788847672.850600599] [candidate_explorer]: Checking global path to frontier (6.45, -1.45), distance=5.73m
[INFO] [1788847672.869336106] [candidate_explorer]: Nav2 path to frontier is 5.82m (straight-line=5.73m, detour=1.0x)
[INFO] [1788847672.875580483] [candidate_explorer]: Global path accepted. Navigating to frontier (6.45, -1.45)
[bt_navigator-7] [INFO] [1788847672.876085855] [bt_navigator]: Begin navigating from current location (12.15, -2.00) to (6.45, -1.45)
[controller_server-3] [INFO] [1788847672.897728719] [controller_server]: Received a goal, begin computing control effort.
[controller_server-3] [INFO] [1788847673.950000682] [controller_server]: Passing new path to controller.
[controller_server-3] [INFO] [1788847675.000730154] [controller_server]: Passing new path to controller.
[controller_server-3] [INFO] [1788847675.998057796] [controller_server]: Passing new path to controller.
[controller_server-3] [INFO] [1788847677.047907149] [controller_server]: Passing new path to controller.
[controller_server-3] [INFO] [1788847678.049649763] [controller_server]: Passing new path to controller.
[controller_server-3] [INFO] [1788847678.354715510] [controller_server]: Reached the goal!
[bt_navigator-7] [INFO] [1788847678.388198716] [bt_navigator]: Goal succeeded
[INFO] [1788847678.389592416] [candidate_explorer]: Frontier goal finished: success=True
[INFO] [1788847678.389860456] [candidate_explorer]: Reached frontier. Waiting for the map to expose new frontiers.
[INFO] [1788847678.569213827] [candidate_explorer]: Detected 10412 frontier cells
[INFO] [1788847678.578679643] [candidate_explorer]: Found 117 frontier clusters after filtering
[INFO] [1788847678.594612918] [candidate_explorer]: Selected frontier cluster: size=2085, goal=(11.98, -1.99), distance=5.33
[INFO] [1788847678.595617786] [candidate_explorer]: Checking global path to frontier (11.98, -1.99), distance=5.33m
[INFO] [1788847678.613227759] [candidate_explorer]: Nav2 path to frontier is 5.39m (straight-line=5.33m, detour=1.0x)
[INFO] [1788847678.619060306] [candidate_explorer]: Global path accepted. Navigating to frontier (11.98, -1.99)
[bt_navigator-7] [INFO] [1788847678.619496886] [bt_navigator]: Begin navigating from current location (6.68, -1.44) to (11.98, -1.99)
[controller_server-3] [INFO] [1788847678.641457123] [controller_server]: Received a goal, begin computing control effort.
[controller_server-3] [INFO] [1788847679.694281207] [controller_server]: Passing new path to controller.
[controller_server-3] [INFO] [1788847680.692863258] [controller_server]: Passing new path to controller.
[controller_server-3] [INFO] [1788847681.741732492] [controller_server]: Passing new path to controller.
[controller_server-3] [INFO] [1788847682.742090490] [controller_server]: Passing new path to controller.
[controller_server-3] [INFO] [1788847683.744824389] [controller_server]: Reached the goal!
[controller_server-3] [INFO] [1788847683.760403583] [controller_server]: Received a goal, begin computing control effort.
[controller_server-3] [INFO] [1788847683.762140697] [controller_server]: Reached the goal!
[bt_navigator-7] [INFO] [1788847683.800884411] [bt_navigator]: Goal succeeded
[INFO] [1788847683.802574234] [candidate_explorer]: Frontier goal finished: success=True
[INFO] [1788847683.802820524] [candidate_explorer]: Reached frontier. Waiting for the map to expose new frontiers.
[INFO] [1788847684.069585138] [candidate_explorer]: Detected 10412 frontier cells
[INFO] [1788847684.078929620] [candidate_explorer]: Found 117 frontier clusters after filtering
[INFO] [1788847684.094740729] [candidate_explorer]: Selected frontier cluster: size=2085, goal=(12.36, -2.02), distance=0.60
[INFO] [1788847684.095687390] [candidate_explorer]: Checking global path to frontier (12.36, -2.02), distance=0.60m
[INFO] [1788847684.104022713] [candidate_explorer]: Nav2 path to frontier is 0.63m (straight-line=0.60m, detour=1.0x)
[INFO] [1788847684.104826666] [candidate_explorer]: Global path accepted. Navigating to frontier (12.36, -2.02)
[bt_navigator-7] [INFO] [1788847684.105358746] [bt_navigator]: Begin navigating from current location (11.76, -1.93) to (12.36, -2.02)
[controller_server-3] [INFO] [1788847684.128653224] [controller_server]: Received a goal, begin computing control effort.
[controller_server-3] [INFO] [1788847684.580814629] [controller_server]: Reached the goal!
[bt_navigator-7] [INFO] [1788847684.616169699] [bt_navigator]: Goal succeeded
[INFO] [1788847684.617657814] [candidate_explorer]: Frontier goal finished: success=True
[INFO] [1788847684.617950062] [candidate_explorer]: Reached frontier. Waiting for the map to expose new frontiers.
[INFO] [1788847684.823460103] [candidate_explorer]: Detected 10412 frontier cells
[INFO] [1788847684.833035417] [candidate_explorer]: Found 117 frontier clusters after filtering
[INFO] [1788847684.848818860] [candidate_explorer]: Selected frontier cluster: size=2085, goal=(6.45, -1.45), distance=5.74
[INFO] [1788847684.849813437] [candidate_explorer]: Checking global path to frontier (6.45, -1.45), distance=5.74m
[INFO] [1788847684.867908823] [candidate_explorer]: Nav2 path to frontier is 5.80m (straight-line=5.74m, detour=1.0x)
[INFO] [1788847684.873801203] [candidate_explorer]: Global path accepted. Navigating to frontier (6.45, -1.45)
[bt_navigator-7] [INFO] [1788847684.874309908] [bt_navigator]: Begin navigating from current location (12.16, -2.00) to (6.45, -1.45)
[controller_server-3] [INFO] [1788847684.897681302] [controller_server]: Received a goal, begin computing control effort.
[controller_server-3] [INFO] [1788847685.950979217] [controller_server]: Passing new path to controller.
[controller_server-3] [INFO] [1788847686.998128670] [controller_server]: Passing new path to controller.
[controller_server-3] [INFO] [1788847688.001389441] [controller_server]: Passing new path to controller.
[controller_server-3] [INFO] [1788847689.048924517] [controller_server]: Passing new path to controller.
[controller_server-3] [INFO] [1788847690.050513216] [controller_server]: Passing new path to controller.
[controller_server-3] [INFO] [1788847690.351016908] [controller_server]: Reached the goal!
[bt_navigator-7] [INFO] [1788847690.384514948] [bt_navigator]: Goal succeeded
[INFO] [1788847690.385902731] [candidate_explorer]: Frontier goal finished: success=True
[INFO] [1788847690.386149937] [candidate_explorer]: Reached frontier. Waiting for the map to expose new frontiers.
[INFO] [1788847690.570391028] [candidate_explorer]: Detected 10412 frontier cells
[INFO] [1788847690.579947468] [candidate_explorer]: Found 117 frontier clusters after filtering
[INFO] [1788847690.595738369] [candidate_explorer]: Selected frontier cluster: size=2085, goal=(11.98, -1.99), distance=5.35
[INFO] [1788847690.596755237] [candidate_explorer]: Checking global path to frontier (11.98, -1.99), distance=5.35m
[INFO] [1788847690.622332451] [candidate_explorer]: Nav2 path to frontier is 5.42m (straight-line=5.35m, detour=1.0x)
[INFO] [1788847690.627996457] [candidate_explorer]: Global path accepted. Navigating to frontier (11.98, -1.99)
[bt_navigator-7] [INFO] [1788847690.628545996] [bt_navigator]: Begin navigating from current location (6.66, -1.44) to (11.98, -1.99)
[controller_server-3] [INFO] [1788847690.652076556] [controller_server]: Received a goal, begin computing control effort.
[controller_server-3] [INFO] [1788847691.704950056] [controller_server]: Passing new path to controller.
[controller_server-3] [INFO] [1788847692.755104366] [controller_server]: Passing new path to controller.
[controller_server-3] [INFO] [1788847693.752331383] [controller_server]: Passing new path to controller.
[controller_server-3] [INFO] [1788847694.803436437] [controller_server]: Passing new path to controller.
[controller_server-3] [INFO] [1788847695.703385441] [controller_server]: Reached the goal!
[bt_navigator-7] [INFO] [1788847695.741552493] [bt_navigator]: Goal succeeded
[INFO] [1788847695.743041858] [candidate_explorer]: Frontier goal finished: success=True
[INFO] [1788847695.743282565] [candidate_explorer]: Reached frontier. Waiting for the map to expose new frontiers.
[INFO] [1788847696.074767146] [candidate_explorer]: Detected 10491 frontier cells
[INFO] [1788847696.084459419] [candidate_explorer]: Found 114 frontier clusters after filtering
[INFO] [1788847696.100636192] [candidate_explorer]: Selected frontier cluster: size=2170, goal=(12.34, -2.02), distance=0.61
[INFO] [1788847696.101615061] [candidate_explorer]: Checking global path to frontier (12.34, -2.02), distance=0.61m
[INFO] [1788847696.109847634] [candidate_explorer]: Nav2 path to frontier is 0.63m (straight-line=0.61m, detour=1.0x)
[INFO] [1788847696.110646296] [candidate_explorer]: Global path accepted. Navigating to frontier (12.34, -2.02)
[bt_navigator-7] [INFO] [1788847696.111136834] [bt_navigator]: Begin navigating from current location (11.74, -1.91) to (12.34, -2.02)
[controller_server-3] [INFO] [1788847696.134176939] [controller_server]: Received a goal, begin computing control effort.
[controller_server-3] [INFO] [1788847696.588930661] [controller_server]: Reached the goal!
[bt_navigator-7] [INFO] [1788847696.621818621] [bt_navigator]: Goal succeeded
[INFO] [1788847696.623106738] [candidate_explorer]: Frontier goal finished: success=True
[INFO] [1788847696.623387528] [candidate_explorer]: Reached frontier. Waiting for the map to expose new frontiers.
[INFO] [1788847696.818536842] [candidate_explorer]: Detected 10491 frontier cells
[INFO] [1788847696.827934033] [candidate_explorer]: Found 114 frontier clusters after filtering
[INFO] [1788847696.844229680] [candidate_explorer]: Selected frontier cluster: size=2170, goal=(6.45, -1.45), distance=5.70
[INFO] [1788847696.845258382] [candidate_explorer]: Checking global path to frontier (6.45, -1.45), distance=5.70m
[INFO] [1788847696.862771772] [candidate_explorer]: Nav2 path to frontier is 5.77m (straight-line=5.70m, detour=1.0x)
[INFO] [1788847696.868819650] [candidate_explorer]: Global path accepted. Navigating to frontier (6.45, -1.45)
[bt_navigator-7] [INFO] [1788847696.869318522] [bt_navigator]: Begin navigating from current location (12.12, -1.98) to (6.45, -1.45)
[controller_server-3] [INFO] [1788847696.892023879] [controller_server]: Received a goal, begin computing control effort.
[controller_server-3] [INFO] [1788847697.942464354] [controller_server]: Passing new path to controller.
[controller_server-3] [INFO] [1788847698.993002786] [controller_server]: Passing new path to controller.
[controller_server-3] [INFO] [1788847699.999483578] [controller_server]: Passing new path to controller.
[controller_server-3] [INFO] [1788847701.042652682] [controller_server]: Passing new path to controller.
[controller_server-3] [INFO] [1788847702.042166018] [controller_server]: Passing new path to controller.
[controller_server-3] [INFO] [1788847702.344376408] [controller_server]: Reached the goal!
[bt_navigator-7] [INFO] [1788847702.379702978] [bt_navigator]: Goal succeeded
[INFO] [1788847702.380985803] [candidate_explorer]: Frontier goal finished: success=True
[INFO] [1788847702.381203551] [candidate_explorer]: Reached frontier. Waiting for the map to expose new frontiers.
[INFO] [1788847702.569507492] [candidate_explorer]: Detected 10490 frontier cells
[INFO] [1788847702.578752100] [candidate_explorer]: Found 114 frontier clusters after filtering
[INFO] [1788847702.595061539] [candidate_explorer]: Selected frontier cluster: size=2170, goal=(11.98, -1.99), distance=5.34
[INFO] [1788847702.596035991] [candidate_explorer]: Checking global path to frontier (11.98, -1.99), distance=5.34m
[INFO] [1788847702.613140217] [candidate_explorer]: Nav2 path to frontier is 5.39m (straight-line=5.34m, detour=1.0x)
[INFO] [1788847702.619165138] [candidate_explorer]: Global path accepted. Navigating to frontier (11.98, -1.99)
[bt_navigator-7] [INFO] [1788847702.619639010] [bt_navigator]: Begin navigating from current location (6.67, -1.42) to (11.98, -1.99)
[controller_server-3] [INFO] [1788847702.641509705] [controller_server]: Received a goal, begin computing control effort.
[controller_server-3] [INFO] [1788847703.691783681] [controller_server]: Passing new path to controller.
[controller_server-3] [INFO] [1788847704.692316886] [controller_server]: Passing new path to controller.
[controller_server-3] [INFO] [1788847705.742305363] [controller_server]: Passing new path to controller.
[controller_server-3] [INFO] [1788847706.742073073] [controller_server]: Passing new path to controller.
[controller_server-3] [INFO] [1788847707.693028089] [controller_server]: Reached the goal!
[INFO] [1788847707.730403688] [candidate_explorer]: Frontier goal finished: success=True
[INFO] [1788847707.730755019] [candidate_explorer]: Reached frontier. Waiting for the map to expose new frontiers.
[bt_navigator-7] [INFO] [1788847707.730505145] [bt_navigator]: Goal succeeded
[INFO] [1788847708.072013663] [candidate_explorer]: Detected 10548 frontier cells
[INFO] [1788847708.082279307] [candidate_explorer]: Found 113 frontier clusters after filtering
[INFO] [1788847708.098690579] [candidate_explorer]: Selected frontier cluster: size=2257, goal=(12.36, -2.02), distance=0.61
[INFO] [1788847708.099735989] [candidate_explorer]: Checking global path to frontier (12.36, -2.02), distance=0.61m
[INFO] [1788847708.108074353] [candidate_explorer]: Nav2 path to frontier is 0.62m (straight-line=0.61m, detour=1.0x)
[INFO] [1788847708.108843057] [candidate_explorer]: Global path accepted. Navigating to frontier (12.36, -2.02)
[bt_navigator-7] [INFO] [1788847708.109348012] [bt_navigator]: Begin navigating from current location (11.76, -1.92) to (12.36, -2.02)
[controller_server-3] [INFO] [1788847708.131409831] [controller_server]: Received a goal, begin computing control effort.
[controller_server-3] [INFO] [1788847708.585647640] [controller_server]: Reached the goal!
[bt_navigator-7] [INFO] [1788847708.619605885] [bt_navigator]: Goal succeeded
[INFO] [1788847708.620879377] [candidate_explorer]: Frontier goal finished: success=True
[INFO] [1788847708.621147083] [candidate_explorer]: Reached frontier. Waiting for the map to expose new frontiers.
[INFO] [1788847708.821032367] [candidate_explorer]: Detected 10548 frontier cells
[INFO] [1788847708.830596682] [candidate_explorer]: Found 113 frontier clusters after filtering
[INFO] [1788847708.846732289] [candidate_explorer]: Selected frontier cluster: size=2257, goal=(6.45, -1.45), distance=5.72
[INFO] [1788847708.847751116] [candidate_explorer]: Checking global path to frontier (6.45, -1.45), distance=5.72m
[INFO] [1788847708.870754471] [candidate_explorer]: Nav2 path to frontier is 5.78m (straight-line=5.72m, detour=1.0x)
[INFO] [1788847708.876896433] [candidate_explorer]: Global path accepted. Navigating to frontier (6.45, -1.45)
[bt_navigator-7] [INFO] [1788847708.877556470] [bt_navigator]: Begin navigating from current location (12.14, -2.00) to (6.45, -1.45)
[controller_server-3] [INFO] [1788847708.898846253] [controller_server]: Received a goal, begin computing control effort.
[controller_server-3] [INFO] [1788847709.950297221] [controller_server]: Passing new path to controller.
[controller_server-3] [INFO] [1788847710.951961960] [controller_server]: Passing new path to controller.
[controller_server-3] [INFO] [1788847711.999437995] [controller_server]: Passing new path to controller.
[controller_server-3] [INFO] [1788847713.000395614] [controller_server]: Passing new path to controller.
[controller_server-3] [INFO] [1788847714.049121224] [controller_server]: Passing new path to controller.
[controller_server-3] [INFO] [1788847714.357982906] [controller_server]: Reached the goal!
[bt_navigator-7] [INFO] [1788847714.388465797] [bt_navigator]: Goal succeeded
[INFO] [1788847714.389652665] [candidate_explorer]: Frontier goal finished: success=True
[INFO] [1788847714.389864288] [candidate_explorer]: Reached frontier. Waiting for the map to expose new frontiers.
[INFO] [1788847714.569325034] [candidate_explorer]: Detected 10547 frontier cells
[INFO] [1788847714.578636934] [candidate_explorer]: Found 113 frontier clusters after filtering
[INFO] [1788847714.594886832] [candidate_explorer]: Selected frontier cluster: size=2257, goal=(11.98, -1.99), distance=5.35
[INFO] [1788847714.595832617] [candidate_explorer]: Checking global path to frontier (11.98, -1.99), distance=5.35m
[INFO] [1788847714.610220319] [candidate_explorer]: Nav2 path to frontier is 5.40m (straight-line=5.35m, detour=1.0x)
[INFO] [1788847714.615792909] [candidate_explorer]: Global path accepted. Navigating to frontier (11.98, -1.99)
[bt_navigator-7] [INFO] [1788847714.616388613] [bt_navigator]: Begin navigating from current location (6.66, -1.44) to (11.98, -1.99)
[controller_server-3] [INFO] [1788847714.638807514] [controller_server]: Received a goal, begin computing control effort.
[controller_server-3] [INFO] [1788847715.689418987] [controller_server]: Passing new path to controller.
[controller_server-3] [INFO] [1788847716.738939009] [controller_server]: Passing new path to controller.
[controller_server-3] [INFO] [1788847717.741006162] [controller_server]: Passing new path to controller.
[controller_server-3] [INFO] [1788847718.789539940] [controller_server]: Passing new path to controller.
[controller_server-3] [INFO] [1788847719.744526848] [controller_server]: Reached the goal!
[bt_navigator-7] [INFO] [1788847719.777125310] [bt_navigator]: Goal succeeded
[INFO] [1788847719.778504468] [candidate_explorer]: Frontier goal finished: success=True
[INFO] [1788847719.778804341] [candidate_explorer]: Reached frontier. Waiting for the map to expose new frontiers.
[INFO] [1788847720.072241203] [candidate_explorer]: Detected 10543 frontier cells
[INFO] [1788847720.082352931] [candidate_explorer]: Found 113 frontier clusters after filtering
[INFO] [1788847720.098512871] [candidate_explorer]: Selected frontier cluster: size=2257, goal=(12.39, -2.02), distance=0.61
[INFO] [1788847720.099524948] [candidate_explorer]: Checking global path to frontier (12.39, -2.02), distance=0.61m
[INFO] [1788847720.108123686] [candidate_explorer]: Nav2 path to frontier is 0.64m (straight-line=0.61m, detour=1.1x)
[INFO] [1788847720.108898931] [candidate_explorer]: Global path accepted. Navigating to frontier (12.39, -2.02)
[bt_navigator-7] [INFO] [1788847720.109390470] [bt_navigator]: Begin navigating from current location (11.78, -1.94) to (12.39, -2.02)
[controller_server-3] [INFO] [1788847720.130380546] [controller_server]: Received a goal, begin computing control effort.
[controller_server-3] [INFO] [1788847720.633430672] [controller_server]: Reached the goal!
[bt_navigator-7] [INFO] [1788847720.671480391] [bt_navigator]: Goal succeeded
[INFO] [1788847720.672622217] [candidate_explorer]: Frontier goal finished: success=True
[INFO] [1788847720.672835508] [candidate_explorer]: Reached frontier. Waiting for the map to expose new frontiers.
[INFO] [1788847720.822841606] [candidate_explorer]: Detected 10543 frontier cells
[INFO] [1788847720.832454379] [candidate_explorer]: Found 113 frontier clusters after filtering
[INFO] [1788847720.848739318] [candidate_explorer]: Selected frontier cluster: size=2257, goal=(6.45, -1.45), distance=5.75
[INFO] [1788847720.849739103] [candidate_explorer]: Checking global path to frontier (6.45, -1.45), distance=5.75m
[INFO] [1788847720.867722823] [candidate_explorer]: Nav2 path to frontier is 5.81m (straight-line=5.75m, detour=1.0x)
[INFO] [1788847720.873783744] [candidate_explorer]: Global path accepted. Navigating to frontier (6.45, -1.45)
[bt_navigator-7] [INFO] [1788847720.874313032] [bt_navigator]: Begin navigating from current location (12.18, -2.01) to (6.45, -1.45)
[controller_server-3] [INFO] [1788847720.895984520] [controller_server]: Received a goal, begin computing control effort.
[controller_server-3] [INFO] [1788847721.948254942] [controller_server]: Passing new path to controller.
[controller_server-3] [INFO] [1788847722.996885386] [controller_server]: Passing new path to controller.
[controller_server-3] [INFO] [1788847723.996536179] [controller_server]: Passing new path to controller.
[controller_server-3] [INFO] [1788847725.053634862] [controller_server]: Passing new path to controller.
[controller_server-3] [INFO] [1788847726.046469115] [controller_server]: Passing new path to controller.
[controller_server-3] [INFO] [1788847726.398290818] [controller_server]: Reached the goal!
[bt_navigator-7] [INFO] [1788847726.436141205] [bt_navigator]: Goal succeeded
[INFO] [1788847726.437393822] [candidate_explorer]: Frontier goal finished: success=True
[INFO] [1788847726.437650446] [candidate_explorer]: Reached frontier. Waiting for the map to expose new frontiers.
[INFO] [1788847726.567781544] [candidate_explorer]: Detected 10541 frontier cells
[INFO] [1788847726.577288525] [candidate_explorer]: Found 113 frontier clusters after filtering
[INFO] [1788847726.593790380] [candidate_explorer]: Selected frontier cluster: size=2255, goal=(11.98, -1.99), distance=5.33
[INFO] [1788847726.594835040] [candidate_explorer]: Checking global path to frontier (11.98, -1.99), distance=5.33m
[INFO] [1788847726.611548852] [candidate_explorer]: Nav2 path to frontier is 5.39m (straight-line=5.33m, detour=1.0x)
[INFO] [1788847726.617433731] [candidate_explorer]: Global path accepted. Navigating to frontier (11.98, -1.99)
[bt_navigator-7] [INFO] [1788847726.617902520] [bt_navigator]: Begin navigating from current location (6.67, -1.46) to (11.98, -1.99)
[controller_server-3] [INFO] [1788847726.639166469] [controller_server]: Received a goal, begin computing control effort.
[controller_server-3] [INFO] [1788847727.691882263] [controller_server]: Passing new path to controller.
[controller_server-3] [INFO] [1788847728.690463522] [controller_server]: Passing new path to controller.
[controller_server-3] [INFO] [1788847729.742313029] [controller_server]: Passing new path to controller.
[controller_server-3] [INFO] [1788847730.740727247] [controller_server]: Passing new path to controller.
[controller_server-3] [INFO] [1788847731.744905762] [controller_server]: Reached the goal!
[controller_server-3] [INFO] [1788847731.750662851] [controller_server]: Received a goal, begin computing control effort.
[controller_server-3] [INFO] [1788847731.752512006] [controller_server]: Reached the goal!
[bt_navigator-7] [INFO] [1788847731.789996645] [bt_navigator]: Goal succeeded
[INFO] [1788847731.790561683] [candidate_explorer]: Frontier goal finished: success=True
[INFO] [1788847731.790797182] [candidate_explorer]: Reached frontier. Waiting for the map to expose new frontiers.
[INFO] [1788847732.070610172] [candidate_explorer]: Detected 10563 frontier cells
[INFO] [1788847732.080184695] [candidate_explorer]: Found 113 frontier clusters after filtering
[INFO] [1788847732.098582329] [candidate_explorer]: Selected frontier cluster: size=2284, goal=(12.37, -2.02), distance=0.61
[INFO] [1788847732.099703863] [candidate_explorer]: Checking global path to frontier (12.37, -2.02), distance=0.61m
[INFO] [1788847732.109128429] [candidate_explorer]: Nav2 path to frontier is 0.64m (straight-line=0.61m, detour=1.1x)
[INFO] [1788847732.110097548] [candidate_explorer]: Global path accepted. Navigating to frontier (12.37, -2.02)
[bt_navigator-7] [INFO] [1788847732.110732544] [bt_navigator]: Begin navigating from current location (11.77, -1.94) to (12.37, -2.02)
[controller_server-3] [INFO] [1788847732.131332748] [controller_server]: Received a goal, begin computing control effort.
[controller_server-3] [INFO] [1788847732.583196405] [controller_server]: Reached the goal!
[bt_navigator-7] [INFO] [1788847732.624420187] [bt_navigator]: Goal succeeded
[INFO] [1788847732.625709221] [candidate_explorer]: Frontier goal finished: success=True
[INFO] [1788847732.625923303] [candidate_explorer]: Reached frontier. Waiting for the map to expose new frontiers.
[INFO] [1788847732.822998979] [candidate_explorer]: Detected 10670 frontier cells
[INFO] [1788847732.832996291] [candidate_explorer]: Found 116 frontier clusters after filtering
[INFO] [1788847732.849398647] [candidate_explorer]: Selected frontier cluster: size=2051, goal=(6.45, -1.45), distance=5.73
[INFO] [1788847732.850438890] [candidate_explorer]: Checking global path to frontier (6.45, -1.45), distance=5.73m
[INFO] [1788847732.868132404] [candidate_explorer]: Nav2 path to frontier is 5.80m (straight-line=5.73m, detour=1.0x)
[INFO] [1788847732.874040492] [candidate_explorer]: Global path accepted. Navigating to frontier (6.45, -1.45)
[bt_navigator-7] [INFO] [1788847732.874617655] [bt_navigator]: Begin navigating from current location (12.15, -2.00) to (6.45, -1.45)
[controller_server-3] [INFO] [1788847732.895349482] [controller_server]: Received a goal, begin computing control effort.
[planner_server-5] [INFO] [1788847732.900265827] [global_costmap.global_costmap]: StaticLayer: Resizing costmap to 1165 X 556 at 0.015000 m/pix
[controller_server-3] [INFO] [1788847733.947416030] [controller_server]: Passing new path to controller.
[planner_server-5] [INFO] [1788847734.899007376] [global_costmap.global_costmap]: StaticLayer: Resizing costmap to 1165 X 557 at 0.015000 m/pix
[controller_server-3] [INFO] [1788847734.946887200] [controller_server]: Passing new path to controller.
[controller_server-3] [INFO] [1788847735.997091884] [controller_server]: Passing new path to controller.
[controller_server-3] [INFO] [1788847737.047276735] [controller_server]: Passing new path to controller.
[controller_server-3] [INFO] [1788847738.047388609] [controller_server]: Passing new path to controller.
[controller_server-3] [INFO] [1788847738.299251899] [controller_server]: Reached the goal!
[bt_navigator-7] [INFO] [1788847738.334919175] [bt_navigator]: Goal succeeded
[INFO] [1788847738.336026710] [candidate_explorer]: Frontier goal finished: success=True
[INFO] [1788847738.336272583] [candidate_explorer]: Reached frontier. Waiting for the map to expose new frontiers.
[INFO] [1788847738.569719448] [candidate_explorer]: Detected 10677 frontier cells
[INFO] [1788847738.579329512] [candidate_explorer]: Found 109 frontier clusters after filtering
[INFO] [1788847738.595842533] [candidate_explorer]: Selected frontier cluster: size=2161, goal=(11.98, -1.99), distance=5.33
[INFO] [1788847738.596849194] [candidate_explorer]: Checking global path to frontier (11.98, -1.99), distance=5.33m
[INFO] [1788847738.613878378] [candidate_explorer]: Nav2 path to frontier is 5.39m (straight-line=5.33m, detour=1.0x)
[INFO] [1788847738.619813341] [candidate_explorer]: Global path accepted. Navigating to frontier (11.98, -1.99)
[bt_navigator-7] [INFO] [1788847738.620300921] [bt_navigator]: Begin navigating from current location (6.67, -1.47) to (11.98, -1.99)
[controller_server-3] [INFO] [1788847738.642941904] [controller_server]: Received a goal, begin computing control effort.
[controller_server-3] [INFO] [1788847739.693210754] [controller_server]: Passing new path to controller.
[controller_server-3] [INFO] [1788847740.744745430] [controller_server]: Passing new path to controller.
[controller_server-3] [INFO] [1788847741.743164190] [controller_server]: Passing new path to controller.
[controller_server-3] [INFO] [1788847742.793120912] [controller_server]: Passing new path to controller.
[controller_server-3] [INFO] [1788847743.745117123] [controller_server]: Reached the goal!
[bt_navigator-7] [INFO] [1788847743.783952583] [bt_navigator]: Goal succeeded
[INFO] [1788847743.785119076] [candidate_explorer]: Frontier goal finished: success=True
[INFO] [1788847743.785353408] [candidate_explorer]: Reached frontier. Waiting for the map to expose new frontiers.
[INFO] [1788847744.071959494] [candidate_explorer]: Detected 10630 frontier cells
[INFO] [1788847744.082469718] [candidate_explorer]: Found 109 frontier clusters after filtering
[INFO] [1788847744.098918197] [candidate_explorer]: Selected frontier cluster: size=2111, goal=(12.36, -2.02), distance=0.60
[INFO] [1788847744.099871441] [candidate_explorer]: Checking global path to frontier (12.36, -2.02), distance=0.60m
[INFO] [1788847744.107644724] [candidate_explorer]: Nav2 path to frontier is 0.62m (straight-line=0.60m, detour=1.0x)
[INFO] [1788847744.108452678] [candidate_explorer]: Global path accepted. Navigating to frontier (12.36, -2.02)
[bt_navigator-7] [INFO] [1788847744.108863842] [bt_navigator]: Begin navigating from current location (11.76, -1.92) to (12.36, -2.02)
[controller_server-3] [INFO] [1788847744.131375573] [controller_server]: Received a goal, begin computing control effort.
[controller_server-3] [INFO] [1788847744.584345013] [controller_server]: Reached the goal!
[bt_navigator-7] [INFO] [1788847744.619990327] [bt_navigator]: Goal succeeded
[INFO] [1788847744.621214652] [candidate_explorer]: Frontier goal finished: success=True
[INFO] [1788847744.621479276] [candidate_explorer]: Reached frontier. Waiting for the map to expose new frontiers.
[INFO] [1788847744.820190882] [candidate_explorer]: Detected 10630 frontier cells
[INFO] [1788847744.829558488] [candidate_explorer]: Found 109 frontier clusters after filtering
[INFO] [1788847744.845841926] [candidate_explorer]: Selected frontier cluster: size=2111, goal=(6.46, -1.42), distance=5.71
[INFO] [1788847744.846999960] [candidate_explorer]: Checking global path to frontier (6.46, -1.42), distance=5.71m
[INFO] [1788847744.869937106] [candidate_explorer]: Nav2 path to frontier is 5.77m (straight-line=5.71m, detour=1.0x)
[INFO] [1788847744.875891401] [candidate_explorer]: Global path accepted. Navigating to frontier (6.46, -1.42)
[bt_navigator-7] [INFO] [1788847744.876390273] [bt_navigator]: Begin navigating from current location (12.14, -2.01) to (6.46, -1.42)
[controller_server-3] [INFO] [1788847744.899135169] [controller_server]: Received a goal, begin computing control effort.
[controller_server-3] [INFO] [1788847745.950316705] [controller_server]: Passing new path to controller.
[controller_server-3] [INFO] [1788847747.001024578] [controller_server]: Passing new path to controller.
[controller_server-3] [INFO] [1788847747.999424492] [controller_server]: Passing new path to controller.
[controller_server-3] [INFO] [1788847749.051262899] [controller_server]: Passing new path to controller.
[controller_server-3] [INFO] [1788847750.053125834] [controller_server]: Passing new path to controller.
[controller_server-3] [INFO] [1788847750.352419589] [controller_server]: Reached the goal!
[bt_navigator-7] [INFO] [1788847750.388013195] [bt_navigator]: Goal succeeded
[INFO] [1788847750.389110854] [candidate_explorer]: Frontier goal finished: success=True
[INFO] [1788847750.389350769] [candidate_explorer]: Reached frontier. Waiting for the map to expose new frontiers.
[INFO] [1788847750.569663368] [candidate_explorer]: Detected 10630 frontier cells
[INFO] [1788847750.579535513] [candidate_explorer]: Found 109 frontier clusters after filtering
[INFO] [1788847750.595978991] [candidate_explorer]: Selected frontier cluster: size=2111, goal=(11.98, -1.99), distance=5.33
[INFO] [1788847750.597093776] [candidate_explorer]: Checking global path to frontier (11.98, -1.99), distance=5.33m
[INFO] [1788847750.613362422] [candidate_explorer]: Nav2 path to frontier is 5.39m (straight-line=5.33m, detour=1.0x)
[INFO] [1788847750.619301092] [candidate_explorer]: Global path accepted. Navigating to frontier (11.98, -1.99)
[bt_navigator-7] [INFO] [1788847750.619756548] [bt_navigator]: Begin navigating from current location (6.68, -1.46) to (11.98, -1.99)
[controller_server-3] [INFO] [1788847750.642084989] [controller_server]: Received a goal, begin computing control effort.
[controller_server-3] [INFO] [1788847751.693363607] [controller_server]: Passing new path to controller.
[controller_server-3] [INFO] [1788847752.694430880] [controller_server]: Passing new path to controller.
[controller_server-3] [INFO] [1788847753.742313271] [controller_server]: Passing new path to controller.
[controller_server-3] [INFO] [1788847754.743020921] [controller_server]: Passing new path to controller.
[controller_server-3] [INFO] [1788847755.744809939] [controller_server]: Reached the goal!
[controller_server-3] [INFO] [1788847755.752383391] [controller_server]: Received a goal, begin computing control effort.
[controller_server-3] [INFO] [1788847755.754225795] [controller_server]: Reached the goal!
[bt_navigator-7] [INFO] [1788847755.792225803] [bt_navigator]: Goal succeeded
[INFO] [1788847755.793412503] [candidate_explorer]: Frontier goal finished: success=True
[INFO] [1788847755.793629294] [candidate_explorer]: Reached frontier. Waiting for the map to expose new frontiers.
[INFO] [1788847756.068352122] [candidate_explorer]: Detected 10629 frontier cells
[INFO] [1788847756.078045019] [candidate_explorer]: Found 109 frontier clusters after filtering
[INFO] [1788847756.094723912] [candidate_explorer]: Selected frontier cluster: size=2111, goal=(12.37, -2.02), distance=0.61
[INFO] [1788847756.095707031] [candidate_explorer]: Checking global path to frontier (12.37, -2.02), distance=0.61m
[INFO] [1788847756.103376649] [candidate_explorer]: Nav2 path to frontier is 0.62m (straight-line=0.61m, detour=1.0x)
[INFO] [1788847756.104110561] [candidate_explorer]: Global path accepted. Navigating to frontier (12.37, -2.02)
[bt_navigator-7] [INFO] [1788847756.104504892] [bt_navigator]: Begin navigating from current location (11.77, -1.92) to (12.37, -2.02)
[controller_server-3] [INFO] [1788847756.125838505] [controller_server]: Received a goal, begin computing control effort.
[controller_server-3] [INFO] [1788847756.585889900] [controller_server]: Reached the goal!
[bt_navigator-7] [INFO] [1788847756.616482621] [bt_navigator]: Goal succeeded
[INFO] [1788847756.616987868] [candidate_explorer]: Frontier goal finished: success=True
[INFO] [1788847756.617200825] [candidate_explorer]: Reached frontier. Waiting for the map to expose new frontiers.
[INFO] [1788847756.820686067] [candidate_explorer]: Detected 10629 frontier cells
[INFO] [1788847756.830034883] [candidate_explorer]: Found 109 frontier clusters after filtering
[INFO] [1788847756.846680401] [candidate_explorer]: Selected frontier cluster: size=2111, goal=(6.46, -1.42), distance=5.74
[INFO] [1788847756.847690603] [candidate_explorer]: Checking global path to frontier (6.46, -1.42), distance=5.74m
[INFO] [1788847756.864869577] [candidate_explorer]: Nav2 path to frontier is 5.80m (straight-line=5.74m, detour=1.0x)
[INFO] [1788847756.871028412] [candidate_explorer]: Global path accepted. Navigating to frontier (6.46, -1.42)
[bt_navigator-7] [INFO] [1788847756.871522826] [bt_navigator]: Begin navigating from current location (12.17, -2.01) to (6.46, -1.42)
[controller_server-3] [INFO] [1788847756.893887391] [controller_server]: Received a goal, begin computing control effort.
[controller_server-3] [INFO] [1788847757.945812673] [controller_server]: Passing new path to controller.
[controller_server-3] [INFO] [1788847758.946123950] [controller_server]: Passing new path to controller.
[controller_server-3] [INFO] [1788847759.997318945] [controller_server]: Passing new path to controller.
[controller_server-3] [INFO] [1788847760.994558034] [controller_server]: Passing new path to controller.
[controller_server-3] [INFO] [1788847762.045483155] [controller_server]: Passing new path to controller.
[controller_server-3] [INFO] [1788847762.349099049] [controller_server]: Reached the goal!
[bt_navigator-7] [INFO] [1788847762.382912708] [bt_navigator]: Goal succeeded
[INFO] [1788847762.383449788] [candidate_explorer]: Frontier goal finished: success=True
[INFO] [1788847762.383689244] [candidate_explorer]: Reached frontier. Waiting for the map to expose new frontiers.
[INFO] [1788847762.570835466] [candidate_explorer]: Detected 10630 frontier cells
[INFO] [1788847762.580536695] [candidate_explorer]: Found 109 frontier clusters after filtering
[INFO] [1788847762.597156173] [candidate_explorer]: Selected frontier cluster: size=2113, goal=(11.98, -1.99), distance=5.31
[INFO] [1788847762.598121750] [candidate_explorer]: Checking global path to frontier (11.98, -1.99), distance=5.31m
[INFO] [1788847762.615170474] [candidate_explorer]: Nav2 path to frontier is 5.37m (straight-line=5.31m, detour=1.0x)
[INFO] [1788847762.620958104] [candidate_explorer]: Global path accepted. Navigating to frontier (11.98, -1.99)
[bt_navigator-7] [INFO] [1788847762.621486184] [bt_navigator]: Begin navigating from current location (6.70, -1.42) to (11.98, -1.99)
[controller_server-3] [INFO] [1788847762.643618626] [controller_server]: Received a goal, begin computing control effort.
[controller_server-3] [INFO] [1788847763.693848418] [controller_server]: Passing new path to controller.
[controller_server-3] [INFO] [1788847764.696513556] [controller_server]: Passing new path to controller.
[controller_server-3] [INFO] [1788847765.747259553] [controller_server]: Passing new path to controller.
[controller_server-3] [INFO] [1788847766.747425081] [controller_server]: Passing new path to controller.
[controller_server-3] [INFO] [1788847767.748346855] [controller_server]: Reached the goal!
[controller_server-3] [INFO] [1788847767.753130658] [controller_server]: Received a goal, begin computing control effort.
[controller_server-3] [INFO] [1788847767.754889980] [controller_server]: Reached the goal!
[bt_navigator-7] [INFO] [1788847767.793293860] [bt_navigator]: Goal succeeded
[INFO] [1788847767.794456102] [candidate_explorer]: Frontier goal finished: success=True
[INFO] [1788847767.794710267] [candidate_explorer]: Reached frontier. Waiting for the map to expose new frontiers.
[INFO] [1788847768.070516714] [candidate_explorer]: Detected 10624 frontier cells
[INFO] [1788847768.080315485] [candidate_explorer]: Found 109 frontier clusters after filtering
[INFO] [1788847768.096626839] [candidate_explorer]: Selected frontier cluster: size=2106, goal=(12.37, -2.03), distance=0.61
[INFO] [1788847768.097603291] [candidate_explorer]: Checking global path to frontier (12.37, -2.03), distance=0.61m
[INFO] [1788847768.105334742] [candidate_explorer]: Nav2 path to frontier is 0.64m (straight-line=0.61m, detour=1.1x)
[INFO] [1788847768.106161695] [candidate_explorer]: Global path accepted. Navigating to frontier (12.37, -2.03)
[bt_navigator-7] [INFO] [1788847768.106711649] [bt_navigator]: Begin navigating from current location (11.77, -1.94) to (12.37, -2.03)
[controller_server-3] [INFO] [1788847768.129313630] [controller_server]: Received a goal, begin computing control effort.
[controller_server-3] [INFO] [1788847768.582581027] [controller_server]: Reached the goal!
[bt_navigator-7] [INFO] [1788847768.617151431] [bt_navigator]: Goal succeeded
[INFO] [1788847768.618323840] [candidate_explorer]: Frontier goal finished: success=True
[INFO] [1788847768.618574297] [candidate_explorer]: Reached frontier. Waiting for the map to expose new frontiers.
[INFO] [1788847768.819993677] [candidate_explorer]: Detected 10627 frontier cells
[INFO] [1788847768.829822656] [candidate_explorer]: Found 109 frontier clusters after filtering
[INFO] [1788847768.846293676] [candidate_explorer]: Selected frontier cluster: size=2106, goal=(6.46, -1.42), distance=5.74
[INFO] [1788847768.847242878] [candidate_explorer]: Checking global path to frontier (6.46, -1.42), distance=5.74m
[INFO] [1788847768.864700683] [candidate_explorer]: Nav2 path to frontier is 5.80m (straight-line=5.74m, detour=1.0x)
[INFO] [1788847768.870804478] [candidate_explorer]: Global path accepted. Navigating to frontier (6.46, -1.42)
[bt_navigator-7] [INFO] [1788847768.871261225] [bt_navigator]: Begin navigating from current location (12.17, -2.02) to (6.46, -1.42)
[controller_server-3] [INFO] [1788847768.892691213] [controller_server]: Received a goal, begin computing control effort.
[controller_server-3] [INFO] [1788847769.943185087] [controller_server]: Passing new path to controller.
[controller_server-3] [INFO] [1788847770.943082283] [controller_server]: Passing new path to controller.
[controller_server-3] [INFO] [1788847771.992948828] [controller_server]: Passing new path to controller.
[controller_server-3] [INFO] [1788847773.044779068] [controller_server]: Passing new path to controller.
[controller_server-3] [INFO] [1788847774.042913443] [controller_server]: Passing new path to controller.
[controller_server-3] [INFO] [1788847774.295135707] [controller_server]: Reached the goal!
[bt_navigator-7] [INFO] [1788847774.331535100] [bt_navigator]: Goal succeeded
[INFO] [1788847774.331984388] [candidate_explorer]: Frontier goal finished: success=True
[INFO] [1788847774.332200345] [candidate_explorer]: Reached frontier. Waiting for the map to expose new frontiers.
[INFO] [1788847774.570124576] [candidate_explorer]: Detected 10627 frontier cells
[INFO] [1788847774.579778014] [candidate_explorer]: Found 109 frontier clusters after filtering
[INFO] [1788847774.596108326] [candidate_explorer]: Selected frontier cluster: size=2104, goal=(11.98, -1.99), distance=5.32
[INFO] [1788847774.597073987] [candidate_explorer]: Checking global path to frontier (11.98, -1.99), distance=5.32m
[INFO] [1788847774.613877880] [candidate_explorer]: Nav2 path to frontier is 5.37m (straight-line=5.32m, detour=1.0x)
[INFO] [1788847774.619826175] [candidate_explorer]: Global path accepted. Navigating to frontier (11.98, -1.99)
[bt_navigator-7] [INFO] [1788847774.620285422] [bt_navigator]: Begin navigating from current location (6.69, -1.43) to (11.98, -1.99)
[controller_server-3] [INFO] [1788847774.641648661] [controller_server]: Received a goal, begin computing control effort.
[controller_server-3] [INFO] [1788847775.692183353] [controller_server]: Passing new path to controller.
[controller_server-3] [INFO] [1788847776.741933699] [controller_server]: Passing new path to controller.
[controller_server-3] [INFO] [1788847777.742695147] [controller_server]: Passing new path to controller.
[controller_server-3] [INFO] [1788847778.792100286] [controller_server]: Passing new path to controller.
[controller_server-3] [INFO] [1788847779.744121252] [controller_server]: Reached the goal!
[bt_navigator-7] [INFO] [1788847779.780847560] [bt_navigator]: Goal succeeded
[INFO] [1788847779.781961178] [candidate_explorer]: Frontier goal finished: success=True
[INFO] [1788847779.782212343] [candidate_explorer]: Reached frontier. Waiting for the map to expose new frontiers.
[INFO] [1788847780.068941818] [candidate_explorer]: Detected 10623 frontier cells
[INFO] [1788847780.078113426] [candidate_explorer]: Found 109 frontier clusters after filtering
[INFO] [1788847780.094639363] [candidate_explorer]: Selected frontier cluster: size=2104, goal=(12.36, -2.03), distance=0.60
[INFO] [1788847780.095688981] [candidate_explorer]: Checking global path to frontier (12.36, -2.03), distance=0.60m
[INFO] [1788847780.103199100] [candidate_explorer]: Nav2 path to frontier is 0.63m (straight-line=0.60m, detour=1.0x)
[INFO] [1788847780.103947346] [candidate_explorer]: Global path accepted. Navigating to frontier (12.36, -2.03)
[bt_navigator-7] [INFO] [1788847780.104334177] [bt_navigator]: Begin navigating from current location (11.77, -1.92) to (12.36, -2.03)
[controller_server-3] [INFO] [1788847780.127652987] [controller_server]: Received a goal, begin computing control effort.
[controller_server-3] [INFO] [1788847780.181486229] [controller_server]: Passing new path to controller.
[controller_server-3] [INFO] [1788847780.536419604] [controller_server]: Reached the goal!
[bt_navigator-7] [INFO] [1788847780.575376399] [bt_navigator]: Goal succeeded
[INFO] [1788847780.576491559] [candidate_explorer]: Frontier goal finished: success=True
[INFO] [1788847780.576697599] [candidate_explorer]: Reached frontier. Waiting for the map to expose new frontiers.
[INFO] [1788847780.822015377] [candidate_explorer]: Detected 10631 frontier cells
[INFO] [1788847780.831625941] [candidate_explorer]: Found 109 frontier clusters after filtering
[INFO] [1788847780.848018421] [candidate_explorer]: Selected frontier cluster: size=2104, goal=(6.46, -1.42), distance=5.71
[INFO] [1788847780.848968373] [candidate_explorer]: Checking global path to frontier (6.46, -1.42), distance=5.71m
[INFO] [1788847780.866362304] [candidate_explorer]: Nav2 path to frontier is 5.77m (straight-line=5.71m, detour=1.0x)
[INFO] [1788847780.872454057] [candidate_explorer]: Global path accepted. Navigating to frontier (6.46, -1.42)
[bt_navigator-7] [INFO] [1788847780.872906930] [bt_navigator]: Begin navigating from current location (12.14, -2.00) to (6.46, -1.42)
[controller_server-3] [INFO] [1788847780.893896838] [controller_server]: Received a goal, begin computing control effort.
[controller_server-3] [INFO] [1788847781.948237446] [controller_server]: Passing new path to controller.
[controller_server-3] [INFO] [1788847782.944071134] [controller_server]: Passing new path to controller.
[controller_server-3] [INFO] [1788847783.994077311] [controller_server]: Passing new path to controller.
[controller_server-3] [INFO] [1788847784.994050389] [controller_server]: Passing new path to controller.
[controller_server-3] [INFO] [1788847786.043996567] [controller_server]: Passing new path to controller.
[controller_server-3] [INFO] [1788847786.349057841] [controller_server]: Reached the goal!
[bt_navigator-7] [INFO] [1788847786.383451290] [bt_navigator]: Goal succeeded
[INFO] [1788847786.383920954] [candidate_explorer]: Frontier goal finished: success=True
[INFO] [1788847786.384165452] [candidate_explorer]: Reached frontier. Waiting for the map to expose new frontiers.
[INFO] [1788847786.567561665] [candidate_explorer]: Detected 10631 frontier cells
[INFO] [1788847786.577047313] [candidate_explorer]: Found 109 frontier clusters after filtering
[INFO] [1788847786.593252960] [candidate_explorer]: Selected frontier cluster: size=2104, goal=(11.98, -1.99), distance=5.32
[INFO] [1788847786.594329037] [candidate_explorer]: Checking global path to frontier (11.98, -1.99), distance=5.32m
[INFO] [1788847786.616151148] [candidate_explorer]: Nav2 path to frontier is 5.39m (straight-line=5.32m, detour=1.0x)
[INFO] [1788847786.621911778] [candidate_explorer]: Global path accepted. Navigating to frontier (11.98, -1.99)
[bt_navigator-7] [INFO] [1788847786.622530691] [bt_navigator]: Begin navigating from current location (6.69, -1.43) to (11.98, -1.99)
[controller_server-3] [INFO] [1788847786.645923418] [controller_server]: Received a goal, begin computing control effort.
[controller_server-3] [INFO] [1788847787.697233629] [controller_server]: Passing new path to controller.
[controller_server-3] [INFO] [1788847788.697085166] [controller_server]: Passing new path to controller.
[controller_server-3] [INFO] [1788847789.748115420] [controller_server]: Passing new path to controller.
[controller_server-3] [INFO] [1788847790.747319836] [controller_server]: Passing new path to controller.
[controller_server-3] [INFO] [1788847791.750393519] [controller_server]: Reached the goal!
[bt_navigator-7] [INFO] [1788847791.784376845] [bt_navigator]: Goal succeeded
[INFO] [1788847791.784856551] [candidate_explorer]: Frontier goal finished: success=True
[INFO] [1788847791.785149757] [candidate_explorer]: Reached frontier. Waiting for the map to expose new frontiers.
[INFO] [1788847792.069049499] [candidate_explorer]: Detected 10622 frontier cells
[INFO] [1788847792.078595980] [candidate_explorer]: Found 109 frontier clusters after filtering
[INFO] [1788847792.094948168] [candidate_explorer]: Selected frontier cluster: size=2096, goal=(12.36, -2.05), distance=0.61
[INFO] [1788847792.095980912] [candidate_explorer]: Checking global path to frontier (12.36, -2.05), distance=0.61m
[INFO] [1788847792.103510947] [candidate_explorer]: Nav2 path to frontier is 0.62m (straight-line=0.61m, detour=1.0x)
[INFO] [1788847792.104404733] [candidate_explorer]: Global path accepted. Navigating to frontier (12.36, -2.05)
[bt_navigator-7] [INFO] [1788847792.104846439] [bt_navigator]: Begin navigating from current location (11.76, -1.94) to (12.36, -2.05)
[controller_server-3] [INFO] [1788847792.128540372] [controller_server]: Received a goal, begin computing control effort.
[controller_server-3] [INFO] [1788847792.182074241] [controller_server]: Passing new path to controller.
[controller_server-3] [INFO] [1788847792.582351704] [controller_server]: Reached the goal!
[bt_navigator-7] [INFO] [1788847792.615033372] [bt_navigator]: Goal succeeded
[INFO] [1788847792.616233072] [candidate_explorer]: Frontier goal finished: success=True
[INFO] [1788847792.616450654] [candidate_explorer]: Reached frontier. Waiting for the map to expose new frontiers.
[INFO] [1788847792.819702741] [candidate_explorer]: Detected 10624 frontier cells
[INFO] [1788847792.829117389] [candidate_explorer]: Found 109 frontier clusters after filtering
[INFO] [1788847792.845665118] [candidate_explorer]: Selected frontier cluster: size=2096, goal=(6.46, -1.42), distance=5.70
[INFO] [1788847792.846891527] [candidate_explorer]: Checking global path to frontier (6.46, -1.42), distance=5.70m
[INFO] [1788847792.866335737] [candidate_explorer]: Nav2 path to frontier is 5.76m (straight-line=5.70m, detour=1.0x)
[INFO] [1788847792.872977736] [candidate_explorer]: Global path accepted. Navigating to frontier (6.46, -1.42)
[bt_navigator-7] [INFO] [1788847792.873571233] [bt_navigator]: Begin navigating from current location (12.14, -2.01) to (6.46, -1.42)
[controller_server-3] [INFO] [1788847792.897172000] [controller_server]: Received a goal, begin computing control effort.
[controller_server-3] [INFO] [1788847793.950259158] [controller_server]: Passing new path to controller.
[controller_server-3] [INFO] [1788847794.950505942] [controller_server]: Passing new path to controller.
[controller_server-3] [INFO] [1788847795.998425466] [controller_server]: Passing new path to controller.
[controller_server-3] [INFO] [1788847796.997993255] [controller_server]: Passing new path to controller.
[controller_server-3] [INFO] [1788847798.048223889] [controller_server]: Passing new path to controller.
[controller_server-3] [INFO] [1788847798.351988005] [controller_server]: Reached the goal!
[bt_navigator-7] [INFO] [1788847798.383852053] [bt_navigator]: Goal succeeded
[INFO] [1788847798.385009462] [candidate_explorer]: Frontier goal finished: success=True
[INFO] [1788847798.385275377] [candidate_explorer]: Reached frontier. Waiting for the map to expose new frontiers.
[INFO] [1788847798.569230378] [candidate_explorer]: Detected 10624 frontier cells
[INFO] [1788847798.578986774] [candidate_explorer]: Found 109 frontier clusters after filtering
[INFO] [1788847798.595556669] [candidate_explorer]: Selected frontier cluster: size=2096, goal=(11.98, -1.99), distance=5.34
[INFO] [1788847798.596565163] [candidate_explorer]: Checking global path to frontier (11.98, -1.99), distance=5.34m
[INFO] [1788847798.613611263] [candidate_explorer]: Nav2 path to frontier is 5.39m (straight-line=5.34m, detour=1.0x)
[INFO] [1788847798.619523726] [candidate_explorer]: Global path accepted. Navigating to frontier (11.98, -1.99)
[bt_navigator-7] [INFO] [1788847798.619978181] [bt_navigator]: Begin navigating from current location (6.68, -1.43) to (11.98, -1.99)
[controller_server-3] [INFO] [1788847798.641793793] [controller_server]: Received a goal, begin computing control effort.
[controller_server-3] [INFO] [1788847799.692457091] [controller_server]: Passing new path to controller.
[controller_server-3] [INFO] [1788847800.692018338] [controller_server]: Passing new path to controller.
[controller_server-3] [INFO] [1788847801.743561256] [controller_server]: Passing new path to controller.
[controller_server-3] [INFO] [1788847802.745349364] [controller_server]: Passing new path to controller.
[controller_server-3] [INFO] [1788847803.744114616] [controller_server]: Reached the goal!
[controller_server-3] [INFO] [1788847803.760338180] [controller_server]: Received a goal, begin computing control effort.
[controller_server-3] [INFO] [1788847803.762241543] [controller_server]: Reached the goal!
[bt_navigator-7] [INFO] [1788847803.802452205] [bt_navigator]: Goal succeeded
[INFO] [1788847803.803584573] [candidate_explorer]: Frontier goal finished: success=True
[INFO] [1788847803.803824279] [candidate_explorer]: Reached frontier. Waiting for the map to expose new frontiers.
[INFO] [1788847804.059413409] [candidate_explorer]: Detected 10624 frontier cells
[INFO] [1788847804.069031765] [candidate_explorer]: Found 109 frontier clusters after filtering
[INFO] [1788847804.085646743] [candidate_explorer]: Selected frontier cluster: size=2096, goal=(12.37, -2.05), distance=0.61
[INFO] [1788847804.086675570] [candidate_explorer]: Checking global path to frontier (12.37, -2.05), distance=0.61m
[INFO] [1788847804.094339479] [candidate_explorer]: Nav2 path to frontier is 0.63m (straight-line=0.61m, detour=1.0x)
[INFO] [1788847804.095175266] [candidate_explorer]: Global path accepted. Navigating to frontier (12.37, -2.05)
[bt_navigator-7] [INFO] [1788847804.095545513] [bt_navigator]: Begin navigating from current location (11.78, -1.92) to (12.37, -2.05)
[controller_server-3] [INFO] [1788847804.116636921] [controller_server]: Received a goal, begin computing control effort.
[controller_server-3] [INFO] [1788847804.569907798] [controller_server]: Reached the goal!
[bt_navigator-7] [INFO] [1788847804.606473483] [bt_navigator]: Goal succeeded
[INFO] [1788847804.607737517] [candidate_explorer]: Frontier goal finished: success=True
[INFO] [1788847804.607967015] [candidate_explorer]: Reached frontier. Waiting for the map to expose new frontiers.
[INFO] [1788847804.810642647] [candidate_explorer]: Detected 10624 frontier cells
[INFO] [1788847804.820401794] [candidate_explorer]: Found 109 frontier clusters after filtering
[INFO] [1788847804.836669649] [candidate_explorer]: Selected frontier cluster: size=2096, goal=(6.46, -1.42), distance=5.74
[INFO] [1788847804.837723059] [candidate_explorer]: Checking global path to frontier (6.46, -1.42), distance=5.74m
[INFO] [1788847804.854570910] [candidate_explorer]: Nav2 path to frontier is 5.80m (straight-line=5.74m, detour=1.0x)
[INFO] [1788847804.860780954] [candidate_explorer]: Global path accepted. Navigating to frontier (6.46, -1.42)
[bt_navigator-7] [INFO] [1788847804.861267951] [bt_navigator]: Begin navigating from current location (12.18, -2.01) to (6.46, -1.42)
[controller_server-3] [INFO] [1788847804.882430109] [controller_server]: Received a goal, begin computing control effort.
[controller_server-3] [INFO] [1788847805.938594747] [controller_server]: Passing new path to controller.
[controller_server-3] [INFO] [1788847806.983569290] [controller_server]: Passing new path to controller.
[controller_server-3] [INFO] [1788847807.986280683] [controller_server]: Passing new path to controller.
[controller_server-3] [INFO] [1788847808.983894985] [controller_server]: Passing new path to controller.
[controller_server-3] [INFO] [1788847810.032814127] [controller_server]: Passing new path to controller.
[controller_server-3] [INFO] [1788847810.337966318] [controller_server]: Reached the goal!
[bt_navigator-7] [INFO] [1788847810.373125678] [bt_navigator]: Goal succeeded
[INFO] [1788847810.374362337] [candidate_explorer]: Frontier goal finished: success=True
[INFO] [1788847810.374578586] [candidate_explorer]: Reached frontier. Waiting for the map to expose new frontiers.
[INFO] [1788847810.556661598] [candidate_explorer]: Detected 10624 frontier cells
[INFO] [1788847810.566291246] [candidate_explorer]: Found 109 frontier clusters after filtering
[INFO] [1788847810.582669183] [candidate_explorer]: Selected frontier cluster: size=2096, goal=(11.98, -1.99), distance=5.33
[INFO] [1788847810.583722885] [candidate_explorer]: Checking global path to frontier (11.98, -1.99), distance=5.33m
[INFO] [1788847810.600035323] [candidate_explorer]: Nav2 path to frontier is 5.39m (straight-line=5.33m, detour=1.0x)
[INFO] [1788847810.605916078] [candidate_explorer]: Global path accepted. Navigating to frontier (11.98, -1.99)
[bt_navigator-7] [INFO] [1788847810.606472782] [bt_navigator]: Begin navigating from current location (6.68, -1.44) to (11.98, -1.99)
[controller_server-3] [INFO] [1788847810.627770981] [controller_server]: Received a goal, begin computing control effort.
[controller_server-3] [INFO] [1788847811.679477356] [controller_server]: Passing new path to controller.
[controller_server-3] [INFO] [1788847812.679356643] [controller_server]: Passing new path to controller.
[controller_server-3] [INFO] [1788847813.730609812] [controller_server]: Passing new path to controller.
[controller_server-3] [INFO] [1788847814.729919019] [controller_server]: Passing new path to controller.
[controller_server-3] [INFO] [1788847815.780698608] [controller_server]: Passing new path to controller.
[controller_server-3] [INFO] [1788847815.782952469] [controller_server]: Reached the goal!
[bt_navigator-7] [INFO] [1788847815.827115189] [bt_navigator]: Goal succeeded
[INFO] [1788847815.827613436] [candidate_explorer]: Frontier goal finished: success=True
[INFO] [1788847815.827831809] [candidate_explorer]: Reached frontier. Waiting for the map to expose new frontiers.
[INFO] [1788847816.059306009] [candidate_explorer]: Detected 10660 frontier cells
[INFO] [1788847816.069116488] [candidate_explorer]: Found 108 frontier clusters after filtering
[INFO] [1788847816.085673092] [candidate_explorer]: Selected frontier cluster: size=2149, goal=(12.37, -2.05), distance=0.61
[INFO] [1788847816.086718835] [candidate_explorer]: Checking global path to frontier (12.37, -2.05), distance=0.61m
[INFO] [1788847816.094318245] [candidate_explorer]: Nav2 path to frontier is 0.63m (straight-line=0.61m, detour=1.0x)
[INFO] [1788847816.095080199] [candidate_explorer]: Global path accepted. Navigating to frontier (12.37, -2.05)
[bt_navigator-7] [INFO] [1788847816.095479654] [bt_navigator]: Begin navigating from current location (11.77, -1.92) to (12.37, -2.05)
[controller_server-3] [INFO] [1788847816.118594758] [controller_server]: Received a goal, begin computing control effort.
[controller_server-3] [INFO] [1788847816.573305584] [controller_server]: Reached the goal!
[bt_navigator-7] [INFO] [1788847816.606453707] [bt_navigator]: Goal succeeded
[INFO] [1788847816.607663949] [candidate_explorer]: Frontier goal finished: success=True
[INFO] [1788847816.607912989] [candidate_explorer]: Reached frontier. Waiting for the map to expose new frontiers.
[INFO] [1788847816.806285690] [candidate_explorer]: Detected 10660 frontier cells
[INFO] [1788847816.815984254] [candidate_explorer]: Found 108 frontier clusters after filtering
[INFO] [1788847816.832338858] [candidate_explorer]: Selected frontier cluster: size=2149, goal=(6.46, -1.42), distance=5.74
[INFO] [1788847816.833321894] [candidate_explorer]: Checking global path to frontier (6.46, -1.42), distance=5.74m
[INFO] [1788847816.850206162] [candidate_explorer]: Nav2 path to frontier is 5.80m (straight-line=5.74m, detour=1.0x)
[INFO] [1788847816.856502664] [candidate_explorer]: Global path accepted. Navigating to frontier (6.46, -1.42)
[bt_navigator-7] [INFO] [1788847816.856954119] [bt_navigator]: Begin navigating from current location (12.17, -2.01) to (6.46, -1.42)
[controller_server-3] [INFO] [1788847816.877653196] [controller_server]: Received a goal, begin computing control effort.
[controller_server-3] [INFO] [1788847817.929282488] [controller_server]: Passing new path to controller.
[controller_server-3] [INFO] [1788847818.978108673] [controller_server]: Passing new path to controller.
[controller_server-3] [INFO] [1788847819.979083328] [controller_server]: Passing new path to controller.
[planner_server-5] [INFO] [1788847820.898196585] [global_costmap.global_costmap]: StaticLayer: Resizing costmap to 1165 X 557 at 0.015000 m/pix
[controller_server-3] [INFO] [1788847820.978795866] [controller_server]: Passing new path to controller.
[controller_server-3] [INFO] [1788847822.028036215] [controller_server]: Passing new path to controller.
[controller_server-3] [INFO] [1788847822.331562916] [controller_server]: Reached the goal!
[bt_navigator-7] [INFO] [1788847822.367223148] [bt_navigator]: Goal succeeded
[INFO] [1788847822.367719020] [candidate_explorer]: Frontier goal finished: success=True
[INFO] [1788847822.367966477] [candidate_explorer]: Reached frontier. Waiting for the map to expose new frontiers.
[INFO] [1788847822.557177902] [candidate_explorer]: Detected 10585 frontier cells
[INFO] [1788847822.566661259] [candidate_explorer]: Found 104 frontier clusters after filtering
[INFO] [1788847822.583093988] [candidate_explorer]: Selected frontier cluster: size=2130, goal=(11.98, -1.99), distance=5.34
[INFO] [1788847822.584057649] [candidate_explorer]: Checking global path to frontier (11.98, -1.99), distance=5.34m
[INFO] [1788847822.600457336] [candidate_explorer]: Nav2 path to frontier is 5.40m (straight-line=5.34m, detour=1.0x)
[INFO] [1788847822.606430757] [candidate_explorer]: Global path accepted. Navigating to frontier (11.98, -1.99)
[bt_navigator-7] [INFO] [1788847822.606977212] [bt_navigator]: Begin navigating from current location (6.67, -1.42) to (11.98, -1.99)
[controller_server-3] [INFO] [1788847822.630782644] [controller_server]: Received a goal, begin computing control effort.
[controller_server-3] [INFO] [1788847823.683999176] [controller_server]: Passing new path to controller.
[controller_server-3] [INFO] [1788847824.731281246] [controller_server]: Passing new path to controller.
[controller_server-3] [INFO] [1788847825.731041117] [controller_server]: Passing new path to controller.
[controller_server-3] [INFO] [1788847826.783699235] [controller_server]: Passing new path to controller.
[controller_server-3] [INFO] [1788847827.734305543] [controller_server]: Reached the goal!
[bt_navigator-7] [INFO] [1788847827.767355750] [bt_navigator]: Goal succeeded
[INFO] [1788847827.768377285] [candidate_explorer]: Frontier goal finished: success=True
[INFO] [1788847827.768573492] [candidate_explorer]: Reached frontier. Waiting for the map to expose new frontiers.
[INFO] [1788847828.059544106] [candidate_explorer]: Detected 10651 frontier cells
[INFO] [1788847828.069246086] [candidate_explorer]: Found 102 frontier clusters after filtering
[INFO] [1788847828.086114771] [candidate_explorer]: Selected frontier cluster: size=2221, goal=(12.39, -2.05), distance=0.62
[INFO] [1788847828.087089390] [candidate_explorer]: Checking global path to frontier (12.39, -2.05), distance=0.62m
[INFO] [1788847828.095244630] [candidate_explorer]: Nav2 path to frontier is 0.64m (straight-line=0.62m, detour=1.0x)
[INFO] [1788847828.096059541] [candidate_explorer]: Global path accepted. Navigating to frontier (12.39, -2.05)
[bt_navigator-7] [INFO] [1788847828.096539122] [bt_navigator]: Begin navigating from current location (11.78, -1.94) to (12.39, -2.05)
[controller_server-3] [INFO] [1788847828.117285157] [controller_server]: Received a goal, begin computing control effort.
[controller_server-3] [INFO] [1788847828.573310641] [controller_server]: Reached the goal!
[bt_navigator-7] [INFO] [1788847828.606926095] [bt_navigator]: Goal succeeded
[INFO] [1788847828.608097587] [candidate_explorer]: Frontier goal finished: success=True
[INFO] [1788847828.608317753] [candidate_explorer]: Reached frontier. Waiting for the map to expose new frontiers.
[INFO] [1788847828.808888564] [candidate_explorer]: Detected 10651 frontier cells
[INFO] [1788847828.818459545] [candidate_explorer]: Found 102 frontier clusters after filtering
[INFO] [1788847828.835350980] [candidate_explorer]: Selected frontier cluster: size=2221, goal=(6.45, -1.45), distance=5.76
[INFO] [1788847828.836416307] [candidate_explorer]: Checking global path to frontier (6.45, -1.45), distance=5.76m
[INFO] [1788847828.853737738] [candidate_explorer]: Nav2 path to frontier is 5.85m (straight-line=5.76m, detour=1.0x)
[INFO] [1788847828.860395446] [candidate_explorer]: Global path accepted. Navigating to frontier (6.45, -1.45)
[bt_navigator-7] [INFO] [1788847828.860831235] [bt_navigator]: Begin navigating from current location (12.18, -2.02) to (6.45, -1.45)
[controller_server-3] [INFO] [1788847828.883572341] [controller_server]: Received a goal, begin computing control effort.
[controller_server-3] [INFO] [1788847829.934996676] [controller_server]: Passing new path to controller.
[controller_server-3] [INFO] [1788847830.986066013] [controller_server]: Passing new path to controller.
[controller_server-3] [INFO] [1788847831.984779558] [controller_server]: Passing new path to controller.
[controller_server-3] [INFO] [1788847832.984860010] [controller_server]: Passing new path to controller.
[controller_server-3] [INFO] [1788847834.035921139] [controller_server]: Passing new path to controller.
[controller_server-3] [INFO] [1788847834.388400488] [controller_server]: Reached the goal!
[bt_navigator-7] [INFO] [1788847834.424264802] [bt_navigator]: Goal succeeded
[INFO] [1788847834.425475294] [candidate_explorer]: Frontier goal finished: success=True
[INFO] [1788847834.425703335] [candidate_explorer]: Reached frontier. Waiting for the map to expose new frontiers.
[INFO] [1788847834.562784924] [candidate_explorer]: Detected 10651 frontier cells
[INFO] [1788847834.572397696] [candidate_explorer]: Found 102 frontier clusters after filtering
[INFO] [1788847834.588828509] [candidate_explorer]: Selected frontier cluster: size=2221, goal=(11.98, -1.99), distance=5.34
[INFO] [1788847834.589767253] [candidate_explorer]: Checking global path to frontier (11.98, -1.99), distance=5.34m
[INFO] [1788847834.606487147] [candidate_explorer]: Nav2 path to frontier is 5.40m (straight-line=5.34m, detour=1.0x)
[INFO] [1788847834.612286985] [candidate_explorer]: Global path accepted. Navigating to frontier (11.98, -1.99)
[bt_navigator-7] [INFO] [1788847834.612726441] [bt_navigator]: Begin navigating from current location (6.67, -1.45) to (11.98, -1.99)
[controller_server-3] [INFO] [1788847834.635341089] [controller_server]: Received a goal, begin computing control effort.
[controller_server-3] [INFO] [1788847835.686388885] [controller_server]: Passing new path to controller.
[controller_server-3] [INFO] [1788847836.685611134] [controller_server]: Passing new path to controller.
[controller_server-3] [INFO] [1788847837.737363884] [controller_server]: Passing new path to controller.
[controller_server-3] [INFO] [1788847838.735567556] [controller_server]: Passing new path to controller.
[controller_server-3] [INFO] [1788847839.740287687] [controller_server]: Reached the goal!
[bt_navigator-7] [INFO] [1788847839.773319520] [bt_navigator]: Goal succeeded
[INFO] [1788847839.773784308] [candidate_explorer]: Frontier goal finished: success=True
[INFO] [1788847839.773991640] [candidate_explorer]: Reached frontier. Waiting for the map to expose new frontiers.
[INFO] [1788847840.059911828] [candidate_explorer]: Detected 10649 frontier cells
[INFO] [1788847840.070200346] [candidate_explorer]: Found 102 frontier clusters after filtering
[INFO] [1788847840.087098280] [candidate_explorer]: Selected frontier cluster: size=2219, goal=(12.36, -2.03), distance=0.61
[INFO] [1788847840.088090899] [candidate_explorer]: Checking global path to frontier (12.36, -2.03), distance=0.61m
[INFO] [1788847840.095920350] [candidate_explorer]: Nav2 path to frontier is 0.63m (straight-line=0.61m, detour=1.0x)
[INFO] [1788847840.096636095] [candidate_explorer]: Global path accepted. Navigating to frontier (12.36, -2.03)
[bt_navigator-7] [INFO] [1788847840.097077759] [bt_navigator]: Begin navigating from current location (11.76, -1.92) to (12.36, -2.03)
[controller_server-3] [INFO] [1788847840.120274820] [controller_server]: Received a goal, begin computing control effort.
[controller_server-3] [INFO] [1788847840.172307199] [controller_server]: Passing new path to controller.
[controller_server-3] [INFO] [1788847840.576341138] [controller_server]: Reached the goal!
[bt_navigator-7] [INFO] [1788847840.608994889] [bt_navigator]: Goal succeeded
[INFO] [1788847840.610160006] [candidate_explorer]: Frontier goal finished: success=True
[INFO] [1788847840.610427005] [candidate_explorer]: Reached frontier. Waiting for the map to expose new frontiers.
[INFO] [1788847840.806510095] [candidate_explorer]: Detected 10649 frontier cells
[INFO] [1788847840.816049826] [candidate_explorer]: Found 102 frontier clusters after filtering
[INFO] [1788847840.832893511] [candidate_explorer]: Selected frontier cluster: size=2219, goal=(6.45, -1.45), distance=5.73
[INFO] [1788847840.834034212] [candidate_explorer]: Checking global path to frontier (6.45, -1.45), distance=5.73m
[INFO] [1788847840.850920897] [candidate_explorer]: Nav2 path to frontier is 5.80m (straight-line=5.73m, detour=1.0x)
[INFO] [1788847840.857104399] [candidate_explorer]: Global path accepted. Navigating to frontier (6.45, -1.45)
[bt_navigator-7] [INFO] [1788847840.857609105] [bt_navigator]: Begin navigating from current location (12.16, -2.00) to (6.45, -1.45)
[controller_server-3] [INFO] [1788847840.881010290] [controller_server]: Received a goal, begin computing control effort.
[controller_server-3] [INFO] [1788847841.931245549] [controller_server]: Passing new path to controller.
[controller_server-3] [INFO] [1788847842.934470856] [controller_server]: Passing new path to controller.
[controller_server-3] [INFO] [1788847843.982882502] [controller_server]: Passing new path to controller.
[controller_server-3] [INFO] [1788847844.982567790] [controller_server]: Passing new path to controller.
[controller_server-3] [INFO] [1788847846.031487641] [controller_server]: Passing new path to controller.
[controller_server-3] [INFO] [1788847846.333871724] [controller_server]: Reached the goal!
[bt_navigator-7] [INFO] [1788847846.368129799] [bt_navigator]: Goal succeeded
[INFO] [1788847846.369153417] [candidate_explorer]: Frontier goal finished: success=True
[INFO] [1788847846.369414624] [candidate_explorer]: Reached frontier. Waiting for the map to expose new frontiers.
[INFO] [1788847846.558191427] [candidate_explorer]: Detected 10649 frontier cells
[INFO] [1788847846.567754741] [candidate_explorer]: Found 102 frontier clusters after filtering
[INFO] [1788847846.584400719] [candidate_explorer]: Selected frontier cluster: size=2219, goal=(11.98, -1.99), distance=5.35
[INFO] [1788847846.585538129] [candidate_explorer]: Checking global path to frontier (11.98, -1.99), distance=5.35m
[INFO] [1788847846.607259824] [candidate_explorer]: Nav2 path to frontier is 5.40m (straight-line=5.35m, detour=1.0x)
[INFO] [1788847846.612896705] [candidate_explorer]: Global path accepted. Navigating to frontier (11.98, -1.99)
[bt_navigator-7] [INFO] [1788847846.613393660] [bt_navigator]: Begin navigating from current location (6.66, -1.46) to (11.98, -1.99)
[controller_server-3] [INFO] [1788847846.635180439] [controller_server]: Received a goal, begin computing control effort.
[controller_server-3] [INFO] [1788847847.687413894] [controller_server]: Passing new path to controller.
[controller_server-3] [INFO] [1788847848.735731374] [controller_server]: Passing new path to controller.
[controller_server-3] [INFO] [1788847849.735994658] [controller_server]: Passing new path to controller.
[controller_server-3] [INFO] [1788847850.785698379] [controller_server]: Passing new path to controller.
[controller_server-3] [INFO] [1788847851.739111252] [controller_server]: Reached the goal!
[bt_navigator-7] [INFO] [1788847851.763833929] [bt_navigator]: Goal succeeded
[INFO] [1788847851.764287759] [candidate_explorer]: Frontier goal finished: success=True
[INFO] [1788847851.764548133] [candidate_explorer]: Reached frontier. Waiting for the map to expose new frontiers.
[INFO] [1788847852.057902481] [candidate_explorer]: Detected 10703 frontier cells
[INFO] [1788847852.067594962] [candidate_explorer]: Found 101 frontier clusters after filtering
[INFO] [1788847852.084468646] [candidate_explorer]: Selected frontier cluster: size=2298, goal=(12.37, -2.03), distance=0.61
[INFO] [1788847852.085452515] [candidate_explorer]: Checking global path to frontier (12.37, -2.03), distance=0.61m
[INFO] [1788847852.093310340] [candidate_explorer]: Nav2 path to frontier is 0.64m (straight-line=0.61m, detour=1.0x)
[INFO] [1788847852.094080210] [candidate_explorer]: Global path accepted. Navigating to frontier (12.37, -2.03)
[bt_navigator-7] [INFO] [1788847852.094502791] [bt_navigator]: Begin navigating from current location (11.77, -1.93) to (12.37, -2.03)
[controller_server-3] [INFO] [1788847852.117883934] [controller_server]: Received a goal, begin computing control effort.
[controller_server-3] [INFO] [1788847852.571282019] [controller_server]: Reached the goal!
[bt_navigator-7] [INFO] [1788847852.605592009] [bt_navigator]: Goal succeeded
[INFO] [1788847852.606004049] [candidate_explorer]: Frontier goal finished: success=True
[INFO] [1788847852.606212297] [candidate_explorer]: Reached frontier. Waiting for the map to expose new frontiers.
[INFO] [1788847852.807666395] [candidate_explorer]: Detected 10703 frontier cells
[INFO] [1788847852.817188960] [candidate_explorer]: Found 101 frontier clusters after filtering
[INFO] [1788847852.834582058] [candidate_explorer]: Selected frontier cluster: size=2298, goal=(6.45, -1.45), distance=5.75
[INFO] [1788847852.835605426] [candidate_explorer]: Checking global path to frontier (6.45, -1.45), distance=5.75m
[INFO] [1788847852.852592819] [candidate_explorer]: Nav2 path to frontier is 5.81m (straight-line=5.75m, detour=1.0x)
[INFO] [1788847852.858888404] [candidate_explorer]: Global path accepted. Navigating to frontier (6.45, -1.45)
[bt_navigator-7] [INFO] [1788847852.859349609] [bt_navigator]: Begin navigating from current location (12.17, -2.01) to (6.45, -1.45)
[controller_server-3] [INFO] [1788847852.882148631] [controller_server]: Received a goal, begin computing control effort.
[controller_server-3] [INFO] [1788847853.933416051] [controller_server]: Passing new path to controller.
[controller_server-3] [INFO] [1788847854.932581800] [controller_server]: Passing new path to controller.
[controller_server-3] [INFO] [1788847855.985888249] [controller_server]: Passing new path to controller.
[controller_server-3] [INFO] [1788847857.032464989] [controller_server]: Passing new path to controller.
[controller_server-3] [INFO] [1788847858.032996980] [controller_server]: Passing new path to controller.
[controller_server-3] [INFO] [1788847858.335249898] [controller_server]: Reached the goal!
[INFO] [1788847858.374011110] [candidate_explorer]: Frontier goal finished: success=True
[bt_navigator-7] [INFO] [1788847858.374059110] [bt_navigator]: Goal succeeded
[INFO] [1788847858.374298525] [candidate_explorer]: Reached frontier. Waiting for the map to expose new frontiers.
[INFO] [1788847858.554491091] [candidate_explorer]: Detected 10703 frontier cells
[INFO] [1788847858.564388987] [candidate_explorer]: Found 101 frontier clusters after filtering
[INFO] [1788847858.581637878] [candidate_explorer]: Selected frontier cluster: size=2298, goal=(11.98, -1.99), distance=5.35
[INFO] [1788847858.582633413] [candidate_explorer]: Checking global path to frontier (11.98, -1.99), distance=5.35m
[INFO] [1788847858.598893101] [candidate_explorer]: Nav2 path to frontier is 5.40m (straight-line=5.35m, detour=1.0x)
[INFO] [1788847858.604741439] [candidate_explorer]: Global path accepted. Navigating to frontier (11.98, -1.99)
[bt_navigator-7] [INFO] [1788847858.605275186] [bt_navigator]: Begin navigating from current location (6.66, -1.47) to (11.98, -1.99)
[controller_server-3] [INFO] [1788847858.626315844] [controller_server]: Received a goal, begin computing control effort.
[controller_server-3] [INFO] [1788847859.678699798] [controller_server]: Passing new path to controller.
[controller_server-3] [INFO] [1788847860.676653097] [controller_server]: Passing new path to controller.
[controller_server-3] [INFO] [1788847861.730103836] [controller_server]: Passing new path to controller.
[controller_server-3] [INFO] [1788847862.730367079] [controller_server]: Passing new path to controller.
[controller_server-3] [INFO] [1788847863.729187789] [controller_server]: Reached the goal!
[bt_navigator-7] [INFO] [1788847863.766230554] [bt_navigator]: Goal succeeded
[INFO] [1788847863.766705593] [candidate_explorer]: Frontier goal finished: success=True
[INFO] [1788847863.766930675] [candidate_explorer]: Reached frontier. Waiting for the map to expose new frontiers.
[INFO] [1788847864.055111515] [candidate_explorer]: Detected 10695 frontier cells
[INFO] [1788847864.064685704] [candidate_explorer]: Found 101 frontier clusters after filtering
[INFO] [1788847864.082111718] [candidate_explorer]: Selected frontier cluster: size=2300, goal=(12.39, -2.05), distance=0.62
[INFO] [1788847864.083167378] [candidate_explorer]: Checking global path to frontier (12.39, -2.05), distance=0.62m
[INFO] [1788847864.090783872] [candidate_explorer]: Nav2 path to frontier is 0.64m (straight-line=0.62m, detour=1.0x)
[INFO] [1788847864.091669575] [candidate_explorer]: Global path accepted. Navigating to frontier (12.39, -2.05)
[bt_navigator-7] [INFO] [1788847864.092127947] [bt_navigator]: Begin navigating from current location (11.78, -1.93) to (12.39, -2.05)
[controller_server-3] [INFO] [1788847864.116207461] [controller_server]: Received a goal, begin computing control effort.
[controller_server-3] [INFO] [1788847864.176363496] [controller_server]: Passing new path to controller.
[controller_server-3] [INFO] [1788847864.569382880] [controller_server]: Reached the goal!
[bt_navigator-7] [INFO] [1788847864.603579705] [bt_navigator]: Goal succeeded
[INFO] [1788847864.603993952] [candidate_explorer]: Frontier goal finished: success=True
[INFO] [1788847864.604231534] [candidate_explorer]: Reached frontier. Waiting for the map to expose new frontiers.
[INFO] [1788847864.804309015] [candidate_explorer]: Detected 10695 frontier cells
[INFO] [1788847864.813581498] [candidate_explorer]: Found 101 frontier clusters after filtering
[INFO] [1788847864.830719140] [candidate_explorer]: Selected frontier cluster: size=2300, goal=(6.45, -1.45), distance=5.75
[INFO] [1788847864.831790675] [candidate_explorer]: Checking global path to frontier (6.45, -1.45), distance=5.75m
[INFO] [1788847864.848823442] [candidate_explorer]: Nav2 path to frontier is 5.81m (straight-line=5.75m, detour=1.0x)
[INFO] [1788847864.854958028] [candidate_explorer]: Global path accepted. Navigating to frontier (6.45, -1.45)
[bt_navigator-7] [INFO] [1788847864.855431483] [bt_navigator]: Begin navigating from current location (12.17, -2.02) to (6.45, -1.45)
[controller_server-3] [INFO] [1788847864.877039304] [controller_server]: Received a goal, begin computing control effort.
[controller_server-3] [INFO] [1788847865.928943178] [controller_server]: Passing new path to controller.
[controller_server-3] [INFO] [1788847866.979083146] [controller_server]: Passing new path to controller.
[controller_server-3] [INFO] [1788847867.978453228] [controller_server]: Passing new path to controller.
[controller_server-3] [INFO] [1788847869.028016366] [controller_server]: Passing new path to controller.
[controller_server-3] [INFO] [1788847870.077162633] [controller_server]: Passing new path to controller.
[controller_server-3] [INFO] [1788847870.380011546] [controller_server]: Reached the goal!
[bt_navigator-7] [INFO] [1788847870.417562891] [bt_navigator]: Goal succeeded
[INFO] [1788847870.418756217] [candidate_explorer]: Frontier goal finished: success=True
[INFO] [1788847870.418981882] [candidate_explorer]: Reached frontier. Waiting for the map to expose new frontiers.
[INFO] [1788847870.556538469] [candidate_explorer]: Detected 10721 frontier cells
[INFO] [1788847870.566439614] [candidate_explorer]: Found 102 frontier clusters after filtering
[INFO] [1788847870.583510215] [candidate_explorer]: Selected frontier cluster: size=2300, goal=(11.98, -1.99), distance=5.36
[INFO] [1788847870.584575499] [candidate_explorer]: Checking global path to frontier (11.98, -1.99), distance=5.36m
[INFO] [1788847870.600759105] [candidate_explorer]: Nav2 path to frontier is 5.42m (straight-line=5.36m, detour=1.0x)
[INFO] [1788847870.606651318] [candidate_explorer]: Global path accepted. Navigating to frontier (11.98, -1.99)
[bt_navigator-7] [INFO] [1788847870.607112398] [bt_navigator]: Begin navigating from current location (6.65, -1.46) to (11.98, -1.99)
[controller_server-3] [INFO] [1788847870.630060586] [controller_server]: Received a goal, begin computing control effort.
[controller_server-3] [INFO] [1788847871.682848663] [controller_server]: Passing new path to controller.
[controller_server-3] [INFO] [1788847872.730834728] [controller_server]: Passing new path to controller.
[controller_server-3] [INFO] [1788847873.731347010] [controller_server]: Passing new path to controller.
[controller_server-3] [INFO] [1788847874.780422860] [controller_server]: Passing new path to controller.
[controller_server-3] [INFO] [1788847875.733729109] [controller_server]: Reached the goal!
[bt_navigator-7] [INFO] [1788847875.768388764] [bt_navigator]: Goal succeeded
[INFO] [1788847875.769465383] [candidate_explorer]: Frontier goal finished: success=True
[INFO] [1788847875.769710256] [candidate_explorer]: Reached frontier. Waiting for the map to expose new frontiers.
[INFO] [1788847876.057748555] [candidate_explorer]: Detected 10741 frontier cells
[INFO] [1788847876.067507327] [candidate_explorer]: Found 102 frontier clusters after filtering
[INFO] [1788847876.084937424] [candidate_explorer]: Selected frontier cluster: size=2322, goal=(12.39, -2.05), distance=0.61
[INFO] [1788847876.086082584] [candidate_explorer]: Checking global path to frontier (12.39, -2.05), distance=0.61m
[INFO] [1788847876.093642078] [candidate_explorer]: Nav2 path to frontier is 0.64m (straight-line=0.61m, detour=1.0x)
[INFO] [1788847876.094485197] [candidate_explorer]: Global path accepted. Navigating to frontier (12.39, -2.05)
[bt_navigator-7] [INFO] [1788847876.094981319] [bt_navigator]: Begin navigating from current location (11.78, -1.93) to (12.39, -2.05)
[controller_server-3] [INFO] [1788847876.116925638] [controller_server]: Received a goal, begin computing control effort.
[controller_server-3] [INFO] [1788847876.168302229] [controller_server]: Passing new path to controller.
[controller_server-3] [INFO] [1788847876.570540013] [controller_server]: Reached the goal!
[bt_navigator-7] [INFO] [1788847876.605282501] [bt_navigator]: Goal succeeded
[INFO] [1788847876.606509035] [candidate_explorer]: Frontier goal finished: success=True
[INFO] [1788847876.606723492] [candidate_explorer]: Reached frontier. Waiting for the map to expose new frontiers.
[INFO] [1788847876.809067459] [candidate_explorer]: Detected 10741 frontier cells
[INFO] [1788847876.818814897] [candidate_explorer]: Found 102 frontier clusters after filtering
[INFO] [1788847876.836075746] [candidate_explorer]: Selected frontier cluster: size=2322, goal=(6.45, -1.45), distance=5.76
[INFO] [1788847876.837112656] [candidate_explorer]: Checking global path to frontier (6.45, -1.45), distance=5.76m
[INFO] [1788847876.854183090] [candidate_explorer]: Nav2 path to frontier is 5.81m (straight-line=5.76m, detour=1.0x)
[INFO] [1788847876.860281635] [candidate_explorer]: Global path accepted. Navigating to frontier (6.45, -1.45)
[bt_navigator-7] [INFO] [1788847876.860681174] [bt_navigator]: Begin navigating from current location (12.18, -2.01) to (6.45, -1.45)
[controller_server-3] [INFO] [1788847876.884268232] [controller_server]: Received a goal, begin computing control effort.
[controller_server-3] [INFO] [1788847877.934801115] [controller_server]: Passing new path to controller.
[controller_server-3] [INFO] [1788847878.985304872] [controller_server]: Passing new path to controller.
[controller_server-3] [INFO] [1788847879.988427055] [controller_server]: Passing new path to controller.
[controller_server-3] [INFO] [1788847881.037922194] [controller_server]: Passing new path to controller.
[controller_server-3] [INFO] [1788847882.034619668] [controller_server]: Passing new path to controller.
[controller_server-3] [INFO] [1788847882.338511950] [controller_server]: Reached the goal!
[bt_navigator-7] [INFO] [1788847882.372495568] [bt_navigator]: Goal succeeded
[INFO] [1788847882.373731893] [candidate_explorer]: Frontier goal finished: success=True
[INFO] [1788847882.373989642] [candidate_explorer]: Reached frontier. Waiting for the map to expose new frontiers.
[INFO] [1788847882.556749483] [candidate_explorer]: Detected 10741 frontier cells
[INFO] [1788847882.566264464] [candidate_explorer]: Found 102 frontier clusters after filtering
[INFO] [1788847882.583436856] [candidate_explorer]: Selected frontier cluster: size=2322, goal=(11.98, -1.99), distance=5.35
[INFO] [1788847882.584475932] [candidate_explorer]: Checking global path to frontier (11.98, -1.99), distance=5.35m
[INFO] [1788847882.600865912] [candidate_explorer]: Nav2 path to frontier is 5.40m (straight-line=5.35m, detour=1.0x)
[INFO] [1788847882.606879874] [candidate_explorer]: Global path accepted. Navigating to frontier (11.98, -1.99)
[bt_navigator-7] [INFO] [1788847882.607400329] [bt_navigator]: Begin navigating from current location (6.66, -1.46) to (11.98, -1.99)
[controller_server-3] [INFO] [1788847882.628384154] [controller_server]: Received a goal, begin computing control effort.
[controller_server-3] [INFO] [1788847883.679301992] [controller_server]: Passing new path to controller.
[controller_server-3] [INFO] [1788847884.731023784] [controller_server]: Passing new path to controller.
[controller_server-3] [INFO] [1788847885.728639502] [controller_server]: Passing new path to controller.
[controller_server-3] [INFO] [1788847886.778957219] [controller_server]: Passing new path to controller.
[controller_server-3] [INFO] [1788847887.729672984] [controller_server]: Reached the goal!
[bt_navigator-7] [INFO] [1788847887.771396428] [bt_navigator]: Goal succeeded
[INFO] [1788847887.772527087] [candidate_explorer]: Frontier goal finished: success=True
[INFO] [1788847887.772751544] [candidate_explorer]: Reached frontier. Waiting for the map to expose new frontiers.
[INFO] [1788847888.062008585] [candidate_explorer]: Detected 10741 frontier cells
[INFO] [1788847888.071947272] [candidate_explorer]: Found 102 frontier clusters after filtering
[INFO] [1788847888.089293787] [candidate_explorer]: Selected frontier cluster: size=2322, goal=(12.36, -2.03), distance=0.61
[INFO] [1788847888.090500821] [candidate_explorer]: Checking global path to frontier (12.36, -2.03), distance=0.61m
[INFO] [1788847888.097684818] [candidate_explorer]: Nav2 path to frontier is 0.63m (straight-line=0.61m, detour=1.0x)
[INFO] [1788847888.098401938] [candidate_explorer]: Global path accepted. Navigating to frontier (12.36, -2.03)
[bt_navigator-7] [INFO] [1788847888.098747769] [bt_navigator]: Begin navigating from current location (11.76, -1.93) to (12.36, -2.03)
[controller_server-3] [INFO] [1788847888.121311293] [controller_server]: Received a goal, begin computing control effort.
[controller_server-3] [INFO] [1788847888.574759793] [controller_server]: Reached the goal!
[bt_navigator-7] [INFO] [1788847888.609432657] [bt_navigator]: Goal succeeded
[INFO] [1788847888.610701649] [candidate_explorer]: Frontier goal finished: success=True
[INFO] [1788847888.610999855] [candidate_explorer]: Reached frontier. Waiting for the map to expose new frontiers.
[INFO] [1788847888.810676590] [candidate_explorer]: Detected 10856 frontier cells
[INFO] [1788847888.820524027] [candidate_explorer]: Found 113 frontier clusters after filtering
[INFO] [1788847888.838058958] [candidate_explorer]: Selected frontier cluster: size=2383, goal=(6.45, -1.45), distance=5.74
[INFO] [1788847888.839152992] [candidate_explorer]: Checking global path to frontier (6.45, -1.45), distance=5.74m
[INFO] [1788847888.856590049] [candidate_explorer]: Nav2 path to frontier is 5.79m (straight-line=5.74m, detour=1.0x)
[INFO] [1788847888.862543886] [candidate_explorer]: Global path accepted. Navigating to frontier (6.45, -1.45)
[bt_navigator-7] [INFO] [1788847888.862984966] [bt_navigator]: Begin navigating from current location (12.16, -2.00) to (6.45, -1.45)
[controller_server-3] [INFO] [1788847888.884343164] [controller_server]: Received a goal, begin computing control effort.
[planner_server-5] [INFO] [1788847888.901424556] [global_costmap.global_costmap]: StaticLayer: Resizing costmap to 1165 X 557 at 0.015000 m/pix
[controller_server-3] [INFO] [1788847889.937286531] [controller_server]: Passing new path to controller.
[controller_server-3] [INFO] [1788847890.942183661] [controller_server]: Passing new path to controller.
[controller_server-3] [INFO] [1788847891.986220293] [controller_server]: Passing new path to controller.
[controller_server-3] [INFO] [1788847892.984531173] [controller_server]: Passing new path to controller.
[controller_server-3] [INFO] [1788847894.035133014] [controller_server]: Passing new path to controller.
[controller_server-3] [INFO] [1788847894.336643852] [controller_server]: Reached the goal!
[bt_navigator-7] [INFO] [1788847894.373263078] [bt_navigator]: Goal succeeded
[INFO] [1788847894.373730284] [candidate_explorer]: Frontier goal finished: success=True
[INFO] [1788847894.373943616] [candidate_explorer]: Reached frontier. Waiting for the map to expose new frontiers.
[INFO] [1788847894.556816623] [candidate_explorer]: Detected 10856 frontier cells
[INFO] [1788847894.566664478] [candidate_explorer]: Found 113 frontier clusters after filtering
[INFO] [1788847894.584141200] [candidate_explorer]: Selected frontier cluster: size=2383, goal=(11.98, -1.99), distance=5.36
[INFO] [1788847894.585176943] [candidate_explorer]: Checking global path to frontier (11.98, -1.99), distance=5.36m
[INFO] [1788847894.601527257] [candidate_explorer]: Nav2 path to frontier is 5.41m (straight-line=5.36m, detour=1.0x)
[INFO] [1788847894.607623676] [candidate_explorer]: Global path accepted. Navigating to frontier (11.98, -1.99)
[bt_navigator-7] [INFO] [1788847894.608091548] [bt_navigator]: Begin navigating from current location (6.65, -1.49) to (11.98, -1.99)
[controller_server-3] [INFO] [1788847894.632041813] [controller_server]: Received a goal, begin computing control effort.
[controller_server-3] [INFO] [1788847895.684319559] [controller_server]: Passing new path to controller.
[controller_server-3] [INFO] [1788847896.734919233] [controller_server]: Passing new path to controller.
[controller_server-3] [INFO] [1788847897.732317536] [controller_server]: Passing new path to controller.
[controller_server-3] [INFO] [1788847898.733422190] [controller_server]: Passing new path to controller.
[controller_server-3] [INFO] [1788847899.734033800] [controller_server]: Reached the goal!
[controller_server-3] [INFO] [1788847899.750796277] [controller_server]: Received a goal, begin computing control effort.
[controller_server-3] [INFO] [1788847899.752792472] [controller_server]: Reached the goal!
[bt_navigator-7] [INFO] [1788847899.789304072] [bt_navigator]: Goal succeeded
[INFO] [1788847899.790770063] [candidate_explorer]: Frontier goal finished: success=True
[INFO] [1788847899.790990895] [candidate_explorer]: Reached frontier. Waiting for the map to expose new frontiers.
[INFO] [1788847900.056548991] [candidate_explorer]: Detected 10856 frontier cells
[INFO] [1788847900.066404011] [candidate_explorer]: Found 113 frontier clusters after filtering
[INFO] [1788847900.084170981] [candidate_explorer]: Selected frontier cluster: size=2383, goal=(12.36, -2.04), distance=0.60
[INFO] [1788847900.085271807] [candidate_explorer]: Checking global path to frontier (12.36, -2.04), distance=0.60m
[INFO] [1788847900.092881925] [candidate_explorer]: Nav2 path to frontier is 0.62m (straight-line=0.60m, detour=1.0x)
[INFO] [1788847900.093635587] [candidate_explorer]: Global path accepted. Navigating to frontier (12.36, -2.04)
[bt_navigator-7] [INFO] [1788847900.094005168] [bt_navigator]: Begin navigating from current location (11.76, -1.93) to (12.36, -2.04)
[controller_server-3] [INFO] [1788847900.116320400] [controller_server]: Received a goal, begin computing control effort.
[controller_server-3] [INFO] [1788847900.569291716] [controller_server]: Reached the goal!
[bt_navigator-7] [INFO] [1788847900.607087558] [bt_navigator]: Goal succeeded
[INFO] [1788847900.608282425] [candidate_explorer]: Frontier goal finished: success=True
[INFO] [1788847900.608530340] [candidate_explorer]: Reached frontier. Waiting for the map to expose new frontiers.
[INFO] [1788847900.808197773] [candidate_explorer]: Detected 10856 frontier cells
[INFO] [1788847900.818075669] [candidate_explorer]: Found 113 frontier clusters after filtering
[INFO] [1788847900.835504224] [candidate_explorer]: Selected frontier cluster: size=2383, goal=(6.45, -1.45), distance=5.74
[INFO] [1788847900.836470968] [candidate_explorer]: Checking global path to frontier (6.45, -1.45), distance=5.74m
[INFO] [1788847900.853695941] [candidate_explorer]: Nav2 path to frontier is 5.80m (straight-line=5.74m, detour=1.0x)
[INFO] [1788847900.860071275] [candidate_explorer]: Global path accepted. Navigating to frontier (6.45, -1.45)
[bt_navigator-7] [INFO] [1788847900.860601605] [bt_navigator]: Begin navigating from current location (12.17, -2.00) to (6.45, -1.45)
[controller_server-3] [INFO] [1788847900.883367127] [controller_server]: Received a goal, begin computing control effort.
[controller_server-3] [INFO] [1788847901.935165826] [controller_server]: Passing new path to controller.
[controller_server-3] [INFO] [1788847902.933553574] [controller_server]: Passing new path to controller.
[controller_server-3] [INFO] [1788847903.984027708] [controller_server]: Passing new path to controller.
[controller_server-3] [INFO] [1788847904.986119151] [controller_server]: Passing new path to controller.
[controller_server-3] [INFO] [1788847906.035834000] [controller_server]: Passing new path to controller.
[controller_server-3] [INFO] [1788847906.339102649] [controller_server]: Reached the goal!
[bt_navigator-7] [INFO] [1788847906.373519680] [bt_navigator]: Goal succeeded
[INFO] [1788847906.374731131] [candidate_explorer]: Frontier goal finished: success=True
[INFO] [1788847906.374953421] [candidate_explorer]: Reached frontier. Waiting for the map to expose new frontiers.
[INFO] [1788847906.558574000] [candidate_explorer]: Detected 10856 frontier cells
[INFO] [1788847906.568378896] [candidate_explorer]: Found 113 frontier clusters after filtering
[INFO] [1788847906.585496912] [candidate_explorer]: Selected frontier cluster: size=2383, goal=(11.98, -1.99), distance=5.35
[INFO] [1788847906.586677571] [candidate_explorer]: Checking global path to frontier (11.98, -1.99), distance=5.35m
[INFO] [1788847906.603326215] [candidate_explorer]: Nav2 path to frontier is 5.41m (straight-line=5.35m, detour=1.0x)
[INFO] [1788847906.609309385] [candidate_explorer]: Global path accepted. Navigating to frontier (11.98, -1.99)
[bt_navigator-7] [INFO] [1788847906.609732299] [bt_navigator]: Begin navigating from current location (6.67, -1.43) to (11.98, -1.99)
[controller_server-3] [INFO] [1788847906.632568987] [controller_server]: Received a goal, begin computing control effort.
[controller_server-3] [INFO] [1788847907.684043157] [controller_server]: Passing new path to controller.
[controller_server-3] [INFO] [1788847908.684052448] [controller_server]: Passing new path to controller.
[controller_server-3] [INFO] [1788847909.734112669] [controller_server]: Passing new path to controller.
[controller_server-3] [INFO] [1788847910.733444047] [controller_server]: Passing new path to controller.
[controller_server-3] [INFO] [1788847911.684528607] [controller_server]: Reached the goal!
[bt_navigator-7] [INFO] [1788847911.720374837] [bt_navigator]: Goal succeeded
[INFO] [1788847911.721599246] [candidate_explorer]: Frontier goal finished: success=True
[INFO] [1788847911.721842286] [candidate_explorer]: Reached frontier. Waiting for the map to expose new frontiers.
[INFO] [1788847912.058881846] [candidate_explorer]: Detected 10856 frontier cells
[INFO] [1788847912.068802032] [candidate_explorer]: Found 113 frontier clusters after filtering
[INFO] [1788847912.086048839] [candidate_explorer]: Selected frontier cluster: size=2383, goal=(12.37, -2.04), distance=0.61
[INFO] [1788847912.086960666] [candidate_explorer]: Checking global path to frontier (12.37, -2.04), distance=0.61m
[INFO] [1788847912.094601409] [candidate_explorer]: Nav2 path to frontier is 0.64m (straight-line=0.61m, detour=1.0x)
[INFO] [1788847912.095395446] [candidate_explorer]: Global path accepted. Navigating to frontier (12.37, -2.04)
[bt_navigator-7] [INFO] [1788847912.095779860] [bt_navigator]: Begin navigating from current location (11.77, -1.94) to (12.37, -2.04)
[controller_server-3] [INFO] [1788847912.118294758] [controller_server]: Received a goal, begin computing control effort.
[controller_server-3] [INFO] [1788847912.571079538] [controller_server]: Reached the goal!
[bt_navigator-7] [INFO] [1788847912.609155128] [bt_navigator]: Goal succeeded
[INFO] [1788847912.610271371] [candidate_explorer]: Frontier goal finished: success=True
[INFO] [1788847912.610537786] [candidate_explorer]: Reached frontier. Waiting for the map to expose new frontiers.
[INFO] [1788847912.806560911] [candidate_explorer]: Detected 10856 frontier cells
[INFO] [1788847912.816244308] [candidate_explorer]: Found 113 frontier clusters after filtering
[INFO] [1788847912.833877571] [candidate_explorer]: Selected frontier cluster: size=2383, goal=(6.45, -1.45), distance=5.74
[INFO] [1788847912.834863689] [candidate_explorer]: Checking global path to frontier (6.45, -1.45), distance=5.74m
[INFO] [1788847912.852244370] [candidate_explorer]: Nav2 path to frontier is 5.83m (straight-line=5.74m, detour=1.0x)
[INFO] [1788847912.858810578] [candidate_explorer]: Global path accepted. Navigating to frontier (6.45, -1.45)
[bt_navigator-7] [INFO] [1788847912.859289867] [bt_navigator]: Begin navigating from current location (12.16, -1.99) to (6.45, -1.45)
[controller_server-3] [INFO] [1788847912.881289310] [controller_server]: Received a goal, begin computing control effort.
[controller_server-3] [INFO] [1788847913.931749987] [controller_server]: Passing new path to controller.
[controller_server-3] [INFO] [1788847914.935496379] [controller_server]: Passing new path to controller.
[controller_server-3] [INFO] [1788847915.986208721] [controller_server]: Passing new path to controller.
[controller_server-3] [INFO] [1788847916.982031663] [controller_server]: Passing new path to controller.
[controller_server-3] [INFO] [1788847918.032066967] [controller_server]: Passing new path to controller.
[controller_server-3] [INFO] [1788847918.334398498] [controller_server]: Reached the goal!
[bt_navigator-7] [INFO] [1788847918.370294811] [bt_navigator]: Goal succeeded
[INFO] [1788847918.371397179] [candidate_explorer]: Frontier goal finished: success=True
[INFO] [1788847918.371641594] [candidate_explorer]: Reached frontier. Waiting for the map to expose new frontiers.
[INFO] [1788847918.554426678] [candidate_explorer]: Detected 10856 frontier cells
[INFO] [1788847918.564156075] [candidate_explorer]: Found 113 frontier clusters after filtering
[INFO] [1788847918.581607172] [candidate_explorer]: Selected frontier cluster: size=2383, goal=(11.98, -1.99), distance=5.36
[INFO] [1788847918.582670623] [candidate_explorer]: Checking global path to frontier (11.98, -1.99), distance=5.36m
[INFO] [1788847918.599222143] [candidate_explorer]: Nav2 path to frontier is 5.42m (straight-line=5.36m, detour=1.0x)
[INFO] [1788847918.605301062] [candidate_explorer]: Global path accepted. Navigating to frontier (11.98, -1.99)
[bt_navigator-7] [INFO] [1788847918.605819184] [bt_navigator]: Begin navigating from current location (6.65, -1.46) to (11.98, -1.99)
[controller_server-3] [INFO] [1788847918.629535699] [controller_server]: Received a goal, begin computing control effort.
[controller_server-3] [INFO] [1788847919.682248862] [controller_server]: Passing new path to controller.
[controller_server-3] [INFO] [1788847920.681334867] [controller_server]: Passing new path to controller.
[controller_server-3] [INFO] [1788847921.730742175] [controller_server]: Passing new path to controller.
[controller_server-3] [INFO] [1788847922.730754049] [controller_server]: Passing new path to controller.
[controller_server-3] [INFO] [1788847923.781389017] [controller_server]: Passing new path to controller.
[controller_server-3] [INFO] [1788847923.783292921] [controller_server]: Reached the goal!
[INFO] [1788847923.828107802] [candidate_explorer]: Frontier goal finished: success=True
[INFO] [1788847923.828309593] [candidate_explorer]: Reached frontier. Waiting for the map to expose new frontiers.
[bt_navigator-7] [INFO] [1788847923.828494758] [bt_navigator]: Goal succeeded
[INFO] [1788847924.057179633] [candidate_explorer]: Detected 10940 frontier cells
[INFO] [1788847924.067124195] [candidate_explorer]: Found 114 frontier clusters after filtering
[INFO] [1788847924.085076747] [candidate_explorer]: Selected frontier cluster: size=2498, goal=(12.37, -2.04), distance=0.60
[INFO] [1788847924.086057949] [candidate_explorer]: Checking global path to frontier (12.37, -2.04), distance=0.60m
[INFO] [1788847924.093730942] [candidate_explorer]: Nav2 path to frontier is 0.63m (straight-line=0.60m, detour=1.0x)
[INFO] [1788847924.094571395] [candidate_explorer]: Global path accepted. Navigating to frontier (12.37, -2.04)
[bt_navigator-7] [INFO] [1788847924.094965684] [bt_navigator]: Begin navigating from current location (11.78, -1.92) to (12.37, -2.04)
[controller_server-3] [INFO] [1788847924.116857961] [controller_server]: Received a goal, begin computing control effort.
[controller_server-3] [INFO] [1788847924.570210529] [controller_server]: Reached the goal!
[bt_navigator-7] [INFO] [1788847924.605335846] [bt_navigator]: Goal succeeded
[INFO] [1788847924.606564714] [candidate_explorer]: Frontier goal finished: success=True
[INFO] [1788847924.606811379] [candidate_explorer]: Reached frontier. Waiting for the map to expose new frontiers.
[INFO] [1788847924.807332142] [candidate_explorer]: Detected 10940 frontier cells
[INFO] [1788847924.817008788] [candidate_explorer]: Found 114 frontier clusters after filtering
[INFO] [1788847924.835042507] [candidate_explorer]: Selected frontier cluster: size=2498, goal=(6.45, -1.45), distance=5.76
[INFO] [1788847924.836110875] [candidate_explorer]: Checking global path to frontier (6.45, -1.45), distance=5.76m
[INFO] [1788847924.853187766] [candidate_explorer]: Nav2 path to frontier is 5.85m (straight-line=5.76m, detour=1.0x)
[INFO] [1788847924.859875807] [candidate_explorer]: Global path accepted. Navigating to frontier (6.45, -1.45)
[bt_navigator-7] [INFO] [1788847924.860453886] [bt_navigator]: Begin navigating from current location (12.18, -2.01) to (6.45, -1.45)
[controller_server-3] [INFO] [1788847924.882552370] [controller_server]: Received a goal, begin computing control effort.
[controller_server-3] [INFO] [1788847925.935090034] [controller_server]: Passing new path to controller.
[controller_server-3] [INFO] [1788847926.932644799] [controller_server]: Passing new path to controller.
[controller_server-3] [INFO] [1788847927.984860714] [controller_server]: Passing new path to controller.
[controller_server-3] [INFO] [1788847928.982888892] [controller_server]: Passing new path to controller.
[controller_server-3] [INFO] [1788847930.036568049] [controller_server]: Passing new path to controller.
[controller_server-3] [INFO] [1788847930.385544574] [controller_server]: Reached the goal!
[bt_navigator-7] [INFO] [1788847930.412469610] [bt_navigator]: Goal succeeded
[INFO] [1788847930.412959274] [candidate_explorer]: Frontier goal finished: success=True
[INFO] [1788847930.413214272] [candidate_explorer]: Reached frontier. Waiting for the map to expose new frontiers.
[INFO] [1788847930.556162944] [candidate_explorer]: Detected 10939 frontier cells
[INFO] [1788847930.565682425] [candidate_explorer]: Found 114 frontier clusters after filtering
[INFO] [1788847930.584144807] [candidate_explorer]: Selected frontier cluster: size=2498, goal=(11.98, -1.99), distance=5.35
[INFO] [1788847930.585243675] [candidate_explorer]: Checking global path to frontier (11.98, -1.99), distance=5.35m
[INFO] [1788847930.602213776] [candidate_explorer]: Nav2 path to frontier is 5.41m (straight-line=5.35m, detour=1.0x)
[INFO] [1788847930.607989364] [candidate_explorer]: Global path accepted. Navigating to frontier (11.98, -1.99)
[bt_navigator-7] [INFO] [1788847930.608529694] [bt_navigator]: Begin navigating from current location (6.66, -1.44) to (11.98, -1.99)
[controller_server-3] [INFO] [1788847930.630607678] [controller_server]: Received a goal, begin computing control effort.
[controller_server-3] [INFO] [1788847931.682737594] [controller_server]: Passing new path to controller.
[controller_server-3] [INFO] [1788847932.730999077] [controller_server]: Passing new path to controller.
[controller_server-3] [INFO] [1788847933.731472531] [controller_server]: Passing new path to controller.
[controller_server-3] [INFO] [1788847934.781237046] [controller_server]: Passing new path to controller.
[controller_server-3] [INFO] [1788847935.782046998] [controller_server]: Passing new path to controller.
[controller_server-3] [INFO] [1788847935.784100193] [controller_server]: Reached the goal!
[bt_navigator-7] [INFO] [1788847935.831145310] [bt_navigator]: Goal succeeded
[INFO] [1788847935.832366343] [candidate_explorer]: Frontier goal finished: success=True
[INFO] [1788847935.832566884] [candidate_explorer]: Reached frontier. Waiting for the map to expose new frontiers.
[INFO] [1788847936.056429540] [candidate_explorer]: Detected 10939 frontier cells
[INFO] [1788847936.066475726] [candidate_explorer]: Found 114 frontier clusters after filtering
[INFO] [1788847936.084765151] [candidate_explorer]: Selected frontier cluster: size=2498, goal=(12.36, -2.04), distance=0.61
[INFO] [1788847936.085894894] [candidate_explorer]: Checking global path to frontier (12.36, -2.04), distance=0.61m
[INFO] [1788847936.093451262] [candidate_explorer]: Nav2 path to frontier is 0.63m (straight-line=0.61m, detour=1.0x)
[INFO] [1788847936.094212924] [candidate_explorer]: Global path accepted. Navigating to frontier (12.36, -2.04)
[bt_navigator-7] [INFO] [1788847936.094615463] [bt_navigator]: Begin navigating from current location (11.76, -1.92) to (12.36, -2.04)
[controller_server-3] [INFO] [1788847936.118169229] [controller_server]: Received a goal, begin computing control effort.
[controller_server-3] [INFO] [1788847936.571187674] [controller_server]: Reached the goal!
[bt_navigator-7] [INFO] [1788847936.605260874] [bt_navigator]: Goal succeeded
[INFO] [1788847936.606557199] [candidate_explorer]: Frontier goal finished: success=True
[INFO] [1788847936.606837155] [candidate_explorer]: Reached frontier. Waiting for the map to expose new frontiers.
[INFO] [1788847936.809611154] [candidate_explorer]: Detected 10939 frontier cells
[INFO] [1788847936.819531966] [candidate_explorer]: Found 114 frontier clusters after filtering
[INFO] [1788847936.837456310] [candidate_explorer]: Selected frontier cluster: size=2498, goal=(6.45, -1.45), distance=5.74
[INFO] [1788847936.838639927] [candidate_explorer]: Checking global path to frontier (6.45, -1.45), distance=5.74m
[INFO] [1788847936.855774568] [candidate_explorer]: Nav2 path to frontier is 5.80m (straight-line=5.74m, detour=1.0x)
[INFO] [1788847936.861743988] [candidate_explorer]: Global path accepted. Navigating to frontier (6.45, -1.45)
[bt_navigator-7] [INFO] [1788847936.862237277] [bt_navigator]: Begin navigating from current location (12.16, -1.99) to (6.45, -1.45)
[controller_server-3] [INFO] [1788847936.885677044] [controller_server]: Received a goal, begin computing control effort.
[controller_server-3] [INFO] [1788847937.936078680] [controller_server]: Passing new path to controller.
[controller_server-3] [INFO] [1788847938.988232388] [controller_server]: Passing new path to controller.
[controller_server-3] [INFO] [1788847939.988250595] [controller_server]: Passing new path to controller.
[controller_server-3] [INFO] [1788847941.038259899] [controller_server]: Passing new path to controller.
[controller_server-3] [INFO] [1788847942.038018108] [controller_server]: Passing new path to controller.
[controller_server-3] [INFO] [1788847942.338084070] [controller_server]: Reached the goal!
[bt_navigator-7] [INFO] [1788847942.374534087] [bt_navigator]: Goal succeeded
[INFO] [1788847942.375686830] [candidate_explorer]: Frontier goal finished: success=True
[INFO] [1788847942.375935870] [candidate_explorer]: Reached frontier. Waiting for the map to expose new frontiers.
[INFO] [1788847942.556897925] [candidate_explorer]: Detected 10939 frontier cells
[INFO] [1788847942.567146401] [candidate_explorer]: Found 114 frontier clusters after filtering
[INFO] [1788847942.584603581] [candidate_explorer]: Selected frontier cluster: size=2498, goal=(11.98, -1.99), distance=5.33
[INFO] [1788847942.585698866] [candidate_explorer]: Checking global path to frontier (11.98, -1.99), distance=5.33m
[INFO] [1788847942.602069803] [candidate_explorer]: Nav2 path to frontier is 5.39m (straight-line=5.33m, detour=1.0x)
[INFO] [1788847942.607942932] [candidate_explorer]: Global path accepted. Navigating to frontier (11.98, -1.99)
[bt_navigator-7] [INFO] [1788847942.608423804] [bt_navigator]: Begin navigating from current location (6.68, -1.46) to (11.98, -1.99)
[controller_server-3] [INFO] [1788847942.630680788] [controller_server]: Received a goal, begin computing control effort.
[controller_server-3] [INFO] [1788847943.684849191] [controller_server]: Passing new path to controller.
[controller_server-3] [INFO] [1788847944.731217769] [controller_server]: Passing new path to controller.
[controller_server-3] [INFO] [1788847945.730898978] [controller_server]: Passing new path to controller.
[controller_server-3] [INFO] [1788847946.782337149] [controller_server]: Passing new path to controller.
[controller_server-3] [INFO] [1788847947.733997623] [controller_server]: Reached the goal!
[bt_navigator-7] [INFO] [1788847947.768784651] [bt_navigator]: Goal succeeded
[INFO] [1788847947.769887227] [candidate_explorer]: Frontier goal finished: success=True
[INFO] [1788847947.770099976] [candidate_explorer]: Reached frontier. Waiting for the map to expose new frontiers.
[INFO] [1788847948.063881727] [candidate_explorer]: Detected 10956 frontier cells
[INFO] [1788847948.073946622] [candidate_explorer]: Found 114 frontier clusters after filtering
[INFO] [1788847948.091927382] [candidate_explorer]: Selected frontier cluster: size=2505, goal=(12.37, -2.04), distance=0.60
[INFO] [1788847948.093040625] [candidate_explorer]: Checking global path to frontier (12.37, -2.04), distance=0.60m
[INFO] [1788847948.100377828] [candidate_explorer]: Nav2 path to frontier is 0.63m (straight-line=0.60m, detour=1.0x)
[INFO] [1788847948.101099657] [candidate_explorer]: Global path accepted. Navigating to frontier (12.37, -2.04)
[bt_navigator-7] [INFO] [1788847948.101506654] [bt_navigator]: Begin navigating from current location (11.78, -1.93) to (12.37, -2.04)
[controller_server-3] [INFO] [1788847948.125185378] [controller_server]: Received a goal, begin computing control effort.
[controller_server-3] [INFO] [1788847948.577352245] [controller_server]: Reached the goal!
[bt_navigator-7] [INFO] [1788847948.613551139] [bt_navigator]: Goal succeeded
[INFO] [1788847948.614032845] [candidate_explorer]: Frontier goal finished: success=True
[INFO] [1788847948.614253843] [candidate_explorer]: Reached frontier. Waiting for the map to expose new frontiers.
[INFO] [1788847948.810618258] [candidate_explorer]: Detected 10957 frontier cells
[INFO] [1788847948.820762693] [candidate_explorer]: Found 114 frontier clusters after filtering
[INFO] [1788847948.838632121] [candidate_explorer]: Selected frontier cluster: size=2505, goal=(6.45, -1.45), distance=5.75
[INFO] [1788847948.839679656] [candidate_explorer]: Checking global path to frontier (6.45, -1.45), distance=5.75m
[INFO] [1788847948.857247335] [candidate_explorer]: Nav2 path to frontier is 5.83m (straight-line=5.75m, detour=1.0x)
[INFO] [1788847948.863352463] [candidate_explorer]: Global path accepted. Navigating to frontier (6.45, -1.45)
[bt_navigator-7] [INFO] [1788847948.863819877] [bt_navigator]: Begin navigating from current location (12.17, -2.01) to (6.45, -1.45)
[controller_server-3] [INFO] [1788847948.886604565] [controller_server]: Received a goal, begin computing control effort.
[controller_server-3] [INFO] [1788847949.938097777] [controller_server]: Passing new path to controller.
[controller_server-3] [INFO] [1788847950.940248929] [controller_server]: Passing new path to controller.
[controller_server-3] [INFO] [1788847951.990078901] [controller_server]: Passing new path to controller.
[controller_server-3] [INFO] [1788847952.987274043] [controller_server]: Passing new path to controller.
[controller_server-3] [INFO] [1788847954.038108468] [controller_server]: Passing new path to controller.
[controller_server-3] [INFO] [1788847954.339799586] [controller_server]: Reached the goal!
[bt_navigator-7] [INFO] [1788847954.374365490] [bt_navigator]: Goal succeeded
[INFO] [1788847954.375487275] [candidate_explorer]: Frontier goal finished: success=True
[INFO] [1788847954.375710607] [candidate_explorer]: Reached frontier. Waiting for the map to expose new frontiers.
[INFO] [1788847954.557400032] [candidate_explorer]: Detected 10957 frontier cells
[INFO] [1788847954.567292427] [candidate_explorer]: Found 114 frontier clusters after filtering
[INFO] [1788847954.584814857] [candidate_explorer]: Selected frontier cluster: size=2505, goal=(11.98, -1.99), distance=5.37
[INFO] [1788847954.585779059] [candidate_explorer]: Checking global path to frontier (11.98, -1.99), distance=5.37m
[INFO] [1788847954.602929866] [candidate_explorer]: Nav2 path to frontier is 5.42m (straight-line=5.37m, detour=1.0x)
[INFO] [1788847954.608731579] [candidate_explorer]: Global path accepted. Navigating to frontier (11.98, -1.99)
[bt_navigator-7] [INFO] [1788847954.609288451] [bt_navigator]: Begin navigating from current location (6.64, -1.46) to (11.98, -1.99)
[controller_server-3] [INFO] [1788847954.633361381] [controller_server]: Received a goal, begin computing control effort.
[controller_server-3] [INFO] [1788847955.685278257] [controller_server]: Passing new path to controller.
[controller_server-3] [INFO] [1788847956.734745815] [controller_server]: Passing new path to controller.
[controller_server-3] [INFO] [1788847957.733925902] [controller_server]: Passing new path to controller.
[controller_server-3] [INFO] [1788847958.733988776] [controller_server]: Passing new path to controller.
[controller_server-3] [INFO] [1788847959.738388538] [controller_server]: Reached the goal!
[bt_navigator-7] [INFO] [1788847959.772450696] [bt_navigator]: Goal succeeded
[INFO] [1788847959.773598564] [candidate_explorer]: Frontier goal finished: success=True
[INFO] [1788847959.773850145] [candidate_explorer]: Reached frontier. Waiting for the map to expose new frontiers.
[INFO] [1788847960.057413546] [candidate_explorer]: Detected 10951 frontier cells
[INFO] [1788847960.067520189] [candidate_explorer]: Found 113 frontier clusters after filtering
[INFO] [1788847960.085201327] [candidate_explorer]: Selected frontier cluster: size=2503, goal=(12.37, -2.05), distance=0.60
[INFO] [1788847960.086258153] [candidate_explorer]: Checking global path to frontier (12.37, -2.05), distance=0.60m
[INFO] [1788847960.094045937] [candidate_explorer]: Nav2 path to frontier is 0.62m (straight-line=0.60m, detour=1.0x)
[INFO] [1788847960.094932515] [candidate_explorer]: Global path accepted. Navigating to frontier (12.37, -2.05)
[bt_navigator-7] [INFO] [1788847960.095415470] [bt_navigator]: Begin navigating from current location (11.78, -1.95) to (12.37, -2.05)
[controller_server-3] [INFO] [1788847960.116872666] [controller_server]: Received a goal, begin computing control effort.
[controller_server-3] [INFO] [1788847960.117002082] [controller_server]: Passing new path to controller.
[controller_server-3] [INFO] [1788847960.570547649] [controller_server]: Reached the goal!
[bt_navigator-7] [INFO] [1788847960.605860423] [bt_navigator]: Goal succeeded
[INFO] [1788847960.606359920] [candidate_explorer]: Frontier goal finished: success=True
[INFO] [1788847960.606623752] [candidate_explorer]: Reached frontier. Waiting for the map to expose new frontiers.
[INFO] [1788847960.811042449] [candidate_explorer]: Detected 10949 frontier cells
[INFO] [1788847960.821128843] [candidate_explorer]: Found 113 frontier clusters after filtering
[INFO] [1788847960.838650773] [candidate_explorer]: Selected frontier cluster: size=2503, goal=(6.45, -1.45), distance=5.75
[INFO] [1788847960.839630183] [candidate_explorer]: Checking global path to frontier (6.45, -1.45), distance=5.75m
[INFO] [1788847960.856960281] [candidate_explorer]: Nav2 path to frontier is 5.82m (straight-line=5.75m, detour=1.0x)
[INFO] [1788847960.863537280] [candidate_explorer]: Global path accepted. Navigating to frontier (6.45, -1.45)
[bt_navigator-7] [INFO] [1788847960.863949695] [bt_navigator]: Begin navigating from current location (12.17, -2.02) to (6.45, -1.45)
[controller_server-3] [INFO] [1788847960.884804270] [controller_server]: Received a goal, begin computing control effort.
[controller_server-3] [INFO] [1788847961.936123316] [controller_server]: Passing new path to controller.
[controller_server-3] [INFO] [1788847962.936642562] [controller_server]: Passing new path to controller.
[controller_server-3] [INFO] [1788847963.987948692] [controller_server]: Passing new path to controller.
[controller_server-3] [INFO] [1788847964.985550164] [controller_server]: Passing new path to controller.
[controller_server-3] [INFO] [1788847966.038035412] [controller_server]: Passing new path to controller.
[controller_server-3] [INFO] [1788847966.338063832] [controller_server]: Reached the goal!
[bt_navigator-7] [INFO] [1788847966.374490850] [bt_navigator]: Goal succeeded
[INFO] [1788847966.375946799] [candidate_explorer]: Frontier goal finished: success=True
[INFO] [1788847966.376220005] [candidate_explorer]: Reached frontier. Waiting for the map to expose new frontiers.
[INFO] [1788847966.557192351] [candidate_explorer]: Detected 10949 frontier cells
[INFO] [1788847966.567008997] [candidate_explorer]: Found 113 frontier clusters after filtering
[INFO] [1788847966.584841217] [candidate_explorer]: Selected frontier cluster: size=2503, goal=(11.95, -2.02), distance=5.31
[INFO] [1788847966.585912210] [candidate_explorer]: Checking global path to frontier (11.95, -2.02), distance=5.31m
[INFO] [1788847966.610248471] [candidate_explorer]: Nav2 path to frontier is 5.36m (straight-line=5.31m, detour=1.0x)
[INFO] [1788847966.615856811] [candidate_explorer]: Global path accepted. Navigating to frontier (11.95, -2.02)
[bt_navigator-7] [INFO] [1788847966.616468598] [bt_navigator]: Begin navigating from current location (6.67, -1.45) to (11.95, -2.02)
[controller_server-3] [INFO] [1788847966.637177091] [controller_server]: Received a goal, begin computing control effort.
[controller_server-3] [INFO] [1788847967.688631887] [controller_server]: Passing new path to controller.
[controller_server-3] [INFO] [1788847968.740967802] [controller_server]: Passing new path to controller.
[controller_server-3] [INFO] [1788847969.737842446] [controller_server]: Passing new path to controller.
[controller_server-3] [INFO] [1788847970.788124374] [controller_server]: Passing new path to controller.
[controller_server-3] [INFO] [1788847971.689555960] [controller_server]: Reached the goal!
[bt_navigator-7] [INFO] [1788847971.727937340] [bt_navigator]: Goal succeeded
[INFO] [1788847971.729125957] [candidate_explorer]: Frontier goal finished: success=True
[INFO] [1788847971.729406581] [candidate_explorer]: Reached frontier. Waiting for the map to expose new frontiers.
[INFO] [1788847972.059640517] [candidate_explorer]: Detected 10949 frontier cells
[INFO] [1788847972.069948701] [candidate_explorer]: Found 113 frontier clusters after filtering
[INFO] [1788847972.087791379] [candidate_explorer]: Selected frontier cluster: size=2503, goal=(12.33, -2.04), distance=0.60
[INFO] [1788847972.089104037] [candidate_explorer]: Checking global path to frontier (12.33, -2.04), distance=0.60m
[INFO] [1788847972.096985903] [candidate_explorer]: Nav2 path to frontier is 0.63m (straight-line=0.60m, detour=1.0x)
[INFO] [1788847972.097767440] [candidate_explorer]: Global path accepted. Navigating to frontier (12.33, -2.04)
[bt_navigator-7] [INFO] [1788847972.098198437] [bt_navigator]: Begin navigating from current location (11.73, -1.96) to (12.33, -2.04)
[controller_server-3] [INFO] [1788847972.121465581] [controller_server]: Received a goal, begin computing control effort.
[controller_server-3] [INFO] [1788847972.575168188] [controller_server]: Reached the goal!
[bt_navigator-7] [INFO] [1788847972.608555975] [bt_navigator]: Goal succeeded
[INFO] [1788847972.609065430] [candidate_explorer]: Frontier goal finished: success=True
[INFO] [1788847972.609318637] [candidate_explorer]: Reached frontier. Waiting for the map to expose new frontiers.
[INFO] [1788847972.809834775] [candidate_explorer]: Detected 10949 frontier cells
[INFO] [1788847972.819801545] [candidate_explorer]: Found 113 frontier clusters after filtering
[INFO] [1788847972.837635723] [candidate_explorer]: Selected frontier cluster: size=2503, goal=(12.72, -2.08), distance=0.61
[INFO] [1788847972.838730424] [candidate_explorer]: Checking global path to frontier (12.72, -2.08), distance=0.61m
[INFO] [1788847972.846356750] [candidate_explorer]: Nav2 path to frontier is 0.62m (straight-line=0.61m, detour=1.0x)
[INFO] [1788847972.847046496] [candidate_explorer]: Global path accepted. Navigating to frontier (12.72, -2.08)
[bt_navigator-7] [INFO] [1788847972.847417910] [bt_navigator]: Begin navigating from current location (12.11, -2.03) to (12.72, -2.08)
[controller_server-3] [INFO] [1788847972.870503680] [controller_server]: Received a goal, begin computing control effort.
[controller_server-3] [INFO] [1788847973.324321244] [controller_server]: Reached the goal!
[bt_navigator-7] [INFO] [1788847973.358007613] [bt_navigator]: Goal succeeded
[INFO] [1788847973.359202730] [candidate_explorer]: Frontier goal finished: success=True
[INFO] [1788847973.359457187] [candidate_explorer]: Reached frontier. Waiting for the map to expose new frontiers.
[INFO] [1788847973.514201534] [candidate_explorer]: Detected 10949 frontier cells
[INFO] [1788847973.524115804] [candidate_explorer]: Found 113 frontier clusters after filtering
[INFO] [1788847973.542068148] [candidate_explorer]: Selected frontier cluster: size=2503, goal=(6.45, -1.45), distance=6.10
[INFO] [1788847973.543186932] [candidate_explorer]: Checking global path to frontier (6.45, -1.45), distance=6.10m
[INFO] [1788847973.561225567] [candidate_explorer]: Nav2 path to frontier is 6.19m (straight-line=6.10m, detour=1.0x)
[INFO] [1788847973.568003857] [candidate_explorer]: Global path accepted. Navigating to frontier (6.45, -1.45)
[bt_navigator-7] [INFO] [1788847973.568475521] [bt_navigator]: Begin navigating from current location (12.52, -2.04) to (6.45, -1.45)
[controller_server-3] [INFO] [1788847973.591943621] [controller_server]: Received a goal, begin computing control effort.
[controller_server-3] [INFO] [1788847974.642358590] [controller_server]: Passing new path to controller.
[controller_server-3] [INFO] [1788847975.692461019] [controller_server]: Passing new path to controller.
[controller_server-3] [INFO] [1788847976.693105097] [controller_server]: Passing new path to controller.
[controller_server-3] [INFO] [1788847977.742361032] [controller_server]: Passing new path to controller.
[controller_server-3] [INFO] [1788847978.742153991] [controller_server]: Passing new path to controller.
[controller_server-3] [INFO] [1788847979.344082111] [controller_server]: Reached the goal!
[bt_navigator-7] [INFO] [1788847979.379478760] [bt_navigator]: Goal succeeded
[INFO] [1788847979.380674503] [candidate_explorer]: Frontier goal finished: success=True
[INFO] [1788847979.380927918] [candidate_explorer]: Reached frontier. Waiting for the map to expose new frontiers.
[INFO] [1788847979.560626147] [candidate_explorer]: Detected 10949 frontier cells
[INFO] [1788847979.570675291] [candidate_explorer]: Found 113 frontier clusters after filtering
[INFO] [1788847979.588037805] [candidate_explorer]: Selected frontier cluster: size=2503, goal=(11.95, -2.02), distance=5.30
[INFO] [1788847979.589231006] [candidate_explorer]: Checking global path to frontier (11.95, -2.02), distance=5.30m
[INFO] [1788847979.606173898] [candidate_explorer]: Nav2 path to frontier is 5.36m (straight-line=5.30m, detour=1.0x)
[INFO] [1788847979.611751904] [candidate_explorer]: Global path accepted. Navigating to frontier (11.95, -2.02)
[bt_navigator-7] [INFO] [1788847979.612229859] [bt_navigator]: Begin navigating from current location (6.68, -1.46) to (11.95, -2.02)
[controller_server-3] [INFO] [1788847979.635353920] [controller_server]: Received a goal, begin computing control effort.
[controller_server-3] [INFO] [1788847980.687077881] [controller_server]: Passing new path to controller.
[controller_server-3] [INFO] [1788847981.736388565] [controller_server]: Passing new path to controller.
[controller_server-3] [INFO] [1788847982.737431599] [controller_server]: Passing new path to controller.
[controller_server-3] [INFO] [1788847983.737348515] [controller_server]: Passing new path to controller.
[controller_server-3] [INFO] [1788847984.690301772] [controller_server]: Reached the goal!
[bt_navigator-7] [INFO] [1788847984.723998807] [bt_navigator]: Goal succeeded
[INFO] [1788847984.725213300] [candidate_explorer]: Frontier goal finished: success=True
[INFO] [1788847984.725428298] [candidate_explorer]: Reached frontier. Waiting for the map to expose new frontiers.
[INFO] [1788847985.058619465] [candidate_explorer]: Detected 10886 frontier cells
[INFO] [1788847985.068171363] [candidate_explorer]: Found 113 frontier clusters after filtering
[INFO] [1788847985.085955499] [candidate_explorer]: Selected frontier cluster: size=2440, goal=(12.34, -2.04), distance=0.60
[INFO] [1788847985.087001659] [candidate_explorer]: Checking global path to frontier (12.34, -2.04), distance=0.60m
[INFO] [1788847985.094600861] [candidate_explorer]: Nav2 path to frontier is 0.62m (straight-line=0.60m, detour=1.0x)
[INFO] [1788847985.095331315] [candidate_explorer]: Global path accepted. Navigating to frontier (12.34, -2.04)
[bt_navigator-7] [INFO] [1788847985.095743812] [bt_navigator]: Begin navigating from current location (11.75, -1.97) to (12.34, -2.04)
[controller_server-3] [INFO] [1788847985.117373382] [controller_server]: Received a goal, begin computing control effort.
[controller_server-3] [INFO] [1788847985.569374292] [controller_server]: Reached the goal!
[bt_navigator-7] [INFO] [1788847985.606084516] [bt_navigator]: Goal succeeded
[INFO] [1788847985.607161509] [candidate_explorer]: Frontier goal finished: success=True
[INFO] [1788847985.607365091] [candidate_explorer]: Reached frontier. Waiting for the map to expose new frontiers.
[INFO] [1788847985.762249104] [candidate_explorer]: Detected 10886 frontier cells
[INFO] [1788847985.772076291] [candidate_explorer]: Found 113 frontier clusters after filtering
[INFO] [1788847985.789758428] [candidate_explorer]: Selected frontier cluster: size=2440, goal=(6.45, -1.45), distance=5.73
[INFO] [1788847985.790924213] [candidate_explorer]: Checking global path to frontier (6.45, -1.45), distance=5.73m
[INFO] [1788847985.808555892] [candidate_explorer]: Nav2 path to frontier is 5.82m (straight-line=5.73m, detour=1.0x)
[INFO] [1788847985.814887726] [candidate_explorer]: Global path accepted. Navigating to frontier (6.45, -1.45)
[bt_navigator-7] [INFO] [1788847985.815370890] [bt_navigator]: Begin navigating from current location (12.15, -2.03) to (6.45, -1.45)
[controller_server-3] [INFO] [1788847985.836709254] [controller_server]: Received a goal, begin computing control effort.
[controller_server-3] [INFO] [1788847986.889725831] [controller_server]: Passing new path to controller.
[controller_server-3] [INFO] [1788847987.937576608] [controller_server]: Passing new path to controller.
[controller_server-3] [INFO] [1788847988.938363477] [controller_server]: Passing new path to controller.
[controller_server-3] [INFO] [1788847989.989396734] [controller_server]: Passing new path to controller.
[controller_server-3] [INFO] [1788847990.990724849] [controller_server]: Passing new path to controller.
[controller_server-3] [INFO] [1788847991.240665630] [controller_server]: Reached the goal!
[bt_navigator-7] [INFO] [1788847991.277528020] [bt_navigator]: Goal succeeded
[INFO] [1788847991.278003684] [candidate_explorer]: Frontier goal finished: success=True
[INFO] [1788847991.278264016] [candidate_explorer]: Reached frontier. Waiting for the map to expose new frontiers.
[INFO] [1788847991.558317522] [candidate_explorer]: Detected 10886 frontier cells
[INFO] [1788847991.568366458] [candidate_explorer]: Found 113 frontier clusters after filtering
[INFO] [1788847991.586016720] [candidate_explorer]: Selected frontier cluster: size=2440, goal=(11.95, -2.02), distance=5.32
[INFO] [1788847991.587145671] [candidate_explorer]: Checking global path to frontier (11.95, -2.02), distance=5.32m
[INFO] [1788847991.609150323] [candidate_explorer]: Nav2 path to frontier is 5.38m (straight-line=5.32m, detour=1.0x)
[INFO] [1788847991.614721120] [candidate_explorer]: Global path accepted. Navigating to frontier (11.95, -2.02)
[bt_navigator-7] [INFO] [1788847991.615205117] [bt_navigator]: Begin navigating from current location (6.66, -1.45) to (11.95, -2.02)
[controller_server-3] [INFO] [1788847991.636419357] [controller_server]: Received a goal, begin computing control effort.
[controller_server-3] [INFO] [1788847992.688567398] [controller_server]: Passing new path to controller.
[controller_server-3] [INFO] [1788847993.739996319] [controller_server]: Passing new path to controller.
[controller_server-3] [INFO] [1788847994.738003247] [controller_server]: Passing new path to controller.
[controller_server-3] [INFO] [1788847995.787835595] [controller_server]: Passing new path to controller.
[controller_server-3] [INFO] [1788847996.739237945] [controller_server]: Reached the goal!
[controller_server-3] [INFO] [1788847996.758442989] [controller_server]: Received a goal, begin computing control effort.
[controller_server-3] [INFO] [1788847996.760437893] [controller_server]: Reached the goal!
[bt_navigator-7] [INFO] [1788847996.796250248] [bt_navigator]: Goal succeeded
[INFO] [1788847996.797463907] [candidate_explorer]: Frontier goal finished: success=True
[INFO] [1788847996.797725697] [candidate_explorer]: Reached frontier. Waiting for the map to expose new frontiers.
[INFO] [1788847997.057045169] [candidate_explorer]: Detected 10886 frontier cells
[INFO] [1788847997.067342270] [candidate_explorer]: Found 113 frontier clusters after filtering
[INFO] [1788847997.085153740] [candidate_explorer]: Selected frontier cluster: size=2440, goal=(12.36, -2.04), distance=0.61
[INFO] [1788847997.086273149] [candidate_explorer]: Checking global path to frontier (12.36, -2.04), distance=0.61m
[INFO] [1788847997.094149391] [candidate_explorer]: Nav2 path to frontier is 0.64m (straight-line=0.61m, detour=1.0x)
[INFO] [1788847997.094906969] [candidate_explorer]: Global path accepted. Navigating to frontier (12.36, -2.04)
[bt_navigator-7] [INFO] [1788847997.095336675] [bt_navigator]: Begin navigating from current location (11.75, -1.97) to (12.36, -2.04)
[controller_server-3] [INFO] [1788847997.116551123] [controller_server]: Received a goal, begin computing control effort.
[controller_server-3] [INFO] [1788847997.568821614] [controller_server]: Reached the goal!
[bt_navigator-7] [INFO] [1788847997.605565963] [bt_navigator]: Goal succeeded
[INFO] [1788847997.606685039] [candidate_explorer]: Frontier goal finished: success=True
[INFO] [1788847997.606924829] [candidate_explorer]: Reached frontier. Waiting for the map to expose new frontiers.
[INFO] [1788847997.759638231] [candidate_explorer]: Detected 10886 frontier cells
[INFO] [1788847997.769464918] [candidate_explorer]: Found 113 frontier clusters after filtering
[INFO] [1788847997.787182805] [candidate_explorer]: Selected frontier cluster: size=2440, goal=(6.45, -1.45), distance=5.73
[INFO] [1788847997.788194174] [candidate_explorer]: Checking global path to frontier (6.45, -1.45), distance=5.73m
[INFO] [1788847997.805705770] [candidate_explorer]: Nav2 path to frontier is 5.82m (straight-line=5.73m, detour=1.0x)
[INFO] [1788847997.811892231] [candidate_explorer]: Global path accepted. Navigating to frontier (6.45, -1.45)
[bt_navigator-7] [INFO] [1788847997.812377478] [bt_navigator]: Begin navigating from current location (12.15, -2.03) to (6.45, -1.45)
[controller_server-3] [INFO] [1788847997.834269463] [controller_server]: Received a goal, begin computing control effort.
[controller_server-3] [INFO] [1788847998.886641378] [controller_server]: Passing new path to controller.
[controller_server-3] [INFO] [1788847999.936608725] [controller_server]: Passing new path to controller.
[controller_server-3] [INFO] [1788848000.937232303] [controller_server]: Passing new path to controller.
[controller_server-3] [INFO] [1788848001.984739582] [controller_server]: Passing new path to controller.
[controller_server-3] [INFO] [1788848002.985758324] [controller_server]: Passing new path to controller.
[controller_server-3] [INFO] [1788848003.288223854] [controller_server]: Reached the goal!
[bt_navigator-7] [INFO] [1788848003.324481790] [bt_navigator]: Goal succeeded
[INFO] [1788848003.324953453] [candidate_explorer]: Frontier goal finished: success=True
[INFO] [1788848003.325239910] [candidate_explorer]: Reached frontier. Waiting for the map to expose new frontiers.
[INFO] [1788848003.557359596] [candidate_explorer]: Detected 10886 frontier cells
[INFO] [1788848003.567416116] [candidate_explorer]: Found 113 frontier clusters after filtering
[INFO] [1788848003.584777297] [candidate_explorer]: Selected frontier cluster: size=2440, goal=(11.95, -2.02), distance=5.33
[INFO] [1788848003.585874540] [candidate_explorer]: Checking global path to frontier (11.95, -2.02), distance=5.33m
[INFO] [1788848003.602442184] [candidate_explorer]: Nav2 path to frontier is 5.39m (straight-line=5.33m, detour=1.0x)
[INFO] [1788848003.608244772] [candidate_explorer]: Global path accepted. Navigating to frontier (11.95, -2.02)
[bt_navigator-7] [INFO] [1788848003.608714311] [bt_navigator]: Begin navigating from current location (6.65, -1.45) to (11.95, -2.02)
[controller_server-3] [INFO] [1788848003.629558219] [controller_server]: Received a goal, begin computing control effort.
[controller_server-3] [INFO] [1788848004.679993271] [controller_server]: Passing new path to controller.
[controller_server-3] [INFO] [1788848005.680786765] [controller_server]: Passing new path to controller.
[controller_server-3] [INFO] [1788848006.731313942] [controller_server]: Passing new path to controller.
[controller_server-3] [INFO] [1788848007.731090817] [controller_server]: Passing new path to controller.
[controller_server-3] [INFO] [1788848008.734918333] [controller_server]: Reached the goal!
[controller_server-3] [INFO] [1788848008.751429186] [controller_server]: Received a goal, begin computing control effort.
[controller_server-3] [INFO] [1788848008.753200716] [controller_server]: Reached the goal!
[bt_navigator-7] [INFO] [1788848008.791388890] [bt_navigator]: Goal succeeded
[INFO] [1788848008.792555257] [candidate_explorer]: Frontier goal finished: success=True
[INFO] [1788848008.792810464] [candidate_explorer]: Reached frontier. Waiting for the map to expose new frontiers.
[INFO] [1788848009.058844809] [candidate_explorer]: Detected 10886 frontier cells
[INFO] [1788848009.068651455] [candidate_explorer]: Found 113 frontier clusters after filtering
[INFO] [1788848009.086285468] [candidate_explorer]: Selected frontier cluster: size=2440, goal=(12.36, -2.04), distance=0.60
[INFO] [1788848009.087295128] [candidate_explorer]: Checking global path to frontier (12.36, -2.04), distance=0.60m
[INFO] [1788848009.094916413] [candidate_explorer]: Nav2 path to frontier is 0.62m (straight-line=0.60m, detour=1.0x)
[INFO] [1788848009.095666408] [candidate_explorer]: Global path accepted. Navigating to frontier (12.36, -2.04)
[bt_navigator-7] [INFO] [1788848009.096081197] [bt_navigator]: Begin navigating from current location (11.76, -1.97) to (12.36, -2.04)
[controller_server-3] [INFO] [1788848009.116951564] [controller_server]: Received a goal, begin computing control effort.
[controller_server-3] [INFO] [1788848009.570056800] [controller_server]: Reached the goal!
[bt_navigator-7] [INFO] [1788848009.606371860] [bt_navigator]: Goal succeeded
[INFO] [1788848009.607545477] [candidate_explorer]: Frontier goal finished: success=True
[INFO] [1788848009.607811809] [candidate_explorer]: Reached frontier. Waiting for the map to expose new frontiers.
[INFO] [1788848009.759479550] [candidate_explorer]: Detected 10886 frontier cells
[INFO] [1788848009.769483445] [candidate_explorer]: Found 113 frontier clusters after filtering
[INFO] [1788848009.787596204] [candidate_explorer]: Selected frontier cluster: size=2440, goal=(6.45, -1.45), distance=5.75
[INFO] [1788848009.788665114] [candidate_explorer]: Checking global path to frontier (6.45, -1.45), distance=5.75m
[INFO] [1788848009.806433626] [candidate_explorer]: Nav2 path to frontier is 5.83m (straight-line=5.75m, detour=1.0x)
[INFO] [1788848009.812910959] [candidate_explorer]: Global path accepted. Navigating to frontier (6.45, -1.45)
[bt_navigator-7] [INFO] [1788848009.813654663] [bt_navigator]: Begin navigating from current location (12.17, -2.03) to (6.45, -1.45)
[controller_server-3] [INFO] [1788848009.836654600] [controller_server]: Received a goal, begin computing control effort.
[controller_server-3] [INFO] [1788848010.888904224] [controller_server]: Passing new path to controller.
[controller_server-3] [INFO] [1788848011.937938076] [controller_server]: Passing new path to controller.
[controller_server-3] [INFO] [1788848012.939143068] [controller_server]: Passing new path to controller.
[controller_server-3] [INFO] [1788848013.989022915] [controller_server]: Passing new path to controller.
[controller_server-3] [INFO] [1788848014.989446703] [controller_server]: Passing new path to controller.
[controller_server-3] [INFO] [1788848015.297232657] [controller_server]: Reached the goal!
[bt_navigator-7] [INFO] [1788848015.334979666] [bt_navigator]: Goal succeeded
[INFO] [1788848015.336189867] [candidate_explorer]: Frontier goal finished: success=True
[INFO] [1788848015.336437323] [candidate_explorer]: Reached frontier. Waiting for the map to expose new frontiers.
[INFO] [1788848015.559177528] [candidate_explorer]: Detected 10887 frontier cells
[INFO] [1788848015.569259922] [candidate_explorer]: Found 113 frontier clusters after filtering
[INFO] [1788848015.586484062] [candidate_explorer]: Selected frontier cluster: size=2440, goal=(11.95, -2.02), distance=5.33
[INFO] [1788848015.587489681] [candidate_explorer]: Checking global path to frontier (11.95, -2.02), distance=5.33m
[INFO] [1788848015.604096783] [candidate_explorer]: Nav2 path to frontier is 5.39m (straight-line=5.33m, detour=1.0x)
[INFO] [1788848015.609798539] [candidate_explorer]: Global path accepted. Navigating to frontier (11.95, -2.02)
[bt_navigator-7] [INFO] [1788848015.610287411] [bt_navigator]: Begin navigating from current location (6.65, -1.46) to (11.95, -2.02)
[controller_server-3] [INFO] [1788848015.633993385] [controller_server]: Received a goal, begin computing control effort.
[controller_server-3] [INFO] [1788848016.685305389] [controller_server]: Passing new path to controller.
[controller_server-3] [INFO] [1788848017.734264576] [controller_server]: Passing new path to controller.
[controller_server-3] [INFO] [1788848018.734810738] [controller_server]: Passing new path to controller.
[controller_server-3] [INFO] [1788848019.784155839] [controller_server]: Passing new path to controller.
[controller_server-3] [ERROR] [1788848020.334829328] [tf_help]: Transform data too old when converting from odom to map
[controller_server-3] [ERROR] [1788848020.334875744] [tf_help]: Data time: 3156s 600000003ns, Transform time: 3156s 300000003ns
[controller_server-3] [WARN] [1788848020.336423276] [controller_server]: Unable to transform robot pose into global plan's frame
[planner_server-5] [INFO] [1788848020.338615512] [global_costmap.global_costmap]: Message Filter dropping message: frame 'base_link' at time 3156.300 for reason 'the timestamp on the message is earlier than all the data in the transform cache'
[controller_server-3] [INFO] [1788848020.688348115] [controller_server]: Reached the goal!
[bt_navigator-7] [INFO] [1788848020.723595765] [bt_navigator]: Goal succeeded
[INFO] [1788848020.724114304] [candidate_explorer]: Frontier goal finished: success=True
[INFO] [1788848020.724348511] [candidate_explorer]: Reached frontier. Waiting for the map to expose new frontiers.
[INFO] [1788848021.060450951] [candidate_explorer]: Detected 10883 frontier cells
[INFO] [1788848021.070268638] [candidate_explorer]: Found 115 frontier clusters after filtering
[INFO] [1788848021.087904734] [candidate_explorer]: Selected frontier cluster: size=2411, goal=(12.34, -2.04), distance=0.61
[INFO] [1788848021.089036144] [candidate_explorer]: Checking global path to frontier (12.34, -2.04), distance=0.61m
[INFO] [1788848021.096804136] [candidate_explorer]: Nav2 path to frontier is 0.64m (straight-line=0.61m, detour=1.0x)
[INFO] [1788848021.097604547] [candidate_explorer]: Global path accepted. Navigating to frontier (12.34, -2.04)
[bt_navigator-7] [INFO] [1788848021.097989545] [bt_navigator]: Begin navigating from current location (11.74, -1.97) to (12.34, -2.04)
[controller_server-3] [INFO] [1788848021.121735685] [controller_server]: Received a goal, begin computing control effort.
[controller_server-3] [INFO] [1788848021.574619714] [controller_server]: Reached the goal!
[bt_navigator-7] [INFO] [1788848021.608270208] [bt_navigator]: Goal succeeded
[INFO] [1788848021.608745830] [candidate_explorer]: Frontier goal finished: success=True
[INFO] [1788848021.609084036] [candidate_explorer]: Reached frontier. Waiting for the map to expose new frontiers.
[INFO] [1788848021.761377981] [candidate_explorer]: Detected 10883 frontier cells
[INFO] [1788848021.771226544] [candidate_explorer]: Found 115 frontier clusters after filtering
[INFO] [1788848021.789136388] [candidate_explorer]: Selected frontier cluster: size=2411, goal=(12.72, -2.08), distance=0.60
[INFO] [1788848021.790273589] [candidate_explorer]: Checking global path to frontier (12.72, -2.08), distance=0.60m
[INFO] [1788848021.797843624] [candidate_explorer]: Nav2 path to frontier is 0.65m (straight-line=0.60m, detour=1.1x)
[INFO] [1788848021.798516911] [candidate_explorer]: Global path accepted. Navigating to frontier (12.72, -2.08)
[bt_navigator-7] [INFO] [1788848021.798935742] [bt_navigator]: Begin navigating from current location (12.12, -2.02) to (12.72, -2.08)
[controller_server-3] [INFO] [1788848021.819819109] [controller_server]: Received a goal, begin computing control effort.
[controller_server-3] [INFO] [1788848022.273043594] [controller_server]: Reached the goal!
[bt_navigator-7] [INFO] [1788848022.311502974] [bt_navigator]: Goal succeeded
[INFO] [1788848022.312759341] [candidate_explorer]: Frontier goal finished: success=True
[INFO] [1788848022.312997339] [candidate_explorer]: Reached frontier. Waiting for the map to expose new frontiers.
[INFO] [1788848022.558311025] [candidate_explorer]: Detected 10884 frontier cells
[INFO] [1788848022.568063255] [candidate_explorer]: Found 115 frontier clusters after filtering
[INFO] [1788848022.586237305] [candidate_explorer]: Selected frontier cluster: size=2411, goal=(6.45, -1.45), distance=6.10
[INFO] [1788848022.587400215] [candidate_explorer]: Checking global path to frontier (6.45, -1.45), distance=6.10m
[INFO] [1788848022.605827805] [candidate_explorer]: Nav2 path to frontier is 6.23m (straight-line=6.10m, detour=1.0x)
[INFO] [1788848022.612638345] [candidate_explorer]: Global path accepted. Navigating to frontier (6.45, -1.45)
[bt_navigator-7] [INFO] [1788848022.613137300] [bt_navigator]: Begin navigating from current location (12.51, -2.07) to (6.45, -1.45)
[controller_server-3] [INFO] [1788848022.633981418] [controller_server]: Received a goal, begin computing control effort.
[controller_server-3] [INFO] [1788848023.684215221] [controller_server]: Passing new path to controller.
[controller_server-3] [INFO] [1788848024.685933542] [controller_server]: Passing new path to controller.
[controller_server-3] [INFO] [1788848025.735801806] [controller_server]: Passing new path to controller.
[controller_server-3] [INFO] [1788848026.786285025] [controller_server]: Passing new path to controller.
[controller_server-3] [INFO] [1788848027.786583563] [controller_server]: Passing new path to controller.
[controller_server-3] [INFO] [1788848028.437865786] [controller_server]: Reached the goal!
[bt_navigator-7] [INFO] [1788848028.473885806] [bt_navigator]: Goal succeeded
[INFO] [1788848028.474397928] [candidate_explorer]: Frontier goal finished: success=True
[INFO] [1788848028.474664509] [candidate_explorer]: Reached frontier. Waiting for the map to expose new frontiers.
[INFO] [1788848028.809674207] [candidate_explorer]: Detected 10825 frontier cells
[INFO] [1788848028.819468519] [candidate_explorer]: Found 113 frontier clusters after filtering
[INFO] [1788848028.836575452] [candidate_explorer]: Selected frontier cluster: size=2378, goal=(11.95, -2.02), distance=5.30
[INFO] [1788848028.837612028] [candidate_explorer]: Checking global path to frontier (11.95, -2.02), distance=5.30m
[INFO] [1788848028.853961174] [candidate_explorer]: Nav2 path to frontier is 5.36m (straight-line=5.30m, detour=1.0x)
[INFO] [1788848028.859774679] [candidate_explorer]: Global path accepted. Navigating to frontier (11.95, -2.02)
[bt_navigator-7] [INFO] [1788848028.860248676] [bt_navigator]: Begin navigating from current location (6.68, -1.46) to (11.95, -2.02)
[controller_server-3] [INFO] [1788848028.880796753] [controller_server]: Received a goal, begin computing control effort.
[controller_server-3] [INFO] [1788848029.931174931] [controller_server]: Passing new path to controller.
[controller_server-3] [INFO] [1788848030.936294397] [controller_server]: Passing new path to controller.
[controller_server-3] [INFO] [1788848031.981733487] [controller_server]: Passing new path to controller.
[controller_server-3] [INFO] [1788848032.980998912] [controller_server]: Passing new path to controller.
[controller_server-3] [INFO] [1788848033.932808382] [controller_server]: Reached the goal!
[bt_navigator-7] [INFO] [1788848033.972422178] [bt_navigator]: Goal succeeded
[INFO] [1788848033.972954008] [candidate_explorer]: Frontier goal finished: success=True
[INFO] [1788848033.973187382] [candidate_explorer]: Reached frontier. Waiting for the map to expose new frontiers.
[INFO] [1788848034.307950388] [candidate_explorer]: Detected 10823 frontier cells
[INFO] [1788848034.317877910] [candidate_explorer]: Found 113 frontier clusters after filtering
[INFO] [1788848034.335186969] [candidate_explorer]: Selected frontier cluster: size=2376, goal=(12.33, -2.04), distance=0.60
[INFO] [1788848034.336189046] [candidate_explorer]: Checking global path to frontier (12.33, -2.04), distance=0.60m
[INFO] [1788848034.344015664] [candidate_explorer]: Nav2 path to frontier is 0.64m (straight-line=0.60m, detour=1.1x)
[INFO] [1788848034.344803701] [candidate_explorer]: Global path accepted. Navigating to frontier (12.33, -2.04)
[bt_navigator-7] [INFO] [1788848034.345195907] [bt_navigator]: Begin navigating from current location (11.73, -1.97) to (12.33, -2.04)
[controller_server-3] [INFO] [1788848034.367460477] [controller_server]: Received a goal, begin computing control effort.
[controller_server-3] [INFO] [1788848034.822134698] [controller_server]: Reached the goal!
[bt_navigator-7] [INFO] [1788848034.857086773] [bt_navigator]: Goal succeeded
[INFO] [1788848034.858522222] [candidate_explorer]: Frontier goal finished: success=True
[INFO] [1788848034.858779720] [candidate_explorer]: Reached frontier. Waiting for the map to expose new frontiers.
[INFO] [1788848035.058359232] [candidate_explorer]: Detected 10826 frontier cells
[INFO] [1788848035.068144546] [candidate_explorer]: Found 113 frontier clusters after filtering
[INFO] [1788848035.085429273] [candidate_explorer]: Selected frontier cluster: size=2376, goal=(12.73, -2.08), distance=0.61
[INFO] [1788848035.086375142] [candidate_explorer]: Checking global path to frontier (12.73, -2.08), distance=0.61m
[INFO] [1788848035.094134677] [candidate_explorer]: Nav2 path to frontier is 0.67m (straight-line=0.61m, detour=1.1x)
[INFO] [1788848035.094882797] [candidate_explorer]: Global path accepted. Navigating to frontier (12.73, -2.08)
[bt_navigator-7] [INFO] [1788848035.095291420] [bt_navigator]: Begin navigating from current location (12.13, -2.03) to (12.73, -2.08)
[controller_server-3] [INFO] [1788848035.116465247] [controller_server]: Received a goal, begin computing control effort.
[controller_server-3] [INFO] [1788848035.569426478] [controller_server]: Reached the goal!
[bt_navigator-7] [INFO] [1788848035.606120292] [bt_navigator]: Goal succeeded
[INFO] [1788848035.607267285] [candidate_explorer]: Frontier goal finished: success=True
[INFO] [1788848035.607514533] [candidate_explorer]: Reached frontier. Waiting for the map to expose new frontiers.
[INFO] [1788848035.762979861] [candidate_explorer]: Detected 10826 frontier cells
[INFO] [1788848035.773297880] [candidate_explorer]: Found 113 frontier clusters after filtering
[INFO] [1788848035.792074680] [candidate_explorer]: Selected frontier cluster: size=2376, goal=(6.45, -1.45), distance=6.11
[INFO] [1788848035.793509713] [candidate_explorer]: Checking global path to frontier (6.45, -1.45), distance=6.11m
[INFO] [1788848035.811449893] [candidate_explorer]: Nav2 path to frontier is 6.19m (straight-line=6.11m, detour=1.0x)
[INFO] [1788848035.818316809] [candidate_explorer]: Global path accepted. Navigating to frontier (6.45, -1.45)
[bt_navigator-7] [INFO] [1788848035.818950972] [bt_navigator]: Begin navigating from current location (12.53, -2.07) to (6.45, -1.45)
[controller_server-3] [INFO] [1788848035.842728324] [controller_server]: Received a goal, begin computing control effort.
[controller_server-3] [INFO] [1788848036.893019266] [controller_server]: Passing new path to controller.
[controller_server-3] [INFO] [1788848037.892878479] [controller_server]: Passing new path to controller.
[controller_server-3] [INFO] [1788848038.942901673] [controller_server]: Passing new path to controller.
[controller_server-3] [INFO] [1788848039.943299675] [controller_server]: Passing new path to controller.
[controller_server-3] [INFO] [1788848040.993247119] [controller_server]: Passing new path to controller.
[controller_server-3] [INFO] [1788848041.648378179] [controller_server]: Reached the goal!
[bt_navigator-7] [INFO] [1788848041.679693152] [bt_navigator]: Goal succeeded
[INFO] [1788848041.680361189] [candidate_explorer]: Frontier goal finished: success=True
[INFO] [1788848041.680566605] [candidate_explorer]: Reached frontier. Waiting for the map to expose new frontiers.
[INFO] [1788848041.808169521] [candidate_explorer]: Detected 10826 frontier cells
[INFO] [1788848041.817839295] [candidate_explorer]: Found 113 frontier clusters after filtering
[INFO] [1788848041.835077938] [candidate_explorer]: Selected frontier cluster: size=2376, goal=(11.95, -2.02), distance=5.32
[INFO] [1788848041.836047640] [candidate_explorer]: Checking global path to frontier (11.95, -2.02), distance=5.32m
[INFO] [1788848041.852778911] [candidate_explorer]: Nav2 path to frontier is 5.46m (straight-line=5.32m, detour=1.0x)
[INFO] [1788848041.859090747] [candidate_explorer]: Global path accepted. Navigating to frontier (11.95, -2.02)
[bt_navigator-7] [INFO] [1788848041.859923784] [bt_navigator]: Begin navigating from current location (6.66, -1.44) to (11.95, -2.02)
[controller_server-3] [INFO] [1788848041.881460442] [controller_server]: Received a goal, begin computing control effort.
[controller_server-3] [INFO] [1788848042.932431838] [controller_server]: Passing new path to controller.
[controller_server-3] [INFO] [1788848043.984379978] [controller_server]: Passing new path to controller.
[controller_server-3] [INFO] [1788848044.982332078] [controller_server]: Passing new path to controller.
[controller_server-3] [INFO] [1788848046.031878733] [controller_server]: Passing new path to controller.
[controller_server-3] [INFO] [1788848046.934942464] [controller_server]: Reached the goal!
[bt_navigator-7] [INFO] [1788848046.971371071] [bt_navigator]: Goal succeeded
[INFO] [1788848046.972490439] [candidate_explorer]: Frontier goal finished: success=True
[INFO] [1788848046.972780604] [candidate_explorer]: Reached frontier. Waiting for the map to expose new frontiers.
[INFO] [1788848047.307788609] [candidate_explorer]: Detected 10826 frontier cells
[INFO] [1788848047.317981337] [candidate_explorer]: Found 113 frontier clusters after filtering
[INFO] [1788848047.335257063] [candidate_explorer]: Selected frontier cluster: size=2376, goal=(12.33, -2.04), distance=0.60
[INFO] [1788848047.336294057] [candidate_explorer]: Checking global path to frontier (12.33, -2.04), distance=0.60m
[INFO] [1788848047.343693969] [candidate_explorer]: Nav2 path to frontier is 0.63m (straight-line=0.60m, detour=1.0x)
[INFO] [1788848047.344384757] [candidate_explorer]: Global path accepted. Navigating to frontier (12.33, -2.04)
[bt_navigator-7] [INFO] [1788848047.344831796] [bt_navigator]: Begin navigating from current location (11.73, -1.95) to (12.33, -2.04)
[controller_server-3] [INFO] [1788848047.367734070] [controller_server]: Received a goal, begin computing control effort.
[controller_server-3] [INFO] [1788848047.821624296] [controller_server]: Reached the goal!
[bt_navigator-7] [INFO] [1788848047.855068297] [bt_navigator]: Goal succeeded
[INFO] [1788848047.856203706] [candidate_explorer]: Frontier goal finished: success=True
[INFO] [1788848047.856410288] [candidate_explorer]: Reached frontier. Waiting for the map to expose new frontiers.
[INFO] [1788848048.018333117] [candidate_explorer]: Detected 10826 frontier cells
[INFO] [1788848048.027940224] [candidate_explorer]: Found 113 frontier clusters after filtering
[INFO] [1788848048.045439199] [candidate_explorer]: Selected frontier cluster: size=2376, goal=(12.73, -2.08), distance=0.61
[INFO] [1788848048.046445109] [candidate_explorer]: Checking global path to frontier (12.73, -2.08), distance=0.61m
[INFO] [1788848048.054128895] [candidate_explorer]: Nav2 path to frontier is 0.65m (straight-line=0.61m, detour=1.1x)
[INFO] [1788848048.054981390] [candidate_explorer]: Global path accepted. Navigating to frontier (12.73, -2.08)
[bt_navigator-7] [INFO] [1788848048.055395220] [bt_navigator]: Begin navigating from current location (12.13, -2.03) to (12.73, -2.08)
[controller_server-3] [INFO] [1788848048.078485619] [controller_server]: Received a goal, begin computing control effort.
[controller_server-3] [INFO] [1788848048.531553308] [controller_server]: Reached the goal!
[bt_navigator-7] [INFO] [1788848048.567830666] [bt_navigator]: Goal succeeded
[INFO] [1788848048.569053409] [candidate_explorer]: Frontier goal finished: success=True
[INFO] [1788848048.569309824] [candidate_explorer]: Reached frontier. Waiting for the map to expose new frontiers.
[INFO] [1788848048.808880879] [candidate_explorer]: Detected 10826 frontier cells
[INFO] [1788848048.818522319] [candidate_explorer]: Found 113 frontier clusters after filtering
[INFO] [1788848048.835962211] [candidate_explorer]: Selected frontier cluster: size=2376, goal=(6.45, -1.45), distance=6.10
[INFO] [1788848048.837062871] [candidate_explorer]: Checking global path to frontier (6.45, -1.45), distance=6.10m
[INFO] [1788848048.855082259] [candidate_explorer]: Nav2 path to frontier is 6.21m (straight-line=6.10m, detour=1.0x)
[INFO] [1788848048.861846175] [candidate_explorer]: Global path accepted. Navigating to frontier (6.45, -1.45)
[bt_navigator-7] [INFO] [1788848048.862333881] [bt_navigator]: Begin navigating from current location (12.51, -2.08) to (6.45, -1.45)
[controller_server-3] [INFO] [1788848048.885714361] [controller_server]: Received a goal, begin computing control effort.
[controller_server-3] [INFO] [1788848049.938045082] [controller_server]: Passing new path to controller.
[controller_server-3] [INFO] [1788848050.938344084] [controller_server]: Passing new path to controller.
[controller_server-3] [INFO] [1788848051.988166987] [controller_server]: Passing new path to controller.
[controller_server-3] [INFO] [1788848052.987255039] [controller_server]: Passing new path to controller.
[controller_server-3] [INFO] [1788848054.036991026] [controller_server]: Passing new path to controller.
[controller_server-3] [INFO] [1788848054.639242414] [controller_server]: Reached the goal!
[bt_navigator-7] [INFO] [1788848054.674140698] [bt_navigator]: Goal succeeded
[INFO] [1788848054.674642111] [candidate_explorer]: Frontier goal finished: success=True
[INFO] [1788848054.674857110] [candidate_explorer]: Reached frontier. Waiting for the map to expose new frontiers.
[INFO] [1788848054.807157914] [candidate_explorer]: Detected 10825 frontier cells
[INFO] [1788848054.817165727] [candidate_explorer]: Found 113 frontier clusters after filtering
[INFO] [1788848054.834041247] [candidate_explorer]: Selected frontier cluster: size=2376, goal=(11.95, -2.02), distance=5.32
[INFO] [1788848054.834946575] [candidate_explorer]: Checking global path to frontier (11.95, -2.02), distance=5.32m
[INFO] [1788848054.851183558] [candidate_explorer]: Nav2 path to frontier is 5.37m (straight-line=5.32m, detour=1.0x)
[INFO] [1788848054.857077146] [candidate_explorer]: Global path accepted. Navigating to frontier (11.95, -2.02)
[bt_navigator-7] [INFO] [1788848054.857553060] [bt_navigator]: Begin navigating from current location (6.66, -1.47) to (11.95, -2.02)
[controller_server-3] [INFO] [1788848054.878352472] [controller_server]: Received a goal, begin computing control effort.
[controller_server-3] [INFO] [1788848055.929014662] [controller_server]: Passing new path to controller.
[controller_server-3] [INFO] [1788848056.978711775] [controller_server]: Passing new path to controller.
[controller_server-3] [INFO] [1788848057.980423810] [controller_server]: Passing new path to controller.
[controller_server-3] [INFO] [1788848059.030964084] [controller_server]: Passing new path to controller.
[controller_server-3] [INFO] [1788848059.980834940] [controller_server]: Reached the goal!
[bt_navigator-7] [INFO] [1788848060.019942364] [bt_navigator]: Goal succeeded
[INFO] [1788848060.021092274] [candidate_explorer]: Frontier goal finished: success=True
[INFO] [1788848060.021350231] [candidate_explorer]: Reached frontier. Waiting for the map to expose new frontiers.
[INFO] [1788848060.308716156] [candidate_explorer]: Detected 10812 frontier cells
[INFO] [1788848060.318557053] [candidate_explorer]: Found 113 frontier clusters after filtering
[INFO] [1788848060.335937071] [candidate_explorer]: Selected frontier cluster: size=2359, goal=(12.36, -2.04), distance=0.61
[INFO] [1788848060.336995189] [candidate_explorer]: Checking global path to frontier (12.36, -2.04), distance=0.61m
[INFO] [1788848060.344694891] [candidate_explorer]: Nav2 path to frontier is 0.63m (straight-line=0.61m, detour=1.0x)
[INFO] [1788848060.345404803] [candidate_explorer]: Global path accepted. Navigating to frontier (12.36, -2.04)
[bt_navigator-7] [INFO] [1788848060.345863717] [bt_navigator]: Begin navigating from current location (11.75, -1.98) to (12.36, -2.04)
[controller_server-3] [INFO] [1788848060.369121948] [controller_server]: Received a goal, begin computing control effort.
[controller_server-3] [INFO] [1788848060.827805394] [controller_server]: Reached the goal!
[bt_navigator-7] [INFO] [1788848060.858353746] [bt_navigator]: Goal succeeded
[INFO] [1788848060.859575530] [candidate_explorer]: Frontier goal finished: success=True
[INFO] [1788848060.859784654] [candidate_explorer]: Reached frontier. Waiting for the map to expose new frontiers.
[INFO] [1788848061.052841706] [candidate_explorer]: Detected 10812 frontier cells
[INFO] [1788848061.062707603] [candidate_explorer]: Found 113 frontier clusters after filtering
[INFO] [1788848061.080411285] [candidate_explorer]: Selected frontier cluster: size=2359, goal=(6.45, -1.45), distance=5.73
[INFO] [1788848061.081505986] [candidate_explorer]: Checking global path to frontier (6.45, -1.45), distance=5.73m
[INFO] [1788848061.098667880] [candidate_explorer]: Nav2 path to frontier is 5.81m (straight-line=5.73m, detour=1.0x)
[INFO] [1788848061.104770800] [candidate_explorer]: Global path accepted. Navigating to frontier (6.45, -1.45)
[bt_navigator-7] [INFO] [1788848061.105254131] [bt_navigator]: Begin navigating from current location (12.15, -2.03) to (6.45, -1.45)
[controller_server-3] [INFO] [1788848061.128925901] [controller_server]: Received a goal, begin computing control effort.
[controller_server-3] [INFO] [1788848062.179071260] [controller_server]: Passing new path to controller.
[controller_server-3] [INFO] [1788848063.179172597] [controller_server]: Passing new path to controller.
[controller_server-3] [INFO] [1788848064.231022404] [controller_server]: Passing new path to controller.
[controller_server-3] [INFO] [1788848065.231406323] [controller_server]: Passing new path to controller.
[controller_server-3] [INFO] [1788848066.279452112] [controller_server]: Passing new path to controller.
[controller_server-3] [INFO] [1788848066.580956033] [controller_server]: Reached the goal!
[bt_navigator-7] [INFO] [1788848066.616080357] [bt_navigator]: Goal succeeded
[INFO] [1788848066.617462098] [candidate_explorer]: Frontier goal finished: success=True
[INFO] [1788848066.617677347] [candidate_explorer]: Reached frontier. Waiting for the map to expose new frontiers.
[INFO] [1788848066.808033916] [candidate_explorer]: Detected 10812 frontier cells
[INFO] [1788848066.817767272] [candidate_explorer]: Found 113 frontier clusters after filtering
[INFO] [1788848066.834895499] [candidate_explorer]: Selected frontier cluster: size=2359, goal=(11.95, -2.02), distance=5.33
[INFO] [1788848066.835935243] [candidate_explorer]: Checking global path to frontier (11.95, -2.02), distance=5.33m
[INFO] [1788848066.852233767] [candidate_explorer]: Nav2 path to frontier is 5.38m (straight-line=5.33m, detour=1.0x)
[INFO] [1788848066.858214855] [candidate_explorer]: Global path accepted. Navigating to frontier (11.95, -2.02)
[bt_navigator-7] [INFO] [1788848066.858785393] [bt_navigator]: Begin navigating from current location (6.66, -1.44) to (11.95, -2.02)
[controller_server-3] [INFO] [1788848066.879837096] [controller_server]: Received a goal, begin computing control effort.
[controller_server-3] [INFO] [1788848067.932379149] [controller_server]: Passing new path to controller.
[controller_server-3] [INFO] [1788848068.931200368] [controller_server]: Passing new path to controller.
[controller_server-3] [INFO] [1788848069.980716190] [controller_server]: Passing new path to controller.
[controller_server-3] [INFO] [1788848070.980224197] [controller_server]: Passing new path to controller.
[controller_server-3] [INFO] [1788848071.932913328] [controller_server]: Reached the goal!
[bt_navigator-7] [INFO] [1788848071.969319519] [bt_navigator]: Goal succeeded
[INFO] [1788848071.970687469] [candidate_explorer]: Frontier goal finished: success=True
[INFO] [1788848071.970927343] [candidate_explorer]: Reached frontier. Waiting for the map to expose new frontiers.
[INFO] [1788848072.310136988] [candidate_explorer]: Detected 10812 frontier cells
[INFO] [1788848072.319833053] [candidate_explorer]: Found 113 frontier clusters after filtering
[INFO] [1788848072.336937030] [candidate_explorer]: Selected frontier cluster: size=2359, goal=(12.36, -2.04), distance=0.61
[INFO] [1788848072.338049440] [candidate_explorer]: Checking global path to frontier (12.36, -2.04), distance=0.61m
[INFO] [1788848072.345730559] [candidate_explorer]: Nav2 path to frontier is 0.64m (straight-line=0.61m, detour=1.1x)
[INFO] [1788848072.346436596] [candidate_explorer]: Global path accepted. Navigating to frontier (12.36, -2.04)
[bt_navigator-7] [INFO] [1788848072.346795094] [bt_navigator]: Begin navigating from current location (11.75, -1.98) to (12.36, -2.04)
[controller_server-3] [INFO] [1788848072.367708464] [controller_server]: Received a goal, begin computing control effort.
[controller_server-3] [INFO] [1788848072.823353012] [controller_server]: Reached the goal!
[bt_navigator-7] [INFO] [1788848072.858102380] [bt_navigator]: Goal succeeded
[INFO] [1788848072.859345247] [candidate_explorer]: Frontier goal finished: success=True
[INFO] [1788848072.859568079] [candidate_explorer]: Reached frontier. Waiting for the map to expose new frontiers.
[INFO] [1788848073.058783177] [candidate_explorer]: Detected 10812 frontier cells
[INFO] [1788848073.069214320] [candidate_explorer]: Found 113 frontier clusters after filtering
[INFO] [1788848073.086797044] [candidate_explorer]: Selected frontier cluster: size=2359, goal=(6.45, -1.45), distance=5.74
[INFO] [1788848073.087966620] [candidate_explorer]: Checking global path to frontier (6.45, -1.45), distance=5.74m
[INFO] [1788848073.105102764] [candidate_explorer]: Nav2 path to frontier is 5.80m (straight-line=5.74m, detour=1.0x)
[INFO] [1788848073.111100019] [candidate_explorer]: Global path accepted. Navigating to frontier (6.45, -1.45)
[bt_navigator-7] [INFO] [1788848073.111580682] [bt_navigator]: Begin navigating from current location (12.16, -2.04) to (6.45, -1.45)
[controller_server-3] [INFO] [1788848073.132318679] [controller_server]: Received a goal, begin computing control effort.
[controller_server-3] [INFO] [1788848074.182490080] [controller_server]: Passing new path to controller.
[controller_server-3] [INFO] [1788848075.182574833] [controller_server]: Passing new path to controller.
[controller_server-3] [INFO] [1788848076.232808734] [controller_server]: Passing new path to controller.
[controller_server-3] [INFO] [1788848077.284149461] [controller_server]: Passing new path to controller.
[controller_server-3] [INFO] [1788848078.282587225] [controller_server]: Passing new path to controller.
[controller_server-3] [INFO] [1788848078.585988468] [controller_server]: Reached the goal!
[bt_navigator-7] [INFO] [1788848078.622569199] [bt_navigator]: Goal succeeded
[INFO] [1788848078.623764608] [candidate_explorer]: Frontier goal finished: success=True
[INFO] [1788848078.624027940] [candidate_explorer]: Reached frontier. Waiting for the map to expose new frontiers.
[INFO] [1788848078.804375904] [candidate_explorer]: Detected 10812 frontier cells
[INFO] [1788848078.813882804] [candidate_explorer]: Found 113 frontier clusters after filtering
[INFO] [1788848078.831376612] [candidate_explorer]: Selected frontier cluster: size=2359, goal=(11.95, -2.02), distance=5.32
[INFO] [1788848078.832491313] [candidate_explorer]: Checking global path to frontier (11.95, -2.02), distance=5.32m
[INFO] [1788848078.848606255] [candidate_explorer]: Nav2 path to frontier is 5.37m (straight-line=5.32m, detour=1.0x)
[INFO] [1788848078.854540677] [candidate_explorer]: Global path accepted. Navigating to frontier (11.95, -2.02)
[bt_navigator-7] [INFO] [1788848078.855110381] [bt_navigator]: Begin navigating from current location (6.66, -1.45) to (11.95, -2.02)
[controller_server-3] [INFO] [1788848078.877976614] [controller_server]: Received a goal, begin computing control effort.
[controller_server-3] [INFO] [1788848079.929009177] [controller_server]: Passing new path to controller.
[controller_server-3] [INFO] [1788848080.929292971] [controller_server]: Passing new path to controller.
[controller_server-3] [INFO] [1788848081.978243921] [controller_server]: Passing new path to controller.
[controller_server-3] [INFO] [1788848082.980068331] [controller_server]: Passing new path to controller.
[controller_server-3] [INFO] [1788848083.980942871] [controller_server]: Reached the goal!
[controller_server-3] [INFO] [1788848083.996515399] [controller_server]: Received a goal, begin computing control effort.
[controller_server-3] [INFO] [1788848083.998386971] [controller_server]: Reached the goal!
[bt_navigator-7] [INFO] [1788848084.038384681] [bt_navigator]: Goal succeeded
[INFO] [1788848084.039476258] [candidate_explorer]: Frontier goal finished: success=True
[INFO] [1788848084.039755631] [candidate_explorer]: Reached frontier. Waiting for the map to expose new frontiers.
[INFO] [1788848084.311521778] [candidate_explorer]: Detected 10812 frontier cells
[INFO] [1788848084.321589049] [candidate_explorer]: Found 113 frontier clusters after filtering
[INFO] [1788848084.339618396] [candidate_explorer]: Selected frontier cluster: size=2359, goal=(12.37, -2.05), distance=0.62
[INFO] [1788848084.341312094] [candidate_explorer]: Checking global path to frontier (12.37, -2.05), distance=0.62m
[INFO] [1788848084.352902272] [candidate_explorer]: Nav2 path to frontier is 0.64m (straight-line=0.62m, detour=1.0x)
[INFO] [1788848084.353947807] [candidate_explorer]: Global path accepted. Navigating to frontier (12.37, -2.05)
[bt_navigator-7] [INFO] [1788848084.354764510] [bt_navigator]: Begin navigating from current location (11.76, -1.96) to (12.37, -2.05)
[controller_server-3] [INFO] [1788848084.377687326] [controller_server]: Received a goal, begin computing control effort.
[controller_server-3] [INFO] [1788848084.834593325] [controller_server]: Reached the goal!
[bt_navigator-7] [INFO] [1788848084.865452592] [bt_navigator]: Goal succeeded
[INFO] [1788848084.866650251] [candidate_explorer]: Frontier goal finished: success=True
[INFO] [1788848084.866904874] [candidate_explorer]: Reached frontier. Waiting for the map to expose new frontiers.
[INFO] [1788848085.057191777] [candidate_explorer]: Detected 10812 frontier cells
[INFO] [1788848085.066877009] [candidate_explorer]: Found 113 frontier clusters after filtering
[INFO] [1788848085.084439233] [candidate_explorer]: Selected frontier cluster: size=2359, goal=(6.45, -1.45), distance=5.73
[INFO] [1788848085.085435352] [candidate_explorer]: Checking global path to frontier (6.45, -1.45), distance=5.73m
[INFO] [1788848085.102552662] [candidate_explorer]: Nav2 path to frontier is 5.80m (straight-line=5.73m, detour=1.0x)
[INFO] [1788848085.108783249] [candidate_explorer]: Global path accepted. Navigating to frontier (6.45, -1.45)
[bt_navigator-7] [INFO] [1788848085.109261246] [bt_navigator]: Begin navigating from current location (12.15, -2.05) to (6.45, -1.45)
[controller_server-3] [INFO] [1788848085.130866528] [controller_server]: Received a goal, begin computing control effort.
[controller_server-3] [INFO] [1788848086.183557247] [controller_server]: Passing new path to controller.
[controller_server-3] [INFO] [1788848087.181506431] [controller_server]: Passing new path to controller.
[controller_server-3] [INFO] [1788848088.231307042] [controller_server]: Passing new path to controller.
[controller_server-3] [INFO] [1788848089.231253338] [controller_server]: Passing new path to controller.
[controller_server-3] [INFO] [1788848090.281313157] [controller_server]: Passing new path to controller.
[controller_server-3] [INFO] [1788848090.583088743] [controller_server]: Reached the goal!
[bt_navigator-7] [INFO] [1788848090.620199013] [bt_navigator]: Goal succeeded
[INFO] [1788848090.621413297] [candidate_explorer]: Frontier goal finished: success=True
[INFO] [1788848090.621716253] [candidate_explorer]: Reached frontier. Waiting for the map to expose new frontiers.
[INFO] [1788848090.807325935] [candidate_explorer]: Detected 10812 frontier cells
[INFO] [1788848090.817438956] [candidate_explorer]: Found 113 frontier clusters after filtering
[INFO] [1788848090.834589599] [candidate_explorer]: Selected frontier cluster: size=2359, goal=(11.95, -2.02), distance=5.33
[INFO] [1788848090.835632426] [candidate_explorer]: Checking global path to frontier (11.95, -2.02), distance=5.33m
[INFO] [1788848090.857229292] [candidate_explorer]: Nav2 path to frontier is 5.39m (straight-line=5.33m, detour=1.0x)
[INFO] [1788848090.863068548] [candidate_explorer]: Global path accepted. Navigating to frontier (11.95, -2.02)
[bt_navigator-7] [INFO] [1788848090.863630211] [bt_navigator]: Begin navigating from current location (6.65, -1.45) to (11.95, -2.02)
[controller_server-3] [INFO] [1788848090.887373772] [controller_server]: Received a goal, begin computing control effort.
[controller_server-3] [INFO] [1788848091.940241948] [controller_server]: Passing new path to controller.
[controller_server-3] [INFO] [1788848092.989152065] [controller_server]: Passing new path to controller.
[controller_server-3] [INFO] [1788848093.988504907] [controller_server]: Passing new path to controller.
[controller_server-3] [INFO] [1788848095.038665266] [controller_server]: Passing new path to controller.
[controller_server-3] [INFO] [1788848095.990911983] [controller_server]: Reached the goal!
[bt_navigator-7] [INFO] [1788848096.026633178] [bt_navigator]: Goal succeeded
[INFO] [1788848096.028092586] [candidate_explorer]: Frontier goal finished: success=True
[INFO] [1788848096.028366459] [candidate_explorer]: Reached frontier. Waiting for the map to expose new frontiers.
[INFO] [1788848096.308239431] [candidate_explorer]: Detected 10811 frontier cells
[INFO] [1788848096.317989496] [candidate_explorer]: Found 113 frontier clusters after filtering
[INFO] [1788848096.335328471] [candidate_explorer]: Selected frontier cluster: size=2359, goal=(12.34, -2.04), distance=0.60
[INFO] [1788848096.336320257] [candidate_explorer]: Checking global path to frontier (12.34, -2.04), distance=0.60m
[INFO] [1788848096.344292666] [candidate_explorer]: Nav2 path to frontier is 0.63m (straight-line=0.60m, detour=1.0x)
[INFO] [1788848096.345041953] [candidate_explorer]: Global path accepted. Navigating to frontier (12.34, -2.04)
[bt_navigator-7] [INFO] [1788848096.345529283] [bt_navigator]: Begin navigating from current location (11.75, -1.96) to (12.34, -2.04)
[controller_server-3] [INFO] [1788848096.367663521] [controller_server]: Received a goal, begin computing control effort.
[controller_server-3] [INFO] [1788848096.819723883] [controller_server]: Reached the goal!
[bt_navigator-7] [INFO] [1788848096.858913890] [bt_navigator]: Goal succeeded
[INFO] [1788848096.860160507] [candidate_explorer]: Frontier goal finished: success=True
[INFO] [1788848096.860363797] [candidate_explorer]: Reached frontier. Waiting for the map to expose new frontiers.
[INFO] [1788848097.053311600] [candidate_explorer]: Detected 10811 frontier cells
[INFO] [1788848097.063110206] [candidate_explorer]: Found 113 frontier clusters after filtering
[INFO] [1788848097.081019970] [candidate_explorer]: Selected frontier cluster: size=2359, goal=(6.45, -1.45), distance=5.73
[INFO] [1788848097.082047964] [candidate_explorer]: Checking global path to frontier (6.45, -1.45), distance=5.73m
[INFO] [1788848097.099610105] [candidate_explorer]: Nav2 path to frontier is 5.81m (straight-line=5.73m, detour=1.0x)
[INFO] [1788848097.106037481] [candidate_explorer]: Global path accepted. Navigating to frontier (6.45, -1.45)
[bt_navigator-7] [INFO] [1788848097.106468020] [bt_navigator]: Begin navigating from current location (12.15, -2.03) to (6.45, -1.45)
[controller_server-3] [INFO] [1788848097.130171498] [controller_server]: Received a goal, begin computing control effort.
[controller_server-3] [INFO] [1788848098.184488415] [controller_server]: Passing new path to controller.
[controller_server-3] [INFO] [1788848099.232995410] [controller_server]: Passing new path to controller.
[controller_server-3] [INFO] [1788848100.230418097] [controller_server]: Passing new path to controller.
[controller_server-3] [INFO] [1788848101.230377601] [controller_server]: Passing new path to controller.
[controller_server-3] [INFO] [1788848102.280478695] [controller_server]: Passing new path to controller.
[controller_server-3] [INFO] [1788848102.592008167] [controller_server]: Reached the goal!
[bt_navigator-7] [INFO] [1788848102.630690587] [bt_navigator]: Goal succeeded
[INFO] [1788848102.631862288] [candidate_explorer]: Frontier goal finished: success=True
[INFO] [1788848102.632085745] [candidate_explorer]: Reached frontier. Waiting for the map to expose new frontiers.
[INFO] [1788848102.804662062] [candidate_explorer]: Detected 10814 frontier cells
[INFO] [1788848102.814294958] [candidate_explorer]: Found 113 frontier clusters after filtering
[INFO] [1788848102.831735556] [candidate_explorer]: Selected frontier cluster: size=2359, goal=(11.95, -2.02), distance=5.32
[INFO] [1788848102.832791591] [candidate_explorer]: Checking global path to frontier (11.95, -2.02), distance=5.32m
[INFO] [1788848102.848846863] [candidate_explorer]: Nav2 path to frontier is 5.37m (straight-line=5.32m, detour=1.0x)
[INFO] [1788848102.854622118] [candidate_explorer]: Global path accepted. Navigating to frontier (11.95, -2.02)
[bt_navigator-7] [INFO] [1788848102.855108532] [bt_navigator]: Begin navigating from current location (6.66, -1.47) to (11.95, -2.02)
[controller_server-3] [INFO] [1788848102.875950524] [controller_server]: Received a goal, begin computing control effort.
[controller_server-3] [INFO] [1788848103.927418444] [controller_server]: Passing new path to controller.
[controller_server-3] [INFO] [1788848104.928229938] [controller_server]: Passing new path to controller.
[controller_server-3] [INFO] [1788848105.976961209] [controller_server]: Passing new path to controller.
[controller_server-3] [INFO] [1788848106.976354170] [controller_server]: Passing new path to controller.
[controller_server-3] [INFO] [1788848107.978983778] [controller_server]: Reached the goal!
[controller_server-3] [INFO] [1788848107.987203308] [controller_server]: Received a goal, begin computing control effort.
[controller_server-3] [INFO] [1788848107.988907589] [controller_server]: Reached the goal!
[bt_navigator-7] [INFO] [1788848108.028861293] [bt_navigator]: Goal succeeded
[INFO] [1788848108.029279624] [candidate_explorer]: Frontier goal finished: success=True
[INFO] [1788848108.029526830] [candidate_explorer]: Reached frontier. Waiting for the map to expose new frontiers.
[INFO] [1788848108.307693057] [candidate_explorer]: Detected 10814 frontier cells
[INFO] [1788848108.317335537] [candidate_explorer]: Found 113 frontier clusters after filtering
[INFO] [1788848108.334615843] [candidate_explorer]: Selected frontier cluster: size=2359, goal=(12.36, -2.05), distance=0.60
[INFO] [1788848108.335786461] [candidate_explorer]: Checking global path to frontier (12.36, -2.05), distance=0.60m
[INFO] [1788848108.343229705] [candidate_explorer]: Nav2 path to frontier is 0.62m (straight-line=0.60m, detour=1.0x)
[INFO] [1788848108.343982284] [candidate_explorer]: Global path accepted. Navigating to frontier (12.36, -2.05)
[bt_navigator-7] [INFO] [1788848108.344350323] [bt_navigator]: Begin navigating from current location (11.76, -1.96) to (12.36, -2.05)
[controller_server-3] [INFO] [1788848108.367379718] [controller_server]: Received a goal, begin computing control effort.
[controller_server-3] [INFO] [1788848108.823408102] [controller_server]: Reached the goal!
[bt_navigator-7] [INFO] [1788848108.854799485] [bt_navigator]: Goal succeeded
[INFO] [1788848108.855889728] [candidate_explorer]: Frontier goal finished: success=True
[INFO] [1788848108.856107310] [candidate_explorer]: Reached frontier. Waiting for the map to expose new frontiers.
[INFO] [1788848109.057218653] [candidate_explorer]: Detected 10814 frontier cells
[INFO] [1788848109.067199547] [candidate_explorer]: Found 113 frontier clusters after filtering
[INFO] [1788848109.084851143] [candidate_explorer]: Selected frontier cluster: size=2359, goal=(6.45, -1.45), distance=5.73
[INFO] [1788848109.085896803] [candidate_explorer]: Checking global path to frontier (6.45, -1.45), distance=5.73m
[INFO] [1788848109.103058485] [candidate_explorer]: Nav2 path to frontier is 5.81m (straight-line=5.73m, detour=1.0x)
[INFO] [1788848109.109141655] [candidate_explorer]: Global path accepted. Navigating to frontier (6.45, -1.45)
[bt_navigator-7] [INFO] [1788848109.109592152] [bt_navigator]: Begin navigating from current location (12.15, -2.04) to (6.45, -1.45)
[controller_server-3] [INFO] [1788848109.133093002] [controller_server]: Received a goal, begin computing control effort.
[controller_server-3] [INFO] [1788848110.183343972] [controller_server]: Passing new path to controller.
[controller_server-3] [INFO] [1788848111.183258472] [controller_server]: Passing new path to controller.
[controller_server-3] [INFO] [1788848112.233462109] [controller_server]: Passing new path to controller.
[controller_server-3] [INFO] [1788848113.285387276] [controller_server]: Passing new path to controller.
[controller_server-3] [INFO] [1788848114.283258205] [controller_server]: Passing new path to controller.
[controller_server-3] [INFO] [1788848114.586990227] [controller_server]: Reached the goal!
[bt_navigator-7] [INFO] [1788848114.621477424] [bt_navigator]: Goal succeeded
[INFO] [1788848114.622682291] [candidate_explorer]: Frontier goal finished: success=True
[INFO] [1788848114.622932956] [candidate_explorer]: Reached frontier. Waiting for the map to expose new frontiers.
[INFO] [1788848114.810319845] [candidate_explorer]: Detected 10814 frontier cells
[INFO] [1788848114.820357698] [candidate_explorer]: Found 113 frontier clusters after filtering
[INFO] [1788848114.837459172] [candidate_explorer]: Selected frontier cluster: size=2359, goal=(11.95, -2.02), distance=5.32
[INFO] [1788848114.838488749] [candidate_explorer]: Checking global path to frontier (11.95, -2.02), distance=5.32m
[INFO] [1788848114.855077768] [candidate_explorer]: Nav2 path to frontier is 5.38m (straight-line=5.32m, detour=1.0x)
[INFO] [1788848114.860764232] [candidate_explorer]: Global path accepted. Navigating to frontier (11.95, -2.02)
[bt_navigator-7] [INFO] [1788848114.861236187] [bt_navigator]: Begin navigating from current location (6.67, -1.44) to (11.95, -2.02)
[controller_server-3] [INFO] [1788848114.882817758] [controller_server]: Received a goal, begin computing control effort.
[controller_server-3] [INFO] [1788848115.939890309] [controller_server]: Passing new path to controller.
[controller_server-3] [INFO] [1788848116.933496890] [controller_server]: Passing new path to controller.
[controller_server-3] [INFO] [1788848117.988250790] [controller_server]: Passing new path to controller.
[controller_server-3] [INFO] [1788848118.984223648] [controller_server]: Passing new path to controller.
[controller_server-3] [INFO] [1788848119.936880282] [controller_server]: Reached the goal!
[bt_navigator-7] [INFO] [1788848119.972098641] [bt_navigator]: Goal succeeded
[INFO] [1788848119.973331800] [candidate_explorer]: Frontier goal finished: success=True
[INFO] [1788848119.973546007] [candidate_explorer]: Reached frontier. Waiting for the map to expose new frontiers.
[INFO] [1788848120.306192927] [candidate_explorer]: Detected 10775 frontier cells
[INFO] [1788848120.315696783] [candidate_explorer]: Found 114 frontier clusters after filtering
[INFO] [1788848120.332570301] [candidate_explorer]: Selected frontier cluster: size=1655, goal=(12.34, -2.04), distance=0.61
[INFO] [1788848120.333596461] [candidate_explorer]: Checking global path to frontier (12.34, -2.04), distance=0.61m
[INFO] [1788848120.341080121] [candidate_explorer]: Nav2 path to frontier is 0.64m (straight-line=0.61m, detour=1.0x)
[INFO] [1788848120.341769034] [candidate_explorer]: Global path accepted. Navigating to frontier (12.34, -2.04)
[bt_navigator-7] [INFO] [1788848120.342116073] [bt_navigator]: Begin navigating from current location (11.74, -1.97) to (12.34, -2.04)
[controller_server-3] [INFO] [1788848120.362881691] [controller_server]: Received a goal, begin computing control effort.
[controller_server-3] [INFO] [1788848120.816217259] [controller_server]: Reached the goal!
[bt_navigator-7] [INFO] [1788848120.854159225] [bt_navigator]: Goal succeeded
[INFO] [1788848120.855304343] [candidate_explorer]: Frontier goal finished: success=True
[INFO] [1788848120.855542466] [candidate_explorer]: Reached frontier. Waiting for the map to expose new frontiers.
[INFO] [1788848121.057802260] [candidate_explorer]: Detected 10775 frontier cells
[INFO] [1788848121.068031778] [candidate_explorer]: Found 114 frontier clusters after filtering
[INFO] [1788848121.085293085] [candidate_explorer]: Selected frontier cluster: size=1655, goal=(6.45, -1.45), distance=5.73
[INFO] [1788848121.086358161] [candidate_explorer]: Checking global path to frontier (6.45, -1.45), distance=5.73m
[INFO] [1788848121.104517295] [candidate_explorer]: Nav2 path to frontier is 5.81m (straight-line=5.73m, detour=1.0x)
[INFO] [1788848121.111491168] [candidate_explorer]: Global path accepted. Navigating to frontier (6.45, -1.45)
[bt_navigator-7] [INFO] [1788848121.112090455] [bt_navigator]: Begin navigating from current location (12.15, -2.03) to (6.45, -1.45)
[controller_server-3] [INFO] [1788848121.135461140] [controller_server]: Received a goal, begin computing control effort.
[controller_server-3] [INFO] [1788848122.186971185] [controller_server]: Passing new path to controller.
[controller_server-3] [INFO] [1788848123.185774525] [controller_server]: Passing new path to controller.
[controller_server-3] [INFO] [1788848124.239391474] [controller_server]: Passing new path to controller.
[controller_server-3] [INFO] [1788848125.237422443] [controller_server]: Passing new path to controller.
[controller_server-3] [INFO] [1788848126.288306534] [controller_server]: Passing new path to controller.
[controller_server-3] [INFO] [1788848126.590133193] [controller_server]: Reached the goal!
[bt_navigator-7] [INFO] [1788848126.624367017] [bt_navigator]: Goal succeeded
[INFO] [1788848126.625444718] [candidate_explorer]: Frontier goal finished: success=True
[INFO] [1788848126.625686425] [candidate_explorer]: Reached frontier. Waiting for the map to expose new frontiers.
[INFO] [1788848126.805735943] [candidate_explorer]: Detected 10775 frontier cells
[INFO] [1788848126.815303091] [candidate_explorer]: Found 114 frontier clusters after filtering
[INFO] [1788848126.832305024] [candidate_explorer]: Selected frontier cluster: size=1655, goal=(11.95, -2.02), distance=5.32
[INFO] [1788848126.833399767] [candidate_explorer]: Checking global path to frontier (11.95, -2.02), distance=5.32m
[INFO] [1788848126.850393117] [candidate_explorer]: Nav2 path to frontier is 5.37m (straight-line=5.32m, detour=1.0x)
[INFO] [1788848126.856543578] [candidate_explorer]: Global path accepted. Navigating to frontier (11.95, -2.02)
[bt_navigator-7] [INFO] [1788848126.857091824] [bt_navigator]: Begin navigating from current location (6.67, -1.45) to (11.95, -2.02)
[controller_server-3] [INFO] [1788848126.880655841] [controller_server]: Received a goal, begin computing control effort.
[controller_server-3] [INFO] [1788848127.931036268] [controller_server]: Passing new path to controller.
[controller_server-3] [INFO] [1788848128.983168101] [controller_server]: Passing new path to controller.
[controller_server-3] [INFO] [1788848129.981009197] [controller_server]: Passing new path to controller.
[controller_server-3] [INFO] [1788848131.033069698] [controller_server]: Passing new path to controller.
[controller_server-3] [INFO] [1788848131.932534379] [controller_server]: Reached the goal!
[bt_navigator-7] [INFO] [1788848131.967700447] [bt_navigator]: Goal succeeded
[INFO] [1788848131.968782940] [candidate_explorer]: Frontier goal finished: success=True
[INFO] [1788848131.968981397] [candidate_explorer]: Reached frontier. Waiting for the map to expose new frontiers.
[INFO] [1788848132.308346191] [candidate_explorer]: Detected 10775 frontier cells
[INFO] [1788848132.318143629] [candidate_explorer]: Found 114 frontier clusters after filtering
[INFO] [1788848132.335249186] [candidate_explorer]: Selected frontier cluster: size=1655, goal=(12.34, -2.04), distance=0.61
[INFO] [1788848132.336380637] [candidate_explorer]: Checking global path to frontier (12.34, -2.04), distance=0.61m
[INFO] [1788848132.344121088] [candidate_explorer]: Nav2 path to frontier is 0.64m (straight-line=0.61m, detour=1.0x)
[INFO] [1788848132.344887667] [candidate_explorer]: Global path accepted. Navigating to frontier (12.34, -2.04)
[bt_navigator-7] [INFO] [1788848132.345261206] [bt_navigator]: Begin navigating from current location (11.73, -1.96) to (12.34, -2.04)
[controller_server-3] [INFO] [1788848132.367759187] [controller_server]: Received a goal, begin computing control effort.
[controller_server-3] [INFO] [1788848132.821403128] [controller_server]: Reached the goal!
[bt_navigator-7] [INFO] [1788848132.858851889] [bt_navigator]: Goal succeeded
[INFO] [1788848132.859336553] [candidate_explorer]: Frontier goal finished: success=True
[INFO] [1788848132.859563843] [candidate_explorer]: Reached frontier. Waiting for the map to expose new frontiers.
[INFO] [1788848133.056954501] [candidate_explorer]: Detected 10775 frontier cells
[INFO] [1788848133.066794814] [candidate_explorer]: Found 114 frontier clusters after filtering
[INFO] [1788848133.084176494] [candidate_explorer]: Selected frontier cluster: size=1655, goal=(6.45, -1.45), distance=5.72
[INFO] [1788848133.085140863] [candidate_explorer]: Checking global path to frontier (6.45, -1.45), distance=5.72m
[INFO] [1788848133.102427753] [candidate_explorer]: Nav2 path to frontier is 5.79m (straight-line=5.72m, detour=1.0x)
[INFO] [1788848133.108777879] [candidate_explorer]: Global path accepted. Navigating to frontier (6.45, -1.45)
[bt_navigator-7] [INFO] [1788848133.109347292] [bt_navigator]: Begin navigating from current location (12.14, -2.02) to (6.45, -1.45)
[controller_server-3] [INFO] [1788848133.131708733] [controller_server]: Received a goal, begin computing control effort.
[controller_server-3] [INFO] [1788848134.185096641] [controller_server]: Passing new path to controller.
[controller_server-3] [INFO] [1788848135.234630866] [controller_server]: Passing new path to controller.
[controller_server-3] [INFO] [1788848136.232651711] [controller_server]: Passing new path to controller.
[controller_server-3] [INFO] [1788848137.290066885] [controller_server]: Passing new path to controller.
[controller_server-3] [INFO] [1788848138.282731264] [controller_server]: Passing new path to controller.
[controller_server-3] [INFO] [1788848138.586734451] [controller_server]: Reached the goal!
[bt_navigator-7] [INFO] [1788848138.621281064] [bt_navigator]: Goal succeeded
[INFO] [1788848138.622447765] [candidate_explorer]: Frontier goal finished: success=True
[INFO] [1788848138.622656138] [candidate_explorer]: Reached frontier. Waiting for the map to expose new frontiers.
[INFO] [1788848138.804830227] [candidate_explorer]: Detected 10775 frontier cells
[INFO] [1788848138.814238959] [candidate_explorer]: Found 114 frontier clusters after filtering
[INFO] [1788848138.831112351] [candidate_explorer]: Selected frontier cluster: size=1655, goal=(11.95, -2.02), distance=5.33
[INFO] [1788848138.832234844] [candidate_explorer]: Checking global path to frontier (11.95, -2.02), distance=5.33m
[INFO] [1788848138.848870613] [candidate_explorer]: Nav2 path to frontier is 5.39m (straight-line=5.33m, detour=1.0x)
[INFO] [1788848138.854567285] [candidate_explorer]: Global path accepted. Navigating to frontier (11.95, -2.02)
[bt_navigator-7] [INFO] [1788848138.854991157] [bt_navigator]: Begin navigating from current location (6.65, -1.46) to (11.95, -2.02)
[controller_server-3] [INFO] [1788848138.875940190] [controller_server]: Received a goal, begin computing control effort.
[controller_server-3] [INFO] [1788848139.927381736] [controller_server]: Passing new path to controller.
[controller_server-3] [INFO] [1788848140.976208965] [controller_server]: Passing new path to controller.
[controller_server-3] [INFO] [1788848141.976389838] [controller_server]: Passing new path to controller.
[controller_server-3] [INFO] [1788848143.029220417] [controller_server]: Passing new path to controller.
[controller_server-3] [INFO] [1788848143.930283796] [controller_server]: Reached the goal!
[bt_navigator-7] [INFO] [1788848143.966356608] [bt_navigator]: Goal succeeded
[INFO] [1788848143.968029931] [candidate_explorer]: Frontier goal finished: success=True
[INFO] [1788848143.968262512] [candidate_explorer]: Reached frontier. Waiting for the map to expose new frontiers.
[INFO] [1788848144.306916770] [candidate_explorer]: Detected 10775 frontier cells
[INFO] [1788848144.316603291] [candidate_explorer]: Found 114 frontier clusters after filtering
[INFO] [1788848144.334262095] [candidate_explorer]: Selected frontier cluster: size=1655, goal=(12.36, -2.05), distance=0.61
[INFO] [1788848144.335335839] [candidate_explorer]: Checking global path to frontier (12.36, -2.05), distance=0.61m
[INFO] [1788848144.342886332] [candidate_explorer]: Nav2 path to frontier is 0.64m (straight-line=0.61m, detour=1.1x)
[INFO] [1788848144.343611452] [candidate_explorer]: Global path accepted. Navigating to frontier (12.36, -2.05)
[bt_navigator-7] [INFO] [1788848144.344037866] [bt_navigator]: Begin navigating from current location (11.75, -1.97) to (12.36, -2.05)
[controller_server-3] [INFO] [1788848144.365613395] [controller_server]: Received a goal, begin computing control effort.
[controller_server-3] [INFO] [1788848144.818645424] [controller_server]: Reached the goal!
[bt_navigator-7] [INFO] [1788848144.855201190] [bt_navigator]: Goal succeeded
[INFO] [1788848144.856431474] [candidate_explorer]: Frontier goal finished: success=True
[INFO] [1788848144.856686806] [candidate_explorer]: Reached frontier. Waiting for the map to expose new frontiers.
[INFO] [1788848145.057413943] [candidate_explorer]: Detected 10775 frontier cells
[INFO] [1788848145.067826210] [candidate_explorer]: Found 114 frontier clusters after filtering
[INFO] [1788848145.085159974] [candidate_explorer]: Selected frontier cluster: size=1655, goal=(6.45, -1.45), distance=5.74
[INFO] [1788848145.086724923] [candidate_explorer]: Checking global path to frontier (6.45, -1.45), distance=5.74m
[INFO] [1788848145.107734247] [candidate_explorer]: Nav2 path to frontier is 5.80m (straight-line=5.74m, detour=1.0x)
[INFO] [1788848145.114002999] [candidate_explorer]: Global path accepted. Navigating to frontier (6.45, -1.45)
[bt_navigator-7] [INFO] [1788848145.114536662] [bt_navigator]: Begin navigating from current location (12.16, -2.04) to (6.45, -1.45)
[controller_server-3] [INFO] [1788848145.136709145] [controller_server]: Received a goal, begin computing control effort.
[controller_server-3] [INFO] [1788848146.189021352] [controller_server]: Passing new path to controller.
[controller_server-3] [INFO] [1788848147.237227752] [controller_server]: Passing new path to controller.
[controller_server-3] [INFO] [1788848148.238483368] [controller_server]: Passing new path to controller.
[controller_server-3] [INFO] [1788848149.287985010] [controller_server]: Passing new path to controller.
[controller_server-3] [INFO] [1788848150.287663927] [controller_server]: Passing new path to controller.
[controller_server-3] [INFO] [1788848150.589586460] [controller_server]: Reached the goal!
[bt_navigator-7] [INFO] [1788848150.624843402] [bt_navigator]: Goal succeeded
[INFO] [1788848150.626013811] [candidate_explorer]: Frontier goal finished: success=True
[INFO] [1788848150.626226227] [candidate_explorer]: Reached frontier. Waiting for the map to expose new frontiers.
[INFO] [1788848150.807673570] [candidate_explorer]: Detected 10775 frontier cells
[INFO] [1788848150.817617215] [candidate_explorer]: Found 114 frontier clusters after filtering
[INFO] [1788848150.834467149] [candidate_explorer]: Selected frontier cluster: size=1655, goal=(11.95, -2.02), distance=5.33
[INFO] [1788848150.835545767] [candidate_explorer]: Checking global path to frontier (11.95, -2.02), distance=5.33m
[INFO] [1788848150.851852871] [candidate_explorer]: Nav2 path to frontier is 5.39m (straight-line=5.33m, detour=1.0x)
[INFO] [1788848150.857773209] [candidate_explorer]: Global path accepted. Navigating to frontier (11.95, -2.02)
[bt_navigator-7] [INFO] [1788848150.858305872] [bt_navigator]: Begin navigating from current location (6.65, -1.49) to (11.95, -2.02)
[controller_server-3] [INFO] [1788848150.879745485] [controller_server]: Received a goal, begin computing control effort.
[controller_server-3] [INFO] [1788848151.929990664] [controller_server]: Passing new path to controller.
[controller_server-3] [INFO] [1788848152.932227482] [controller_server]: Passing new path to controller.
[controller_server-3] [INFO] [1788848153.980056426] [controller_server]: Passing new path to controller.
[controller_server-3] [INFO] [1788848154.980280465] [controller_server]: Passing new path to controller.
[controller_server-3] [INFO] [1788848155.931058819] [controller_server]: Reached the goal!
[bt_navigator-7] [INFO] [1788848155.968492122] [bt_navigator]: Goal succeeded
[INFO] [1788848155.969685614] [candidate_explorer]: Frontier goal finished: success=True
[INFO] [1788848155.969937196] [candidate_explorer]: Reached frontier. Waiting for the map to expose new frontiers.
[INFO] [1788848156.310929272] [candidate_explorer]: Detected 10775 frontier cells
[INFO] [1788848156.320839125] [candidate_explorer]: Found 114 frontier clusters after filtering
[INFO] [1788848156.337908600] [candidate_explorer]: Selected frontier cluster: size=1655, goal=(12.33, -2.04), distance=0.60
[INFO] [1788848156.339014301] [candidate_explorer]: Checking global path to frontier (12.33, -2.04), distance=0.60m
[INFO] [1788848156.347113749] [candidate_explorer]: Nav2 path to frontier is 0.63m (straight-line=0.60m, detour=1.1x)
[INFO] [1788848156.347859995] [candidate_explorer]: Global path accepted. Navigating to frontier (12.33, -2.04)
[bt_navigator-7] [INFO] [1788848156.348385741] [bt_navigator]: Begin navigating from current location (11.73, -1.98) to (12.33, -2.04)
[controller_server-3] [INFO] [1788848156.368893527] [controller_server]: Received a goal, begin computing control effort.
[controller_server-3] [INFO] [1788848156.821531766] [controller_server]: Reached the goal!
[bt_navigator-7] [INFO] [1788848156.850144875] [bt_navigator]: Goal succeeded
[INFO] [1788848156.851298076] [candidate_explorer]: Frontier goal finished: success=True
[INFO] [1788848156.851554200] [candidate_explorer]: Reached frontier. Waiting for the map to expose new frontiers.
[INFO] [1788848157.059642665] [candidate_explorer]: Detected 10775 frontier cells
[INFO] [1788848157.069460060] [candidate_explorer]: Found 114 frontier clusters after filtering
[INFO] [1788848157.086608993] [candidate_explorer]: Selected frontier cluster: size=1655, goal=(12.72, -2.08), distance=0.61
[INFO] [1788848157.087770652] [candidate_explorer]: Checking global path to frontier (12.72, -2.08), distance=0.61m
[INFO] [1788848157.095595435] [candidate_explorer]: Nav2 path to frontier is 0.66m (straight-line=0.61m, detour=1.1x)
[INFO] [1788848157.096329764] [candidate_explorer]: Global path accepted. Navigating to frontier (12.72, -2.08)
[bt_navigator-7] [INFO] [1788848157.096703137] [bt_navigator]: Begin navigating from current location (12.11, -2.02) to (12.72, -2.08)
[controller_server-3] [INFO] [1788848157.117388213] [controller_server]: Received a goal, begin computing control effort.
[controller_server-3] [INFO] [1788848157.571120903] [controller_server]: Reached the goal!
[bt_navigator-7] [INFO] [1788848157.606926425] [bt_navigator]: Goal succeeded
[INFO] [1788848157.608140667] [candidate_explorer]: Frontier goal finished: success=True
[INFO] [1788848157.608413624] [candidate_explorer]: Reached frontier. Waiting for the map to expose new frontiers.
[INFO] [1788848157.762250518] [candidate_explorer]: Detected 10775 frontier cells
[INFO] [1788848157.771964581] [candidate_explorer]: Found 114 frontier clusters after filtering
[INFO] [1788848157.789295304] [candidate_explorer]: Selected frontier cluster: size=1655, goal=(6.45, -1.45), distance=6.10
[INFO] [1788848157.790364380] [candidate_explorer]: Checking global path to frontier (6.45, -1.45), distance=6.10m
[INFO] [1788848157.808312474] [candidate_explorer]: Nav2 path to frontier is 6.17m (straight-line=6.10m, detour=1.0x)
[INFO] [1788848157.814683142] [candidate_explorer]: Global path accepted. Navigating to frontier (6.45, -1.45)
[bt_navigator-7] [INFO] [1788848157.815323513] [bt_navigator]: Begin navigating from current location (12.52, -2.06) to (6.45, -1.45)
[controller_server-3] [INFO] [1788848157.836430087] [controller_server]: Received a goal, begin computing control effort.
[controller_server-3] [INFO] [1788848158.896675326] [controller_server]: Passing new path to controller.
[controller_server-3] [INFO] [1788848159.938112226] [controller_server]: Passing new path to controller.
[controller_server-3] [INFO] [1788848160.938578115] [controller_server]: Passing new path to controller.
[controller_server-3] [INFO] [1788848161.993071496] [controller_server]: Passing new path to controller.
[controller_server-3] [INFO] [1788848162.987711547] [controller_server]: Passing new path to controller.
[controller_server-3] [INFO] [1788848163.590067492] [controller_server]: Reached the goal!
[bt_navigator-7] [INFO] [1788848163.628167835] [bt_navigator]: Goal succeeded
[INFO] [1788848163.629467285] [candidate_explorer]: Frontier goal finished: success=True
[INFO] [1788848163.629742158] [candidate_explorer]: Reached frontier. Waiting for the map to expose new frontiers.
[INFO] [1788848163.806930914] [candidate_explorer]: Detected 10775 frontier cells
[INFO] [1788848163.816738894] [candidate_explorer]: Found 114 frontier clusters after filtering
[INFO] [1788848163.833642703] [candidate_explorer]: Selected frontier cluster: size=1655, goal=(11.95, -2.02), distance=5.31
[INFO] [1788848163.834715197] [candidate_explorer]: Checking global path to frontier (11.95, -2.02), distance=5.31m
[INFO] [1788848163.850905178] [candidate_explorer]: Nav2 path to frontier is 5.36m (straight-line=5.31m, detour=1.0x)
[INFO] [1788848163.856752391] [candidate_explorer]: Global path accepted. Navigating to frontier (11.95, -2.02)
[bt_navigator-7] [INFO] [1788848163.857224346] [bt_navigator]: Begin navigating from current location (6.67, -1.47) to (11.95, -2.02)
[controller_server-3] [INFO] [1788848163.879036792] [controller_server]: Received a goal, begin computing control effort.
[controller_server-3] [INFO] [1788848164.930180694] [controller_server]: Passing new path to controller.
[controller_server-3] [INFO] [1788848165.979888063] [controller_server]: Passing new path to controller.
[controller_server-3] [INFO] [1788848166.982774187] [controller_server]: Passing new path to controller.
[controller_server-3] [INFO] [1788848168.029214160] [controller_server]: Passing new path to controller.
[controller_server-3] [INFO] [1788848168.931285837] [controller_server]: Reached the goal!
[bt_navigator-7] [INFO] [1788848168.967456609] [bt_navigator]: Goal succeeded
[INFO] [1788848168.968745684] [candidate_explorer]: Frontier goal finished: success=True
[INFO] [1788848168.968985016] [candidate_explorer]: Reached frontier. Waiting for the map to expose new frontiers.
[INFO] [1788848169.306166386] [candidate_explorer]: Detected 10719 frontier cells
[INFO] [1788848169.315732909] [candidate_explorer]: Found 115 frontier clusters after filtering
[INFO] [1788848169.332821218] [candidate_explorer]: Selected frontier cluster: size=1602, goal=(12.36, -2.05), distance=0.61
[INFO] [1788848169.333865836] [candidate_explorer]: Checking global path to frontier (12.36, -2.05), distance=0.61m
[INFO] [1788848169.341587162] [candidate_explorer]: Nav2 path to frontier is 0.64m (straight-line=0.61m, detour=1.0x)
[INFO] [1788848169.342330658] [candidate_explorer]: Global path accepted. Navigating to frontier (12.36, -2.05)
[bt_navigator-7] [INFO] [1788848169.342811405] [bt_navigator]: Begin navigating from current location (11.75, -1.96) to (12.36, -2.05)
[controller_server-3] [INFO] [1788848169.366552796] [controller_server]: Received a goal, begin computing control effort.
[controller_server-3] [INFO] [1788848169.820115223] [controller_server]: Reached the goal!
[bt_navigator-7] [INFO] [1788848169.854611630] [bt_navigator]: Goal succeeded
[INFO] [1788848169.856137079] [candidate_explorer]: Frontier goal finished: success=True
[INFO] [1788848169.856393827] [candidate_explorer]: Reached frontier. Waiting for the map to expose new frontiers.
[INFO] [1788848170.010786144] [candidate_explorer]: Detected 10719 frontier cells
[INFO] [1788848170.020569665] [candidate_explorer]: Found 115 frontier clusters after filtering
[INFO] [1788848170.037522892] [candidate_explorer]: Selected frontier cluster: size=1602, goal=(6.45, -1.45), distance=5.72
[INFO] [1788848170.038528344] [candidate_explorer]: Checking global path to frontier (6.45, -1.45), distance=5.72m
[INFO] [1788848170.055985900] [candidate_explorer]: Nav2 path to frontier is 5.81m (straight-line=5.72m, detour=1.0x)
[INFO] [1788848170.062312943] [candidate_explorer]: Global path accepted. Navigating to frontier (6.45, -1.45)
[bt_navigator-7] [INFO] [1788848170.062782065] [bt_navigator]: Begin navigating from current location (12.14, -2.04) to (6.45, -1.45)
[controller_server-3] [INFO] [1788848170.086130710] [controller_server]: Received a goal, begin computing control effort.
[controller_server-3] [INFO] [1788848171.137481902] [controller_server]: Passing new path to controller.
[controller_server-3] [INFO] [1788848172.187470186] [controller_server]: Passing new path to controller.
[controller_server-3] [INFO] [1788848173.187735952] [controller_server]: Passing new path to controller.
[controller_server-3] [INFO] [1788848174.242019167] [controller_server]: Passing new path to controller.
[controller_server-3] [INFO] [1788848175.236735551] [controller_server]: Passing new path to controller.
[controller_server-3] [INFO] [1788848175.539705512] [controller_server]: Reached the goal!
[bt_navigator-7] [INFO] [1788848175.574530709] [bt_navigator]: Goal succeeded
[INFO] [1788848175.575736993] [candidate_explorer]: Frontier goal finished: success=True
[INFO] [1788848175.575956700] [candidate_explorer]: Reached frontier. Waiting for the map to expose new frontiers.
[INFO] [1788848175.810253303] [candidate_explorer]: Detected 10719 frontier cells
[INFO] [1788848175.819937075] [candidate_explorer]: Found 115 frontier clusters after filtering
[INFO] [1788848175.836901426] [candidate_explorer]: Selected frontier cluster: size=1602, goal=(11.95, -2.02), distance=5.32
[INFO] [1788848175.837968170] [candidate_explorer]: Checking global path to frontier (11.95, -2.02), distance=5.32m
[INFO] [1788848175.854636273] [candidate_explorer]: Nav2 path to frontier is 5.37m (straight-line=5.32m, detour=1.0x)
[INFO] [1788848175.860307029] [candidate_explorer]: Global path accepted. Navigating to frontier (11.95, -2.02)
[bt_navigator-7] [INFO] [1788848175.860745567] [bt_navigator]: Begin navigating from current location (6.66, -1.48) to (11.95, -2.02)
[controller_server-3] [INFO] [1788848175.883538257] [controller_server]: Received a goal, begin computing control effort.
[controller_server-3] [INFO] [1788848176.937246059] [controller_server]: Passing new path to controller.
[controller_server-3] [INFO] [1788848177.985860102] [controller_server]: Passing new path to controller.
[controller_server-3] [INFO] [1788848178.985323331] [controller_server]: Passing new path to controller.
[controller_server-3] [INFO] [1788848180.034262039] [controller_server]: Passing new path to controller.
[controller_server-3] [INFO] [1788848180.989304006] [controller_server]: Reached the goal!
[bt_navigator-7] [INFO] [1788848181.022724795] [bt_navigator]: Goal succeeded
[INFO] [1788848181.023123626] [candidate_explorer]: Frontier goal finished: success=True
[INFO] [1788848181.023359874] [candidate_explorer]: Reached frontier. Waiting for the map to expose new frontiers.
[INFO] [1788848181.307963202] [candidate_explorer]: Detected 10713 frontier cells
[INFO] [1788848181.317713723] [candidate_explorer]: Found 113 frontier clusters after filtering
[INFO] [1788848181.334683658] [candidate_explorer]: Selected frontier cluster: size=1666, goal=(12.34, -2.05), distance=0.61
[INFO] [1788848181.335718068] [candidate_explorer]: Checking global path to frontier (12.34, -2.05), distance=0.61m
[INFO] [1788848181.343653060] [candidate_explorer]: Nav2 path to frontier is 0.64m (straight-line=0.61m, detour=1.0x)
[INFO] [1788848181.344450013] [candidate_explorer]: Global path accepted. Navigating to frontier (12.34, -2.05)
[bt_navigator-7] [INFO] [1788848181.344845469] [bt_navigator]: Begin navigating from current location (11.74, -1.98) to (12.34, -2.05)
[controller_server-3] [INFO] [1788848181.368147905] [controller_server]: Received a goal, begin computing control effort.
[controller_server-3] [INFO] [1788848181.419048375] [controller_server]: Passing new path to controller.
[controller_server-3] [INFO] [1788848181.821241293] [controller_server]: Reached the goal!
[bt_navigator-7] [INFO] [1788848181.855265745] [bt_navigator]: Goal succeeded
[INFO] [1788848181.856484570] [candidate_explorer]: Frontier goal finished: success=True
[INFO] [1788848181.856697361] [candidate_explorer]: Reached frontier. Waiting for the map to expose new frontiers.
[INFO] [1788848182.014063492] [candidate_explorer]: Detected 10713 frontier cells
[INFO] [1788848182.023719889] [candidate_explorer]: Found 113 frontier clusters after filtering
[INFO] [1788848182.040671198] [candidate_explorer]: Selected frontier cluster: size=1666, goal=(6.45, -1.45), distance=5.72
[INFO] [1788848182.041742525] [candidate_explorer]: Checking global path to frontier (6.45, -1.45), distance=5.72m
[INFO] [1788848182.058952833] [candidate_explorer]: Nav2 path to frontier is 5.81m (straight-line=5.72m, detour=1.0x)
[INFO] [1788848182.065555875] [candidate_explorer]: Global path accepted. Navigating to frontier (6.45, -1.45)
[bt_navigator-7] [INFO] [1788848182.066001413] [bt_navigator]: Begin navigating from current location (12.14, -2.04) to (6.45, -1.45)
[controller_server-3] [INFO] [1788848182.089051060] [controller_server]: Received a goal, begin computing control effort.
[controller_server-3] [INFO] [1788848183.143369442] [controller_server]: Passing new path to controller.
[planner_server-5] [INFO] [1788848184.133107607] [global_costmap.global_costmap]: Message Filter dropping message: frame 'base_link' at time 3811.500 for reason 'the timestamp on the message is earlier than all the data in the transform cache'
[controller_server-3] [INFO] [1788848184.189235919] [controller_server]: Passing new path to controller.
[controller_server-3] [INFO] [1788848185.189376643] [controller_server]: Passing new path to controller.
[controller_server-3] [INFO] [1788848186.239482927] [controller_server]: Passing new path to controller.
[controller_server-3] [INFO] [1788848187.241372556] [controller_server]: Passing new path to controller.
[controller_server-3] [INFO] [1788848187.491205645] [controller_server]: Reached the goal!
[bt_navigator-7] [INFO] [1788848187.529209447] [bt_navigator]: Goal succeeded
[INFO] [1788848187.529612736] [candidate_explorer]: Frontier goal finished: success=True
[INFO] [1788848187.529848859] [candidate_explorer]: Reached frontier. Waiting for the map to expose new frontiers.
[INFO] [1788848187.806712485] [candidate_explorer]: Detected 10713 frontier cells
[INFO] [1788848187.816476007] [candidate_explorer]: Found 113 frontier clusters after filtering
[INFO] [1788848187.833190777] [candidate_explorer]: Selected frontier cluster: size=1666, goal=(11.95, -2.02), distance=5.31
[INFO] [1788848187.834229687] [candidate_explorer]: Checking global path to frontier (11.95, -2.02), distance=5.31m
[INFO] [1788848187.850524042] [candidate_explorer]: Nav2 path to frontier is 5.36m (straight-line=5.31m, detour=1.0x)
[INFO] [1788848187.855965841] [candidate_explorer]: Global path accepted. Navigating to frontier (11.95, -2.02)
[bt_navigator-7] [INFO] [1788848187.856431380] [bt_navigator]: Begin navigating from current location (6.68, -1.46) to (11.95, -2.02)
[controller_server-3] [INFO] [1788848187.878783739] [controller_server]: Received a goal, begin computing control effort.
[controller_server-3] [INFO] [1788848188.934489653] [controller_server]: Passing new path to controller.
[controller_server-3] [INFO] [1788848189.980473588] [controller_server]: Passing new path to controller.
[controller_server-3] [INFO] [1788848190.980446980] [controller_server]: Passing new path to controller.
[controller_server-3] [INFO] [1788848192.029612311] [controller_server]: Passing new path to controller.
[controller_server-3] [INFO] [1788848192.932570816] [controller_server]: Reached the goal!
[bt_navigator-7] [INFO] [1788848192.967316847] [bt_navigator]: Goal succeeded
[INFO] [1788848192.967784885] [candidate_explorer]: Frontier goal finished: success=True
[INFO] [1788848192.967995426] [candidate_explorer]: Reached frontier. Waiting for the map to expose new frontiers.
[INFO] [1788848193.305441378] [candidate_explorer]: Detected 10713 frontier cells
[INFO] [1788848193.315138941] [candidate_explorer]: Found 113 frontier clusters after filtering
[INFO] [1788848193.331993002] [candidate_explorer]: Selected frontier cluster: size=1666, goal=(12.36, -2.05), distance=0.61
[INFO] [1788848193.333050578] [candidate_explorer]: Checking global path to frontier (12.36, -2.05), distance=0.61m
[INFO] [1788848193.340599822] [candidate_explorer]: Nav2 path to frontier is 0.64m (straight-line=0.61m, detour=1.0x)
[INFO] [1788848193.341550316] [candidate_explorer]: Global path accepted. Navigating to frontier (12.36, -2.05)
[bt_navigator-7] [INFO] [1788848193.342060396] [bt_navigator]: Begin navigating from current location (11.75, -1.97) to (12.36, -2.05)
[controller_server-3] [INFO] [1788848193.363079222] [controller_server]: Received a goal, begin computing control effort.
[controller_server-3] [INFO] [1788848193.817725892] [controller_server]: Reached the goal!
[bt_navigator-7] [INFO] [1788848193.854404452] [bt_navigator]: Goal succeeded
[INFO] [1788848193.855870401] [candidate_explorer]: Frontier goal finished: success=True
[INFO] [1788848193.856128233] [candidate_explorer]: Reached frontier. Waiting for the map to expose new frontiers.
[INFO] [1788848194.012606619] [candidate_explorer]: Detected 10713 frontier cells
[INFO] [1788848194.022289975] [candidate_explorer]: Found 113 frontier clusters after filtering
[INFO] [1788848194.039282284] [candidate_explorer]: Selected frontier cluster: size=1666, goal=(6.45, -1.45), distance=5.74
[INFO] [1788848194.040365319] [candidate_explorer]: Checking global path to frontier (6.45, -1.45), distance=5.74m
[INFO] [1788848194.057668668] [candidate_explorer]: Nav2 path to frontier is 5.81m (straight-line=5.74m, detour=1.0x)
[INFO] [1788848194.063834129] [candidate_explorer]: Global path accepted. Navigating to frontier (6.45, -1.45)
[bt_navigator-7] [INFO] [1788848194.064389417] [bt_navigator]: Begin navigating from current location (12.15, -2.03) to (6.45, -1.45)
[controller_server-3] [INFO] [1788848194.087492229] [controller_server]: Received a goal, begin computing control effort.
[controller_server-3] [INFO] [1788848195.140857534] [controller_server]: Passing new path to controller.
[controller_server-3] [INFO] [1788848196.140349888] [controller_server]: Passing new path to controller.
[controller_server-3] [INFO] [1788848197.188317851] [controller_server]: Passing new path to controller.
[controller_server-3] [INFO] [1788848198.188320660] [controller_server]: Passing new path to controller.
[controller_server-3] [INFO] [1788848199.238372069] [controller_server]: Passing new path to controller.
[controller_server-3] [INFO] [1788848199.541309614] [controller_server]: Reached the goal!
[bt_navigator-7] [INFO] [1788848199.577317761] [bt_navigator]: Goal succeeded
[INFO] [1788848199.578407171] [candidate_explorer]: Frontier goal finished: success=True
[INFO] [1788848199.578680211] [candidate_explorer]: Reached frontier. Waiting for the map to expose new frontiers.
[INFO] [1788848199.806871478] [candidate_explorer]: Detected 10713 frontier cells
[INFO] [1788848199.816271627] [candidate_explorer]: Found 113 frontier clusters after filtering
[INFO] [1788848199.833068354] [candidate_explorer]: Selected frontier cluster: size=1666, goal=(11.95, -2.02), distance=5.31
[INFO] [1788848199.834122264] [candidate_explorer]: Checking global path to frontier (11.95, -2.02), distance=5.31m
[INFO] [1788848199.850341162] [candidate_explorer]: Nav2 path to frontier is 5.37m (straight-line=5.31m, detour=1.0x)
[INFO] [1788848199.856265208] [candidate_explorer]: Global path accepted. Navigating to frontier (11.95, -2.02)
[bt_navigator-7] [INFO] [1788848199.856772329] [bt_navigator]: Begin navigating from current location (6.67, -1.45) to (11.95, -2.02)
[controller_server-3] [INFO] [1788848199.878526275] [controller_server]: Received a goal, begin computing control effort.
[controller_server-3] [INFO] [1788848200.931286417] [controller_server]: Passing new path to controller.
[controller_server-3] [INFO] [1788848201.930063733] [controller_server]: Passing new path to controller.
[controller_server-3] [INFO] [1788848202.980426474] [controller_server]: Passing new path to controller.
[controller_server-3] [INFO] [1788848203.978949500] [controller_server]: Passing new path to controller.
[planner_server-5] [INFO] [1788848204.078648078] [global_costmap.global_costmap]: Message Filter dropping message: frame 'base_link' at time 3891.300 for reason 'the timestamp on the message is earlier than all the data in the transform cache'
[controller_server-3] [INFO] [1788848204.931223026] [controller_server]: Reached the goal!
[bt_navigator-7] [INFO] [1788848204.966980717] [bt_navigator]: Goal succeeded
[INFO] [1788848204.968141460] [candidate_explorer]: Frontier goal finished: success=True
[INFO] [1788848204.968371792] [candidate_explorer]: Reached frontier. Waiting for the map to expose new frontiers.
[INFO] [1788848205.309785344] [candidate_explorer]: Detected 10689 frontier cells
[INFO] [1788848205.319476157] [candidate_explorer]: Found 112 frontier clusters after filtering
[INFO] [1788848205.336409217] [candidate_explorer]: Selected frontier cluster: size=1671, goal=(12.34, -2.05), distance=0.60
[INFO] [1788848205.337471627] [candidate_explorer]: Checking global path to frontier (12.34, -2.05), distance=0.60m
[INFO] [1788848205.344989788] [candidate_explorer]: Nav2 path to frontier is 0.62m (straight-line=0.60m, detour=1.0x)
[INFO] [1788848205.345645325] [candidate_explorer]: Global path accepted. Navigating to frontier (12.34, -2.05)
[bt_navigator-7] [INFO] [1788848205.346063614] [bt_navigator]: Begin navigating from current location (11.75, -1.96) to (12.34, -2.05)
[controller_server-3] [INFO] [1788848205.370806666] [controller_server]: Received a goal, begin computing control effort.
[controller_server-3] [INFO] [1788848205.832854831] [controller_server]: Reached the goal!
[bt_navigator-7] [INFO] [1788848205.866583202] [bt_navigator]: Goal succeeded
[INFO] [1788848205.867881735] [candidate_explorer]: Frontier goal finished: success=True
[INFO] [1788848205.868130900] [candidate_explorer]: Reached frontier. Waiting for the map to expose new frontiers.
[INFO] [1788848206.011729410] [candidate_explorer]: Detected 10689 frontier cells
[INFO] [1788848206.021506973] [candidate_explorer]: Found 112 frontier clusters after filtering
[INFO] [1788848206.038664906] [candidate_explorer]: Selected frontier cluster: size=1671, goal=(6.45, -1.45), distance=5.73
[INFO] [1788848206.039813691] [candidate_explorer]: Checking global path to frontier (6.45, -1.45), distance=5.73m
[INFO] [1788848206.057195789] [candidate_explorer]: Nav2 path to frontier is 5.81m (straight-line=5.73m, detour=1.0x)
[INFO] [1788848206.063360542] [candidate_explorer]: Global path accepted. Navigating to frontier (6.45, -1.45)
[bt_navigator-7] [INFO] [1788848206.063854372] [bt_navigator]: Begin navigating from current location (12.15, -2.03) to (6.45, -1.45)
[controller_server-3] [INFO] [1788848206.087356390] [controller_server]: Received a goal, begin computing control effort.
[controller_server-3] [INFO] [1788848207.139776409] [controller_server]: Passing new path to controller.
[controller_server-3] [INFO] [1788848208.188479744] [controller_server]: Passing new path to controller.
[controller_server-3] [INFO] [1788848209.187576349] [controller_server]: Passing new path to controller.
[controller_server-3] [INFO] [1788848210.237579967] [controller_server]: Passing new path to controller.
[controller_server-3] [INFO] [1788848211.238829601] [controller_server]: Passing new path to controller.
[controller_server-3] [INFO] [1788848211.545041542] [controller_server]: Reached the goal!
[bt_navigator-7] [INFO] [1788848211.576468302] [bt_navigator]: Goal succeeded
[INFO] [1788848211.577015590] [candidate_explorer]: Frontier goal finished: success=True
[INFO] [1788848211.577274422] [candidate_explorer]: Reached frontier. Waiting for the map to expose new frontiers.
[INFO] [1788848211.807960881] [candidate_explorer]: Detected 10689 frontier cells
[INFO] [1788848211.817472071] [candidate_explorer]: Found 112 frontier clusters after filtering
[INFO] [1788848211.833991883] [candidate_explorer]: Selected frontier cluster: size=1671, goal=(11.95, -2.02), distance=5.32
[INFO] [1788848211.835026918] [candidate_explorer]: Checking global path to frontier (11.95, -2.02), distance=5.32m
[INFO] [1788848211.851898687] [candidate_explorer]: Nav2 path to frontier is 5.38m (straight-line=5.32m, detour=1.0x)
[INFO] [1788848211.858114731] [candidate_explorer]: Global path accepted. Navigating to frontier (11.95, -2.02)
[bt_navigator-7] [INFO] [1788848211.858779685] [bt_navigator]: Begin navigating from current location (6.67, -1.44) to (11.95, -2.02)
[controller_server-3] [INFO] [1788848211.880477923] [controller_server]: Received a goal, begin computing control effort.
[controller_server-3] [INFO] [1788848212.932711610] [controller_server]: Passing new path to controller.
[controller_server-3] [INFO] [1788848213.984465758] [controller_server]: Passing new path to controller.
[controller_server-3] [INFO] [1788848214.983221116] [controller_server]: Passing new path to controller.
[planner_server-5] [INFO] [1788848215.854716528] [global_costmap.global_costmap]: Message Filter dropping message: frame 'base_link' at time 3938.400 for reason 'the timestamp on the message is earlier than all the data in the transform cache'
[controller_server-3] [INFO] [1788848215.983863962] [controller_server]: Passing new path to controller.
[controller_server-3] [ERROR] [1788848216.331813348] [tf_help]: Transform data too old when converting from odom to map
[controller_server-3] [ERROR] [1788848216.331843848] [tf_help]: Data time: 3940s 600000006ns, Transform time: 3940s 300000006ns
[controller_server-3] [WARN] [1788848216.332312928] [controller_server]: Unable to transform robot pose into global plan's frame
[controller_server-3] [INFO] [1788848216.985720134] [controller_server]: Reached the goal!
[controller_server-3] [INFO] [1788848217.000489832] [controller_server]: Received a goal, begin computing control effort.
[controller_server-3] [INFO] [1788848217.002259946] [controller_server]: Reached the goal!
[bt_navigator-7] [INFO] [1788848217.038915090] [bt_navigator]: Goal succeeded
[INFO] [1788848217.039990250] [candidate_explorer]: Frontier goal finished: success=True
[INFO] [1788848217.040186540] [candidate_explorer]: Reached frontier. Waiting for the map to expose new frontiers.
[INFO] [1788848217.307577809] [candidate_explorer]: Detected 10689 frontier cells
[INFO] [1788848217.317068541] [candidate_explorer]: Found 112 frontier clusters after filtering
[INFO] [1788848217.333928435] [candidate_explorer]: Selected frontier cluster: size=1671, goal=(12.36, -2.05), distance=0.61
[INFO] [1788848217.334988678] [candidate_explorer]: Checking global path to frontier (12.36, -2.05), distance=0.61m
[INFO] [1788848217.342506464] [candidate_explorer]: Nav2 path to frontier is 0.64m (straight-line=0.61m, detour=1.0x)
[INFO] [1788848217.343263126] [candidate_explorer]: Global path accepted. Navigating to frontier (12.36, -2.05)
[bt_navigator-7] [INFO] [1788848217.343648873] [bt_navigator]: Begin navigating from current location (11.75, -1.96) to (12.36, -2.05)
[controller_server-3] [INFO] [1788848217.366585437] [controller_server]: Received a goal, begin computing control effort.
[controller_server-3] [INFO] [1788848217.820992566] [controller_server]: Reached the goal!
[bt_navigator-7] [INFO] [1788848217.853906192] [bt_navigator]: Goal succeeded
[INFO] [1788848217.855078809] [candidate_explorer]: Frontier goal finished: success=True
[INFO] [1788848217.855290933] [candidate_explorer]: Reached frontier. Waiting for the map to expose new frontiers.
[INFO] [1788848218.011931319] [candidate_explorer]: Detected 10689 frontier cells
[INFO] [1788848218.021671174] [candidate_explorer]: Found 112 frontier clusters after filtering
[INFO] [1788848218.038467401] [candidate_explorer]: Selected frontier cluster: size=1671, goal=(6.45, -1.45), distance=5.74
[INFO] [1788848218.039497353] [candidate_explorer]: Checking global path to frontier (6.45, -1.45), distance=5.74m
[INFO] [1788848218.056649786] [candidate_explorer]: Nav2 path to frontier is 5.81m (straight-line=5.74m, detour=1.0x)
[INFO] [1788848218.062704790] [candidate_explorer]: Global path accepted. Navigating to frontier (6.45, -1.45)
[bt_navigator-7] [INFO] [1788848218.063146037] [bt_navigator]: Begin navigating from current location (12.16, -2.03) to (6.45, -1.45)
[controller_server-3] [INFO] [1788848218.084725525] [controller_server]: Received a goal, begin computing control effort.
[controller_server-3] [INFO] [1788848219.136012593] [controller_server]: Passing new path to controller.
[planner_server-5] [INFO] [1788848219.804533371] [global_costmap.global_costmap]: Message Filter dropping message: frame 'base_link' at time 3954.200 for reason 'the timestamp on the message is earlier than all the data in the transform cache'
[controller_server-3] [INFO] [1788848220.185538797] [controller_server]: Passing new path to controller.
[controller_server-3] [INFO] [1788848221.184871443] [controller_server]: Passing new path to controller.
[controller_server-3] [INFO] [1788848222.185048126] [controller_server]: Passing new path to controller.
[controller_server-3] [INFO] [1788848223.235993862] [controller_server]: Passing new path to controller.
[controller_server-3] [INFO] [1788848223.588796009] [controller_server]: Reached the goal!
[bt_navigator-7] [INFO] [1788848223.625721859] [bt_navigator]: Goal succeeded
[INFO] [1788848223.626844519] [candidate_explorer]: Frontier goal finished: success=True
[INFO] [1788848223.627056017] [candidate_explorer]: Reached frontier. Waiting for the map to expose new frontiers.
[INFO] [1788848223.806457717] [candidate_explorer]: Detected 10689 frontier cells
[INFO] [1788848223.816366863] [candidate_explorer]: Found 112 frontier clusters after filtering
[INFO] [1788848223.833334548] [candidate_explorer]: Selected frontier cluster: size=1671, goal=(11.95, -2.02), distance=5.32
[INFO] [1788848223.834446874] [candidate_explorer]: Checking global path to frontier (11.95, -2.02), distance=5.32m
[INFO] [1788848223.850776271] [candidate_explorer]: Nav2 path to frontier is 5.37m (straight-line=5.32m, detour=1.0x)
[INFO] [1788848223.856705817] [candidate_explorer]: Global path accepted. Navigating to frontier (11.95, -2.02)
[bt_navigator-7] [INFO] [1788848223.857338979] [bt_navigator]: Begin navigating from current location (6.66, -1.46) to (11.95, -2.02)
[controller_server-3] [INFO] [1788848223.879105383] [controller_server]: Received a goal, begin computing control effort.
[controller_server-3] [INFO] [1788848224.929228959] [controller_server]: Passing new path to controller.
[controller_server-3] [INFO] [1788848225.929357475] [controller_server]: Passing new path to controller.
[controller_server-3] [INFO] [1788848226.979274468] [controller_server]: Passing new path to controller.
[planner_server-5] [INFO] [1788848227.553939630] [global_costmap.global_costmap]: Message Filter dropping message: frame 'base_link' at time 3985.200 for reason 'the timestamp on the message is earlier than all the data in the transform cache'
[controller_server-3] [INFO] [1788848227.979772606] [controller_server]: Passing new path to controller.
[planner_server-5] [INFO] [1788848228.552843153] [global_costmap.global_costmap]: Message Filter dropping message: frame 'base_link' at time 3989.200 for reason 'the timestamp on the message is earlier than all the data in the transform cache'
[controller_server-3] [INFO] [1788848228.934144078] [controller_server]: Reached the goal!
[bt_navigator-7] [INFO] [1788848228.968289946] [bt_navigator]: Goal succeeded
[INFO] [1788848228.969515021] [candidate_explorer]: Frontier goal finished: success=True
[INFO] [1788848228.969779561] [candidate_explorer]: Reached frontier. Waiting for the map to expose new frontiers.
[INFO] [1788848229.307495262] [candidate_explorer]: Detected 10689 frontier cells
[INFO] [1788848229.317262783] [candidate_explorer]: Found 112 frontier clusters after filtering
[INFO] [1788848229.334217301] [candidate_explorer]: Selected frontier cluster: size=1671, goal=(12.34, -2.05), distance=0.60
[INFO] [1788848229.335184587] [candidate_explorer]: Checking global path to frontier (12.34, -2.05), distance=0.60m
[INFO] [1788848229.342726664] [candidate_explorer]: Nav2 path to frontier is 0.62m (straight-line=0.60m, detour=1.0x)
[INFO] [1788848229.343480784] [candidate_explorer]: Global path accepted. Navigating to frontier (12.34, -2.05)
[bt_navigator-7] [INFO] [1788848229.343925198] [bt_navigator]: Begin navigating from current location (11.75, -1.96) to (12.34, -2.05)
[controller_server-3] [INFO] [1788848229.366812304] [controller_server]: Received a goal, begin computing control effort.
[controller_server-3] [INFO] [1788848229.820668395] [controller_server]: Reached the goal!
[bt_navigator-7] [INFO] [1788848229.854598347] [bt_navigator]: Goal succeeded
[INFO] [1788848229.856153879] [candidate_explorer]: Frontier goal finished: success=True
[INFO] [1788848229.856392253] [candidate_explorer]: Reached frontier. Waiting for the map to expose new frontiers.
[INFO] [1788848230.012224852] [candidate_explorer]: Detected 10689 frontier cells
[INFO] [1788848230.021896666] [candidate_explorer]: Found 112 frontier clusters after filtering
[INFO] [1788848230.038922183] [candidate_explorer]: Selected frontier cluster: size=1671, goal=(6.45, -1.45), distance=5.73
[INFO] [1788848230.039886094] [candidate_explorer]: Checking global path to frontier (6.45, -1.45), distance=5.73m
[INFO] [1788848230.057431233] [candidate_explorer]: Nav2 path to frontier is 5.79m (straight-line=5.73m, detour=1.0x)
[INFO] [1788848230.063666319] [candidate_explorer]: Global path accepted. Navigating to frontier (6.45, -1.45)
[bt_navigator-7] [INFO] [1788848230.064117441] [bt_navigator]: Begin navigating from current location (12.15, -2.03) to (6.45, -1.45)
[controller_server-3] [INFO] [1788848230.085083350] [controller_server]: Received a goal, begin computing control effort.
[controller_server-3] [INFO] [1788848231.138154657] [controller_server]: Passing new path to controller.
[controller_server-3] [INFO] [1788848232.137468428] [controller_server]: Passing new path to controller.
[planner_server-5] [INFO] [1788848232.252757574] [global_costmap.global_costmap]: Message Filter dropping message: frame 'base_link' at time 4004.000 for reason 'the timestamp on the message is earlier than all the data in the transform cache'
[controller_server-3] [INFO] [1788848233.189198618] [controller_server]: Passing new path to controller.
[controller_server-3] [INFO] [1788848234.185984822] [controller_server]: Passing new path to controller.
[controller_server-3] [INFO] [1788848235.239428709] [controller_server]: Passing new path to controller.
[controller_server-3] [INFO] [1788848235.537743283] [controller_server]: Reached the goal!
[bt_navigator-7] [INFO] [1788848235.565462900] [bt_navigator]: Goal succeeded
[INFO] [1788848235.566613809] [candidate_explorer]: Frontier goal finished: success=True
[INFO] [1788848235.566860891] [candidate_explorer]: Reached frontier. Waiting for the map to expose new frontiers.
[INFO] [1788848235.806861583] [candidate_explorer]: Detected 10699 frontier cells
[INFO] [1788848235.816528647] [candidate_explorer]: Found 113 frontier clusters after filtering
[INFO] [1788848235.833085626] [candidate_explorer]: Selected frontier cluster: size=1671, goal=(11.95, -2.02), distance=5.31
[INFO] [1788848235.834127744] [candidate_explorer]: Checking global path to frontier (11.95, -2.02), distance=5.31m
[INFO] [1788848235.850270392] [candidate_explorer]: Nav2 path to frontier is 5.38m (straight-line=5.31m, detour=1.0x)
[INFO] [1788848235.856069731] [candidate_explorer]: Global path accepted. Navigating to frontier (11.95, -2.02)
[bt_navigator-7] [INFO] [1788848235.856509978] [bt_navigator]: Begin navigating from current location (6.67, -1.45) to (11.95, -2.02)
[controller_server-3] [INFO] [1788848235.877704302] [controller_server]: Received a goal, begin computing control effort.
[controller_server-3] [INFO] [1788848236.930049114] [controller_server]: Passing new path to controller.
[controller_server-3] [INFO] [1788848237.978704906] [controller_server]: Passing new path to controller.
[controller_server-3] [INFO] [1788848238.979509418] [controller_server]: Passing new path to controller.
[planner_server-5] [INFO] [1788848239.953285851] [global_costmap.global_costmap]: Message Filter dropping message: frame 'base_link' at time 4034.800 for reason 'the timestamp on the message is earlier than all the data in the transform cache'
[controller_server-3] [INFO] [1788848239.977995486] [controller_server]: Passing new path to controller.
[controller_server-3] [INFO] [1788848240.981849645] [controller_server]: Reached the goal!
[bt_navigator-7] [INFO] [1788848241.017585253] [bt_navigator]: Goal succeeded
[INFO] [1788848241.018817203] [candidate_explorer]: Frontier goal finished: success=True
[INFO] [1788848241.019025911] [candidate_explorer]: Reached frontier. Waiting for the map to expose new frontiers.
[INFO] [1788848241.305100979] [candidate_explorer]: Detected 10699 frontier cells
[INFO] [1788848241.314549627] [candidate_explorer]: Found 113 frontier clusters after filtering
[INFO] [1788848241.331696311] [candidate_explorer]: Selected frontier cluster: size=1671, goal=(12.36, -2.05), distance=0.61
[INFO] [1788848241.332726679] [candidate_explorer]: Checking global path to frontier (12.36, -2.05), distance=0.61m
[INFO] [1788848241.340143882] [candidate_explorer]: Nav2 path to frontier is 0.63m (straight-line=0.61m, detour=1.0x)
[INFO] [1788848241.340881544] [candidate_explorer]: Global path accepted. Navigating to frontier (12.36, -2.05)
[bt_navigator-7] [INFO] [1788848241.341456457] [bt_navigator]: Begin navigating from current location (11.75, -1.99) to (12.36, -2.05)
[controller_server-3] [INFO] [1788848241.364001231] [controller_server]: Received a goal, begin computing control effort.
[controller_server-3] [INFO] [1788848241.364066523] [controller_server]: Passing new path to controller.
[controller_server-3] [INFO] [1788848241.816962912] [controller_server]: Reached the goal!
[bt_navigator-7] [INFO] [1788848241.853533848] [bt_navigator]: Goal succeeded
[INFO] [1788848241.854708382] [candidate_explorer]: Frontier goal finished: success=True
[INFO] [1788848241.854968964] [candidate_explorer]: Reached frontier. Waiting for the map to expose new frontiers.
[INFO] [1788848242.011873722] [candidate_explorer]: Detected 10699 frontier cells
[INFO] [1788848242.021596786] [candidate_explorer]: Found 113 frontier clusters after filtering
[INFO] [1788848242.038498679] [candidate_explorer]: Selected frontier cluster: size=1671, goal=(6.45, -1.45), distance=5.72
[INFO] [1788848242.039525881] [candidate_explorer]: Checking global path to frontier (6.45, -1.45), distance=5.72m
[INFO] [1788848242.056902813] [candidate_explorer]: Nav2 path to frontier is 5.81m (straight-line=5.72m, detour=1.0x)
[INFO] [1788848242.063280981] [candidate_explorer]: Global path accepted. Navigating to frontier (6.45, -1.45)
[bt_navigator-7] [INFO] [1788848242.063796186] [bt_navigator]: Begin navigating from current location (12.14, -2.05) to (6.45, -1.45)
[controller_server-3] [INFO] [1788848242.086615459] [controller_server]: Received a goal, begin computing control effort.
[controller_server-3] [INFO] [1788848243.140653718] [controller_server]: Passing new path to controller.
[planner_server-5] [INFO] [1788848243.778107149] [global_costmap.global_costmap]: Message Filter dropping message: frame 'base_link' at time 4050.100 for reason 'the timestamp on the message is earlier than all the data in the transform cache'
[controller_server-3] [ERROR] [1788848243.787791797] [tf_help]: Transform data too old when converting from odom to map
[controller_server-3] [ERROR] [1788848243.787844630] [tf_help]: Data time: 4050s 400000006ns, Transform time: 4050s 100000006ns
[controller_server-3] [WARN] [1788848243.787872754] [controller_server]: Unable to transform robot pose into global plan's frame
[controller_server-3] [INFO] [1788848244.138041418] [controller_server]: Passing new path to controller.
[controller_server-3] [INFO] [1788848245.189445526] [controller_server]: Passing new path to controller.
[controller_server-3] [INFO] [1788848246.189386710] [controller_server]: Passing new path to controller.
[controller_server-3] [INFO] [1788848247.237715047] [controller_server]: Passing new path to controller.
[controller_server-3] [INFO] [1788848247.589883864] [controller_server]: Reached the goal!
[INFO] [1788848247.626803297] [candidate_explorer]: Frontier goal finished: success=True
[INFO] [1788848247.627071754] [candidate_explorer]: Reached frontier. Waiting for the map to expose new frontiers.
[bt_navigator-7] [INFO] [1788848247.627049837] [bt_navigator]: Goal succeeded
[INFO] [1788848247.807375407] [candidate_explorer]: Detected 10699 frontier cells
[INFO] [1788848247.816958013] [candidate_explorer]: Found 113 frontier clusters after filtering
[INFO] [1788848247.833629324] [candidate_explorer]: Selected frontier cluster: size=1671, goal=(11.95, -2.02), distance=5.32
[INFO] [1788848247.834664109] [candidate_explorer]: Checking global path to frontier (11.95, -2.02), distance=5.32m
[INFO] [1788848247.850514343] [candidate_explorer]: Nav2 path to frontier is 5.37m (straight-line=5.32m, detour=1.0x)
[INFO] [1788848247.856297931] [candidate_explorer]: Global path accepted. Navigating to frontier (11.95, -2.02)
[bt_navigator-7] [INFO] [1788848247.856859303] [bt_navigator]: Begin navigating from current location (6.66, -1.46) to (11.95, -2.02)
[controller_server-3] [INFO] [1788848247.877884045] [controller_server]: Received a goal, begin computing control effort.
[controller_server-3] [INFO] [1788848248.928069036] [controller_server]: Passing new path to controller.
[controller_server-3] [INFO] [1788848249.928875215] [controller_server]: Passing new path to controller.
[controller_server-3] [INFO] [1788848250.981416858] [controller_server]: Passing new path to controller.
[controller_server-3] [ERROR] [1788848251.878062694] [tf_help]: Transform data too old when converting from odom to map
[controller_server-3] [ERROR] [1788848251.878097027] [tf_help]: Data time: 4082s 750000006ns, Transform time: 4082s 500000006ns
[controller_server-3] [WARN] [1788848251.878116819] [controller_server]: Unable to transform robot pose into global plan's frame
[planner_server-5] [INFO] [1788848251.878847814] [global_costmap.global_costmap]: Message Filter dropping message: frame 'base_link' at time 4082.500 for reason 'the timestamp on the message is earlier than all the data in the transform cache'
[controller_server-3] [INFO] [1788848251.979911176] [controller_server]: Passing new path to controller.
[controller_server-3] [INFO] [1788848253.029153882] [controller_server]: Passing new path to controller.
[controller_server-3] [INFO] [1788848253.031106328] [controller_server]: Reached the goal!
[bt_navigator-7] [INFO] [1788848253.079626771] [bt_navigator]: Goal succeeded
[INFO] [1788848253.080865222] [candidate_explorer]: Frontier goal finished: success=True
[INFO] [1788848253.081080387] [candidate_explorer]: Reached frontier. Waiting for the map to expose new frontiers.
[INFO] [1788848253.309829859] [candidate_explorer]: Detected 10699 frontier cells
[INFO] [1788848253.319628922] [candidate_explorer]: Found 113 frontier clusters after filtering
[INFO] [1788848253.336419732] [candidate_explorer]: Selected frontier cluster: size=1671, goal=(12.34, -2.05), distance=0.61
[INFO] [1788848253.337440809] [candidate_explorer]: Checking global path to frontier (12.34, -2.05), distance=0.61m
[INFO] [1788848253.344899804] [candidate_explorer]: Nav2 path to frontier is 0.64m (straight-line=0.61m, detour=1.0x)
[INFO] [1788848253.345602549] [candidate_explorer]: Global path accepted. Navigating to frontier (12.34, -2.05)
[bt_navigator-7] [INFO] [1788848253.346027672] [bt_navigator]: Begin navigating from current location (11.73, -1.97) to (12.34, -2.05)
[controller_server-3] [INFO] [1788848253.366727166] [controller_server]: Received a goal, begin computing control effort.
[controller_server-3] [INFO] [1788848253.819101350] [controller_server]: Reached the goal!
[bt_navigator-7] [INFO] [1788848253.858528810] [bt_navigator]: Goal succeeded
[INFO] [1788848253.859873634] [candidate_explorer]: Frontier goal finished: success=True
[INFO] [1788848253.860129258] [candidate_explorer]: Reached frontier. Waiting for the map to expose new frontiers.
[INFO] [1788848254.010556766] [candidate_explorer]: Detected 10699 frontier cells
[INFO] [1788848254.020516995] [candidate_explorer]: Found 113 frontier clusters after filtering
[INFO] [1788848254.037823010] [candidate_explorer]: Selected frontier cluster: size=1671, goal=(12.73, -2.08), distance=0.61
[INFO] [1788848254.039008003] [candidate_explorer]: Checking global path to frontier (12.73, -2.08), distance=0.61m
[INFO] [1788848254.046682038] [candidate_explorer]: Nav2 path to frontier is 0.66m (straight-line=0.61m, detour=1.1x)
[INFO] [1788848254.047458325] [candidate_explorer]: Global path accepted. Navigating to frontier (12.73, -2.08)
[bt_navigator-7] [INFO] [1788848254.047943988] [bt_navigator]: Begin navigating from current location (12.13, -2.02) to (12.73, -2.08)
[controller_server-3] [INFO] [1788848254.069650851] [controller_server]: Received a goal, begin computing control effort.
[controller_server-3] [INFO] [1788848254.524335729] [controller_server]: Reached the goal!
[bt_navigator-7] [INFO] [1788848254.558155640] [bt_navigator]: Goal succeeded
[INFO] [1788848254.559471757] [candidate_explorer]: Frontier goal finished: success=True
[INFO] [1788848254.559687422] [candidate_explorer]: Reached frontier. Waiting for the map to expose new frontiers.
[INFO] [1788848254.806977902] [candidate_explorer]: Detected 10696 frontier cells
[INFO] [1788848254.816361468] [candidate_explorer]: Found 113 frontier clusters after filtering
[INFO] [1788848254.833321736] [candidate_explorer]: Selected frontier cluster: size=1671, goal=(6.45, -1.45), distance=6.12
[INFO] [1788848254.834346729] [candidate_explorer]: Checking global path to frontier (6.45, -1.45), distance=6.12m
[INFO] [1788848254.852028576] [candidate_explorer]: Nav2 path to frontier is 6.21m (straight-line=6.12m, detour=1.0x)
[INFO] [1788848254.858781783] [candidate_explorer]: Global path accepted. Navigating to frontier (6.45, -1.45)
[bt_navigator-7] [INFO] [1788848254.859198489] [bt_navigator]: Begin navigating from current location (12.53, -2.07) to (6.45, -1.45)
[controller_server-3] [INFO] [1788848254.881682555] [controller_server]: Received a goal, begin computing control effort.
[controller_server-3] [INFO] [1788848255.932407210] [controller_server]: Passing new path to controller.
[planner_server-5] [INFO] [1788848256.554333281] [global_costmap.global_costmap]: Message Filter dropping message: frame 'base_link' at time 4101.200 for reason 'the timestamp on the message is earlier than all the data in the transform cache'
[controller_server-3] [INFO] [1788848256.982898741] [controller_server]: Passing new path to controller.
[planner_server-5] [INFO] [1788848257.553016182] [global_costmap.global_costmap]: Message Filter dropping message: frame 'base_link' at time 4105.200 for reason 'the timestamp on the message is earlier than all the data in the transform cache'
[controller_server-3] [INFO] [1788848257.982877925] [controller_server]: Passing new path to controller.
[controller_server-3] [INFO] [1788848258.982378361] [controller_server]: Passing new path to controller.
[controller_server-3] [INFO] [1788848260.032835059] [controller_server]: Passing new path to controller.
[controller_server-3] [INFO] [1788848260.684672234] [controller_server]: Reached the goal!
[bt_navigator-7] [INFO] [1788848260.723454989] [bt_navigator]: Goal succeeded
[INFO] [1788848260.723991319] [candidate_explorer]: Frontier goal finished: success=True
[INFO] [1788848260.724257859] [candidate_explorer]: Reached frontier. Waiting for the map to expose new frontiers.
[INFO] [1788848261.056801342] [candidate_explorer]: Detected 10696 frontier cells
[INFO] [1788848261.066399239] [candidate_explorer]: Found 113 frontier clusters after filtering
[INFO] [1788848261.083388257] [candidate_explorer]: Selected frontier cluster: size=1671, goal=(11.95, -2.02), distance=5.33
[INFO] [1788848261.084450292] [candidate_explorer]: Checking global path to frontier (11.95, -2.02), distance=5.33m
[INFO] [1788848261.100914688] [candidate_explorer]: Nav2 path to frontier is 5.38m (straight-line=5.33m, detour=1.0x)
[INFO] [1788848261.106792942] [candidate_explorer]: Global path accepted. Navigating to frontier (11.95, -2.02)
[bt_navigator-7] [INFO] [1788848261.107313773] [bt_navigator]: Begin navigating from current location (6.66, -1.44) to (11.95, -2.02)
[controller_server-3] [INFO] [1788848261.130086920] [controller_server]: Received a goal, begin computing control effort.
[controller_server-3] [INFO] [1788848262.180265787] [controller_server]: Passing new path to controller.
[controller_server-3] [INFO] [1788848263.180432719] [controller_server]: Passing new path to controller.
[controller_server-3] [INFO] [1788848264.230840626] [controller_server]: Passing new path to controller.
[controller_server-3] [INFO] [1788848265.230587561] [controller_server]: Passing new path to controller.
[planner_server-5] [INFO] [1788848265.253421750] [global_costmap.global_costmap]: Message Filter dropping message: frame 'base_link' at time 4136.000 for reason 'the timestamp on the message is earlier than all the data in the transform cache'
[controller_server-3] [INFO] [1788848266.232010111] [controller_server]: Reached the goal!
[bt_navigator-7] [INFO] [1788848266.270589284] [bt_navigator]: Goal succeeded
[INFO] [1788848266.271028198] [candidate_explorer]: Frontier goal finished: success=True
[INFO] [1788848266.271281779] [candidate_explorer]: Reached frontier. Waiting for the map to expose new frontiers.
[INFO] [1788848266.559859706] [candidate_explorer]: Detected 10679 frontier cells
[INFO] [1788848266.569647686] [candidate_explorer]: Found 112 frontier clusters after filtering
[INFO] [1788848266.586612579] [candidate_explorer]: Selected frontier cluster: size=1663, goal=(12.33, -2.05), distance=0.60
[INFO] [1788848266.587656614] [candidate_explorer]: Checking global path to frontier (12.33, -2.05), distance=0.60m
[INFO] [1788848266.595223358] [candidate_explorer]: Nav2 path to frontier is 0.63m (straight-line=0.60m, detour=1.0x)
[INFO] [1788848266.596016603] [candidate_explorer]: Global path accepted. Navigating to frontier (12.33, -2.05)
[bt_navigator-7] [INFO] [1788848266.596488433] [bt_navigator]: Begin navigating from current location (11.73, -1.96) to (12.33, -2.05)
[controller_server-3] [INFO] [1788848266.619951202] [controller_server]: Received a goal, begin computing control effort.
[controller_server-3] [INFO] [1788848266.620027368] [controller_server]: Passing new path to controller.
[controller_server-3] [INFO] [1788848267.072654426] [controller_server]: Reached the goal!
[bt_navigator-7] [INFO] [1788848267.106908501] [bt_navigator]: Goal succeeded
[INFO] [1788848267.108061077] [candidate_explorer]: Frontier goal finished: success=True
[INFO] [1788848267.108329742] [candidate_explorer]: Reached frontier. Waiting for the map to expose new frontiers.
[INFO] [1788848267.264126133] [candidate_explorer]: Detected 10679 frontier cells
[INFO] [1788848267.273572698] [candidate_explorer]: Found 112 frontier clusters after filtering
[INFO] [1788848267.290817089] [candidate_explorer]: Selected frontier cluster: size=1663, goal=(12.73, -2.08), distance=0.61
[INFO] [1788848267.291884999] [candidate_explorer]: Checking global path to frontier (12.73, -2.08), distance=0.61m
[INFO] [1788848267.300126781] [candidate_explorer]: Nav2 path to frontier is 0.65m (straight-line=0.61m, detour=1.1x)
[INFO] [1788848267.300797360] [candidate_explorer]: Global path accepted. Navigating to frontier (12.73, -2.08)
[bt_navigator-7] [INFO] [1788848267.301216524] [bt_navigator]: Begin navigating from current location (12.12, -2.03) to (12.73, -2.08)
[controller_server-3] [INFO] [1788848267.324526876] [controller_server]: Received a goal, begin computing control effort.
[controller_server-3] [INFO] [1788848267.778756674] [controller_server]: Reached the goal!
[bt_navigator-7] [INFO] [1788848267.813234289] [bt_navigator]: Goal succeeded
[INFO] [1788848267.814467282] [candidate_explorer]: Frontier goal finished: success=True
[INFO] [1788848267.814680655] [candidate_explorer]: Reached frontier. Waiting for the map to expose new frontiers.
[INFO] [1788848268.007881393] [candidate_explorer]: Detected 10679 frontier cells
[INFO] [1788848268.017407916] [candidate_explorer]: Found 112 frontier clusters after filtering
[INFO] [1788848268.034253018] [candidate_explorer]: Selected frontier cluster: size=1663, goal=(6.45, -1.45), distance=6.10
[INFO] [1788848268.035257220] [candidate_explorer]: Checking global path to frontier (6.45, -1.45), distance=6.10m
[INFO] [1788848268.053075900] [candidate_explorer]: Nav2 path to frontier is 6.18m (straight-line=6.10m, detour=1.0x)
[INFO] [1788848268.059865357] [candidate_explorer]: Global path accepted. Navigating to frontier (6.45, -1.45)
[bt_navigator-7] [INFO] [1788848268.060325520] [bt_navigator]: Begin navigating from current location (12.51, -2.08) to (6.45, -1.45)
[controller_server-3] [INFO] [1788848268.083800372] [controller_server]: Received a goal, begin computing control effort.
[controller_server-3] [INFO] [1788848269.134151946] [controller_server]: Passing new path to controller.
[controller_server-3] [INFO] [1788848270.184054939] [controller_server]: Passing new path to controller.
[planner_server-5] [INFO] [1788848270.254591660] [global_costmap.global_costmap]: Message Filter dropping message: frame 'base_link' at time 4156.000 for reason 'the timestamp on the message is earlier than all the data in the transform cache'
[controller_server-3] [INFO] [1788848271.184171372] [controller_server]: Passing new path to controller.
[controller_server-3] [INFO] [1788848272.233982782] [controller_server]: Passing new path to controller.
[controller_server-3] [INFO] [1788848273.234100132] [controller_server]: Passing new path to controller.
[controller_server-3] [INFO] [1788848273.890681901] [controller_server]: Reached the goal!
[bt_navigator-7] [INFO] [1788848273.922138828] [bt_navigator]: Goal succeeded
[INFO] [1788848273.922599908] [candidate_explorer]: Frontier goal finished: success=True
[INFO] [1788848273.922828865] [candidate_explorer]: Reached frontier. Waiting for the map to expose new frontiers.
[INFO] [1788848274.053659622] [candidate_explorer]: Detected 10680 frontier cells
[INFO] [1788848274.063255561] [candidate_explorer]: Found 112 frontier clusters after filtering
[INFO] [1788848274.080032414] [candidate_explorer]: Selected frontier cluster: size=1664, goal=(11.95, -2.02), distance=5.30
[INFO] [1788848274.081136573] [candidate_explorer]: Checking global path to frontier (11.95, -2.02), distance=5.30m
[INFO] [1788848274.097246263] [candidate_explorer]: Nav2 path to frontier is 5.36m (straight-line=5.30m, detour=1.0x)
[INFO] [1788848274.102793520] [candidate_explorer]: Global path accepted. Navigating to frontier (11.95, -2.02)
[bt_navigator-7] [INFO] [1788848274.103268225] [bt_navigator]: Begin navigating from current location (6.68, -1.47) to (11.95, -2.02)
[controller_server-3] [INFO] [1788848274.124128218] [controller_server]: Received a goal, begin computing control effort.
[controller_server-3] [INFO] [1788848275.176634237] [controller_server]: Passing new path to controller.
[controller_server-3] [INFO] [1788848276.174557600] [controller_server]: Passing new path to controller.
[controller_server-3] [INFO] [1788848277.225150381] [controller_server]: Passing new path to controller.
[planner_server-5] [INFO] [1788848277.754441621] [global_costmap.global_costmap]: Message Filter dropping message: frame 'base_link' at time 4186.000 for reason 'the timestamp on the message is earlier than all the data in the transform cache'
[controller_server-3] [INFO] [1788848278.224300403] [controller_server]: Passing new path to controller.
[controller_server-3] [ERROR] [1788848278.275707953] [tf_help]: Transform data too old when converting from odom to map
[controller_server-3] [ERROR] [1788848278.275736286] [tf_help]: Data time: 4188s 350000006ns, Transform time: 4188s 6ns
[controller_server-3] [WARN] [1788848278.275758786] [controller_server]: Unable to transform robot pose into global plan's frame
[planner_server-5] [INFO] [1788848278.754484054] [global_costmap.global_costmap]: Message Filter dropping message: frame 'base_link' at time 4190.000 for reason 'the timestamp on the message is earlier than all the data in the transform cache'
[controller_server-3] [INFO] [1788848279.229015140] [controller_server]: Reached the goal!
[bt_navigator-7] [INFO] [1788848279.266617194] [bt_navigator]: Goal succeeded
[INFO] [1788848279.267128899] [candidate_explorer]: Frontier goal finished: success=True
[INFO] [1788848279.267331523] [candidate_explorer]: Reached frontier. Waiting for the map to expose new frontiers.
[INFO] [1788848279.560396338] [candidate_explorer]: Detected 10641 frontier cells
[INFO] [1788848279.570143235] [candidate_explorer]: Found 113 frontier clusters after filtering
[INFO] [1788848279.587015129] [candidate_explorer]: Selected frontier cluster: size=1664, goal=(12.34, -2.05), distance=0.61
[INFO] [1788848279.588211871] [candidate_explorer]: Checking global path to frontier (12.34, -2.05), distance=0.61m
[INFO] [1788848279.595634532] [candidate_explorer]: Nav2 path to frontier is 0.64m (straight-line=0.61m, detour=1.0x)
[INFO] [1788848279.596436277] [candidate_explorer]: Global path accepted. Navigating to frontier (12.34, -2.05)
[bt_navigator-7] [INFO] [1788848279.596812067] [bt_navigator]: Begin navigating from current location (11.73, -1.98) to (12.34, -2.05)
[controller_server-3] [INFO] [1788848279.617569977] [controller_server]: Received a goal, begin computing control effort.
[controller_server-3] [INFO] [1788848279.617647643] [controller_server]: Passing new path to controller.
[controller_server-3] [INFO] [1788848280.073307557] [controller_server]: Reached the goal!
[bt_navigator-7] [INFO] [1788848280.107807589] [bt_navigator]: Goal succeeded
[INFO] [1788848280.109078831] [candidate_explorer]: Frontier goal finished: success=True
[INFO] [1788848280.109325788] [candidate_explorer]: Reached frontier. Waiting for the map to expose new frontiers.
[INFO] [1788848280.261132329] [candidate_explorer]: Detected 10641 frontier cells
[INFO] [1788848280.270727018] [candidate_explorer]: Found 113 frontier clusters after filtering
[INFO] [1788848280.287561454] [candidate_explorer]: Selected frontier cluster: size=1664, goal=(12.73, -2.08), distance=0.61
[INFO] [1788848280.288714321] [candidate_explorer]: Checking global path to frontier (12.73, -2.08), distance=0.61m
[INFO] [1788848280.296484647] [candidate_explorer]: Nav2 path to frontier is 0.64m (straight-line=0.61m, detour=1.1x)
[INFO] [1788848280.297207518] [candidate_explorer]: Global path accepted. Navigating to frontier (12.73, -2.08)
[bt_navigator-7] [INFO] [1788848280.297620473] [bt_navigator]: Begin navigating from current location (12.13, -2.04) to (12.73, -2.08)
[controller_server-3] [INFO] [1788848280.320952409] [controller_server]: Received a goal, begin computing control effort.
[controller_server-3] [INFO] [1788848280.774055589] [controller_server]: Reached the goal!
[bt_navigator-7] [INFO] [1788848280.810236610] [bt_navigator]: Goal succeeded
[INFO] [1788848280.810729649] [candidate_explorer]: Frontier goal finished: success=True
[INFO] [1788848280.810980939] [candidate_explorer]: Reached frontier. Waiting for the map to expose new frontiers.
[INFO] [1788848281.061908187] [candidate_explorer]: Detected 10641 frontier cells
[INFO] [1788848281.071513043] [candidate_explorer]: Found 113 frontier clusters after filtering
[INFO] [1788848281.088518186] [candidate_explorer]: Selected frontier cluster: size=1664, goal=(6.45, -1.45), distance=6.10
[INFO] [1788848281.089639387] [candidate_explorer]: Checking global path to frontier (6.45, -1.45), distance=6.10m
[INFO] [1788848281.107735481] [candidate_explorer]: Nav2 path to frontier is 6.21m (straight-line=6.10m, detour=1.0x)
[INFO] [1788848281.114221357] [candidate_explorer]: Global path accepted. Navigating to frontier (6.45, -1.45)
[bt_navigator-7] [INFO] [1788848281.114759854] [bt_navigator]: Begin navigating from current location (12.51, -2.08) to (6.45, -1.45)
[controller_server-3] [INFO] [1788848281.136207760] [controller_server]: Received a goal, begin computing control effort.
[controller_server-3] [INFO] [1788848282.187613452] [controller_server]: Passing new path to controller.
[controller_server-3] [INFO] [1788848283.186986056] [controller_server]: Passing new path to controller.
[planner_server-5] [INFO] [1788848283.228879958] [global_costmap.global_costmap]: Message Filter dropping message: frame 'base_link' at time 4207.900 for reason 'the timestamp on the message is earlier than all the data in the transform cache'
[controller_server-3] [INFO] [1788848284.238671996] [controller_server]: Passing new path to controller.
[controller_server-3] [INFO] [1788848285.237959684] [controller_server]: Passing new path to controller.
[controller_server-3] [INFO] [1788848286.286602894] [controller_server]: Passing new path to controller.
[controller_server-3] [INFO] [1788848286.891242241] [controller_server]: Reached the goal!
[bt_navigator-7] [INFO] [1788848286.927546137] [bt_navigator]: Goal succeeded
[INFO] [1788848286.928091717] [candidate_explorer]: Frontier goal finished: success=True
[INFO] [1788848286.928382548] [candidate_explorer]: Reached frontier. Waiting for the map to expose new frontiers.
[INFO] [1788848287.060184383] [candidate_explorer]: Detected 10641 frontier cells
[INFO] [1788848287.069981279] [candidate_explorer]: Found 114 frontier clusters after filtering
[INFO] [1788848287.086665299] [candidate_explorer]: Selected frontier cluster: size=1664, goal=(11.95, -2.02), distance=5.31
[INFO] [1788848287.087713625] [candidate_explorer]: Checking global path to frontier (11.95, -2.02), distance=5.31m
[INFO] [1788848287.104284854] [candidate_explorer]: Nav2 path to frontier is 5.37m (straight-line=5.31m, detour=1.0x)
[INFO] [1788848287.110047109] [candidate_explorer]: Global path accepted. Navigating to frontier (11.95, -2.02)
[bt_navigator-7] [INFO] [1788848287.110492148] [bt_navigator]: Begin navigating from current location (6.67, -1.44) to (11.95, -2.02)
[controller_server-3] [INFO] [1788848287.133570836] [controller_server]: Received a goal, begin computing control effort.
[controller_server-3] [INFO] [1788848288.184926173] [controller_server]: Passing new path to controller.
[controller_server-3] [INFO] [1788848289.234007521] [controller_server]: Passing new path to controller.
[controller_server-3] [INFO] [1788848290.237260284] [controller_server]: Passing new path to controller.
[planner_server-5] [INFO] [1788848290.805269391] [global_costmap.global_costmap]: Message Filter dropping message: frame 'base_link' at time 4238.200 for reason 'the timestamp on the message is earlier than all the data in the transform cache'
[controller_server-3] [INFO] [1788848291.283718399] [controller_server]: Passing new path to controller.
[controller_server-3] [ERROR] [1788848291.283948523] [tf_help]: Transform data too old when converting from odom to map
[controller_server-3] [ERROR] [1788848291.283987523] [tf_help]: Data time: 4240s 400000007ns, Transform time: 4240s 100000007ns
[controller_server-3] [WARN] [1788848291.284012939] [controller_server]: Unable to transform robot pose into global plan's frame
[controller_server-3] [INFO] [1788848292.236112444] [controller_server]: Reached the goal!
[bt_navigator-7] [INFO] [1788848292.272404297] [bt_navigator]: Goal succeeded
[INFO] [1788848292.273528248] [candidate_explorer]: Frontier goal finished: success=True
[INFO] [1788848292.273829038] [candidate_explorer]: Reached frontier. Waiting for the map to expose new frontiers.
[INFO] [1788848292.558198318] [candidate_explorer]: Detected 10599 frontier cells
[INFO] [1788848292.567754841] [candidate_explorer]: Found 116 frontier clusters after filtering
[INFO] [1788848292.585026023] [candidate_explorer]: Selected frontier cluster: size=1664, goal=(12.33, -2.05), distance=0.61
[INFO] [1788848292.586094350] [candidate_explorer]: Checking global path to frontier (12.33, -2.05), distance=0.61m
[INFO] [1788848292.594087924] [candidate_explorer]: Nav2 path to frontier is 0.64m (straight-line=0.61m, detour=1.0x)
[INFO] [1788848292.594868919] [candidate_explorer]: Global path accepted. Navigating to frontier (12.33, -2.05)
[bt_navigator-7] [INFO] [1788848292.595402874] [bt_navigator]: Begin navigating from current location (11.72, -1.97) to (12.33, -2.05)
[controller_server-3] [INFO] [1788848292.616272950] [controller_server]: Received a goal, begin computing control effort.
[controller_server-3] [INFO] [1788848293.068497416] [controller_server]: Reached the goal!
[bt_navigator-7] [INFO] [1788848293.106253301] [bt_navigator]: Goal succeeded
[INFO] [1788848293.107690751] [candidate_explorer]: Frontier goal finished: success=True
[INFO] [1788848293.107895208] [candidate_explorer]: Reached frontier. Waiting for the map to expose new frontiers.
[INFO] [1788848293.261241110] [candidate_explorer]: Detected 10599 frontier cells
[INFO] [1788848293.270766133] [candidate_explorer]: Found 116 frontier clusters after filtering
[INFO] [1788848293.287626068] [candidate_explorer]: Selected frontier cluster: size=1664, goal=(12.73, -2.10), distance=0.61
[INFO] [1788848293.288635645] [candidate_explorer]: Checking global path to frontier (12.73, -2.10), distance=0.61m
[INFO] [1788848293.296272763] [candidate_explorer]: Nav2 path to frontier is 0.64m (straight-line=0.61m, detour=1.0x)
[INFO] [1788848293.297009800] [candidate_explorer]: Global path accepted. Navigating to frontier (12.73, -2.10)
[bt_navigator-7] [INFO] [1788848293.297401714] [bt_navigator]: Begin navigating from current location (12.12, -2.03) to (12.73, -2.10)
[controller_server-3] [INFO] [1788848293.318526122] [controller_server]: Received a goal, begin computing control effort.
[controller_server-3] [INFO] [1788848293.770648964] [controller_server]: Reached the goal!
[bt_navigator-7] [INFO] [1788848293.810530378] [bt_navigator]: Goal succeeded
[INFO] [1788848293.811739828] [candidate_explorer]: Frontier goal finished: success=True
[INFO] [1788848293.811996618] [candidate_explorer]: Reached frontier. Waiting for the map to expose new frontiers.
[INFO] [1788848294.013478091] [candidate_explorer]: Detected 10599 frontier cells
[INFO] [1788848294.023019989] [candidate_explorer]: Found 116 frontier clusters after filtering
[INFO] [1788848294.039712799] [candidate_explorer]: Selected frontier cluster: size=1664, goal=(6.45, -1.45), distance=6.10
[INFO] [1788848294.040765168] [candidate_explorer]: Checking global path to frontier (6.45, -1.45), distance=6.10m
[INFO] [1788848294.064135270] [candidate_explorer]: Nav2 path to frontier is 6.24m (straight-line=6.10m, detour=1.0x)
[INFO] [1788848294.071040184] [candidate_explorer]: Global path accepted. Navigating to frontier (6.45, -1.45)
[bt_navigator-7] [INFO] [1788848294.071570556] [bt_navigator]: Begin navigating from current location (12.52, -2.08) to (6.45, -1.45)
[controller_server-3] [INFO] [1788848294.092947337] [controller_server]: Received a goal, begin computing control effort.
[controller_server-3] [INFO] [1788848295.143346968] [controller_server]: Passing new path to controller.
[controller_server-3] [INFO] [1788848296.195963919] [controller_server]: Passing new path to controller.
[planner_server-5] [INFO] [1788848296.678075570] [global_costmap.global_costmap]: Message Filter dropping message: frame 'base_link' at time 4261.700 for reason 'the timestamp on the message is earlier than all the data in the transform cache'
[controller_server-3] [INFO] [1788848297.197267320] [controller_server]: Passing new path to controller.
[controller_server-3] [INFO] [1788848298.193136672] [controller_server]: Passing new path to controller.
[controller_server-3] [INFO] [1788848299.247466612] [controller_server]: Passing new path to controller.
[controller_server-3] [INFO] [1788848299.898354318] [controller_server]: Reached the goal!
[bt_navigator-7] [INFO] [1788848299.932329645] [bt_navigator]: Goal succeeded
[INFO] [1788848299.932762558] [candidate_explorer]: Frontier goal finished: success=True
[INFO] [1788848299.933027557] [candidate_explorer]: Reached frontier. Waiting for the map to expose new frontiers.
[INFO] [1788848300.309224130] [candidate_explorer]: Detected 10599 frontier cells
[INFO] [1788848300.319136359] [candidate_explorer]: Found 116 frontier clusters after filtering
[INFO] [1788848300.335559963] [candidate_explorer]: Selected frontier cluster: size=1664, goal=(11.95, -2.02), distance=5.31
[INFO] [1788848300.336633914] [candidate_explorer]: Checking global path to frontier (11.95, -2.02), distance=5.31m
[INFO] [1788848300.353215518] [candidate_explorer]: Nav2 path to frontier is 5.37m (straight-line=5.31m, detour=1.0x)
[INFO] [1788848300.359162563] [candidate_explorer]: Global path accepted. Navigating to frontier (11.95, -2.02)
[bt_navigator-7] [INFO] [1788848300.359638977] [bt_navigator]: Begin navigating from current location (6.67, -1.44) to (11.95, -2.02)
[controller_server-3] [INFO] [1788848300.383275660] [controller_server]: Received a goal, begin computing control effort.
[controller_server-3] [INFO] [1788848301.436033027] [controller_server]: Passing new path to controller.
[controller_server-3] [INFO] [1788848302.438946834] [controller_server]: Passing new path to controller.
[controller_server-3] [INFO] [1788848303.483659127] [controller_server]: Passing new path to controller.
[controller_server-3] [INFO] [1788848304.483568787] [controller_server]: Passing new path to controller.
[planner_server-5] [INFO] [1788848304.578006605] [global_costmap.global_costmap]: Message Filter dropping message: frame 'base_link' at time 4293.300 for reason 'the timestamp on the message is earlier than all the data in the transform cache'
[controller_server-3] [ERROR] [1788848304.584701979] [tf_help]: Transform data too old when converting from odom to map
[controller_server-3] [ERROR] [1788848304.584732229] [tf_help]: Data time: 4293s 600000007ns, Transform time: 4293s 300000007ns
[controller_server-3] [WARN] [1788848304.585081476] [controller_server]: Unable to transform robot pose into global plan's frame
[controller_server-3] [ERROR] [1788848305.084982432] [tf_help]: Transform data too old when converting from odom to map
[controller_server-3] [ERROR] [1788848305.085010890] [tf_help]: Data time: 4295s 600000007ns, Transform time: 4295s 300000007ns
[controller_server-3] [WARN] [1788848305.085032556] [controller_server]: Unable to transform robot pose into global plan's frame
[controller_server-3] [INFO] [1788848305.534009585] [controller_server]: Passing new path to controller.
[controller_server-3] [INFO] [1788848305.536051905] [controller_server]: Reached the goal!
[bt_navigator-7] [INFO] [1788848305.580354666] [bt_navigator]: Goal succeeded
[INFO] [1788848305.581659491] [candidate_explorer]: Frontier goal finished: success=True
[INFO] [1788848305.581925531] [candidate_explorer]: Reached frontier. Waiting for the map to expose new frontiers.
[INFO] [1788848305.805378114] [candidate_explorer]: Detected 10574 frontier cells
[INFO] [1788848305.814738554] [candidate_explorer]: Found 117 frontier clusters after filtering
[INFO] [1788848305.831203158] [candidate_explorer]: Selected frontier cluster: size=1626, goal=(12.36, -2.05), distance=0.60
[INFO] [1788848305.832264402] [candidate_explorer]: Checking global path to frontier (12.36, -2.05), distance=0.60m
[INFO] [1788848305.839959603] [candidate_explorer]: Nav2 path to frontier is 0.62m (straight-line=0.60m, detour=1.0x)
[INFO] [1788848305.840749723] [candidate_explorer]: Global path accepted. Navigating to frontier (12.36, -2.05)
[bt_navigator-7] [INFO] [1788848305.841151845] [bt_navigator]: Begin navigating from current location (11.76, -1.96) to (12.36, -2.05)
[controller_server-3] [INFO] [1788848305.864609197] [controller_server]: Received a goal, begin computing control effort.
[controller_server-3] [INFO] [1788848306.316767996] [controller_server]: Reached the goal!
[bt_navigator-7] [INFO] [1788848306.353031516] [bt_navigator]: Goal succeeded
[INFO] [1788848306.354412508] [candidate_explorer]: Frontier goal finished: success=True
[INFO] [1788848306.354631381] [candidate_explorer]: Reached frontier. Waiting for the map to expose new frontiers.
[INFO] [1788848306.561138447] [candidate_explorer]: Detected 10574 frontier cells
[INFO] [1788848306.570835552] [candidate_explorer]: Found 117 frontier clusters after filtering
[INFO] [1788848306.587613946] [candidate_explorer]: Selected frontier cluster: size=1626, goal=(12.75, -2.10), distance=0.61
[INFO] [1788848306.588703230] [candidate_explorer]: Checking global path to frontier (12.75, -2.10), distance=0.61m
[INFO] [1788848306.598458460] [candidate_explorer]: Nav2 path to frontier is 0.66m (straight-line=0.61m, detour=1.1x)
[INFO] [1788848306.599149997] [candidate_explorer]: Global path accepted. Navigating to frontier (12.75, -2.10)
[bt_navigator-7] [INFO] [1788848306.599606620] [bt_navigator]: Begin navigating from current location (12.14, -2.03) to (12.75, -2.10)
[controller_server-3] [INFO] [1788848306.621712604] [controller_server]: Received a goal, begin computing control effort.
[controller_server-3] [INFO] [1788848307.074285818] [controller_server]: Reached the goal!
[bt_navigator-7] [INFO] [1788848307.109877884] [bt_navigator]: Goal succeeded
[INFO] [1788848307.111055752] [candidate_explorer]: Frontier goal finished: success=True
[INFO] [1788848307.111265834] [candidate_explorer]: Reached frontier. Waiting for the map to expose new frontiers.
[INFO] [1788848307.258845440] [candidate_explorer]: Detected 10574 frontier cells
[INFO] [1788848307.268459670] [candidate_explorer]: Found 117 frontier clusters after filtering
[INFO] [1788848307.285506146] [candidate_explorer]: Selected frontier cluster: size=1626, goal=(6.45, -1.45), distance=6.11
[INFO] [1788848307.286590014] [candidate_explorer]: Checking global path to frontier (6.45, -1.45), distance=6.11m
[INFO] [1788848307.304727149] [candidate_explorer]: Nav2 path to frontier is 6.22m (straight-line=6.11m, detour=1.0x)
[INFO] [1788848307.311270607] [candidate_explorer]: Global path accepted. Navigating to frontier (6.45, -1.45)
[bt_navigator-7] [INFO] [1788848307.311722354] [bt_navigator]: Begin navigating from current location (12.53, -2.10) to (6.45, -1.45)
[controller_server-3] [INFO] [1788848307.333814673] [controller_server]: Received a goal, begin computing control effort.
[controller_server-3] [INFO] [1788848308.393193664] [controller_server]: Passing new path to controller.
[planner_server-5] [INFO] [1788848309.356071058] [global_costmap.global_costmap]: Message Filter dropping message: frame 'base_link' at time 4312.400 for reason 'the timestamp on the message is earlier than all the data in the transform cache'
[controller_server-3] [INFO] [1788848309.384551795] [controller_server]: Passing new path to controller.
[controller_server-3] [INFO] [1788848310.436019169] [controller_server]: Passing new path to controller.
[controller_server-3] [INFO] [1788848311.436016079] [controller_server]: Passing new path to controller.
[controller_server-3] [INFO] [1788848312.486959832] [controller_server]: Passing new path to controller.
[controller_server-3] [INFO] [1788848313.087944938] [controller_server]: Reached the goal!
[bt_navigator-7] [INFO] [1788848313.122723009] [bt_navigator]: Goal succeeded
[INFO] [1788848313.123968334] [candidate_explorer]: Frontier goal finished: success=True
[INFO] [1788848313.124234957] [candidate_explorer]: Reached frontier. Waiting for the map to expose new frontiers.
[INFO] [1788848313.309367367] [candidate_explorer]: Detected 10574 frontier cells
[INFO] [1788848313.318904348] [candidate_explorer]: Found 117 frontier clusters after filtering
[INFO] [1788848313.335024579] [candidate_explorer]: Selected frontier cluster: size=1626, goal=(11.95, -2.02), distance=5.33
[INFO] [1788848313.336053948] [candidate_explorer]: Checking global path to frontier (11.95, -2.02), distance=5.33m
[INFO] [1788848313.353639920] [candidate_explorer]: Nav2 path to frontier is 5.39m (straight-line=5.33m, detour=1.0x)
[INFO] [1788848313.359503424] [candidate_explorer]: Global path accepted. Navigating to frontier (11.95, -2.02)
[bt_navigator-7] [INFO] [1788848313.360008546] [bt_navigator]: Begin navigating from current location (6.65, -1.45) to (11.95, -2.02)
[controller_server-3] [INFO] [1788848313.381082162] [controller_server]: Received a goal, begin computing control effort.
[controller_server-3] [INFO] [1788848314.431738167] [controller_server]: Passing new path to controller.
[controller_server-3] [INFO] [1788848315.431398953] [controller_server]: Passing new path to controller.
[controller_server-3] [INFO] [1788848316.483428700] [controller_server]: Passing new path to controller.
[planner_server-5] [INFO] [1788848317.403997113] [global_costmap.global_costmap]: Message Filter dropping message: frame 'base_link' at time 4344.600 for reason 'the timestamp on the message is earlier than all the data in the transform cache'
[controller_server-3] [ERROR] [1788848317.431876852] [tf_help]: Transform data too old when converting from odom to map
[controller_server-3] [ERROR] [1788848317.431922560] [tf_help]: Data time: 4345s 7ns, Transform time: 4344s 600000007ns
[controller_server-3] [WARN] [1788848317.431946727] [controller_server]: Unable to transform robot pose into global plan's frame
[controller_server-3] [INFO] [1788848317.484647976] [controller_server]: Passing new path to controller.
[controller_server-3] [INFO] [1788848318.489117107] [controller_server]: Reached the goal!
[controller_server-3] [INFO] [1788848318.502317648] [controller_server]: Received a goal, begin computing control effort.
[controller_server-3] [INFO] [1788848318.504082596] [controller_server]: Reached the goal!
[INFO] [1788848318.542073563] [candidate_explorer]: Frontier goal finished: success=True
[bt_navigator-7] [INFO] [1788848318.540779946] [bt_navigator]: Goal succeeded
[INFO] [1788848318.542300103] [candidate_explorer]: Reached frontier. Waiting for the map to expose new frontiers.
[INFO] [1788848318.806211597] [candidate_explorer]: Detected 10591 frontier cells
[INFO] [1788848318.815619579] [candidate_explorer]: Found 117 frontier clusters after filtering
[INFO] [1788848318.831969892] [candidate_explorer]: Selected frontier cluster: size=1626, goal=(12.34, -2.05), distance=0.61
[INFO] [1788848318.833010885] [candidate_explorer]: Checking global path to frontier (12.34, -2.05), distance=0.61m
[INFO] [1788848318.840647462] [candidate_explorer]: Nav2 path to frontier is 0.64m (straight-line=0.61m, detour=1.0x)
[INFO] [1788848318.841366915] [candidate_explorer]: Global path accepted. Navigating to frontier (12.34, -2.05)
[bt_navigator-7] [INFO] [1788848318.841764204] [bt_navigator]: Begin navigating from current location (11.73, -1.97) to (12.34, -2.05)
[controller_server-3] [INFO] [1788848318.862246950] [controller_server]: Received a goal, begin computing control effort.
[controller_server-3] [INFO] [1788848319.315478909] [controller_server]: Reached the goal!
[bt_navigator-7] [INFO] [1788848319.352535091] [bt_navigator]: Goal succeeded
[INFO] [1788848319.352898005] [candidate_explorer]: Frontier goal finished: success=True
[INFO] [1788848319.353123004] [candidate_explorer]: Reached frontier. Waiting for the map to expose new frontiers.
[INFO] [1788848319.509888426] [candidate_explorer]: Detected 10591 frontier cells
[INFO] [1788848319.520457943] [candidate_explorer]: Found 117 frontier clusters after filtering
[INFO] [1788848319.537484210] [candidate_explorer]: Selected frontier cluster: size=1626, goal=(12.73, -2.10), distance=0.61
[INFO] [1788848319.538720869] [candidate_explorer]: Checking global path to frontier (12.73, -2.10), distance=0.61m
[INFO] [1788848319.546586235] [candidate_explorer]: Nav2 path to frontier is 0.64m (straight-line=0.61m, detour=1.0x)
[INFO] [1788848319.547315981] [candidate_explorer]: Global path accepted. Navigating to frontier (12.73, -2.10)
[bt_navigator-7] [INFO] [1788848319.547821853] [bt_navigator]: Begin navigating from current location (12.12, -2.04) to (12.73, -2.10)
[controller_server-3] [INFO] [1788848319.568510096] [controller_server]: Received a goal, begin computing control effort.
[controller_server-3] [INFO] [1788848320.071129368] [controller_server]: Reached the goal!
[bt_navigator-7] [INFO] [1788848320.108764588] [bt_navigator]: Goal succeeded
[INFO] [1788848320.110280370] [candidate_explorer]: Frontier goal finished: success=True
[INFO] [1788848320.110545285] [candidate_explorer]: Reached frontier. Waiting for the map to expose new frontiers.
[INFO] [1788848320.260522084] [candidate_explorer]: Detected 10591 frontier cells
[INFO] [1788848320.270310522] [candidate_explorer]: Found 117 frontier clusters after filtering
[INFO] [1788848320.287195956] [candidate_explorer]: Selected frontier cluster: size=1626, goal=(6.45, -1.45), distance=6.10
[INFO] [1788848320.288188367] [candidate_explorer]: Checking global path to frontier (6.45, -1.45), distance=6.10m
[INFO] [1788848320.309103901] [candidate_explorer]: Nav2 path to frontier is 6.19m (straight-line=6.10m, detour=1.0x)
[INFO] [1788848320.315735650] [candidate_explorer]: Global path accepted. Navigating to frontier (6.45, -1.45)
[bt_navigator-7] [INFO] [1788848320.316212439] [bt_navigator]: Begin navigating from current location (12.52, -2.08) to (6.45, -1.45)
[controller_server-3] [INFO] [1788848320.338842629] [controller_server]: Received a goal, begin computing control effort.
[controller_server-3] [INFO] [1788848321.390812459] [controller_server]: Passing new path to controller.
[controller_server-3] [INFO] [1788848322.439005229] [controller_server]: Passing new path to controller.
[planner_server-5] [INFO] [1788848322.453943801] [global_costmap.global_costmap]: Message Filter dropping message: frame 'base_link' at time 4364.800 for reason 'the timestamp on the message is earlier than all the data in the transform cache'
[controller_server-3] [INFO] [1788848323.439696801] [controller_server]: Passing new path to controller.
[controller_server-3] [INFO] [1788848324.439493961] [controller_server]: Passing new path to controller.
[controller_server-3] [INFO] [1788848325.492258369] [controller_server]: Passing new path to controller.
[controller_server-3] [INFO] [1788848326.144236944] [controller_server]: Reached the goal!
[bt_navigator-7] [INFO] [1788848326.179118847] [bt_navigator]: Goal succeeded
[INFO] [1788848326.179593261] [candidate_explorer]: Frontier goal finished: success=True
[INFO] [1788848326.179851843] [candidate_explorer]: Reached frontier. Waiting for the map to expose new frontiers.
[INFO] [1788848326.307147744] [candidate_explorer]: Detected 10591 frontier cells
[INFO] [1788848326.316498935] [candidate_explorer]: Found 117 frontier clusters after filtering
[INFO] [1788848326.332893497] [candidate_explorer]: Selected frontier cluster: size=1626, goal=(11.95, -2.02), distance=5.32
[INFO] [1788848326.333900616] [candidate_explorer]: Checking global path to frontier (11.95, -2.02), distance=5.32m
[INFO] [1788848326.356420015] [candidate_explorer]: Nav2 path to frontier is 5.37m (straight-line=5.32m, detour=1.0x)
[INFO] [1788848326.361993313] [candidate_explorer]: Global path accepted. Navigating to frontier (11.95, -2.02)
[bt_navigator-7] [INFO] [1788848326.362445352] [bt_navigator]: Begin navigating from current location (6.66, -1.46) to (11.95, -2.02)
[controller_server-3] [INFO] [1788848326.386117493] [controller_server]: Received a goal, begin computing control effort.
[controller_server-3] [INFO] [1788848327.437626284] [controller_server]: Passing new path to controller.
[controller_server-3] [INFO] [1788848328.486383135] [controller_server]: Passing new path to controller.
[controller_server-3] [INFO] [1788848329.488192616] [controller_server]: Passing new path to controller.
[controller_server-3] [INFO] [1788848330.536369511] [controller_server]: Passing new path to controller.
[planner_server-5] [INFO] [1788848330.555015768] [global_costmap.global_costmap]: Message Filter dropping message: frame 'base_link' at time 4397.200 for reason 'the timestamp on the message is earlier than all the data in the transform cache'
[controller_server-3] [INFO] [1788848331.488294184] [controller_server]: Reached the goal!
[bt_navigator-7] [INFO] [1788848331.525301407] [bt_navigator]: Goal succeeded
[INFO] [1788848331.526622607] [candidate_explorer]: Frontier goal finished: success=True
[INFO] [1788848331.526863856] [candidate_explorer]: Reached frontier. Waiting for the map to expose new frontiers.
[INFO] [1788848331.808544945] [candidate_explorer]: Detected 10589 frontier cells
[INFO] [1788848331.818278466] [candidate_explorer]: Found 116 frontier clusters after filtering
[INFO] [1788848331.834697487] [candidate_explorer]: Selected frontier cluster: size=1626, goal=(12.34, -2.05), distance=0.61
[INFO] [1788848331.835742939] [candidate_explorer]: Checking global path to frontier (12.34, -2.05), distance=0.61m
[INFO] [1788848331.843258766] [candidate_explorer]: Nav2 path to frontier is 0.64m (straight-line=0.61m, detour=1.0x)
[INFO] [1788848331.843993470] [candidate_explorer]: Global path accepted. Navigating to frontier (12.34, -2.05)
[bt_navigator-7] [INFO] [1788848331.844448967] [bt_navigator]: Begin navigating from current location (11.74, -1.98) to (12.34, -2.05)
[controller_server-3] [INFO] [1788848331.867004116] [controller_server]: Received a goal, begin computing control effort.
[controller_server-3] [INFO] [1788848331.917296672] [controller_server]: Passing new path to controller.
[controller_server-3] [INFO] [1788848332.318817126] [controller_server]: Reached the goal!
[bt_navigator-7] [INFO] [1788848332.358185918] [bt_navigator]: Goal succeeded
[INFO] [1788848332.358739331] [candidate_explorer]: Frontier goal finished: success=True
[INFO] [1788848332.358993705] [candidate_explorer]: Reached frontier. Waiting for the map to expose new frontiers.
[INFO] [1788848332.559062728] [candidate_explorer]: Detected 10586 frontier cells
[INFO] [1788848332.568636167] [candidate_explorer]: Found 116 frontier clusters after filtering
[INFO] [1788848332.585307436] [candidate_explorer]: Selected frontier cluster: size=1626, goal=(12.72, -2.10), distance=0.60
[INFO] [1788848332.586419638] [candidate_explorer]: Checking global path to frontier (12.72, -2.10), distance=0.60m
[INFO] [1788848332.594154172] [candidate_explorer]: Nav2 path to frontier is 0.65m (straight-line=0.60m, detour=1.1x)
[INFO] [1788848332.594942000] [candidate_explorer]: Global path accepted. Navigating to frontier (12.72, -2.10)
[bt_navigator-7] [INFO] [1788848332.595351789] [bt_navigator]: Begin navigating from current location (12.12, -2.04) to (12.72, -2.10)
[controller_server-3] [INFO] [1788848332.616465780] [controller_server]: Received a goal, begin computing control effort.
[controller_server-3] [INFO] [1788848333.069511033] [controller_server]: Reached the goal!
[bt_navigator-7] [INFO] [1788848333.106176842] [bt_navigator]: Goal succeeded
[INFO] [1788848333.107604666] [candidate_explorer]: Frontier goal finished: success=True
[INFO] [1788848333.107825207] [candidate_explorer]: Reached frontier. Waiting for the map to expose new frontiers.
[INFO] [1788848333.263070972] [candidate_explorer]: Detected 10586 frontier cells
[INFO] [1788848333.272658245] [candidate_explorer]: Found 116 frontier clusters after filtering
[INFO] [1788848333.289480638] [candidate_explorer]: Selected frontier cluster: size=1626, goal=(6.45, -1.45), distance=6.10
[INFO] [1788848333.290588964] [candidate_explorer]: Checking global path to frontier (6.45, -1.45), distance=6.10m
[INFO] [1788848333.308798516] [candidate_explorer]: Nav2 path to frontier is 6.18m (straight-line=6.10m, detour=1.0x)
[INFO] [1788848333.315326474] [candidate_explorer]: Global path accepted. Navigating to frontier (6.45, -1.45)
[bt_navigator-7] [INFO] [1788848333.315841596] [bt_navigator]: Begin navigating from current location (12.51, -2.09) to (6.45, -1.45)
[controller_server-3] [INFO] [1788848333.337840456] [controller_server]: Received a goal, begin computing control effort.
[controller_server-3] [INFO] [1788848334.389292164] [controller_server]: Passing new path to controller.
[planner_server-5] [INFO] [1788848335.028086281] [global_costmap.global_costmap]: Message Filter dropping message: frame 'base_link' at time 4415.100 for reason 'the timestamp on the message is earlier than all the data in the transform cache'
[controller_server-3] [INFO] [1788848335.388050832] [controller_server]: Passing new path to controller.
[planner_server-5] [INFO] [1788848336.029171058] [global_costmap.global_costmap]: Message Filter dropping message: frame 'base_link' at time 4419.100 for reason 'the timestamp on the message is earlier than all the data in the transform cache'
[controller_server-3] [ERROR] [1788848336.038519124] [tf_help]: Transform data too old when converting from odom to map
[controller_server-3] [ERROR] [1788848336.038684456] [tf_help]: Data time: 4419s 400000007ns, Transform time: 4419s 100000007ns
[controller_server-3] [WARN] [1788848336.038708831] [controller_server]: Unable to transform robot pose into global plan's frame
[controller_server-3] [INFO] [1788848336.441070238] [controller_server]: Passing new path to controller.
[controller_server-3] [INFO] [1788848337.438750620] [controller_server]: Passing new path to controller.
[controller_server-3] [INFO] [1788848338.487996968] [controller_server]: Passing new path to controller.
[controller_server-3] [INFO] [1788848339.095343117] [controller_server]: Reached the goal!
[bt_navigator-7] [INFO] [1788848339.129788523] [bt_navigator]: Goal succeeded
[INFO] [1788848339.130268145] [candidate_explorer]: Frontier goal finished: success=True
[INFO] [1788848339.130477269] [candidate_explorer]: Reached frontier. Waiting for the map to expose new frontiers.
[INFO] [1788848339.306490569] [candidate_explorer]: Detected 10586 frontier cells
[INFO] [1788848339.316102133] [candidate_explorer]: Found 116 frontier clusters after filtering
[INFO] [1788848339.332308906] [candidate_explorer]: Selected frontier cluster: size=1626, goal=(11.95, -2.02), distance=5.32
[INFO] [1788848339.333351441] [candidate_explorer]: Checking global path to frontier (11.95, -2.02), distance=5.32m
[INFO] [1788848339.349936461] [candidate_explorer]: Nav2 path to frontier is 5.38m (straight-line=5.32m, detour=1.0x)
[INFO] [1788848339.355820590] [candidate_explorer]: Global path accepted. Navigating to frontier (11.95, -2.02)
[bt_navigator-7] [INFO] [1788848339.356293504] [bt_navigator]: Begin navigating from current location (6.67, -1.43) to (11.95, -2.02)
[controller_server-3] [INFO] [1788848339.376876373] [controller_server]: Received a goal, begin computing control effort.
[controller_server-3] [INFO] [1788848340.428154957] [controller_server]: Passing new path to controller.
[controller_server-3] [INFO] [1788848341.480010955] [controller_server]: Passing new path to controller.
[controller_server-3] [INFO] [1788848342.477381131] [controller_server]: Passing new path to controller.
[controller_server-3] [ERROR] [1788848342.978645577] [tf_help]: Transform data too old when converting from odom to map
[planner_server-5] [INFO] [1788848342.978661369] [global_costmap.global_costmap]: Message Filter dropping message: frame 'base_link' at time 4446.900 for reason 'the timestamp on the message is earlier than all the data in the transform cache'
[controller_server-3] [ERROR] [1788848342.978924367] [tf_help]: Data time: 4447s 150000007ns, Transform time: 4446s 900000007ns
[controller_server-3] [WARN] [1788848342.978953534] [controller_server]: Unable to transform robot pose into global plan's frame
[controller_server-3] [ERROR] [1788848343.477138166] [tf_help]: Transform data too old when converting from odom to map
[controller_server-3] [ERROR] [1788848343.477553914] [tf_help]: Data time: 4449s 150000007ns, Transform time: 4448s 900000007ns
[controller_server-3] [WARN] [1788848343.477583330] [controller_server]: Unable to transform robot pose into global plan's frame
[controller_server-3] [INFO] [1788848343.527726554] [controller_server]: Passing new path to controller.
[controller_server-3] [ERROR] [1788848343.977020997] [tf_help]: Transform data too old when converting from odom to map
[controller_server-3] [ERROR] [1788848343.977057455] [tf_help]: Data time: 4451s 150000007ns, Transform time: 4450s 900000007ns
[controller_server-3] [WARN] [1788848343.977079955] [controller_server]: Unable to transform robot pose into global plan's frame
[planner_server-5] [INFO] [1788848343.979157233] [global_costmap.global_costmap]: Message Filter dropping message: frame 'base_link' at time 4450.900 for reason 'the timestamp on the message is earlier than all the data in the transform cache'
[controller_server-3] [INFO] [1788848344.531631897] [controller_server]: Passing new path to controller.
[controller_server-3] [INFO] [1788848344.533895966] [controller_server]: Reached the goal!
[bt_navigator-7] [INFO] [1788848344.576522362] [bt_navigator]: Goal succeeded
[INFO] [1788848344.577611189] [candidate_explorer]: Frontier goal finished: success=True
[INFO] [1788848344.577847020] [candidate_explorer]: Reached frontier. Waiting for the map to expose new frontiers.
[INFO] [1788848344.809319761] [candidate_explorer]: Detected 10586 frontier cells
[INFO] [1788848344.819289490] [candidate_explorer]: Found 116 frontier clusters after filtering
[INFO] [1788848344.835856385] [candidate_explorer]: Selected frontier cluster: size=1626, goal=(12.34, -2.05), distance=0.60
[INFO] [1788848344.836910836] [candidate_explorer]: Checking global path to frontier (12.34, -2.05), distance=0.60m
[INFO] [1788848344.844597496] [candidate_explorer]: Nav2 path to frontier is 0.62m (straight-line=0.60m, detour=1.0x)
[INFO] [1788848344.845340741] [candidate_explorer]: Global path accepted. Navigating to frontier (12.34, -2.05)
[bt_navigator-7] [INFO] [1788848344.845748238] [bt_navigator]: Begin navigating from current location (11.75, -1.96) to (12.34, -2.05)
[controller_server-3] [INFO] [1788848344.867715224] [controller_server]: Received a goal, begin computing control effort.
[controller_server-3] [INFO] [1788848345.319945815] [controller_server]: Reached the goal!
[bt_navigator-7] [INFO] [1788848345.356071878] [bt_navigator]: Goal succeeded
[INFO] [1788848345.356555791] [candidate_explorer]: Frontier goal finished: success=True
[INFO] [1788848345.356807373] [candidate_explorer]: Reached frontier. Waiting for the map to expose new frontiers.
[INFO] [1788848345.511285852] [candidate_explorer]: Detected 10586 frontier cells
[INFO] [1788848345.521424538] [candidate_explorer]: Found 116 frontier clusters after filtering
[INFO] [1788848345.538575262] [candidate_explorer]: Selected frontier cluster: size=1626, goal=(12.73, -2.10), distance=0.60
[INFO] [1788848345.539842046] [candidate_explorer]: Checking global path to frontier (12.73, -2.10), distance=0.60m
[INFO] [1788848345.547567705] [candidate_explorer]: Nav2 path to frontier is 0.66m (straight-line=0.60m, detour=1.1x)
[INFO] [1788848345.548394575] [candidate_explorer]: Global path accepted. Navigating to frontier (12.73, -2.10)
[bt_navigator-7] [INFO] [1788848345.548809614] [bt_navigator]: Begin navigating from current location (12.13, -2.04) to (12.73, -2.10)
[controller_server-3] [INFO] [1788848345.571634928] [controller_server]: Received a goal, begin computing control effort.
[controller_server-3] [INFO] [1788848346.026307795] [controller_server]: Reached the goal!
[bt_navigator-7] [INFO] [1788848346.060743535] [bt_navigator]: Goal succeeded
[INFO] [1788848346.061283406] [candidate_explorer]: Frontier goal finished: success=True
[INFO] [1788848346.061503863] [candidate_explorer]: Reached frontier. Waiting for the map to expose new frontiers.
[INFO] [1788848346.263407083] [candidate_explorer]: Detected 10586 frontier cells
[INFO] [1788848346.273115146] [candidate_explorer]: Found 116 frontier clusters after filtering
[INFO] [1788848346.289931498] [candidate_explorer]: Selected frontier cluster: size=1626, goal=(6.45, -1.45), distance=6.12
[INFO] [1788848346.290967116] [candidate_explorer]: Checking global path to frontier (6.45, -1.45), distance=6.12m
[INFO] [1788848346.314694049] [candidate_explorer]: Nav2 path to frontier is 6.22m (straight-line=6.12m, detour=1.0x)
[INFO] [1788848346.321454006] [candidate_explorer]: Global path accepted. Navigating to frontier (6.45, -1.45)
[bt_navigator-7] [INFO] [1788848346.321978086] [bt_navigator]: Begin navigating from current location (12.54, -2.08) to (6.45, -1.45)
[controller_server-3] [INFO] [1788848346.345927435] [controller_server]: Received a goal, begin computing control effort.
[controller_server-3] [INFO] [1788848347.396607398] [controller_server]: Passing new path to controller.
[controller_server-3] [ERROR] [1788848347.996116096] [tf_help]: Transform data too old when converting from odom to map
[controller_server-3] [ERROR] [1788848347.996155638] [tf_help]: Data time: 4467s 250000007ns, Transform time: 4467s 7ns
[controller_server-3] [WARN] [1788848347.996178429] [controller_server]: Unable to transform robot pose into global plan's frame
[planner_server-5] [INFO] [1788848348.004549543] [global_costmap.global_costmap]: Message Filter dropping message: frame 'base_link' at time 4467.000 for reason 'the timestamp on the message is earlier than all the data in the transform cache'
[controller_server-3] [INFO] [1788848348.396090102] [controller_server]: Passing new path to controller.
[controller_server-3] [ERROR] [1788848348.547774015] [tf_help]: Transform data too old when converting from odom to map
[controller_server-3] [ERROR] [1788848348.547808598] [tf_help]: Data time: 4469s 450000007ns, Transform time: 4469s 100000007ns
[controller_server-3] [WARN] [1788848348.547832265] [controller_server]: Unable to transform robot pose into global plan's frame
[controller_server-3] [ERROR] [1788848349.049063253] [tf_help]: Transform data too old when converting from odom to map
[controller_server-3] [ERROR] [1788848349.049097253] [tf_help]: Data time: 4471s 450000008ns, Transform time: 4471s 200000007ns
[controller_server-3] [WARN] [1788848349.049118586] [controller_server]: Unable to transform robot pose into global plan's frame
[planner_server-5] [INFO] [1788848349.053561683] [global_costmap.global_costmap]: Message Filter dropping message: frame 'base_link' at time 4471.200 for reason 'the timestamp on the message is earlier than all the data in the transform cache'
[controller_server-3] [INFO] [1788848349.446274318] [controller_server]: Passing new path to controller.
[controller_server-3] [INFO] [1788848350.448094841] [controller_server]: Passing new path to controller.
[controller_server-3] [INFO] [1788848351.499662423] [controller_server]: Passing new path to controller.
[controller_server-3] [INFO] [1788848352.199294320] [controller_server]: Reached the goal!
[bt_navigator-7] [INFO] [1788848352.232785733] [bt_navigator]: Goal succeeded
[INFO] [1788848352.233956934] [candidate_explorer]: Frontier goal finished: success=True
[INFO] [1788848352.234177974] [candidate_explorer]: Reached frontier. Waiting for the map to expose new frontiers.
[INFO] [1788848352.559521078] [candidate_explorer]: Detected 10586 frontier cells
[INFO] [1788848352.568947893] [candidate_explorer]: Found 116 frontier clusters after filtering
[INFO] [1788848352.585241873] [candidate_explorer]: Selected frontier cluster: size=1626, goal=(11.95, -2.02), distance=5.31
[INFO] [1788848352.586366116] [candidate_explorer]: Checking global path to frontier (11.95, -2.02), distance=5.31m
[INFO] [1788848352.602860845] [candidate_explorer]: Nav2 path to frontier is 5.36m (straight-line=5.31m, detour=1.0x)
[INFO] [1788848352.608522226] [candidate_explorer]: Global path accepted. Navigating to frontier (11.95, -2.02)
[bt_navigator-7] [INFO] [1788848352.608990764] [bt_navigator]: Begin navigating from current location (6.67, -1.45) to (11.95, -2.02)
[controller_server-3] [INFO] [1788848352.631818161] [controller_server]: Received a goal, begin computing control effort.
[controller_server-3] [INFO] [1788848353.681961128] [controller_server]: Passing new path to controller.
[controller_server-3] [INFO] [1788848354.731959762] [controller_server]: Passing new path to controller.
[controller_server-3] [INFO] [1788848355.732895957] [controller_server]: Passing new path to controller.
[planner_server-5] [INFO] [1788848356.779025532] [global_costmap.global_costmap]: Message Filter dropping message: frame 'base_link' at time 4502.100 for reason 'the timestamp on the message is earlier than all the data in the transform cache'
[controller_server-3] [INFO] [1788848356.782647342] [controller_server]: Passing new path to controller.
[controller_server-3] [ERROR] [1788848356.783001173] [tf_help]: Transform data too old when converting from odom to map
[controller_server-3] [ERROR] [1788848356.783017881] [tf_help]: Data time: 4502s 400000008ns, Transform time: 4502s 100000008ns
[controller_server-3] [WARN] [1788848356.783039173] [controller_server]: Unable to transform robot pose into global plan's frame
[controller_server-3] [INFO] [1788848357.734043435] [controller_server]: Reached the goal!
[bt_navigator-7] [INFO] [1788848357.769306878] [bt_navigator]: Goal succeeded
[INFO] [1788848357.770416287] [candidate_explorer]: Frontier goal finished: success=True
[INFO] [1788848357.770626536] [candidate_explorer]: Reached frontier. Waiting for the map to expose new frontiers.
[INFO] [1788848358.058769709] [candidate_explorer]: Detected 10586 frontier cells
[INFO] [1788848358.068466606] [candidate_explorer]: Found 116 frontier clusters after filtering
[INFO] [1788848358.085121959] [candidate_explorer]: Selected frontier cluster: size=1626, goal=(12.36, -2.05), distance=0.61
[INFO] [1788848358.086114161] [candidate_explorer]: Checking global path to frontier (12.36, -2.05), distance=0.61m
[INFO] [1788848358.094023194] [candidate_explorer]: Nav2 path to frontier is 0.64m (straight-line=0.61m, detour=1.0x)
[INFO] [1788848358.094851897] [candidate_explorer]: Global path accepted. Navigating to frontier (12.36, -2.05)
[bt_navigator-7] [INFO] [1788848358.095305227] [bt_navigator]: Begin navigating from current location (11.76, -1.98) to (12.36, -2.05)
[controller_server-3] [INFO] [1788848358.116666717] [controller_server]: Received a goal, begin computing control effort.
[controller_server-3] [INFO] [1788848358.572082954] [controller_server]: Reached the goal!
[bt_navigator-7] [INFO] [1788848358.605846323] [bt_navigator]: Goal succeeded
[INFO] [1788848358.606996399] [candidate_explorer]: Frontier goal finished: success=True
[INFO] [1788848358.607212440] [candidate_explorer]: Reached frontier. Waiting for the map to expose new frontiers.
[INFO] [1788848358.807316713] [candidate_explorer]: Detected 10586 frontier cells
[INFO] [1788848358.816798611] [candidate_explorer]: Found 116 frontier clusters after filtering
[INFO] [1788848358.833307340] [candidate_explorer]: Selected frontier cluster: size=5, goal=(12.84, -2.10), distance=0.68
[INFO] [1788848358.834350833] [candidate_explorer]: Checking global path to frontier (12.84, -2.10), distance=0.68m
[INFO] [1788848358.842310032] [candidate_explorer]: Nav2 path to frontier is 0.74m (straight-line=0.68m, detour=1.1x)
[INFO] [1788848358.843118611] [candidate_explorer]: Global path accepted. Navigating to frontier (12.84, -2.10)
[bt_navigator-7] [INFO] [1788848358.843517733] [bt_navigator]: Begin navigating from current location (12.16, -2.04) to (12.84, -2.10)
[controller_server-3] [INFO] [1788848358.864514017] [controller_server]: Received a goal, begin computing control effort.
[controller_server-3] [INFO] [1788848359.368075490] [controller_server]: Reached the goal!
[bt_navigator-7] [INFO] [1788848359.405644586] [bt_navigator]: Goal succeeded
[INFO] [1788848359.406857036] [candidate_explorer]: Frontier goal finished: success=True
[INFO] [1788848359.407072035] [candidate_explorer]: Reached frontier. Waiting for the map to expose new frontiers.
[INFO] [1788848359.511500831] [candidate_explorer]: Detected 10586 frontier cells
[INFO] [1788848359.520964479] [candidate_explorer]: Found 116 frontier clusters after filtering
[INFO] [1788848359.537581874] [candidate_explorer]: Selected frontier cluster: size=1626, goal=(12.01, -2.02), distance=0.60
[INFO] [1788848359.538600492] [candidate_explorer]: Checking global path to frontier (12.01, -2.02), distance=0.60m
[INFO] [1788848359.546160986] [candidate_explorer]: Nav2 path to frontier is 0.64m (straight-line=0.60m, detour=1.1x)
[INFO] [1788848359.546855148] [candidate_explorer]: Global path accepted. Navigating to frontier (12.01, -2.02)
[bt_navigator-7] [INFO] [1788848359.547245271] [bt_navigator]: Begin navigating from current location (12.62, -2.08) to (12.01, -2.02)
[controller_server-3] [INFO] [1788848359.571603325] [controller_server]: Received a goal, begin computing control effort.
[controller_server-3] [INFO] [1788848360.623218449] [controller_server]: Passing new path to controller.
[controller_server-3] [INFO] [1788848361.275317314] [controller_server]: Reached the goal!
[bt_navigator-7] [INFO] [1788848361.311508459] [bt_navigator]: Goal succeeded
[INFO] [1788848361.312749660] [candidate_explorer]: Frontier goal finished: success=True
[INFO] [1788848361.313012033] [candidate_explorer]: Reached frontier. Waiting for the map to expose new frontiers.
[INFO] [1788848361.558926849] [candidate_explorer]: Detected 10586 frontier cells
[INFO] [1788848361.568524288] [candidate_explorer]: Found 116 frontier clusters after filtering
[INFO] [1788848361.585119058] [candidate_explorer]: Selected frontier cluster: size=1626, goal=(12.75, -2.10), distance=0.61
[INFO] [1788848361.586238467] [candidate_explorer]: Checking global path to frontier (12.75, -2.10), distance=0.61m
[INFO] [1788848361.594126001] [candidate_explorer]: Nav2 path to frontier is 0.67m (straight-line=0.61m, detour=1.1x)
[INFO] [1788848361.594876579] [candidate_explorer]: Global path accepted. Navigating to frontier (12.75, -2.10)
[bt_navigator-7] [INFO] [1788848361.595296202] [bt_navigator]: Begin navigating from current location (12.18, -1.88) to (12.75, -2.10)
[controller_server-3] [INFO] [1788848361.618760386] [controller_server]: Received a goal, begin computing control effort.
[controller_server-3] [INFO] [1788848362.669594432] [controller_server]: Passing new path to controller.
[controller_server-3] [INFO] [1788848363.274409930] [controller_server]: Reached the goal!
[bt_navigator-7] [INFO] [1788848363.306545226] [bt_navigator]: Goal succeeded
[INFO] [1788848363.307881426] [candidate_explorer]: Frontier goal finished: success=True
[INFO] [1788848363.308143216] [candidate_explorer]: Reached frontier. Waiting for the map to expose new frontiers.
[INFO] [1788848363.561779191] [candidate_explorer]: Detected 10586 frontier cells
[INFO] [1788848363.571298631] [candidate_explorer]: Found 116 frontier clusters after filtering
[INFO] [1788848363.588149191] [candidate_explorer]: Selected frontier cluster: size=1626, goal=(6.45, -1.45), distance=6.13
[INFO] [1788848363.589209434] [candidate_explorer]: Checking global path to frontier (6.45, -1.45), distance=6.13m
[INFO] [1788848363.607404819] [candidate_explorer]: Nav2 path to frontier is 6.21m (straight-line=6.13m, detour=1.0x)
[INFO] [1788848363.613837194] [candidate_explorer]: Global path accepted. Navigating to frontier (6.45, -1.45)
[bt_navigator-7] [INFO] [1788848363.614237317] [bt_navigator]: Begin navigating from current location (12.54, -2.14) to (6.45, -1.45)
[controller_server-3] [INFO] [1788848363.636237802] [controller_server]: Received a goal, begin computing control effort.
[controller_server-3] [INFO] [1788848364.688276215] [controller_server]: Passing new path to controller.
[controller_server-3] [INFO] [1788848365.690187696] [controller_server]: Passing new path to controller.
[planner_server-5] [INFO] [1788848365.780416332] [global_costmap.global_costmap]: Message Filter dropping message: frame 'base_link' at time 4538.100 for reason 'the timestamp on the message is earlier than all the data in the transform cache'
[controller_server-3] [ERROR] [1788848365.788217449] [tf_help]: Transform data too old when converting from odom to map
[controller_server-3] [ERROR] [1788848365.788241032] [tf_help]: Data time: 4538s 400000008ns, Transform time: 4538s 100000008ns
[controller_server-3] [WARN] [1788848365.788264532] [controller_server]: Unable to transform robot pose into global plan's frame
[controller_server-3] [INFO] [1788848366.736579936] [controller_server]: Passing new path to controller.
[controller_server-3] [INFO] [1788848367.788850680] [controller_server]: Passing new path to controller.
[controller_server-3] [INFO] [1788848368.789087005] [controller_server]: Passing new path to controller.
[controller_server-3] [INFO] [1788848369.441058788] [controller_server]: Reached the goal!
[bt_navigator-7] [INFO] [1788848369.477071851] [bt_navigator]: Goal succeeded
[INFO] [1788848369.477559723] [candidate_explorer]: Frontier goal finished: success=True
[INFO] [1788848369.477830763] [candidate_explorer]: Reached frontier. Waiting for the map to expose new frontiers.
[INFO] [1788848369.810525278] [candidate_explorer]: Detected 10600 frontier cells
[INFO] [1788848369.821688541] [candidate_explorer]: Found 116 frontier clusters after filtering
[INFO] [1788848369.838221478] [candidate_explorer]: Selected frontier cluster: size=1640, goal=(11.95, -2.02), distance=5.31
[INFO] [1788848369.839261929] [candidate_explorer]: Checking global path to frontier (11.95, -2.02), distance=5.31m
[INFO] [1788848369.855905490] [candidate_explorer]: Nav2 path to frontier is 5.37m (straight-line=5.31m, detour=1.0x)
[INFO] [1788848369.861641954] [candidate_explorer]: Global path accepted. Navigating to frontier (11.95, -2.02)
[bt_navigator-7] [INFO] [1788848369.862207117] [bt_navigator]: Begin navigating from current location (6.67, -1.49) to (11.95, -2.02)
[controller_server-3] [INFO] [1788848369.883201734] [controller_server]: Received a goal, begin computing control effort.
[controller_server-3] [INFO] [1788848370.935545103] [controller_server]: Passing new path to controller.
[controller_server-3] [INFO] [1788848371.937489417] [controller_server]: Passing new path to controller.
[controller_server-3] [INFO] [1788848372.984735943] [controller_server]: Passing new path to controller.
[planner_server-5] [INFO] [1788848373.604963594] [global_costmap.global_costmap]: Message Filter dropping message: frame 'base_link' at time 4569.400 for reason 'the timestamp on the message is earlier than all the data in the transform cache'
[controller_server-3] [INFO] [1788848374.035052783] [controller_server]: Passing new path to controller.
[controller_server-3] [ERROR] [1788848374.135903144] [tf_help]: Transform data too old when converting from odom to map
[controller_server-3] [ERROR] [1788848374.136001893] [tf_help]: Data time: 4571s 800000008ns, Transform time: 4571s 400000008ns
[controller_server-3] [WARN] [1788848374.136028643] [controller_server]: Unable to transform robot pose into global plan's frame
[planner_server-5] [INFO] [1788848374.629499223] [global_costmap.global_costmap]: Message Filter dropping message: frame 'base_link' at time 4573.500 for reason 'the timestamp on the message is earlier than all the data in the transform cache'
[controller_server-3] [ERROR] [1788848374.634135735] [tf_help]: Transform data too old when converting from odom to map
[controller_server-3] [ERROR] [1788848374.634168110] [tf_help]: Data time: 4573s 800000008ns, Transform time: 4573s 500000008ns
[controller_server-3] [WARN] [1788848374.634189735] [controller_server]: Unable to transform robot pose into global plan's frame
[controller_server-3] [INFO] [1788848375.034497405] [controller_server]: Passing new path to controller.
[controller_server-3] [INFO] [1788848375.036591766] [controller_server]: Reached the goal!
[bt_navigator-7] [INFO] [1788848375.082503392] [bt_navigator]: Goal succeeded
[INFO] [1788848375.083869883] [candidate_explorer]: Frontier goal finished: success=True
[INFO] [1788848375.084125465] [candidate_explorer]: Reached frontier. Waiting for the map to expose new frontiers.
[INFO] [1788848375.308080337] [candidate_explorer]: Detected 10561 frontier cells
[INFO] [1788848375.317517568] [candidate_explorer]: Found 116 frontier clusters after filtering
[INFO] [1788848375.334008131] [candidate_explorer]: Selected frontier cluster: size=1591, goal=(12.34, -2.08), distance=0.61
[INFO] [1788848375.335094207] [candidate_explorer]: Checking global path to frontier (12.34, -2.08), distance=0.61m
[INFO] [1788848375.342873949] [candidate_explorer]: Nav2 path to frontier is 0.64m (straight-line=0.61m, detour=1.0x)
[INFO] [1788848375.343646903] [candidate_explorer]: Global path accepted. Navigating to frontier (12.34, -2.08)
[bt_navigator-7] [INFO] [1788848375.344054984] [bt_navigator]: Begin navigating from current location (11.74, -1.95) to (12.34, -2.08)
[controller_server-3] [INFO] [1788848375.367321461] [controller_server]: Received a goal, begin computing control effort.
[controller_server-3] [INFO] [1788848375.819658468] [controller_server]: Reached the goal!
[bt_navigator-7] [INFO] [1788848375.856399402] [bt_navigator]: Goal succeeded
[INFO] [1788848375.856943106] [candidate_explorer]: Frontier goal finished: success=True
[INFO] [1788848375.857172355] [candidate_explorer]: Reached frontier. Waiting for the map to expose new frontiers.
[INFO] [1788848376.011542085] [candidate_explorer]: Detected 10561 frontier cells
[INFO] [1788848376.021168482] [candidate_explorer]: Found 116 frontier clusters after filtering
[INFO] [1788848376.037501462] [candidate_explorer]: Selected frontier cluster: size=1591, goal=(12.73, -2.14), distance=0.60
[INFO] [1788848376.038578413] [candidate_explorer]: Checking global path to frontier (12.73, -2.14), distance=0.60m
[INFO] [1788848376.046226656] [candidate_explorer]: Nav2 path to frontier is 0.61m (straight-line=0.60m, detour=1.0x)
[INFO] [1788848376.046911069] [candidate_explorer]: Global path accepted. Navigating to frontier (12.73, -2.14)
[bt_navigator-7] [INFO] [1788848376.047434607] [bt_navigator]: Begin navigating from current location (12.14, -2.04) to (12.73, -2.14)
[controller_server-3] [INFO] [1788848376.068332599] [controller_server]: Received a goal, begin computing control effort.
[controller_server-3] [INFO] [1788848376.522876842] [controller_server]: Reached the goal!
[bt_navigator-7] [INFO] [1788848376.557600497] [bt_navigator]: Goal succeeded
[INFO] [1788848376.558815989] [candidate_explorer]: Frontier goal finished: success=True
[INFO] [1788848376.559099154] [candidate_explorer]: Reached frontier. Waiting for the map to expose new frontiers.
[INFO] [1788848376.807932535] [candidate_explorer]: Detected 10561 frontier cells
[INFO] [1788848376.817668848] [candidate_explorer]: Found 116 frontier clusters after filtering
[INFO] [1788848376.834074577] [candidate_explorer]: Selected frontier cluster: size=1591, goal=(6.45, -1.45), distance=6.10
[INFO] [1788848376.835107988] [candidate_explorer]: Checking global path to frontier (6.45, -1.45), distance=6.10m
[INFO] [1788848376.853004874] [candidate_explorer]: Nav2 path to frontier is 6.17m (straight-line=6.10m, detour=1.0x)
[INFO] [1788848376.859762456] [candidate_explorer]: Global path accepted. Navigating to frontier (6.45, -1.45)
[bt_navigator-7] [INFO] [1788848376.860225037] [bt_navigator]: Begin navigating from current location (12.51, -2.12) to (6.45, -1.45)
[controller_server-3] [INFO] [1788848376.883844929] [controller_server]: Received a goal, begin computing control effort.
[controller_server-3] [INFO] [1788848377.934915139] [controller_server]: Passing new path to controller.
[planner_server-5] [INFO] [1788848378.603386984] [global_costmap.global_costmap]: Message Filter dropping message: frame 'base_link' at time 4589.400 for reason 'the timestamp on the message is earlier than all the data in the transform cache'
[planner_server-5] [INFO] [1788848378.898339780] [global_costmap.global_costmap]: StaticLayer: Resizing costmap to 1165 X 557 at 0.015000 m/pix
[controller_server-3] [INFO] [1788848378.986844386] [controller_server]: Passing new path to controller.
[controller_server-3] [ERROR] [1788848379.135581318] [tf_help]: Transform data too old when converting from odom to map
[controller_server-3] [ERROR] [1788848379.135621859] [tf_help]: Data time: 4591s 800000008ns, Transform time: 4591s 400000008ns
[controller_server-3] [WARN] [1788848379.135643692] [controller_server]: Unable to transform robot pose into global plan's frame
[planner_server-5] [INFO] [1788848379.603305894] [global_costmap.global_costmap]: Message Filter dropping message: frame 'base_link' at time 4593.400 for reason 'the timestamp on the message is earlier than all the data in the transform cache'
[controller_server-3] [ERROR] [1788848379.635527856] [tf_help]: Transform data too old when converting from odom to map
[controller_server-3] [ERROR] [1788848379.635844354] [tf_help]: Data time: 4593s 800000008ns, Transform time: 4593s 400000008ns
[controller_server-3] [WARN] [1788848379.635869812] [controller_server]: Unable to transform robot pose into global plan's frame
[controller_server-3] [INFO] [1788848379.986163549] [controller_server]: Passing new path to controller.
[controller_server-3] [INFO] [1788848380.984222804] [controller_server]: Passing new path to controller.
[controller_server-3] [INFO] [1788848382.036070552] [controller_server]: Passing new path to controller.
[controller_server-3] [INFO] [1788848382.687102840] [controller_server]: Reached the goal!
[bt_navigator-7] [INFO] [1788848382.722296326] [bt_navigator]: Goal succeeded
[INFO] [1788848382.723535609] [candidate_explorer]: Frontier goal finished: success=True
[INFO] [1788848382.723790358] [candidate_explorer]: Reached frontier. Waiting for the map to expose new frontiers.
[INFO] [1788848383.057967822] [candidate_explorer]: Detected 10635 frontier cells
[INFO] [1788848383.067820510] [candidate_explorer]: Found 119 frontier clusters after filtering
[INFO] [1788848383.084682069] [candidate_explorer]: Selected frontier cluster: size=1595, goal=(11.95, -2.03), distance=5.32
[INFO] [1788848383.085734313] [candidate_explorer]: Checking global path to frontier (11.95, -2.03), distance=5.32m
[INFO] [1788848383.102390915] [candidate_explorer]: Nav2 path to frontier is 5.37m (straight-line=5.32m, detour=1.0x)
[INFO] [1788848383.108112463] [candidate_explorer]: Global path accepted. Navigating to frontier (11.95, -2.03)
[bt_navigator-7] [INFO] [1788848383.108561001] [bt_navigator]: Begin navigating from current location (6.66, -1.46) to (11.95, -2.03)
[controller_server-3] [INFO] [1788848383.131896770] [controller_server]: Received a goal, begin computing control effort.
[controller_server-3] [INFO] [1788848384.184259847] [controller_server]: Passing new path to controller.
[controller_server-3] [INFO] [1788848385.238716578] [controller_server]: Passing new path to controller.
[controller_server-3] [INFO] [1788848386.232194779] [controller_server]: Passing new path to controller.
[planner_server-5] [INFO] [1788848387.228232047] [global_costmap.global_costmap]: Message Filter dropping message: frame 'base_link' at time 4623.900 for reason 'the timestamp on the message is earlier than all the data in the transform cache'
[controller_server-3] [INFO] [1788848387.232204980] [controller_server]: Passing new path to controller.
[controller_server-3] [ERROR] [1788848387.232554811] [tf_help]: Transform data too old when converting from odom to map
[controller_server-3] [ERROR] [1788848387.232569102] [tf_help]: Data time: 4624s 200000008ns, Transform time: 4623s 900000008ns
[controller_server-3] [WARN] [1788848387.232588769] [controller_server]: Unable to transform robot pose into global plan's frame
[controller_server-3] [ERROR] [1788848387.732569599] [tf_help]: Transform data too old when converting from odom to map
[controller_server-3] [ERROR] [1788848387.732600015] [tf_help]: Data time: 4626s 200000008ns, Transform time: 4625s 900000008ns
[controller_server-3] [WARN] [1788848387.732623182] [controller_server]: Unable to transform robot pose into global plan's frame
[controller_server-3] [INFO] [1788848388.284430433] [controller_server]: Passing new path to controller.
[controller_server-3] [INFO] [1788848388.286689627] [controller_server]: Reached the goal!
[bt_navigator-7] [INFO] [1788848388.331594175] [bt_navigator]: Goal succeeded
[INFO] [1788848388.332926042] [candidate_explorer]: Frontier goal finished: success=True
[INFO] [1788848388.333191540] [candidate_explorer]: Reached frontier. Waiting for the map to expose new frontiers.
[INFO] [1788848388.554994426] [candidate_explorer]: Detected 10584 frontier cells
[INFO] [1788848388.564450574] [candidate_explorer]: Found 120 frontier clusters after filtering
[INFO] [1788848388.581184343] [candidate_explorer]: Selected frontier cluster: size=1595, goal=(12.34, -2.09), distance=0.61
[INFO] [1788848388.582240295] [candidate_explorer]: Checking global path to frontier (12.34, -2.09), distance=0.61m
[INFO] [1788848388.590015412] [candidate_explorer]: Nav2 path to frontier is 0.64m (straight-line=0.61m, detour=1.0x)
[INFO] [1788848388.590765407] [candidate_explorer]: Global path accepted. Navigating to frontier (12.34, -2.09)
[bt_navigator-7] [INFO] [1788848388.591149613] [bt_navigator]: Begin navigating from current location (11.74, -1.97) to (12.34, -2.09)
[controller_server-3] [INFO] [1788848388.614304925] [controller_server]: Received a goal, begin computing control effort.
[controller_server-3] [INFO] [1788848389.067327844] [controller_server]: Reached the goal!
[bt_navigator-7] [INFO] [1788848389.101801709] [bt_navigator]: Goal succeeded
[INFO] [1788848389.103042909] [candidate_explorer]: Frontier goal finished: success=True
[INFO] [1788848389.103289032] [candidate_explorer]: Reached frontier. Waiting for the map to expose new frontiers.
[INFO] [1788848389.262202233] [candidate_explorer]: Detected 10584 frontier cells
[INFO] [1788848389.271909130] [candidate_explorer]: Found 120 frontier clusters after filtering
[INFO] [1788848389.288554691] [candidate_explorer]: Selected frontier cluster: size=1595, goal=(12.73, -2.15), distance=0.61
[INFO] [1788848389.289608601] [candidate_explorer]: Checking global path to frontier (12.73, -2.15), distance=0.61m
[INFO] [1788848389.297262761] [candidate_explorer]: Nav2 path to frontier is 0.64m (straight-line=0.61m, detour=1.0x)
[INFO] [1788848389.297995048] [candidate_explorer]: Global path accepted. Navigating to frontier (12.73, -2.15)
[bt_navigator-7] [INFO] [1788848389.298389670] [bt_navigator]: Begin navigating from current location (12.13, -2.05) to (12.73, -2.15)
[controller_server-3] [INFO] [1788848389.321932896] [controller_server]: Received a goal, begin computing control effort.
[controller_server-3] [INFO] [1788848389.826370489] [controller_server]: Reached the goal!
[bt_navigator-7] [INFO] [1788848389.859045365] [bt_navigator]: Goal succeeded
[INFO] [1788848389.860307274] [candidate_explorer]: Frontier goal finished: success=True
[INFO] [1788848389.860574606] [candidate_explorer]: Reached frontier. Waiting for the map to expose new frontiers.
[INFO] [1788848390.010913652] [candidate_explorer]: Detected 10584 frontier cells
[INFO] [1788848390.021985166] [candidate_explorer]: Found 120 frontier clusters after filtering
[INFO] [1788848390.039513763] [candidate_explorer]: Selected frontier cluster: size=1595, goal=(6.45, -1.46), distance=6.10
[INFO] [1788848390.040960795] [candidate_explorer]: Checking global path to frontier (6.45, -1.46), distance=6.10m
[INFO] [1788848390.059562802] [candidate_explorer]: Nav2 path to frontier is 6.17m (straight-line=6.10m, detour=1.0x)
[INFO] [1788848390.066108511] [candidate_explorer]: Global path accepted. Navigating to frontier (6.45, -1.46)
[bt_navigator-7] [INFO] [1788848390.066542300] [bt_navigator]: Begin navigating from current location (12.51, -2.11) to (6.45, -1.46)
[controller_server-3] [INFO] [1788848390.089667945] [controller_server]: Received a goal, begin computing control effort.
[controller_server-3] [INFO] [1788848391.140621573] [controller_server]: Passing new path to controller.
[controller_server-3] [ERROR] [1788848391.742588214] [tf_help]: Transform data too old when converting from odom to map
[controller_server-3] [ERROR] [1788848391.742964670] [tf_help]: Data time: 4642s 250000008ns, Transform time: 4642s 8ns
[controller_server-3] [WARN] [1788848391.743388709] [controller_server]: Unable to transform robot pose into global plan's frame
[planner_server-5] [INFO] [1788848391.754576222] [global_costmap.global_costmap]: Message Filter dropping message: frame 'base_link' at time 4642.000 for reason 'the timestamp on the message is earlier than all the data in the transform cache'
[controller_server-3] [INFO] [1788848392.142069681] [controller_server]: Passing new path to controller.
[controller_server-3] [ERROR] [1788848392.289838869] [tf_help]: Transform data too old when converting from odom to map
[controller_server-3] [ERROR] [1788848392.289869411] [tf_help]: Data time: 4644s 400000008ns, Transform time: 4644s 100000008ns
[controller_server-3] [WARN] [1788848392.289890411] [controller_server]: Unable to transform robot pose into global plan's frame
[controller_server-3] [ERROR] [1788848392.790954484] [tf_help]: Transform data too old when converting from odom to map
[controller_server-3] [ERROR] [1788848392.790993858] [tf_help]: Data time: 4646s 450000008ns, Transform time: 4646s 200000008ns
[controller_server-3] [WARN] [1788848392.791016025] [controller_server]: Unable to transform robot pose into global plan's frame
[planner_server-5] [INFO] [1788848392.804068359] [global_costmap.global_costmap]: Message Filter dropping message: frame 'base_link' at time 4646.200 for reason 'the timestamp on the message is earlier than all the data in the transform cache'
[controller_server-3] [INFO] [1788848393.196551578] [controller_server]: Passing new path to controller.
[controller_server-3] [INFO] [1788848394.192492722] [controller_server]: Passing new path to controller.
[controller_server-3] [INFO] [1788848395.241359780] [controller_server]: Passing new path to controller.
[controller_server-3] [INFO] [1788848395.892106862] [controller_server]: Reached the goal!
[bt_navigator-7] [INFO] [1788848395.928780254] [bt_navigator]: Goal succeeded
[INFO] [1788848395.930107496] [candidate_explorer]: Frontier goal finished: success=True
[INFO] [1788848395.930336911] [candidate_explorer]: Reached frontier. Waiting for the map to expose new frontiers.
[INFO] [1788848396.056437903] [candidate_explorer]: Detected 10584 frontier cells
[INFO] [1788848396.066011509] [candidate_explorer]: Found 120 frontier clusters after filtering
[INFO] [1788848396.082868069] [candidate_explorer]: Selected frontier cluster: size=1595, goal=(11.95, -2.03), distance=5.32
[INFO] [1788848396.084192311] [candidate_explorer]: Checking global path to frontier (11.95, -2.03), distance=5.32m
[INFO] [1788848396.101163995] [candidate_explorer]: Nav2 path to frontier is 5.38m (straight-line=5.32m, detour=1.0x)
[INFO] [1788848396.107314831] [candidate_explorer]: Global path accepted. Navigating to frontier (11.95, -2.03)
[bt_navigator-7] [INFO] [1788848396.107969868] [bt_navigator]: Begin navigating from current location (6.66, -1.45) to (11.95, -2.03)
[controller_server-3] [INFO] [1788848396.130978347] [controller_server]: Received a goal, begin computing control effort.
[controller_server-3] [INFO] [1788848397.181133814] [controller_server]: Passing new path to controller.
[controller_server-3] [INFO] [1788848398.231224905] [controller_server]: Passing new path to controller.
[controller_server-3] [INFO] [1788848399.231168190] [controller_server]: Passing new path to controller.
[planner_server-5] [INFO] [1788848400.129653826] [global_costmap.global_costmap]: Message Filter dropping message: frame 'base_link' at time 4675.500 for reason 'the timestamp on the message is earlier than all the data in the transform cache'
[controller_server-3] [ERROR] [1788848400.131165400] [tf_help]: Transform data too old when converting from odom to map
[controller_server-3] [ERROR] [1788848400.131195816] [tf_help]: Data time: 4675s 800000008ns, Transform time: 4675s 500000008ns
[controller_server-3] [WARN] [1788848400.131216275] [controller_server]: Unable to transform robot pose into global plan's frame
[controller_server-3] [INFO] [1788848400.281596780] [controller_server]: Passing new path to controller.
[controller_server-3] [ERROR] [1788848400.632415055] [tf_help]: Transform data too old when converting from odom to map
[controller_server-3] [ERROR] [1788848400.632449097] [tf_help]: Data time: 4677s 800000008ns, Transform time: 4677s 500000008ns
[controller_server-3] [WARN] [1788848400.632471721] [controller_server]: Unable to transform robot pose into global plan's frame
[planner_server-5] [INFO] [1788848401.153895790] [global_costmap.global_costmap]: Message Filter dropping message: frame 'base_link' at time 4679.600 for reason 'the timestamp on the message is earlier than all the data in the transform cache'
[controller_server-3] [INFO] [1788848401.233997907] [controller_server]: Reached the goal!
[bt_navigator-7] [INFO] [1788848401.268510147] [bt_navigator]: Goal succeeded
[INFO] [1788848401.269781764] [candidate_explorer]: Frontier goal finished: success=True
[INFO] [1788848401.269993304] [candidate_explorer]: Reached frontier. Waiting for the map to expose new frontiers.
[INFO] [1788848401.559917549] [candidate_explorer]: Detected 10575 frontier cells
[INFO] [1788848401.569385072] [candidate_explorer]: Found 120 frontier clusters after filtering
[INFO] [1788848401.586022425] [candidate_explorer]: Selected frontier cluster: size=1595, goal=(12.33, -2.09), distance=0.60
[INFO] [1788848401.587135252] [candidate_explorer]: Checking global path to frontier (12.33, -2.09), distance=0.60m
[INFO] [1788848401.594868369] [candidate_explorer]: Nav2 path to frontier is 0.63m (straight-line=0.60m, detour=1.0x)
[INFO] [1788848401.595590031] [candidate_explorer]: Global path accepted. Navigating to frontier (12.33, -2.09)
[bt_navigator-7] [INFO] [1788848401.595991487] [bt_navigator]: Begin navigating from current location (11.73, -1.97) to (12.33, -2.09)
[controller_server-3] [INFO] [1788848401.617520309] [controller_server]: Received a goal, begin computing control effort.
[controller_server-3] [INFO] [1788848401.617597808] [controller_server]: Passing new path to controller.
[controller_server-3] [INFO] [1788848402.069706692] [controller_server]: Reached the goal!
[bt_navigator-7] [INFO] [1788848402.106957622] [bt_navigator]: Goal succeeded
[INFO] [1788848402.108172114] [candidate_explorer]: Frontier goal finished: success=True
[INFO] [1788848402.108423738] [candidate_explorer]: Reached frontier. Waiting for the map to expose new frontiers.
[INFO] [1788848402.258711410] [candidate_explorer]: Detected 10575 frontier cells
[INFO] [1788848402.268751930] [candidate_explorer]: Found 120 frontier clusters after filtering
[INFO] [1788848402.285445990] [candidate_explorer]: Selected frontier cluster: size=1595, goal=(12.73, -2.15), distance=0.61
[INFO] [1788848402.286570233] [candidate_explorer]: Checking global path to frontier (12.73, -2.15), distance=0.61m
[INFO] [1788848402.294528183] [candidate_explorer]: Nav2 path to frontier is 0.63m (straight-line=0.61m, detour=1.0x)
[INFO] [1788848402.295229845] [candidate_explorer]: Global path accepted. Navigating to frontier (12.73, -2.15)
[bt_navigator-7] [INFO] [1788848402.295643842] [bt_navigator]: Begin navigating from current location (12.12, -2.05) to (12.73, -2.15)
[controller_server-3] [INFO] [1788848402.317397246] [controller_server]: Received a goal, begin computing control effort.
[controller_server-3] [INFO] [1788848402.819997684] [controller_server]: Reached the goal!
[bt_navigator-7] [INFO] [1788848402.856347704] [bt_navigator]: Goal succeeded
[INFO] [1788848402.857535738] [candidate_explorer]: Frontier goal finished: success=True
[INFO] [1788848402.857741195] [candidate_explorer]: Reached frontier. Waiting for the map to expose new frontiers.
[INFO] [1788848403.060352369] [candidate_explorer]: Detected 10575 frontier cells
[INFO] [1788848403.070086682] [candidate_explorer]: Found 120 frontier clusters after filtering
[INFO] [1788848403.086802659] [candidate_explorer]: Selected frontier cluster: size=1595, goal=(6.45, -1.46), distance=6.11
[INFO] [1788848403.087805861] [candidate_explorer]: Checking global path to frontier (6.45, -1.46), distance=6.11m
[INFO] [1788848403.106183953] [candidate_explorer]: Nav2 path to frontier is 6.17m (straight-line=6.11m, detour=1.0x)
[INFO] [1788848403.112607204] [candidate_explorer]: Global path accepted. Navigating to frontier (6.45, -1.46)
[bt_navigator-7] [INFO] [1788848403.113110242] [bt_navigator]: Begin navigating from current location (12.52, -2.11) to (6.45, -1.46)
[controller_server-3] [INFO] [1788848403.136491719] [controller_server]: Received a goal, begin computing control effort.
[controller_server-3] [INFO] [1788848404.187855428] [controller_server]: Passing new path to controller.
[planner_server-5] [INFO] [1788848404.828638948] [global_costmap.global_costmap]: Message Filter dropping message: frame 'base_link' at time 4694.300 for reason 'the timestamp on the message is earlier than all the data in the transform cache'
[controller_server-3] [INFO] [1788848405.236995359] [controller_server]: Passing new path to controller.
[controller_server-3] [ERROR] [1788848405.337227682] [tf_help]: Transform data too old when converting from odom to map
[controller_server-3] [ERROR] [1788848405.337262515] [tf_help]: Data time: 4696s 600000008ns, Transform time: 4696s 300000008ns
[controller_server-3] [WARN] [1788848405.337287556] [controller_server]: Unable to transform robot pose into global plan's frame
[planner_server-5] [INFO] [1788848405.829495727] [global_costmap.global_costmap]: Message Filter dropping message: frame 'base_link' at time 4698.300 for reason 'the timestamp on the message is earlier than all the data in the transform cache'
[controller_server-3] [ERROR] [1788848405.839011958] [tf_help]: Transform data too old when converting from odom to map
[controller_server-3] [ERROR] [1788848405.839034792] [tf_help]: Data time: 4698s 600000008ns, Transform time: 4698s 300000008ns
[controller_server-3] [WARN] [1788848405.839057083] [controller_server]: Unable to transform robot pose into global plan's frame
[controller_server-3] [INFO] [1788848406.236984352] [controller_server]: Passing new path to controller.
[controller_server-3] [INFO] [1788848407.288775183] [controller_server]: Passing new path to controller.
[planner_server-5] [INFO] [1788848407.855382715] [global_costmap.global_costmap]: Message Filter dropping message: frame 'base_link' at time 4706.400 for reason 'the timestamp on the message is earlier than all the data in the transform cache'
[controller_server-3] [INFO] [1788848408.286830854] [controller_server]: Passing new path to controller.
[controller_server-3] [INFO] [1788848408.940288878] [controller_server]: Reached the goal!
[bt_navigator-7] [INFO] [1788848408.976623856] [bt_navigator]: Goal succeeded
[INFO] [1788848408.977121727] [candidate_explorer]: Frontier goal finished: success=True
[INFO] [1788848408.977345184] [candidate_explorer]: Reached frontier. Waiting for the map to expose new frontiers.
[INFO] [1788848409.307685090] [candidate_explorer]: Detected 10575 frontier cells
[INFO] [1788848409.317221279] [candidate_explorer]: Found 120 frontier clusters after filtering
[INFO] [1788848409.333617384] [candidate_explorer]: Selected frontier cluster: size=1595, goal=(11.95, -2.03), distance=5.32
[INFO] [1788848409.334646127] [candidate_explorer]: Checking global path to frontier (11.95, -2.03), distance=5.32m
[INFO] [1788848409.350936107] [candidate_explorer]: Nav2 path to frontier is 5.37m (straight-line=5.32m, detour=1.0x)
[INFO] [1788848409.357051360] [candidate_explorer]: Global path accepted. Navigating to frontier (11.95, -2.03)
[bt_navigator-7] [INFO] [1788848409.357573815] [bt_navigator]: Begin navigating from current location (6.66, -1.47) to (11.95, -2.03)
[controller_server-3] [INFO] [1788848409.380776376] [controller_server]: Received a goal, begin computing control effort.
[controller_server-3] [INFO] [1788848410.431102925] [controller_server]: Passing new path to controller.
[controller_server-3] [INFO] [1788848411.482304426] [controller_server]: Passing new path to controller.
[planner_server-5] [INFO] [1788848411.554593718] [global_costmap.global_costmap]: Message Filter dropping message: frame 'base_link' at time 4721.200 for reason 'the timestamp on the message is earlier than all the data in the transform cache'
[controller_server-3] [INFO] [1788848412.483506870] [controller_server]: Passing new path to controller.
[planner_server-5] [INFO] [1788848413.054280042] [global_costmap.global_costmap]: Message Filter dropping message: frame 'base_link' at time 4727.200 for reason 'the timestamp on the message is earlier than all the data in the transform cache'
[controller_server-3] [INFO] [1788848413.531216893] [controller_server]: Passing new path to controller.
[controller_server-3] [ERROR] [1788848413.531438058] [tf_help]: Transform data too old when converting from odom to map
[controller_server-3] [ERROR] [1788848413.531456892] [tf_help]: Data time: 4729s 400000008ns, Transform time: 4729s 100000008ns
[controller_server-3] [WARN] [1788848413.531474725] [controller_server]: Unable to transform robot pose into global plan's frame
[planner_server-5] [INFO] [1788848414.029422776] [global_costmap.global_costmap]: Message Filter dropping message: frame 'base_link' at time 4731.100 for reason 'the timestamp on the message is earlier than all the data in the transform cache'
[controller_server-3] [ERROR] [1788848414.031416888] [tf_help]: Transform data too old when converting from odom to map
[controller_server-3] [ERROR] [1788848414.031437888] [tf_help]: Data time: 4731s 400000008ns, Transform time: 4731s 100000008ns
[controller_server-3] [WARN] [1788848414.031462554] [controller_server]: Unable to transform robot pose into global plan's frame
[controller_server-3] [INFO] [1788848414.531030929] [controller_server]: Passing new path to controller.
[controller_server-3] [INFO] [1788848414.532832792] [controller_server]: Reached the goal!
[bt_navigator-7] [INFO] [1788848414.579165582] [bt_navigator]: Goal succeeded
[INFO] [1788848414.579657745] [candidate_explorer]: Frontier goal finished: success=True
[INFO] [1788848414.579877994] [candidate_explorer]: Reached frontier. Waiting for the map to expose new frontiers.
[INFO] [1788848414.804952275] [candidate_explorer]: Detected 10558 frontier cells
[INFO] [1788848414.814534298] [candidate_explorer]: Found 118 frontier clusters after filtering
[INFO] [1788848414.831157942] [candidate_explorer]: Selected frontier cluster: size=1595, goal=(12.33, -2.09), distance=0.61
[INFO] [1788848414.832194477] [candidate_explorer]: Checking global path to frontier (12.33, -2.09), distance=0.61m
[INFO] [1788848414.840236593] [candidate_explorer]: Nav2 path to frontier is 0.63m (straight-line=0.61m, detour=1.0x)
[INFO] [1788848414.841029213] [candidate_explorer]: Global path accepted. Navigating to frontier (12.33, -2.09)
[bt_navigator-7] [INFO] [1788848414.841410502] [bt_navigator]: Begin navigating from current location (11.74, -1.95) to (12.33, -2.09)
[controller_server-3] [INFO] [1788848414.863025032] [controller_server]: Received a goal, begin computing control effort.
[controller_server-3] [INFO] [1788848415.316011909] [controller_server]: Reached the goal!
[bt_navigator-7] [INFO] [1788848415.353631170] [bt_navigator]: Goal succeeded
[INFO] [1788848415.354060417] [candidate_explorer]: Frontier goal finished: success=True
[INFO] [1788848415.354312957] [candidate_explorer]: Reached frontier. Waiting for the map to expose new frontiers.
[INFO] [1788848415.510464631] [candidate_explorer]: Detected 10558 frontier cells
[INFO] [1788848415.521564060] [candidate_explorer]: Found 118 frontier clusters after filtering
[INFO] [1788848415.538467995] [candidate_explorer]: Selected frontier cluster: size=1595, goal=(12.75, -2.15), distance=0.61
[INFO] [1788848415.539794945] [candidate_explorer]: Checking global path to frontier (12.75, -2.15), distance=0.61m
[INFO] [1788848415.548110392] [candidate_explorer]: Nav2 path to frontier is 0.63m (straight-line=0.61m, detour=1.0x)
[INFO] [1788848415.548833762] [candidate_explorer]: Global path accepted. Navigating to frontier (12.75, -2.15)
[bt_navigator-7] [INFO] [1788848415.549354009] [bt_navigator]: Begin navigating from current location (12.14, -2.05) to (12.75, -2.15)
[controller_server-3] [INFO] [1788848415.570440916] [controller_server]: Received a goal, begin computing control effort.
[controller_server-3] [INFO] [1788848416.073870798] [controller_server]: Reached the goal!
[bt_navigator-7] [INFO] [1788848416.109980069] [bt_navigator]: Goal succeeded
[INFO] [1788848416.111139853] [candidate_explorer]: Frontier goal finished: success=True
[INFO] [1788848416.111381143] [candidate_explorer]: Reached frontier. Waiting for the map to expose new frontiers.
[INFO] [1788848416.267036237] [candidate_explorer]: Detected 10558 frontier cells
[INFO] [1788848416.276648176] [candidate_explorer]: Found 118 frontier clusters after filtering
[INFO] [1788848416.293516735] [candidate_explorer]: Selected frontier cluster: size=1595, goal=(6.45, -1.46), distance=6.11
[INFO] [1788848416.294594103] [candidate_explorer]: Checking global path to frontier (6.45, -1.46), distance=6.11m
[INFO] [1788848416.313824023] [candidate_explorer]: Nav2 path to frontier is 6.21m (straight-line=6.11m, detour=1.0x)
[INFO] [1788848416.321085351] [candidate_explorer]: Global path accepted. Navigating to frontier (6.45, -1.46)
[bt_navigator-7] [INFO] [1788848416.321896513] [bt_navigator]: Begin navigating from current location (12.52, -2.13) to (6.45, -1.46)
[controller_server-3] [INFO] [1788848416.343706082] [controller_server]: Received a goal, begin computing control effort.
[controller_server-3] [INFO] [1788848417.397174967] [controller_server]: Passing new path to controller.
[controller_server-3] [ERROR] [1788848417.895518173] [tf_help]: Transform data too old when converting from odom to map
[controller_server-3] [ERROR] [1788848417.895554548] [tf_help]: Data time: 4746s 850000009ns, Transform time: 4746s 600000009ns
[controller_server-3] [WARN] [1788848417.895578089] [controller_server]: Unable to transform robot pose into global plan's frame
[controller_server-3] [INFO] [1788848418.393904629] [controller_server]: Passing new path to controller.
[controller_server-3] [ERROR] [1788848418.394091752] [tf_help]: Transform data too old when converting from odom to map
[controller_server-3] [ERROR] [1788848418.394109794] [tf_help]: Data time: 4748s 850000009ns, Transform time: 4748s 600000009ns
[controller_server-3] [WARN] [1788848418.394131627] [controller_server]: Unable to transform robot pose into global plan's frame
[planner_server-5] [INFO] [1788848418.403306652] [global_costmap.global_costmap]: Message Filter dropping message: frame 'base_link' at time 4748.600 for reason 'the timestamp on the message is earlier than all the data in the transform cache'
[controller_server-3] [ERROR] [1788848418.895443939] [tf_help]: Transform data too old when converting from odom to map
[controller_server-3] [ERROR] [1788848418.895475356] [tf_help]: Data time: 4750s 850000009ns, Transform time: 4750s 600000009ns
[controller_server-3] [WARN] [1788848418.895498772] [controller_server]: Unable to transform robot pose into global plan's frame
[controller_server-3] [INFO] [1788848419.449345167] [controller_server]: Passing new path to controller.
[controller_server-3] [INFO] [1788848420.446395952] [controller_server]: Passing new path to controller.
[planner_server-5] [INFO] [1788848420.931215869] [global_costmap.global_costmap]: Message Filter dropping message: frame 'base_link' at time 4758.700 for reason 'the timestamp on the message is earlier than all the data in the transform cache'
[controller_server-3] [INFO] [1788848421.497235978] [controller_server]: Passing new path to controller.
[controller_server-3] [INFO] [1788848422.149560455] [controller_server]: Reached the goal!
[bt_navigator-7] [INFO] [1788848422.182274788] [bt_navigator]: Goal succeeded
[INFO] [1788848422.183509697] [candidate_explorer]: Frontier goal finished: success=True
[INFO] [1788848422.183756696] [candidate_explorer]: Reached frontier. Waiting for the map to expose new frontiers.
[INFO] [1788848422.556104828] [candidate_explorer]: Detected 10559 frontier cells
[INFO] [1788848422.565743225] [candidate_explorer]: Found 118 frontier clusters after filtering
[INFO] [1788848422.582137162] [candidate_explorer]: Selected frontier cluster: size=1595, goal=(11.95, -2.03), distance=5.32
[INFO] [1788848422.583211072] [candidate_explorer]: Checking global path to frontier (11.95, -2.03), distance=5.32m
[INFO] [1788848422.599734926] [candidate_explorer]: Nav2 path to frontier is 5.38m (straight-line=5.32m, detour=1.0x)
[INFO] [1788848422.605628680] [candidate_explorer]: Global path accepted. Navigating to frontier (11.95, -2.03)
[bt_navigator-7] [INFO] [1788848422.606182843] [bt_navigator]: Begin navigating from current location (6.67, -1.44) to (11.95, -2.03)
[controller_server-3] [INFO] [1788848422.629665360] [controller_server]: Received a goal, begin computing control effort.
[controller_server-3] [INFO] [1788848423.681421505] [controller_server]: Passing new path to controller.
[planner_server-5] [INFO] [1788848424.653215034] [global_costmap.global_costmap]: Message Filter dropping message: frame 'base_link' at time 4773.600 for reason 'the timestamp on the message is earlier than all the data in the transform cache'
[controller_server-3] [INFO] [1788848424.680369611] [controller_server]: Passing new path to controller.
[controller_server-3] [INFO] [1788848425.731255054] [controller_server]: Passing new path to controller.
[planner_server-5] [INFO] [1788848426.629566883] [global_costmap.global_costmap]: Message Filter dropping message: frame 'base_link' at time 4781.500 for reason 'the timestamp on the message is earlier than all the data in the transform cache'
[controller_server-3] [ERROR] [1788848426.631006624] [tf_help]: Transform data too old when converting from odom to map
[controller_server-3] [ERROR] [1788848426.631036291] [tf_help]: Data time: 4781s 800000009ns, Transform time: 4781s 500000009ns
[controller_server-3] [WARN] [1788848426.631060790] [controller_server]: Unable to transform robot pose into global plan's frame
[controller_server-3] [INFO] [1788848426.733005059] [controller_server]: Passing new path to controller.
[planner_server-5] [INFO] [1788848427.629968688] [global_costmap.global_costmap]: Message Filter dropping message: frame 'base_link' at time 4785.500 for reason 'the timestamp on the message is earlier than all the data in the transform cache'
[controller_server-3] [ERROR] [1788848427.631173181] [tf_help]: Transform data too old when converting from odom to map
[controller_server-3] [ERROR] [1788848427.631198306] [tf_help]: Data time: 4785s 800000009ns, Transform time: 4785s 500000009ns
[controller_server-3] [WARN] [1788848427.631222305] [controller_server]: Unable to transform robot pose into global plan's frame
[controller_server-3] [INFO] [1788848427.780216900] [controller_server]: Passing new path to controller.
[controller_server-3] [INFO] [1788848427.833082522] [controller_server]: Reached the goal!
[bt_navigator-7] [INFO] [1788848427.868221715] [bt_navigator]: Goal succeeded
[INFO] [1788848427.868695004] [candidate_explorer]: Frontier goal finished: success=True
[INFO] [1788848427.868912502] [candidate_explorer]: Reached frontier. Waiting for the map to expose new frontiers.
[INFO] [1788848428.058447589] [candidate_explorer]: Detected 10559 frontier cells
[INFO] [1788848428.068047319] [candidate_explorer]: Found 118 frontier clusters after filtering
[INFO] [1788848428.085080086] [candidate_explorer]: Selected frontier cluster: size=1595, goal=(12.34, -2.09), distance=0.61
[INFO] [1788848428.086120163] [candidate_explorer]: Checking global path to frontier (12.34, -2.09), distance=0.61m
[INFO] [1788848428.094153612] [candidate_explorer]: Nav2 path to frontier is 0.63m (straight-line=0.61m, detour=1.0x)
[INFO] [1788848428.094872690] [candidate_explorer]: Global path accepted. Navigating to frontier (12.34, -2.09)
[bt_navigator-7] [INFO] [1788848428.095328062] [bt_navigator]: Begin navigating from current location (11.75, -1.98) to (12.34, -2.09)
[controller_server-3] [INFO] [1788848428.116649469] [controller_server]: Received a goal, begin computing control effort.
[controller_server-3] [INFO] [1788848428.569393840] [controller_server]: Reached the goal!
[bt_navigator-7] [INFO] [1788848428.606395813] [bt_navigator]: Goal succeeded
[INFO] [1788848428.607596888] [candidate_explorer]: Frontier goal finished: success=True
[INFO] [1788848428.607799887] [candidate_explorer]: Reached frontier. Waiting for the map to expose new frontiers.
[INFO] [1788848428.806501957] [candidate_explorer]: Detected 10553 frontier cells
[INFO] [1788848428.816243062] [candidate_explorer]: Found 118 frontier clusters after filtering
[INFO] [1788848428.832808790] [candidate_explorer]: Selected frontier cluster: size=1595, goal=(12.73, -2.15), distance=0.61
[INFO] [1788848428.833846866] [candidate_explorer]: Checking global path to frontier (12.73, -2.15), distance=0.61m
[INFO] [1788848428.842848559] [candidate_explorer]: Nav2 path to frontier is 0.62m (straight-line=0.61m, detour=1.0x)
[INFO] [1788848428.843555638] [candidate_explorer]: Global path accepted. Navigating to frontier (12.73, -2.15)
[bt_navigator-7] [INFO] [1788848428.843915261] [bt_navigator]: Begin navigating from current location (12.13, -2.06) to (12.73, -2.15)
[controller_server-3] [INFO] [1788848428.867259445] [controller_server]: Received a goal, begin computing control effort.
[controller_server-3] [INFO] [1788848429.371741112] [controller_server]: Reached the goal!
[bt_navigator-7] [INFO] [1788848429.405189191] [bt_navigator]: Goal succeeded
[INFO] [1788848429.406439475] [candidate_explorer]: Frontier goal finished: success=True
[INFO] [1788848429.406634682] [candidate_explorer]: Reached frontier. Waiting for the map to expose new frontiers.
[INFO] [1788848429.508833074] [candidate_explorer]: Detected 10553 frontier cells
[INFO] [1788848429.518460596] [candidate_explorer]: Found 118 frontier clusters after filtering
[INFO] [1788848429.535334822] [candidate_explorer]: Selected frontier cluster: size=1595, goal=(6.45, -1.46), distance=6.11
[INFO] [1788848429.536322983] [candidate_explorer]: Checking global path to frontier (6.45, -1.46), distance=6.11m
[INFO] [1788848429.559876208] [candidate_explorer]: Nav2 path to frontier is 6.19m (straight-line=6.11m, detour=1.0x)
[INFO] [1788848429.566481457] [candidate_explorer]: Global path accepted. Navigating to frontier (6.45, -1.46)
[bt_navigator-7] [INFO] [1788848429.567002162] [bt_navigator]: Begin navigating from current location (12.52, -2.12) to (6.45, -1.46)
[controller_server-3] [INFO] [1788848429.587584907] [controller_server]: Received a goal, begin computing control effort.
[controller_server-3] [INFO] [1788848430.638127893] [controller_server]: Passing new path to controller.
[planner_server-5] [INFO] [1788848431.253500105] [global_costmap.global_costmap]: Message Filter dropping message: frame 'base_link' at time 4800.000 for reason 'the timestamp on the message is earlier than all the data in the transform cache'
[controller_server-3] [INFO] [1788848431.638769321] [controller_server]: Passing new path to controller.
[planner_server-5] [INFO] [1788848432.254020617] [global_costmap.global_costmap]: Message Filter dropping message: frame 'base_link' at time 4804.000 for reason 'the timestamp on the message is earlier than all the data in the transform cache'
[controller_server-3] [ERROR] [1788848432.287757486] [tf_help]: Transform data too old when converting from odom to map
[controller_server-3] [ERROR] [1788848432.287791444] [tf_help]: Data time: 4804s 400000009ns, Transform time: 4804s 9ns
[controller_server-3] [WARN] [1788848432.287813778] [controller_server]: Unable to transform robot pose into global plan's frame
[controller_server-3] [INFO] [1788848432.688103524] [controller_server]: Passing new path to controller.
[controller_server-3] [INFO] [1788848433.737966348] [controller_server]: Passing new path to controller.
[planner_server-5] [INFO] [1788848434.278342870] [global_costmap.global_costmap]: Message Filter dropping message: frame 'base_link' at time 4812.100 for reason 'the timestamp on the message is earlier than all the data in the transform cache'
[controller_server-3] [ERROR] [1788848434.290161211] [tf_help]: Transform data too old when converting from odom to map
[controller_server-3] [ERROR] [1788848434.290187003] [tf_help]: Data time: 4812s 400000009ns, Transform time: 4812s 100000009ns
[controller_server-3] [WARN] [1788848434.290210419] [controller_server]: Unable to transform robot pose into global plan's frame
[controller_server-3] [INFO] [1788848434.741284051] [controller_server]: Passing new path to controller.
[controller_server-3] [INFO] [1788848435.440020608] [controller_server]: Reached the goal!
[bt_navigator-7] [INFO] [1788848435.467340392] [bt_navigator]: Goal succeeded
[INFO] [1788848435.468588218] [candidate_explorer]: Frontier goal finished: success=True
[INFO] [1788848435.468820341] [candidate_explorer]: Reached frontier. Waiting for the map to expose new frontiers.
[INFO] [1788848435.805559367] [candidate_explorer]: Detected 10552 frontier cells
[INFO] [1788848435.815104014] [candidate_explorer]: Found 118 frontier clusters after filtering
[INFO] [1788848435.831190912] [candidate_explorer]: Selected frontier cluster: size=1595, goal=(11.95, -2.03), distance=5.32
[INFO] [1788848435.832318946] [candidate_explorer]: Checking global path to frontier (11.95, -2.03), distance=5.32m
[INFO] [1788848435.848827675] [candidate_explorer]: Nav2 path to frontier is 5.37m (straight-line=5.32m, detour=1.0x)
[INFO] [1788848435.854563680] [candidate_explorer]: Global path accepted. Navigating to frontier (11.95, -2.03)
[bt_navigator-7] [INFO] [1788848435.855116260] [bt_navigator]: Begin navigating from current location (6.67, -1.46) to (11.95, -2.03)
[controller_server-3] [INFO] [1788848435.877198786] [controller_server]: Received a goal, begin computing control effort.
[controller_server-3] [INFO] [1788848436.928614600] [controller_server]: Passing new path to controller.
[controller_server-3] [INFO] [1788848437.978111260] [controller_server]: Passing new path to controller.
[controller_server-3] [INFO] [1788848438.978580856] [controller_server]: Passing new path to controller.
[planner_server-5] [INFO] [1788848439.554695859] [global_costmap.global_costmap]: Message Filter dropping message: frame 'base_link' at time 4833.200 for reason 'the timestamp on the message is earlier than all the data in the transform cache'
[controller_server-3] [INFO] [1788848439.979014536] [controller_server]: Passing new path to controller.
[controller_server-3] [ERROR] [1788848440.077405244] [tf_help]: Transform data too old when converting from odom to map
[controller_server-3] [ERROR] [1788848440.077435660] [tf_help]: Data time: 4835s 550000009ns, Transform time: 4835s 200000009ns
[controller_server-3] [WARN] [1788848440.077458535] [controller_server]: Unable to transform robot pose into global plan's frame
[controller_server-3] [ERROR] [1788848440.577375939] [tf_help]: Transform data too old when converting from odom to map
[controller_server-3] [ERROR] [1788848440.577410439] [tf_help]: Data time: 4837s 550000009ns, Transform time: 4837s 300000009ns
[controller_server-3] [WARN] [1788848440.577433939] [controller_server]: Unable to transform robot pose into global plan's frame
[planner_server-5] [INFO] [1788848440.581551038] [global_costmap.global_costmap]: Message Filter dropping message: frame 'base_link' at time 4837.300 for reason 'the timestamp on the message is earlier than all the data in the transform cache'
[controller_server-3] [INFO] [1788848440.979442508] [controller_server]: Reached the goal!
[controller_server-3] [INFO] [1788848440.997736975] [controller_server]: Received a goal, begin computing control effort.
[controller_server-3] [INFO] [1788848440.999618129] [controller_server]: Reached the goal!
[bt_navigator-7] [INFO] [1788848441.036205063] [bt_navigator]: Goal succeeded
[INFO] [1788848441.036795560] [candidate_explorer]: Frontier goal finished: success=True
[INFO] [1788848441.037065891] [candidate_explorer]: Reached frontier. Waiting for the map to expose new frontiers.
[INFO] [1788848441.308733539] [candidate_explorer]: Detected 10536 frontier cells
[INFO] [1788848441.318436727] [candidate_explorer]: Found 119 frontier clusters after filtering
[INFO] [1788848441.334767581] [candidate_explorer]: Selected frontier cluster: size=1595, goal=(12.33, -2.09), distance=0.61
[INFO] [1788848441.335815241] [candidate_explorer]: Checking global path to frontier (12.33, -2.09), distance=0.61m
[INFO] [1788848441.343703566] [candidate_explorer]: Nav2 path to frontier is 0.63m (straight-line=0.61m, detour=1.0x)
[INFO] [1788848441.344439145] [candidate_explorer]: Global path accepted. Navigating to frontier (12.33, -2.09)
[bt_navigator-7] [INFO] [1788848441.344768226] [bt_navigator]: Begin navigating from current location (11.73, -1.97) to (12.33, -2.09)
[controller_server-3] [INFO] [1788848441.366533504] [controller_server]: Received a goal, begin computing control effort.
[controller_server-3] [INFO] [1788848441.819524207] [controller_server]: Reached the goal!
[bt_navigator-7] [INFO] [1788848441.855210397] [bt_navigator]: Goal succeeded
[INFO] [1788848441.856617180] [candidate_explorer]: Frontier goal finished: success=True
[INFO] [1788848441.856902928] [candidate_explorer]: Reached frontier. Waiting for the map to expose new frontiers.
[INFO] [1788848442.013280767] [candidate_explorer]: Detected 10536 frontier cells
[INFO] [1788848442.023029121] [candidate_explorer]: Found 119 frontier clusters after filtering
[INFO] [1788848442.039481434] [candidate_explorer]: Selected frontier cluster: size=1595, goal=(12.73, -2.15), distance=0.61
[INFO] [1788848442.040528427] [candidate_explorer]: Checking global path to frontier (12.73, -2.15), distance=0.61m
[INFO] [1788848442.048486918] [candidate_explorer]: Nav2 path to frontier is 0.64m (straight-line=0.61m, detour=1.0x)
[INFO] [1788848442.049155080] [candidate_explorer]: Global path accepted. Navigating to frontier (12.73, -2.15)
[bt_navigator-7] [INFO] [1788848442.049527495] [bt_navigator]: Begin navigating from current location (12.13, -2.05) to (12.73, -2.15)
[controller_server-3] [INFO] [1788848442.072636223] [controller_server]: Received a goal, begin computing control effort.
[controller_server-3] [INFO] [1788848442.575380734] [controller_server]: Reached the goal!
[bt_navigator-7] [INFO] [1788848442.611024674] [bt_navigator]: Goal succeeded
[INFO] [1788848442.612741122] [candidate_explorer]: Frontier goal finished: success=True
[INFO] [1788848442.613003078] [candidate_explorer]: Reached frontier. Waiting for the map to expose new frontiers.
[INFO] [1788848442.809076081] [candidate_explorer]: Detected 10537 frontier cells
[INFO] [1788848442.818805728] [candidate_explorer]: Found 119 frontier clusters after filtering
[INFO] [1788848442.835254248] [candidate_explorer]: Selected frontier cluster: size=1595, goal=(6.45, -1.46), distance=6.10
[INFO] [1788848442.836201451] [candidate_explorer]: Checking global path to frontier (6.45, -1.46), distance=6.10m
[INFO] [1788848442.854252211] [candidate_explorer]: Nav2 path to frontier is 6.18m (straight-line=6.10m, detour=1.0x)
[INFO] [1788848442.861150750] [candidate_explorer]: Global path accepted. Navigating to frontier (6.45, -1.46)
[bt_navigator-7] [INFO] [1788848442.861654372] [bt_navigator]: Begin navigating from current location (12.51, -2.12) to (6.45, -1.46)
[controller_server-3] [INFO] [1788848442.883357984] [controller_server]: Received a goal, begin computing control effort.
[controller_server-3] [INFO] [1788848443.933756305] [controller_server]: Passing new path to controller.
[planner_server-5] [INFO] [1788848444.555328810] [global_costmap.global_costmap]: Message Filter dropping message: frame 'base_link' at time 4853.200 for reason 'the timestamp on the message is earlier than all the data in the transform cache'
[controller_server-3] [INFO] [1788848444.984277458] [controller_server]: Passing new path to controller.
[planner_server-5] [INFO] [1788848445.553444922] [global_costmap.global_costmap]: Message Filter dropping message: frame 'base_link' at time 4857.200 for reason 'the timestamp on the message is earlier than all the data in the transform cache'
[controller_server-3] [ERROR] [1788848445.585521468] [tf_help]: Transform data too old when converting from odom to map
[controller_server-3] [ERROR] [1788848445.585558176] [tf_help]: Data time: 4857s 600000009ns, Transform time: 4857s 200000009ns
[controller_server-3] [WARN] [1788848445.585581426] [controller_server]: Unable to transform robot pose into global plan's frame
[controller_server-3] [INFO] [1788848445.984991052] [controller_server]: Passing new path to controller.
[controller_server-3] [INFO] [1788848447.035981619] [controller_server]: Passing new path to controller.
[planner_server-5] [INFO] [1788848447.554152283] [global_costmap.global_costmap]: Message Filter dropping message: frame 'base_link' at time 4865.200 for reason 'the timestamp on the message is earlier than all the data in the transform cache'
[controller_server-3] [INFO] [1788848448.033830149] [controller_server]: Passing new path to controller.
[controller_server-3] [INFO] [1788848448.644951971] [controller_server]: Reached the goal!
[bt_navigator-7] [INFO] [1788848448.682881272] [bt_navigator]: Goal succeeded
[INFO] [1788848448.683418018] [candidate_explorer]: Frontier goal finished: success=True
[INFO] [1788848448.683630892] [candidate_explorer]: Reached frontier. Waiting for the map to expose new frontiers.
[INFO] [1788848449.061234449] [candidate_explorer]: Detected 10538 frontier cells
[INFO] [1788848449.071051595] [candidate_explorer]: Found 119 frontier clusters after filtering
[INFO] [1788848449.087819947] [candidate_explorer]: Selected frontier cluster: size=1596, goal=(11.95, -2.03), distance=5.31
[INFO] [1788848449.088941856] [candidate_explorer]: Checking global path to frontier (11.95, -2.03), distance=5.31m
[INFO] [1788848449.105360002] [candidate_explorer]: Nav2 path to frontier is 5.36m (straight-line=5.31m, detour=1.0x)
[INFO] [1788848449.110991758] [candidate_explorer]: Global path accepted. Navigating to frontier (11.95, -2.03)
[bt_navigator-7] [INFO] [1788848449.111497296] [bt_navigator]: Begin navigating from current location (6.68, -1.47) to (11.95, -2.03)
[controller_server-3] [INFO] [1788848449.135447727] [controller_server]: Received a goal, begin computing control effort.
[controller_server-3] [INFO] [1788848450.186430877] [controller_server]: Passing new path to controller.
[controller_server-3] [INFO] [1788848451.238209731] [controller_server]: Passing new path to controller.
[planner_server-5] [INFO] [1788848451.256337615] [global_costmap.global_costmap]: Message Filter dropping message: frame 'base_link' at time 4880.000 for reason 'the timestamp on the message is earlier than all the data in the transform cache'
[controller_server-3] [INFO] [1788848452.238619661] [controller_server]: Passing new path to controller.
[planner_server-5] [INFO] [1788848452.753178680] [global_costmap.global_costmap]: Message Filter dropping message: frame 'base_link' at time 4886.000 for reason 'the timestamp on the message is earlier than all the data in the transform cache'
[controller_server-3] [INFO] [1788848453.286040375] [controller_server]: Passing new path to controller.
[controller_server-3] [ERROR] [1788848453.286263124] [tf_help]: Transform data too old when converting from odom to map
[controller_server-3] [ERROR] [1788848453.286292582] [tf_help]: Data time: 4888s 400000009ns, Transform time: 4888s 9ns
[controller_server-3] [WARN] [1788848453.286314623] [controller_server]: Unable to transform robot pose into global plan's frame
[planner_server-5] [INFO] [1788848453.756499675] [global_costmap.global_costmap]: Message Filter dropping message: frame 'base_link' at time 4890.000 for reason 'the timestamp on the message is earlier than all the data in the transform cache'
[controller_server-3] [ERROR] [1788848453.786072862] [tf_help]: Transform data too old when converting from odom to map
[controller_server-3] [ERROR] [1788848453.786367277] [tf_help]: Data time: 4890s 400000009ns, Transform time: 4890s 9ns
[controller_server-3] [WARN] [1788848453.786391652] [controller_server]: Unable to transform robot pose into global plan's frame
[controller_server-3] [INFO] [1788848454.285665060] [controller_server]: Passing new path to controller.
[controller_server-3] [INFO] [1788848454.287833713] [controller_server]: Reached the goal!
[bt_navigator-7] [INFO] [1788848454.332268931] [bt_navigator]: Goal succeeded
[INFO] [1788848454.332683053] [candidate_explorer]: Frontier goal finished: success=True
[INFO] [1788848454.332905385] [candidate_explorer]: Reached frontier. Waiting for the map to expose new frontiers.
[INFO] [1788848454.558883281] [candidate_explorer]: Detected 10532 frontier cells
[INFO] [1788848454.568541178] [candidate_explorer]: Found 119 frontier clusters after filtering
[INFO] [1788848454.584920991] [candidate_explorer]: Selected frontier cluster: size=1596, goal=(12.34, -2.09), distance=0.60
[INFO] [1788848454.585961817] [candidate_explorer]: Checking global path to frontier (12.34, -2.09), distance=0.60m
[INFO] [1788848454.593956600] [candidate_explorer]: Nav2 path to frontier is 0.63m (straight-line=0.60m, detour=1.0x)
[INFO] [1788848454.594675637] [candidate_explorer]: Global path accepted. Navigating to frontier (12.34, -2.09)
[bt_navigator-7] [INFO] [1788848454.595089134] [bt_navigator]: Begin navigating from current location (11.75, -1.96) to (12.34, -2.09)
[controller_server-3] [INFO] [1788848454.615442380] [controller_server]: Received a goal, begin computing control effort.
[controller_server-3] [INFO] [1788848455.068485791] [controller_server]: Reached the goal!
[bt_navigator-7] [INFO] [1788848455.105316181] [bt_navigator]: Goal succeeded
[INFO] [1788848455.106546799] [candidate_explorer]: Frontier goal finished: success=True
[INFO] [1788848455.106806922] [candidate_explorer]: Reached frontier. Waiting for the map to expose new frontiers.
[INFO] [1788848455.261706312] [candidate_explorer]: Detected 10532 frontier cells
[INFO] [1788848455.271369709] [candidate_explorer]: Found 119 frontier clusters after filtering
[INFO] [1788848455.287980312] [candidate_explorer]: Selected frontier cluster: size=1596, goal=(12.73, -2.15), distance=0.60
[INFO] [1788848455.289013930] [candidate_explorer]: Checking global path to frontier (12.73, -2.15), distance=0.60m
[INFO] [1788848455.296819089] [candidate_explorer]: Nav2 path to frontier is 0.62m (straight-line=0.60m, detour=1.0x)
[INFO] [1788848455.297538667] [candidate_explorer]: Global path accepted. Navigating to frontier (12.73, -2.15)
[bt_navigator-7] [INFO] [1788848455.297931915] [bt_navigator]: Begin navigating from current location (12.14, -2.05) to (12.73, -2.15)
[controller_server-3] [INFO] [1788848455.319339362] [controller_server]: Received a goal, begin computing control effort.
[controller_server-3] [INFO] [1788848455.823178617] [controller_server]: Reached the goal!
[bt_navigator-7] [INFO] [1788848455.858078353] [bt_navigator]: Goal succeeded
[INFO] [1788848455.859457803] [candidate_explorer]: Frontier goal finished: success=True
[INFO] [1788848455.859722343] [candidate_explorer]: Reached frontier. Waiting for the map to expose new frontiers.
[INFO] [1788848456.015183521] [candidate_explorer]: Detected 10532 frontier cells
[INFO] [1788848456.024544044] [candidate_explorer]: Found 119 frontier clusters after filtering
[INFO] [1788848456.041160772] [candidate_explorer]: Selected frontier cluster: size=1596, goal=(6.45, -1.46), distance=6.11
[INFO] [1788848456.042191224] [candidate_explorer]: Checking global path to frontier (6.45, -1.46), distance=6.11m
[INFO] [1788848456.060566440] [candidate_explorer]: Nav2 path to frontier is 6.21m (straight-line=6.11m, detour=1.0x)
[INFO] [1788848456.067188607] [candidate_explorer]: Global path accepted. Navigating to frontier (6.45, -1.46)
[bt_navigator-7] [INFO] [1788848456.067632687] [bt_navigator]: Begin navigating from current location (12.52, -2.13) to (6.45, -1.46)
[controller_server-3] [INFO] [1788848456.091348203] [controller_server]: Received a goal, begin computing control effort.
[controller_server-3] [INFO] [1788848457.142819017] [controller_server]: Passing new path to controller.
[planner_server-5] [INFO] [1788848457.677595324] [global_costmap.global_costmap]: Message Filter dropping message: frame 'base_link' at time 4905.700 for reason 'the timestamp on the message is earlier than all the data in the transform cache'
[controller_server-3] [ERROR] [1788848458.142548868] [tf_help]: Transform data too old when converting from odom to map
[controller_server-3] [ERROR] [1788848458.142584118] [tf_help]: Data time: 4907s 850000009ns, Transform time: 4907s 600000009ns
[controller_server-3] [WARN] [1788848458.142604951] [controller_server]: Unable to transform robot pose into global plan's frame
[controller_server-3] [INFO] [1788848458.195070617] [controller_server]: Passing new path to controller.
[planner_server-5] [INFO] [1788848458.678499001] [global_costmap.global_costmap]: Message Filter dropping message: frame 'base_link' at time 4909.700 for reason 'the timestamp on the message is earlier than all the data in the transform cache'
[controller_server-3] [ERROR] [1788848458.691660793] [tf_help]: Transform data too old when converting from odom to map
[controller_server-3] [ERROR] [1788848458.691686376] [tf_help]: Data time: 4910s 50000009ns, Transform time: 4909s 700000009ns
[controller_server-3] [WARN] [1788848458.691710376] [controller_server]: Unable to transform robot pose into global plan's frame
[controller_server-3] [INFO] [1788848459.191957903] [controller_server]: Passing new path to controller.
[controller_server-3] [INFO] [1788848460.241733102] [controller_server]: Passing new path to controller.
[planner_server-5] [INFO] [1788848460.655281473] [global_costmap.global_costmap]: Message Filter dropping message: frame 'base_link' at time 4917.600 for reason 'the timestamp on the message is earlier than all the data in the transform cache'
[controller_server-3] [INFO] [1788848461.241831410] [controller_server]: Passing new path to controller.
[controller_server-3] [INFO] [1788848461.943493406] [controller_server]: Reached the goal!
[INFO] [1788848461.978303643] [candidate_explorer]: Frontier goal finished: success=True
[INFO] [1788848461.978585516] [candidate_explorer]: Reached frontier. Waiting for the map to expose new frontiers.
[bt_navigator-7] [INFO] [1788848461.978807181] [bt_navigator]: Goal succeeded
[INFO] [1788848462.309790868] [candidate_explorer]: Detected 10516 frontier cells
[INFO] [1788848462.319467849] [candidate_explorer]: Found 119 frontier clusters after filtering
[INFO] [1788848462.335468788] [candidate_explorer]: Selected frontier cluster: size=1594, goal=(11.95, -2.03), distance=5.32
[INFO] [1788848462.336512907] [candidate_explorer]: Checking global path to frontier (11.95, -2.03), distance=5.32m
[INFO] [1788848462.352989677] [candidate_explorer]: Nav2 path to frontier is 5.37m (straight-line=5.32m, detour=1.0x)
[INFO] [1788848462.358861598] [candidate_explorer]: Global path accepted. Navigating to frontier (11.95, -2.03)
[bt_navigator-7] [INFO] [1788848462.359338220] [bt_navigator]: Begin navigating from current location (6.66, -1.46) to (11.95, -2.03)
[controller_server-3] [INFO] [1788848462.382454740] [controller_server]: Received a goal, begin computing control effort.
[controller_server-3] [INFO] [1788848463.434570508] [controller_server]: Passing new path to controller.
[controller_server-3] [INFO] [1788848464.483862752] [controller_server]: Passing new path to controller.
[controller_server-3] [INFO] [1788848465.485828255] [controller_server]: Passing new path to controller.
[planner_server-5] [INFO] [1788848466.428911800] [global_costmap.global_costmap]: Message Filter dropping message: frame 'base_link' at time 4940.700 for reason 'the timestamp on the message is earlier than all the data in the transform cache'
[controller_server-3] [ERROR] [1788848466.433670520] [tf_help]: Transform data too old when converting from odom to map
[controller_server-3] [ERROR] [1788848466.433701936] [tf_help]: Data time: 4941s 9ns, Transform time: 4940s 700000009ns
[controller_server-3] [WARN] [1788848466.433725394] [controller_server]: Unable to transform robot pose into global plan's frame
[controller_server-3] [INFO] [1788848466.533128804] [controller_server]: Passing new path to controller.
[controller_server-3] [ERROR] [1788848466.933684923] [tf_help]: Transform data too old when converting from odom to map
[controller_server-3] [ERROR] [1788848466.934015046] [tf_help]: Data time: 4943s 9ns, Transform time: 4942s 700000009ns
[controller_server-3] [WARN] [1788848466.934158254] [controller_server]: Unable to transform robot pose into global plan's frame
[planner_server-5] [INFO] [1788848467.429984267] [global_costmap.global_costmap]: Message Filter dropping message: frame 'base_link' at time 4944.700 for reason 'the timestamp on the message is earlier than all the data in the transform cache'
[controller_server-3] [ERROR] [1788848467.435020277] [tf_help]: Transform data too old when converting from odom to map
[controller_server-3] [ERROR] [1788848467.435235026] [tf_help]: Data time: 4945s 9ns, Transform time: 4944s 700000009ns
[controller_server-3] [WARN] [1788848467.435366358] [controller_server]: Unable to transform robot pose into global plan's frame
[controller_server-3] [INFO] [1788848467.532921321] [controller_server]: Passing new path to controller.
[controller_server-3] [INFO] [1788848467.535138974] [controller_server]: Reached the goal!
[bt_navigator-7] [INFO] [1788848467.580401186] [bt_navigator]: Goal succeeded
[INFO] [1788848467.581920551] [candidate_explorer]: Frontier goal finished: success=True
[INFO] [1788848467.582146842] [candidate_explorer]: Reached frontier. Waiting for the map to expose new frontiers.
[INFO] [1788848467.807732407] [candidate_explorer]: Detected 10482 frontier cells
[INFO] [1788848467.817193472] [candidate_explorer]: Found 119 frontier clusters after filtering
[INFO] [1788848467.833421577] [candidate_explorer]: Selected frontier cluster: size=1561, goal=(12.33, -2.09), distance=0.60
[INFO] [1788848467.834433779] [candidate_explorer]: Checking global path to frontier (12.33, -2.09), distance=0.60m
[INFO] [1788848467.842218063] [candidate_explorer]: Nav2 path to frontier is 0.63m (straight-line=0.60m, detour=1.0x)
[INFO] [1788848467.842987558] [candidate_explorer]: Global path accepted. Navigating to frontier (12.33, -2.09)
[bt_navigator-7] [INFO] [1788848467.843408305] [bt_navigator]: Begin navigating from current location (11.74, -1.97) to (12.33, -2.09)
[controller_server-3] [INFO] [1788848467.865294208] [controller_server]: Received a goal, begin computing control effort.
[controller_server-3] [INFO] [1788848468.320186190] [controller_server]: Reached the goal!
[bt_navigator-7] [INFO] [1788848468.354513055] [bt_navigator]: Goal succeeded
[INFO] [1788848468.355826047] [candidate_explorer]: Frontier goal finished: success=True
[INFO] [1788848468.356099462] [candidate_explorer]: Reached frontier. Waiting for the map to expose new frontiers.
[INFO] [1788848468.556565229] [candidate_explorer]: Detected 10482 frontier cells
[INFO] [1788848468.565798420] [candidate_explorer]: Found 119 frontier clusters after filtering
[INFO] [1788848468.582547688] [candidate_explorer]: Selected frontier cluster: size=1561, goal=(12.73, -2.15), distance=0.61
[INFO] [1788848468.583633556] [candidate_explorer]: Checking global path to frontier (12.73, -2.15), distance=0.61m
[INFO] [1788848468.591362549] [candidate_explorer]: Nav2 path to frontier is 0.63m (straight-line=0.61m, detour=1.0x)
[INFO] [1788848468.592086544] [candidate_explorer]: Global path accepted. Navigating to frontier (12.73, -2.15)
[bt_navigator-7] [INFO] [1788848468.592485167] [bt_navigator]: Begin navigating from current location (12.13, -2.05) to (12.73, -2.15)
[controller_server-3] [INFO] [1788848468.615802435] [controller_server]: Received a goal, begin computing control effort.
[controller_server-3] [INFO] [1788848469.170406325] [controller_server]: Reached the goal!
[bt_navigator-7] [INFO] [1788848469.206309347] [bt_navigator]: Goal succeeded
[INFO] [1788848469.207774379] [candidate_explorer]: Frontier goal finished: success=True
[INFO] [1788848469.208026378] [candidate_explorer]: Reached frontier. Waiting for the map to expose new frontiers.
[INFO] [1788848469.513238520] [candidate_explorer]: Detected 10482 frontier cells
[INFO] [1788848469.523082458] [candidate_explorer]: Found 119 frontier clusters after filtering
[INFO] [1788848469.539430729] [candidate_explorer]: Selected frontier cluster: size=1561, goal=(6.45, -1.46), distance=6.09
[INFO] [1788848469.540484014] [candidate_explorer]: Checking global path to frontier (6.45, -1.46), distance=6.09m
[INFO] [1788848469.559032146] [candidate_explorer]: Nav2 path to frontier is 6.17m (straight-line=6.09m, detour=1.0x)
[INFO] [1788848469.565585229] [candidate_explorer]: Global path accepted. Navigating to frontier (6.45, -1.46)
[bt_navigator-7] [INFO] [1788848469.566081309] [bt_navigator]: Begin navigating from current location (12.50, -2.13) to (6.45, -1.46)
[controller_server-3] [INFO] [1788848469.588230252] [controller_server]: Received a goal, begin computing control effort.
[controller_server-3] [INFO] [1788848470.639269985] [controller_server]: Passing new path to controller.
[planner_server-5] [INFO] [1788848471.253647953] [global_costmap.global_costmap]: Message Filter dropping message: frame 'base_link' at time 4960.000 for reason 'the timestamp on the message is earlier than all the data in the transform cache'
[controller_server-3] [INFO] [1788848471.638841295] [controller_server]: Passing new path to controller.
[planner_server-5] [INFO] [1788848472.253579678] [global_costmap.global_costmap]: Message Filter dropping message: frame 'base_link' at time 4964.000 for reason 'the timestamp on the message is earlier than all the data in the transform cache'
[controller_server-3] [ERROR] [1788848472.288739412] [tf_help]: Transform data too old when converting from odom to map
[controller_server-3] [ERROR] [1788848472.288773871] [tf_help]: Data time: 4964s 400000009ns, Transform time: 4964s 9ns
[controller_server-3] [WARN] [1788848472.288798454] [controller_server]: Unable to transform robot pose into global plan's frame
[controller_server-3] [INFO] [1788848472.689575113] [controller_server]: Passing new path to controller.
[controller_server-3] [INFO] [1788848473.691097412] [controller_server]: Passing new path to controller.
[planner_server-5] [INFO] [1788848474.254994367] [global_costmap.global_costmap]: Message Filter dropping message: frame 'base_link' at time 4972.000 for reason 'the timestamp on the message is earlier than all the data in the transform cache'
[controller_server-3] [INFO] [1788848474.741135359] [controller_server]: Passing new path to controller.
[controller_server-3] [INFO] [1788848475.343188239] [controller_server]: Reached the goal!
[bt_navigator-7] [INFO] [1788848475.378299141] [bt_navigator]: Goal succeeded
[INFO] [1788848475.378783763] [candidate_explorer]: Frontier goal finished: success=True
[INFO] [1788848475.379091553] [candidate_explorer]: Reached frontier. Waiting for the map to expose new frontiers.
[INFO] [1788848475.560736064] [candidate_explorer]: Detected 10477 frontier cells
[INFO] [1788848475.570235170] [candidate_explorer]: Found 119 frontier clusters after filtering
[INFO] [1788848475.586548067] [candidate_explorer]: Selected frontier cluster: size=1561, goal=(11.95, -2.03), distance=5.32
[INFO] [1788848475.587737517] [candidate_explorer]: Checking global path to frontier (11.95, -2.03), distance=5.32m
[INFO] [1788848475.609695003] [candidate_explorer]: Nav2 path to frontier is 5.38m (straight-line=5.32m, detour=1.0x)
[INFO] [1788848475.615501091] [candidate_explorer]: Global path accepted. Navigating to frontier (11.95, -2.03)
[bt_navigator-7] [INFO] [1788848475.616016004] [bt_navigator]: Begin navigating from current location (6.66, -1.45) to (11.95, -2.03)
[controller_server-3] [INFO] [1788848475.637769241] [controller_server]: Received a goal, begin computing control effort.
[controller_server-3] [INFO] [1788848476.688488560] [controller_server]: Passing new path to controller.
[controller_server-3] [INFO] [1788848477.738378300] [controller_server]: Passing new path to controller.
[controller_server-3] [INFO] [1788848478.738818272] [controller_server]: Passing new path to controller.
[planner_server-5] [INFO] [1788848479.252591046] [global_costmap.global_costmap]: Message Filter dropping message: frame 'base_link' at time 4992.000 for reason 'the timestamp on the message is earlier than all the data in the transform cache'
[controller_server-3] [INFO] [1788848479.788028141] [controller_server]: Passing new path to controller.
[controller_server-3] [ERROR] [1788848479.788212640] [tf_help]: Transform data too old when converting from odom to map
[controller_server-3] [ERROR] [1788848479.788231473] [tf_help]: Data time: 4994s 400000009ns, Transform time: 4994s 9ns
[controller_server-3] [WARN] [1788848479.788252765] [controller_server]: Unable to transform robot pose into global plan's frame
[planner_server-5] [INFO] [1788848480.277962109] [global_costmap.global_costmap]: Message Filter dropping message: frame 'base_link' at time 4996.100 for reason 'the timestamp on the message is earlier than all the data in the transform cache'
[controller_server-3] [ERROR] [1788848480.288108003] [tf_help]: Transform data too old when converting from odom to map
[controller_server-3] [ERROR] [1788848480.288132336] [tf_help]: Data time: 4996s 400000009ns, Transform time: 4996s 100000009ns
[controller_server-3] [WARN] [1788848480.288153336] [controller_server]: Unable to transform robot pose into global plan's frame
[controller_server-3] [INFO] [1788848480.787996032] [controller_server]: Passing new path to controller.
[controller_server-3] [INFO] [1788848480.790143811] [controller_server]: Reached the goal!
[bt_navigator-7] [INFO] [1788848480.836372558] [bt_navigator]: Goal succeeded
[INFO] [1788848480.836986096] [candidate_explorer]: Frontier goal finished: success=True
[INFO] [1788848480.837199470] [candidate_explorer]: Reached frontier. Waiting for the map to expose new frontiers.
[INFO] [1788848481.060014803] [candidate_explorer]: Detected 10465 frontier cells
[INFO] [1788848481.070871859] [candidate_explorer]: Found 118 frontier clusters after filtering
[INFO] [1788848481.087559044] [candidate_explorer]: Selected frontier cluster: size=1561, goal=(12.34, -2.09), distance=0.61
[INFO] [1788848481.088678537] [candidate_explorer]: Checking global path to frontier (12.34, -2.09), distance=0.61m
[INFO] [1788848481.096602612] [candidate_explorer]: Nav2 path to frontier is 0.64m (straight-line=0.61m, detour=1.1x)
[INFO] [1788848481.097383982] [candidate_explorer]: Global path accepted. Navigating to frontier (12.34, -2.09)
[bt_navigator-7] [INFO] [1788848481.097777479] [bt_navigator]: Begin navigating from current location (11.74, -1.97) to (12.34, -2.09)
[controller_server-3] [INFO] [1788848481.119338176] [controller_server]: Received a goal, begin computing control effort.
[controller_server-3] [INFO] [1788848481.577150223] [controller_server]: Reached the goal!
[bt_navigator-7] [INFO] [1788848481.608917104] [bt_navigator]: Goal succeeded
[INFO] [1788848481.610209804] [candidate_explorer]: Frontier goal finished: success=True
[INFO] [1788848481.610482136] [candidate_explorer]: Reached frontier. Waiting for the map to expose new frontiers.
[INFO] [1788848481.759954060] [candidate_explorer]: Detected 10465 frontier cells
[INFO] [1788848481.769467250] [candidate_explorer]: Found 118 frontier clusters after filtering
[INFO] [1788848481.785809729] [candidate_explorer]: Selected frontier cluster: size=1561, goal=(12.73, -2.15), distance=0.61
[INFO] [1788848481.786890639] [candidate_explorer]: Checking global path to frontier (12.73, -2.15), distance=0.61m
[INFO] [1788848481.794685756] [candidate_explorer]: Nav2 path to frontier is 0.63m (straight-line=0.61m, detour=1.0x)
[INFO] [1788848481.795416960] [candidate_explorer]: Global path accepted. Navigating to frontier (12.73, -2.15)
[bt_navigator-7] [INFO] [1788848481.795792916] [bt_navigator]: Begin navigating from current location (12.13, -2.05) to (12.73, -2.15)
[controller_server-3] [INFO] [1788848481.817274362] [controller_server]: Received a goal, begin computing control effort.
[controller_server-3] [INFO] [1788848482.268400035] [controller_server]: Reached the goal!
[bt_navigator-7] [INFO] [1788848482.306051921] [bt_navigator]: Goal succeeded
[INFO] [1788848482.307248038] [candidate_explorer]: Frontier goal finished: success=True
[INFO] [1788848482.307499328] [candidate_explorer]: Reached frontier. Waiting for the map to expose new frontiers.
[INFO] [1788848482.559104937] [candidate_explorer]: Detected 10465 frontier cells
[INFO] [1788848482.568590501] [candidate_explorer]: Found 118 frontier clusters after filtering
[INFO] [1788848482.584950314] [candidate_explorer]: Selected frontier cluster: size=1561, goal=(6.45, -1.46), distance=6.09
[INFO] [1788848482.585992391] [candidate_explorer]: Checking global path to frontier (6.45, -1.46), distance=6.09m
[INFO] [1788848482.604263775] [candidate_explorer]: Nav2 path to frontier is 6.16m (straight-line=6.09m, detour=1.0x)
[INFO] [1788848482.610575818] [candidate_explorer]: Global path accepted. Navigating to frontier (6.45, -1.46)
[bt_navigator-7] [INFO] [1788848482.611008482] [bt_navigator]: Begin navigating from current location (12.50, -2.12) to (6.45, -1.46)
[controller_server-3] [INFO] [1788848482.632779218] [controller_server]: Received a goal, begin computing control effort.
[controller_server-3] [INFO] [1788848483.684879403] [controller_server]: Passing new path to controller.
[planner_server-5] [INFO] [1788848484.228489071] [global_costmap.global_costmap]: Message Filter dropping message: frame 'base_link' at time 5011.900 for reason 'the timestamp on the message is earlier than all the data in the transform cache'
[controller_server-3] [ERROR] [1788848484.232925168] [tf_help]: Transform data too old when converting from odom to map
[controller_server-3] [ERROR] [1788848484.232954584] [tf_help]: Data time: 5012s 200000009ns, Transform time: 5011s 900000009ns
[controller_server-3] [WARN] [1788848484.233177458] [controller_server]: Unable to transform robot pose into global plan's frame
[controller_server-3] [INFO] [1788848484.683592011] [controller_server]: Passing new path to controller.
[controller_server-3] [ERROR] [1788848484.784285162] [tf_help]: Transform data too old when converting from odom to map
[controller_server-3] [ERROR] [1788848484.784329578] [tf_help]: Data time: 5014s 400000009ns, Transform time: 5014s 9ns
[controller_server-3] [WARN] [1788848484.784364286] [controller_server]: Unable to transform robot pose into global plan's frame
[planner_server-5] [INFO] [1788848485.254151132] [global_costmap.global_costmap]: Message Filter dropping message: frame 'base_link' at time 5016.000 for reason 'the timestamp on the message is earlier than all the data in the transform cache'
[controller_server-3] [ERROR] [1788848485.283585945] [tf_help]: Transform data too old when converting from odom to map
[controller_server-3] [ERROR] [1788848485.283626737] [tf_help]: Data time: 5016s 400000009ns, Transform time: 5016s 9ns
[controller_server-3] [WARN] [1788848485.283653861] [controller_server]: Unable to transform robot pose into global plan's frame
[controller_server-3] [INFO] [1788848485.733385377] [controller_server]: Passing new path to controller.
[controller_server-3] [INFO] [1788848486.785998225] [controller_server]: Passing new path to controller.
[planner_server-5] [INFO] [1788848487.254624495] [global_costmap.global_costmap]: Message Filter dropping message: frame 'base_link' at time 5024.000 for reason 'the timestamp on the message is earlier than all the data in the transform cache'
[controller_server-3] [INFO] [1788848487.784862415] [controller_server]: Passing new path to controller.
[controller_server-3] [INFO] [1788848488.486473411] [controller_server]: Reached the goal!
[bt_navigator-7] [INFO] [1788848488.513057451] [bt_navigator]: Goal succeeded
[INFO] [1788848488.514675565] [candidate_explorer]: Frontier goal finished: success=True
[INFO] [1788848488.514947855] [candidate_explorer]: Reached frontier. Waiting for the map to expose new frontiers.
[INFO] [1788848488.807903742] [candidate_explorer]: Detected 10437 frontier cells
[INFO] [1788848488.817307391] [candidate_explorer]: Found 118 frontier clusters after filtering
[INFO] [1788848488.833221623] [candidate_explorer]: Selected frontier cluster: size=1561, goal=(11.95, -2.03), distance=5.32
[INFO] [1788848488.834195075] [candidate_explorer]: Checking global path to frontier (11.95, -2.03), distance=5.32m
[INFO] [1788848488.850865094] [candidate_explorer]: Nav2 path to frontier is 5.37m (straight-line=5.32m, detour=1.0x)
[INFO] [1788848488.856718099] [candidate_explorer]: Global path accepted. Navigating to frontier (11.95, -2.03)
[bt_navigator-7] [INFO] [1788848488.857234137] [bt_navigator]: Begin navigating from current location (6.66, -1.47) to (11.95, -2.03)
[controller_server-3] [INFO] [1788848488.880698280] [controller_server]: Received a goal, begin computing control effort.
[controller_server-3] [INFO] [1788848489.933253753] [controller_server]: Passing new path to controller.
[controller_server-3] [INFO] [1788848490.981177756] [controller_server]: Passing new path to controller.
[controller_server-3] [INFO] [1788848491.986081449] [controller_server]: Passing new path to controller.
[planner_server-5] [INFO] [1788848492.602863777] [global_costmap.global_costmap]: Message Filter dropping message: frame 'base_link' at time 5045.400 for reason 'the timestamp on the message is earlier than all the data in the transform cache'
[controller_server-3] [INFO] [1788848493.031113304] [controller_server]: Passing new path to controller.
[controller_server-3] [ERROR] [1788848493.131093543] [tf_help]: Transform data too old when converting from odom to map
[controller_server-3] [ERROR] [1788848493.131123543] [tf_help]: Data time: 5047s 800000010ns, Transform time: 5047s 400000010ns
[controller_server-3] [WARN] [1788848493.131146251] [controller_server]: Unable to transform robot pose into global plan's frame
[planner_server-5] [INFO] [1788848493.577793911] [global_costmap.global_costmap]: Message Filter dropping message: frame 'base_link' at time 5049.300 for reason 'the timestamp on the message is earlier than all the data in the transform cache'
[controller_server-3] [ERROR] [1788848493.583116252] [tf_help]: Transform data too old when converting from odom to map
[controller_server-3] [ERROR] [1788848493.583137085] [tf_help]: Data time: 5049s 600000010ns, Transform time: 5049s 300000010ns
[controller_server-3] [WARN] [1788848493.583157418] [controller_server]: Unable to transform robot pose into global plan's frame
[controller_server-3] [INFO] [1788848493.983717580] [controller_server]: Reached the goal!
[bt_navigator-7] [INFO] [1788848494.017535531] [bt_navigator]: Goal succeeded
[INFO] [1788848494.017923820] [candidate_explorer]: Frontier goal finished: success=True
[INFO] [1788848494.018200027] [candidate_explorer]: Reached frontier. Waiting for the map to expose new frontiers.
[INFO] [1788848494.309240385] [candidate_explorer]: Detected 10435 frontier cells
[INFO] [1788848494.318630658] [candidate_explorer]: Found 118 frontier clusters after filtering
[INFO] [1788848494.334741347] [candidate_explorer]: Selected frontier cluster: size=1561, goal=(12.33, -2.09), distance=0.60
[INFO] [1788848494.335741758] [candidate_explorer]: Checking global path to frontier (12.33, -2.09), distance=0.60m
[INFO] [1788848494.343611916] [candidate_explorer]: Nav2 path to frontier is 0.63m (straight-line=0.60m, detour=1.0x)
[INFO] [1788848494.344346870] [candidate_explorer]: Global path accepted. Navigating to frontier (12.33, -2.09)
[bt_navigator-7] [INFO] [1788848494.344723159] [bt_navigator]: Begin navigating from current location (11.74, -1.96) to (12.33, -2.09)
[controller_server-3] [INFO] [1788848494.367434389] [controller_server]: Received a goal, begin computing control effort.
[controller_server-3] [INFO] [1788848494.820917131] [controller_server]: Reached the goal!
[bt_navigator-7] [INFO] [1788848494.855337454] [bt_navigator]: Goal succeeded
[INFO] [1788848494.856645487] [candidate_explorer]: Frontier goal finished: success=True
[INFO] [1788848494.856852277] [candidate_explorer]: Reached frontier. Waiting for the map to expose new frontiers.
[INFO] [1788848495.062721385] [candidate_explorer]: Detected 10435 frontier cells
[INFO] [1788848495.072231574] [candidate_explorer]: Found 118 frontier clusters after filtering
[INFO] [1788848495.088626928] [candidate_explorer]: Selected frontier cluster: size=1561, goal=(12.72, -2.15), distance=0.61
[INFO] [1788848495.089612755] [candidate_explorer]: Checking global path to frontier (12.72, -2.15), distance=0.61m
[INFO] [1788848495.097526997] [candidate_explorer]: Nav2 path to frontier is 0.63m (straight-line=0.61m, detour=1.0x)
[INFO] [1788848495.098304367] [candidate_explorer]: Global path accepted. Navigating to frontier (12.72, -2.15)
[bt_navigator-7] [INFO] [1788848495.098699573] [bt_navigator]: Begin navigating from current location (12.12, -2.04) to (12.72, -2.15)
[controller_server-3] [INFO] [1788848495.120657100] [controller_server]: Received a goal, begin computing control effort.
[controller_server-3] [INFO] [1788848495.573099098] [controller_server]: Reached the goal!
[bt_navigator-7] [INFO] [1788848495.611497520] [bt_navigator]: Goal succeeded
[INFO] [1788848495.612788054] [candidate_explorer]: Frontier goal finished: success=True
[INFO] [1788848495.613054052] [candidate_explorer]: Reached frontier. Waiting for the map to expose new frontiers.
[INFO] [1788848495.761724190] [candidate_explorer]: Detected 10435 frontier cells
[INFO] [1788848495.771201963] [candidate_explorer]: Found 118 frontier clusters after filtering
[INFO] [1788848495.787707941] [candidate_explorer]: Selected frontier cluster: size=1561, goal=(6.45, -1.46), distance=6.10
[INFO] [1788848495.788771768] [candidate_explorer]: Checking global path to frontier (6.45, -1.46), distance=6.10m
[INFO] [1788848495.807435024] [candidate_explorer]: Nav2 path to frontier is 6.16m (straight-line=6.10m, detour=1.0x)
[INFO] [1788848495.813746442] [candidate_explorer]: Global path accepted. Navigating to frontier (6.45, -1.46)
[bt_navigator-7] [INFO] [1788848495.814220189] [bt_navigator]: Begin navigating from current location (12.51, -2.12) to (6.45, -1.46)
[controller_server-3] [INFO] [1788848495.837812248] [controller_server]: Received a goal, begin computing control effort.
[controller_server-3] [INFO] [1788848496.888728773] [controller_server]: Passing new path to controller.
[planner_server-5] [INFO] [1788848497.603023314] [global_costmap.global_costmap]: Message Filter dropping message: frame 'base_link' at time 5065.400 for reason 'the timestamp on the message is earlier than all the data in the transform cache'
[controller_server-3] [INFO] [1788848497.941348955] [controller_server]: Passing new path to controller.
[controller_server-3] [ERROR] [1788848498.138964781] [tf_help]: Transform data too old when converting from odom to map
[controller_server-3] [ERROR] [1788848498.139005656] [tf_help]: Data time: 5067s 800000010ns, Transform time: 5067s 400000010ns
[controller_server-3] [WARN] [1788848498.139027739] [controller_server]: Unable to transform robot pose into global plan's frame
[planner_server-5] [INFO] [1788848498.603440869] [global_costmap.global_costmap]: Message Filter dropping message: frame 'base_link' at time 5069.400 for reason 'the timestamp on the message is earlier than all the data in the transform cache'
[controller_server-3] [INFO] [1788848498.939852814] [controller_server]: Passing new path to controller.
[controller_server-3] [INFO] [1788848499.989839220] [controller_server]: Passing new path to controller.
[controller_server-3] [INFO] [1788848500.988071539] [controller_server]: Passing new path to controller.
[controller_server-3] [INFO] [1788848501.640604098] [controller_server]: Reached the goal!
[bt_navigator-7] [INFO] [1788848501.674892088] [bt_navigator]: Goal succeeded
[INFO] [1788848501.675410668] [candidate_explorer]: Frontier goal finished: success=True
[INFO] [1788848501.675650333] [candidate_explorer]: Reached frontier. Waiting for the map to expose new frontiers.
[INFO] [1788848501.805726964] [candidate_explorer]: Detected 10435 frontier cells
[INFO] [1788848501.815087072] [candidate_explorer]: Found 118 frontier clusters after filtering
[INFO] [1788848501.831172803] [candidate_explorer]: Selected frontier cluster: size=1561, goal=(11.95, -2.03), distance=5.31
[INFO] [1788848501.832236838] [candidate_explorer]: Checking global path to frontier (11.95, -2.03), distance=5.31m
[INFO] [1788848501.848938481] [candidate_explorer]: Nav2 path to frontier is 5.37m (straight-line=5.31m, detour=1.0x)
[INFO] [1788848501.854678528] [candidate_explorer]: Global path accepted. Navigating to frontier (11.95, -2.03)
[bt_navigator-7] [INFO] [1788848501.855106734] [bt_navigator]: Begin navigating from current location (6.67, -1.49) to (11.95, -2.03)
[controller_server-3] [INFO] [1788848501.878462169] [controller_server]: Received a goal, begin computing control effort.
[controller_server-3] [INFO] [1788848502.928791615] [controller_server]: Passing new path to controller.
[planner_server-5] [INFO] [1788848503.903334334] [global_costmap.global_costmap]: Message Filter dropping message: frame 'base_link' at time 5090.600 for reason 'the timestamp on the message is earlier than all the data in the transform cache'
[controller_server-3] [INFO] [1788848503.930450078] [controller_server]: Passing new path to controller.
[controller_server-3] [INFO] [1788848504.980555359] [controller_server]: Passing new path to controller.
[planner_server-5] [INFO] [1788848505.903722947] [global_costmap.global_costmap]: Message Filter dropping message: frame 'base_link' at time 5098.600 for reason 'the timestamp on the message is earlier than all the data in the transform cache'
[controller_server-3] [ERROR] [1788848505.928768829] [tf_help]: Transform data too old when converting from odom to map
[controller_server-3] [ERROR] [1788848505.928796454] [tf_help]: Data time: 5098s 950000010ns, Transform time: 5098s 600000010ns
[controller_server-3] [WARN] [1788848505.928817871] [controller_server]: Unable to transform robot pose into global plan's frame
[controller_server-3] [INFO] [1788848505.980060128] [controller_server]: Passing new path to controller.
[controller_server-3] [ERROR] [1788848506.428704817] [tf_help]: Transform data too old when converting from odom to map
[controller_server-3] [ERROR] [1788848506.428742733] [tf_help]: Data time: 5101s 10ns, Transform time: 5100s 600000010ns
[controller_server-3] [WARN] [1788848506.428777650] [controller_server]: Unable to transform robot pose into global plan's frame
[planner_server-5] [INFO] [1788848506.878329708] [global_costmap.global_costmap]: Message Filter dropping message: frame 'base_link' at time 5102.500 for reason 'the timestamp on the message is earlier than all the data in the transform cache'
[controller_server-3] [ERROR] [1788848506.878688497] [tf_help]: Transform data too old when converting from odom to map
[controller_server-3] [ERROR] [1788848506.878717289] [tf_help]: Data time: 5102s 800000010ns, Transform time: 5102s 500000010ns
[controller_server-3] [WARN] [1788848506.878738080] [controller_server]: Unable to transform robot pose into global plan's frame
[controller_server-3] [INFO] [1788848507.028811793] [controller_server]: Passing new path to controller.
[controller_server-3] [INFO] [1788848507.030947154] [controller_server]: Reached the goal!
[bt_navigator-7] [INFO] [1788848507.078105354] [bt_navigator]: Goal succeeded
[INFO] [1788848507.079495304] [candidate_explorer]: Frontier goal finished: success=True
[INFO] [1788848507.079706886] [candidate_explorer]: Reached frontier. Waiting for the map to expose new frontiers.
[INFO] [1788848507.305612491] [candidate_explorer]: Detected 10424 frontier cells
[INFO] [1788848507.315064264] [candidate_explorer]: Found 118 frontier clusters after filtering
[INFO] [1788848507.330907997] [candidate_explorer]: Selected frontier cluster: size=1559, goal=(12.34, -2.09), distance=0.61
[INFO] [1788848507.331988240] [candidate_explorer]: Checking global path to frontier (12.34, -2.09), distance=0.61m
[INFO] [1788848507.339715899] [candidate_explorer]: Nav2 path to frontier is 0.64m (straight-line=0.61m, detour=1.0x)
[INFO] [1788848507.340534227] [candidate_explorer]: Global path accepted. Navigating to frontier (12.34, -2.09)
[bt_navigator-7] [INFO] [1788848507.340946308] [bt_navigator]: Begin navigating from current location (11.74, -1.96) to (12.34, -2.09)
[controller_server-3] [INFO] [1788848507.364720073] [controller_server]: Received a goal, begin computing control effort.
[controller_server-3] [INFO] [1788848507.817078488] [controller_server]: Reached the goal!
[INFO] [1788848507.853934712] [candidate_explorer]: Frontier goal finished: success=True
[INFO] [1788848507.854160086] [candidate_explorer]: Reached frontier. Waiting for the map to expose new frontiers.
[bt_navigator-7] [INFO] [1788848507.854119294] [bt_navigator]: Goal succeeded
[INFO] [1788848508.007176821] [candidate_explorer]: Detected 10424 frontier cells
[INFO] [1788848508.016656428] [candidate_explorer]: Found 118 frontier clusters after filtering
[INFO] [1788848508.032688951] [candidate_explorer]: Selected frontier cluster: size=1559, goal=(12.73, -2.15), distance=0.61
[INFO] [1788848508.033726736] [candidate_explorer]: Checking global path to frontier (12.73, -2.15), distance=0.61m
[INFO] [1788848508.041505103] [candidate_explorer]: Nav2 path to frontier is 0.63m (straight-line=0.61m, detour=1.0x)
[INFO] [1788848508.042337348] [candidate_explorer]: Global path accepted. Navigating to frontier (12.73, -2.15)
[bt_navigator-7] [INFO] [1788848508.042802553] [bt_navigator]: Begin navigating from current location (12.13, -2.04) to (12.73, -2.15)
[controller_server-3] [INFO] [1788848508.063754170] [controller_server]: Received a goal, begin computing control effort.
[controller_server-3] [INFO] [1788848508.566080809] [controller_server]: Reached the goal!
[bt_navigator-7] [INFO] [1788848508.604710605] [bt_navigator]: Goal succeeded
[INFO] [1788848508.606053430] [candidate_explorer]: Frontier goal finished: success=True
[INFO] [1788848508.606278762] [candidate_explorer]: Reached frontier. Waiting for the map to expose new frontiers.
[INFO] [1788848508.807434024] [candidate_explorer]: Detected 10424 frontier cells
[INFO] [1788848508.817067588] [candidate_explorer]: Found 118 frontier clusters after filtering
[INFO] [1788848508.833061319] [candidate_explorer]: Selected frontier cluster: size=1559, goal=(6.45, -1.46), distance=6.12
[INFO] [1788848508.834064355] [candidate_explorer]: Checking global path to frontier (6.45, -1.46), distance=6.12m
[INFO] [1788848508.851927366] [candidate_explorer]: Nav2 path to frontier is 6.18m (straight-line=6.12m, detour=1.0x)
[INFO] [1788848508.858583032] [candidate_explorer]: Global path accepted. Navigating to frontier (6.45, -1.46)
[bt_navigator-7] [INFO] [1788848508.859090987] [bt_navigator]: Begin navigating from current location (12.53, -2.12) to (6.45, -1.46)
[controller_server-3] [INFO] [1788848508.880861140] [controller_server]: Received a goal, begin computing control effort.
[controller_server-3] [INFO] [1788848509.934877438] [controller_server]: Passing new path to controller.
[planner_server-5] [INFO] [1788848510.527703627] [global_costmap.global_costmap]: Message Filter dropping message: frame 'base_link' at time 5117.100 for reason 'the timestamp on the message is earlier than all the data in the transform cache'
[controller_server-3] [ERROR] [1788848510.532140432] [tf_help]: Transform data too old when converting from odom to map
[controller_server-3] [ERROR] [1788848510.532163932] [tf_help]: Data time: 5117s 400000010ns, Transform time: 5117s 100000010ns
[controller_server-3] [WARN] [1788848510.532186431] [controller_server]: Unable to transform robot pose into global plan's frame
[controller_server-3] [INFO] [1788848510.931454101] [controller_server]: Passing new path to controller.
[controller_server-3] [ERROR] [1788848511.081384689] [tf_help]: Transform data too old when converting from odom to map
[controller_server-3] [ERROR] [1788848511.081416064] [tf_help]: Data time: 5119s 600000010ns, Transform time: 5119s 200000010ns
[controller_server-3] [WARN] [1788848511.081437064] [controller_server]: Unable to transform robot pose into global plan's frame
[planner_server-5] [INFO] [1788848511.578113989] [global_costmap.global_costmap]: Message Filter dropping message: frame 'base_link' at time 5121.300 for reason 'the timestamp on the message is earlier than all the data in the transform cache'
[controller_server-3] [ERROR] [1788848511.582281129] [tf_help]: Transform data too old when converting from odom to map
[controller_server-3] [ERROR] [1788848511.582312920] [tf_help]: Data time: 5121s 600000010ns, Transform time: 5121s 300000010ns
[controller_server-3] [WARN] [1788848511.582334587] [controller_server]: Unable to transform robot pose into global plan's frame
[controller_server-3] [ERROR] [1788848511.632829849] [tf_help]: Transform data too old when converting from odom to map
[controller_server-3] [ERROR] [1788848511.632863807] [tf_help]: Data time: 5121s 800000010ns, Transform time: 5121s 300000010ns
[controller_server-3] [WARN] [1788848511.632885682] [controller_server]: Unable to transform robot pose into global plan's frame
[controller_server-3] [ERROR] [1788848511.632908265] [controller_server]: Controller patience exceeded
[controller_server-3] [WARN] [1788848511.633269846] [controller_server]: [follow_path] [ActionServer] Aborting handle.
[behavior_server-6] [INFO] [1788848511.653350927] [behavior_server]: Running spin
[behavior_server-6] [INFO] [1788848511.653504009] [behavior_server]: Turning -1.57 for spin behavior.
[behavior_server-6] [INFO] [1788848512.154630698] [behavior_server]: spin completed successfully
[controller_server-3] [INFO] [1788848512.200982528] [controller_server]: Received a goal, begin computing control effort.
[controller_server-3] [INFO] [1788848513.252572007] [controller_server]: Passing new path to controller.
[controller_server-3] [INFO] [1788848514.301530212] [controller_server]: Passing new path to controller.
[planner_server-5] [INFO] [1788848514.428557863] [global_costmap.global_costmap]: Message Filter dropping message: frame 'base_link' at time 5132.700 for reason 'the timestamp on the message is earlier than all the data in the transform cache'
[controller_server-3] [INFO] [1788848515.303758214] [controller_server]: Passing new path to controller.
[controller_server-3] [INFO] [1788848515.605795835] [controller_server]: Reached the goal!
[bt_navigator-7] [INFO] [1788848515.642675601] [bt_navigator]: Goal succeeded
[INFO] [1788848515.643265680] [candidate_explorer]: Frontier goal finished: success=True
[INFO] [1788848515.643482095] [candidate_explorer]: Reached frontier. Waiting for the map to expose new frontiers.
[INFO] [1788848515.808512838] [candidate_explorer]: Detected 10424 frontier cells
[INFO] [1788848515.818000236] [candidate_explorer]: Found 118 frontier clusters after filtering
[INFO] [1788848515.833948926] [candidate_explorer]: Selected frontier cluster: size=1559, goal=(11.95, -2.03), distance=5.34
[INFO] [1788848515.834991794] [candidate_explorer]: Checking global path to frontier (11.95, -2.03), distance=5.34m
[INFO] [1788848515.851691813] [candidate_explorer]: Nav2 path to frontier is 5.39m (straight-line=5.34m, detour=1.0x)
[INFO] [1788848515.857761649] [candidate_explorer]: Global path accepted. Navigating to frontier (11.95, -2.03)
[bt_navigator-7] [INFO] [1788848515.858290813] [bt_navigator]: Begin navigating from current location (6.64, -1.42) to (11.95, -2.03)
[controller_server-3] [INFO] [1788848515.880334964] [controller_server]: Received a goal, begin computing control effort.
[controller_server-3] [INFO] [1788848516.933264269] [controller_server]: Passing new path to controller.
[controller_server-3] [INFO] [1788848517.930667551] [controller_server]: Passing new path to controller.
[controller_server-3] [INFO] [1788848518.981412286] [controller_server]: Passing new path to controller.
[planner_server-5] [INFO] [1788848519.578889778] [global_costmap.global_costmap]: Message Filter dropping message: frame 'base_link' at time 5153.300 for reason 'the timestamp on the message is earlier than all the data in the transform cache'
[controller_server-3] [ERROR] [1788848519.581419804] [tf_help]: Transform data too old when converting from odom to map
[controller_server-3] [ERROR] [1788848519.581448554] [tf_help]: Data time: 5153s 600000010ns, Transform time: 5153s 300000010ns
[controller_server-3] [WARN] [1788848519.581477970] [controller_server]: Unable to transform robot pose into global plan's frame
[controller_server-3] [INFO] [1788848519.981552468] [controller_server]: Passing new path to controller.
[controller_server-3] [ERROR] [1788848520.081022627] [tf_help]: Transform data too old when converting from odom to map
[controller_server-3] [ERROR] [1788848520.081062210] [tf_help]: Data time: 5155s 600000010ns, Transform time: 5155s 300000010ns
[controller_server-3] [WARN] [1788848520.081094793] [controller_server]: Unable to transform robot pose into global plan's frame
[controller_server-3] [ERROR] [1788848520.130594479] [tf_help]: Transform data too old when converting from odom to map
[controller_server-3] [ERROR] [1788848520.130621770] [tf_help]: Data time: 5155s 800000010ns, Transform time: 5155s 300000010ns
[controller_server-3] [WARN] [1788848520.130645687] [controller_server]: Unable to transform robot pose into global plan's frame
[controller_server-3] [ERROR] [1788848520.130667020] [controller_server]: Controller patience exceeded
[controller_server-3] [WARN] [1788848520.130695395] [controller_server]: [follow_path] [ActionServer] Aborting handle.
[controller_server-3] [INFO] [1788848520.150364144] [local_costmap.local_costmap]: Received request to clear entirely the local_costmap
[planner_server-5] [INFO] [1788848520.151523512] [global_costmap.global_costmap]: Received request to clear entirely the global_costmap
[planner_server-5] [WARN] [1788848520.915378946] [planner_server]: Planner loop missed its desired rate of 20.0000 Hz. Current loop rate is 0.3279 Hz
[controller_server-3] [INFO] [1788848520.928884444] [controller_server]: Received a goal, begin computing control effort.
[planner_server-5] [INFO] [1788848521.403646675] [global_costmap.global_costmap]: Message Filter dropping message: frame 'base_link' at time 5160.600 for reason 'the timestamp on the message is earlier than all the data in the transform cache'
[controller_server-3] [ERROR] [1788848521.429025930] [tf_help]: Transform data too old when converting from odom to map
[controller_server-3] [ERROR] [1788848521.429065888] [tf_help]: Data time: 5161s 10ns, Transform time: 5160s 600000010ns
[controller_server-3] [WARN] [1788848521.429091596] [controller_server]: Unable to transform robot pose into global plan's frame
[controller_server-3] [INFO] [1788848521.834266603] [controller_server]: Reached the goal!
[bt_navigator-7] [INFO] [1788848521.868626551] [bt_navigator]: Goal succeeded
[INFO] [1788848521.869827460] [candidate_explorer]: Frontier goal finished: success=True
[INFO] [1788848521.870040876] [candidate_explorer]: Reached frontier. Waiting for the map to expose new frontiers.
[INFO] [1788848522.058894341] [candidate_explorer]: Detected 10461 frontier cells
[INFO] [1788848522.068853986] [candidate_explorer]: Found 116 frontier clusters after filtering
[INFO] [1788848522.085452131] [candidate_explorer]: Selected frontier cluster: size=1594, goal=(12.33, -2.09), distance=0.61
[INFO] [1788848522.086594540] [candidate_explorer]: Checking global path to frontier (12.33, -2.09), distance=0.61m
[INFO] [1788848522.094331366] [candidate_explorer]: Nav2 path to frontier is 0.63m (straight-line=0.61m, detour=1.0x)
[INFO] [1788848522.095104070] [candidate_explorer]: Global path accepted. Navigating to frontier (12.33, -2.09)
[bt_navigator-7] [INFO] [1788848522.095465942] [bt_navigator]: Begin navigating from current location (11.73, -1.95) to (12.33, -2.09)
[controller_server-3] [INFO] [1788848522.118668628] [controller_server]: Received a goal, begin computing control effort.
[controller_server-3] [INFO] [1788848522.574445063] [controller_server]: Reached the goal!
[bt_navigator-7] [INFO] [1788848522.605661031] [bt_navigator]: Goal succeeded
[INFO] [1788848522.607119439] [candidate_explorer]: Frontier goal finished: success=True
[INFO] [1788848522.607415145] [candidate_explorer]: Reached frontier. Waiting for the map to expose new frontiers.
[INFO] [1788848522.809916816] [candidate_explorer]: Detected 10461 frontier cells
[INFO] [1788848522.819479005] [candidate_explorer]: Found 116 frontier clusters after filtering
[INFO] [1788848522.835512403] [candidate_explorer]: Selected frontier cluster: size=1594, goal=(12.73, -2.15), distance=0.61
[INFO] [1788848522.836577563] [candidate_explorer]: Checking global path to frontier (12.73, -2.15), distance=0.61m
[INFO] [1788848522.844278722] [candidate_explorer]: Nav2 path to frontier is 0.62m (straight-line=0.61m, detour=1.0x)
[INFO] [1788848522.844951343] [candidate_explorer]: Global path accepted. Navigating to frontier (12.73, -2.15)
[bt_navigator-7] [INFO] [1788848522.845349715] [bt_navigator]: Begin navigating from current location (12.14, -2.03) to (12.73, -2.15)
[controller_server-3] [INFO] [1788848522.868551610] [controller_server]: Received a goal, begin computing control effort.
[controller_server-3] [INFO] [1788848523.373398774] [controller_server]: Reached the goal!
[bt_navigator-7] [INFO] [1788848523.406136066] [bt_navigator]: Goal succeeded
[INFO] [1788848523.406622313] [candidate_explorer]: Frontier goal finished: success=True
[INFO] [1788848523.406874895] [candidate_explorer]: Reached frontier. Waiting for the map to expose new frontiers.
[INFO] [1788848523.512672389] [candidate_explorer]: Detected 10461 frontier cells
[INFO] [1788848523.522296202] [candidate_explorer]: Found 116 frontier clusters after filtering
[INFO] [1788848523.538590807] [candidate_explorer]: Selected frontier cluster: size=1594, goal=(6.45, -1.46), distance=6.10
[INFO] [1788848523.539576343] [candidate_explorer]: Checking global path to frontier (6.45, -1.46), distance=6.10m
[INFO] [1788848523.557853226] [candidate_explorer]: Nav2 path to frontier is 6.20m (straight-line=6.10m, detour=1.0x)
[INFO] [1788848523.564692683] [candidate_explorer]: Global path accepted. Navigating to frontier (6.45, -1.46)
[bt_navigator-7] [INFO] [1788848523.565265054] [bt_navigator]: Begin navigating from current location (12.51, -2.11) to (6.45, -1.46)
[controller_server-3] [INFO] [1788848523.586715084] [controller_server]: Received a goal, begin computing control effort.
[controller_server-3] [INFO] [1788848524.637313320] [controller_server]: Passing new path to controller.
[planner_server-5] [INFO] [1788848525.530855638] [global_costmap.global_costmap]: Message Filter dropping message: frame 'base_link' at time 5177.100 for reason 'the timestamp on the message is earlier than all the data in the transform cache'
[controller_server-3] [ERROR] [1788848525.538091509] [tf_help]: Transform data too old when converting from odom to map
[controller_server-3] [ERROR] [1788848525.538121301] [tf_help]: Data time: 5177s 400000010ns, Transform time: 5177s 100000010ns
[controller_server-3] [WARN] [1788848525.538146425] [controller_server]: Unable to transform robot pose into global plan's frame
[controller_server-3] [INFO] [1788848525.637467752] [controller_server]: Passing new path to controller.
[controller_server-3] [ERROR] [1788848526.036953920] [tf_help]: Transform data too old when converting from odom to map
[controller_server-3] [ERROR] [1788848526.036992253] [tf_help]: Data time: 5179s 400000010ns, Transform time: 5179s 100000010ns
[controller_server-3] [WARN] [1788848526.037016170] [controller_server]: Unable to transform robot pose into global plan's frame
[planner_server-5] [INFO] [1788848526.530343199] [global_costmap.global_costmap]: Message Filter dropping message: frame 'base_link' at time 5181.100 for reason 'the timestamp on the message is earlier than all the data in the transform cache'
[controller_server-3] [INFO] [1788848526.687236202] [controller_server]: Passing new path to controller.
[controller_server-3] [INFO] [1788848527.687207843] [controller_server]: Passing new path to controller.
[planner_server-5] [INFO] [1788848528.030554451] [global_costmap.global_costmap]: Message Filter dropping message: frame 'base_link' at time 5187.100 for reason 'the timestamp on the message is earlier than all the data in the transform cache'
[controller_server-3] [INFO] [1788848528.687339483] [controller_server]: Passing new path to controller.
[controller_server-3] [INFO] [1788848529.389273811] [controller_server]: Reached the goal!
[bt_navigator-7] [INFO] [1788848529.428467604] [bt_navigator]: Goal succeeded
[INFO] [1788848529.429020975] [candidate_explorer]: Frontier goal finished: success=True
[INFO] [1788848529.429265140] [candidate_explorer]: Reached frontier. Waiting for the map to expose new frontiers.
[INFO] [1788848529.557549033] [candidate_explorer]: Detected 10461 frontier cells
[INFO] [1788848529.567406720] [candidate_explorer]: Found 116 frontier clusters after filtering
[INFO] [1788848529.584139155] [candidate_explorer]: Selected frontier cluster: size=1594, goal=(11.95, -2.03), distance=5.32
[INFO] [1788848529.585358314] [candidate_explorer]: Checking global path to frontier (11.95, -2.03), distance=5.32m
[INFO] [1788848529.602054375] [candidate_explorer]: Nav2 path to frontier is 5.38m (straight-line=5.32m, detour=1.0x)
[INFO] [1788848529.607784380] [candidate_explorer]: Global path accepted. Navigating to frontier (11.95, -2.03)
[bt_navigator-7] [INFO] [1788848529.608292043] [bt_navigator]: Begin navigating from current location (6.66, -1.45) to (11.95, -2.03)
[controller_server-3] [INFO] [1788848529.630588777] [controller_server]: Received a goal, begin computing control effort.
[controller_server-3] [INFO] [1788848530.681071430] [controller_server]: Passing new path to controller.
[controller_server-3] [INFO] [1788848531.681211570] [controller_server]: Passing new path to controller.
[controller_server-3] [INFO] [1788848532.731331642] [controller_server]: Passing new path to controller.
[planner_server-5] [INFO] [1788848533.252815785] [global_costmap.global_costmap]: Message Filter dropping message: frame 'base_link' at time 5208.000 for reason 'the timestamp on the message is earlier than all the data in the transform cache'
[controller_server-3] [ERROR] [1788848533.731077910] [tf_help]: Transform data too old when converting from odom to map
[controller_server-3] [ERROR] [1788848533.731550490] [tf_help]: Data time: 5210s 200000010ns, Transform time: 5209s 900000010ns
[controller_server-3] [WARN] [1788848533.731571740] [controller_server]: Unable to transform robot pose into global plan's frame
[controller_server-3] [INFO] [1788848533.784371196] [controller_server]: Passing new path to controller.
[controller_server-3] [ERROR] [1788848533.784573195] [tf_help]: Transform data too old when converting from odom to map
[controller_server-3] [ERROR] [1788848533.784589195] [tf_help]: Data time: 5210s 400000010ns, Transform time: 5209s 900000010ns
[controller_server-3] [WARN] [1788848533.784608611] [controller_server]: Unable to transform robot pose into global plan's frame
[controller_server-3] [ERROR] [1788848533.784619236] [controller_server]: Controller patience exceeded
[controller_server-3] [WARN] [1788848533.784629903] [controller_server]: [follow_path] [ActionServer] Aborting handle.
[behavior_server-6] [INFO] [1788848533.810981527] [behavior_server]: Running backup
[behavior_server-6] [INFO] [1788848535.212768196] [behavior_server]: backup completed successfully
[controller_server-3] [INFO] [1788848535.259164110] [controller_server]: Received a goal, begin computing control effort.
[planner_server-5] [INFO] [1788848536.229911437] [global_costmap.global_costmap]: Message Filter dropping message: frame 'base_link' at time 5219.900 for reason 'the timestamp on the message is earlier than all the data in the transform cache'
[controller_server-3] [ERROR] [1788848536.259346791] [tf_help]: Transform data too old when converting from odom to map
[controller_server-3] [ERROR] [1788848536.259382791] [tf_help]: Data time: 5220s 300000010ns, Transform time: 5219s 900000010ns
[controller_server-3] [WARN] [1788848536.259404291] [controller_server]: Unable to transform robot pose into global plan's frame
[controller_server-3] [INFO] [1788848536.310469883] [controller_server]: Passing new path to controller.
[controller_server-3] [INFO] [1788848536.711218834] [controller_server]: Reached the goal!
[bt_navigator-7] [INFO] [1788848536.738918242] [bt_navigator]: Goal succeeded
[INFO] [1788848536.740311441] [candidate_explorer]: Frontier goal finished: success=True
[INFO] [1788848536.740532856] [candidate_explorer]: Reached frontier. Waiting for the map to expose new frontiers.
[INFO] [1788848537.058822249] [candidate_explorer]: Detected 10461 frontier cells
[INFO] [1788848537.068001149] [candidate_explorer]: Found 116 frontier clusters after filtering
[INFO] [1788848537.084168546] [candidate_explorer]: Selected frontier cluster: size=1594, goal=(12.36, -2.10), distance=0.62
[INFO] [1788848537.085223414] [candidate_explorer]: Checking global path to frontier (12.36, -2.10), distance=0.62m
[INFO] [1788848537.093093698] [candidate_explorer]: Nav2 path to frontier is 0.64m (straight-line=0.62m, detour=1.0x)
[INFO] [1788848537.093808235] [candidate_explorer]: Global path accepted. Navigating to frontier (12.36, -2.10)
[bt_navigator-7] [INFO] [1788848537.094231107] [bt_navigator]: Begin navigating from current location (11.75, -1.98) to (12.36, -2.10)
[controller_server-3] [INFO] [1788848537.114653811] [controller_server]: Received a goal, begin computing control effort.
[controller_server-3] [INFO] [1788848537.567680221] [controller_server]: Reached the goal!
[bt_navigator-7] [INFO] [1788848537.606708765] [bt_navigator]: Goal succeeded
[INFO] [1788848537.608303380] [candidate_explorer]: Frontier goal finished: success=True
[INFO] [1788848537.608509170] [candidate_explorer]: Reached frontier. Waiting for the map to expose new frontiers.
[INFO] [1788848537.759764292] [candidate_explorer]: Detected 10461 frontier cells
[INFO] [1788848537.770384557] [candidate_explorer]: Found 116 frontier clusters after filtering
[INFO] [1788848537.787649448] [candidate_explorer]: Selected frontier cluster: size=1594, goal=(12.75, -2.15), distance=0.60
[INFO] [1788848537.788872982] [candidate_explorer]: Checking global path to frontier (12.75, -2.15), distance=0.60m
[INFO] [1788848537.796605432] [candidate_explorer]: Nav2 path to frontier is 0.61m (straight-line=0.60m, detour=1.0x)
[INFO] [1788848537.797340303] [candidate_explorer]: Global path accepted. Navigating to frontier (12.75, -2.15)
[bt_navigator-7] [INFO] [1788848537.797749883] [bt_navigator]: Begin navigating from current location (12.15, -2.06) to (12.75, -2.15)
[controller_server-3] [INFO] [1788848537.819585620] [controller_server]: Received a goal, begin computing control effort.
[controller_server-3] [INFO] [1788848538.272646780] [controller_server]: Reached the goal!
[bt_navigator-7] [INFO] [1788848538.309348630] [bt_navigator]: Goal succeeded
[INFO] [1788848538.309776586] [candidate_explorer]: Frontier goal finished: success=True
[INFO] [1788848538.309983334] [candidate_explorer]: Reached frontier. Waiting for the map to expose new frontiers.
[INFO] [1788848538.557108930] [candidate_explorer]: Detected 10461 frontier cells
[INFO] [1788848538.566675911] [candidate_explorer]: Found 116 frontier clusters after filtering
[INFO] [1788848538.583099139] [candidate_explorer]: Selected frontier cluster: size=1594, goal=(6.45, -1.46), distance=6.11
[INFO] [1788848538.584133216] [candidate_explorer]: Checking global path to frontier (6.45, -1.46), distance=6.11m
[INFO] [1788848538.602883764] [candidate_explorer]: Nav2 path to frontier is 6.18m (straight-line=6.11m, detour=1.0x)
[INFO] [1788848538.608955600] [candidate_explorer]: Global path accepted. Navigating to frontier (6.45, -1.46)
[bt_navigator-7] [INFO] [1788848538.609390056] [bt_navigator]: Begin navigating from current location (12.52, -2.12) to (6.45, -1.46)
[controller_server-3] [INFO] [1788848538.633472861] [controller_server]: Received a goal, begin computing control effort.
[controller_server-3] [INFO] [1788848539.684392595] [controller_server]: Passing new path to controller.
[planner_server-5] [INFO] [1788848540.278559691] [global_costmap.global_costmap]: Message Filter dropping message: frame 'base_link' at time 5236.100 for reason 'the timestamp on the message is earlier than all the data in the transform cache'
[controller_server-3] [ERROR] [1788848540.284654611] [tf_help]: Transform data too old when converting from odom to map
[controller_server-3] [ERROR] [1788848540.284677819] [tf_help]: Data time: 5236s 400000010ns, Transform time: 5236s 100000010ns
[controller_server-3] [WARN] [1788848540.284700027] [controller_server]: Unable to transform robot pose into global plan's frame
[controller_server-3] [INFO] [1788848540.734110419] [controller_server]: Passing new path to controller.
[controller_server-3] [ERROR] [1788848540.834046867] [tf_help]: Transform data too old when converting from odom to map
[controller_server-3] [ERROR] [1788848540.834080367] [tf_help]: Data time: 5238s 600000010ns, Transform time: 5238s 200000010ns
[controller_server-3] [WARN] [1788848540.834104534] [controller_server]: Unable to transform robot pose into global plan's frame
[planner_server-5] [INFO] [1788848541.328546848] [global_costmap.global_costmap]: Message Filter dropping message: frame 'base_link' at time 5240.300 for reason 'the timestamp on the message is earlier than all the data in the transform cache'
[controller_server-3] [ERROR] [1788848541.333692773] [tf_help]: Transform data too old when converting from odom to map
[controller_server-3] [ERROR] [1788848541.333724315] [tf_help]: Data time: 5240s 600000010ns, Transform time: 5240s 300000010ns
[controller_server-3] [WARN] [1788848541.333744606] [controller_server]: Unable to transform robot pose into global plan's frame
[controller_server-3] [INFO] [1788848541.742458257] [controller_server]: Passing new path to controller.
[controller_server-3] [INFO] [1788848542.784739838] [controller_server]: Passing new path to controller.
[planner_server-5] [INFO] [1788848543.354921875] [global_costmap.global_costmap]: Message Filter dropping message: frame 'base_link' at time 5248.400 for reason 'the timestamp on the message is earlier than all the data in the transform cache'
[controller_server-3] [INFO] [1788848543.784163907] [controller_server]: Passing new path to controller.
[controller_server-3] [INFO] [1788848544.487897300] [controller_server]: Reached the goal!
[bt_navigator-7] [INFO] [1788848544.520539631] [bt_navigator]: Goal succeeded
[INFO] [1788848544.521753124] [candidate_explorer]: Frontier goal finished: success=True
[INFO] [1788848544.522004455] [candidate_explorer]: Reached frontier. Waiting for the map to expose new frontiers.
[INFO] [1788848544.808392864] [candidate_explorer]: Detected 10461 frontier cells
[INFO] [1788848544.817706804] [candidate_explorer]: Found 116 frontier clusters after filtering
[INFO] [1788848544.833665077] [candidate_explorer]: Selected frontier cluster: size=1594, goal=(11.95, -2.03), distance=5.32
[INFO] [1788848544.834726945] [candidate_explorer]: Checking global path to frontier (11.95, -2.03), distance=5.32m
[INFO] [1788848544.851354338] [candidate_explorer]: Nav2 path to frontier is 5.37m (straight-line=5.32m, detour=1.0x)
[INFO] [1788848544.857155509] [candidate_explorer]: Global path accepted. Navigating to frontier (11.95, -2.03)
[bt_navigator-7] [INFO] [1788848544.857635423] [bt_navigator]: Begin navigating from current location (6.66, -1.47) to (11.95, -2.03)
[controller_server-3] [INFO] [1788848544.879147409] [controller_server]: Received a goal, begin computing control effort.
[controller_server-3] [INFO] [1788848545.933515464] [controller_server]: Passing new path to controller.
[controller_server-3] [INFO] [1788848546.980115069] [controller_server]: Passing new path to controller.
[controller_server-3] [INFO] [1788848547.979346228] [controller_server]: Passing new path to controller.
[planner_server-5] [INFO] [1788848548.554484864] [global_costmap.global_costmap]: Message Filter dropping message: frame 'base_link' at time 5269.200 for reason 'the timestamp on the message is earlier than all the data in the transform cache'
[controller_server-3] [INFO] [1788848548.980407751] [controller_server]: Passing new path to controller.
[controller_server-3] [ERROR] [1788848549.080001902] [tf_help]: Transform data too old when converting from odom to map
[controller_server-3] [ERROR] [1788848549.080034861] [tf_help]: Data time: 5271s 600000010ns, Transform time: 5271s 200000010ns
[controller_server-3] [WARN] [1788848549.080055819] [controller_server]: Unable to transform robot pose into global plan's frame
[planner_server-5] [INFO] [1788848549.553523942] [global_costmap.global_costmap]: Message Filter dropping message: frame 'base_link' at time 5273.200 for reason 'the timestamp on the message is earlier than all the data in the transform cache'
[controller_server-3] [ERROR] [1788848549.579432192] [tf_help]: Transform data too old when converting from odom to map
[controller_server-3] [ERROR] [1788848549.579467066] [tf_help]: Data time: 5273s 600000010ns, Transform time: 5273s 200000010ns
[controller_server-3] [WARN] [1788848549.579491275] [controller_server]: Unable to transform robot pose into global plan's frame
[controller_server-3] [INFO] [1788848549.983363345] [controller_server]: Reached the goal!
[bt_navigator-7] [INFO] [1788848550.018233496] [bt_navigator]: Goal succeeded
[INFO] [1788848550.018649035] [candidate_explorer]: Frontier goal finished: success=True
[INFO] [1788848550.018852867] [candidate_explorer]: Reached frontier. Waiting for the map to expose new frontiers.
[INFO] [1788848550.311392944] [candidate_explorer]: Detected 10461 frontier cells
[INFO] [1788848550.321218923] [candidate_explorer]: Found 116 frontier clusters after filtering
[INFO] [1788848550.337373777] [candidate_explorer]: Selected frontier cluster: size=1594, goal=(12.31, -2.09), distance=0.60
[INFO] [1788848550.338405604] [candidate_explorer]: Checking global path to frontier (12.31, -2.09), distance=0.60m
[INFO] [1788848550.346483719] [candidate_explorer]: Nav2 path to frontier is 0.63m (straight-line=0.60m, detour=1.0x)
[INFO] [1788848550.347265505] [candidate_explorer]: Global path accepted. Navigating to frontier (12.31, -2.09)
[bt_navigator-7] [INFO] [1788848550.347687836] [bt_navigator]: Begin navigating from current location (11.72, -1.97) to (12.31, -2.09)
[controller_server-3] [INFO] [1788848550.369102365] [controller_server]: Received a goal, begin computing control effort.
[controller_server-3] [INFO] [1788848550.369440363] [controller_server]: Passing new path to controller.
[controller_server-3] [INFO] [1788848550.823372944] [controller_server]: Reached the goal!
[bt_navigator-7] [INFO] [1788848550.859350505] [bt_navigator]: Goal succeeded
[INFO] [1788848550.860599622] [candidate_explorer]: Frontier goal finished: success=True
[INFO] [1788848550.860860703] [candidate_explorer]: Reached frontier. Waiting for the map to expose new frontiers.
[INFO] [1788848551.059230011] [candidate_explorer]: Detected 10461 frontier cells
[INFO] [1788848551.068630409] [candidate_explorer]: Found 116 frontier clusters after filtering
[INFO] [1788848551.084988388] [candidate_explorer]: Selected frontier cluster: size=1594, goal=(12.70, -2.15), distance=0.61
[INFO] [1788848551.086118922] [candidate_explorer]: Checking global path to frontier (12.70, -2.15), distance=0.61m
[INFO] [1788848551.093904872] [candidate_explorer]: Nav2 path to frontier is 0.63m (straight-line=0.61m, detour=1.0x)
[INFO] [1788848551.094614159] [candidate_explorer]: Global path accepted. Navigating to frontier (12.70, -2.15)
[bt_navigator-7] [INFO] [1788848551.094985115] [bt_navigator]: Begin navigating from current location (12.10, -2.05) to (12.70, -2.15)
[controller_server-3] [INFO] [1788848551.117329346] [controller_server]: Received a goal, begin computing control effort.
[controller_server-3] [INFO] [1788848551.570609974] [controller_server]: Reached the goal!
[bt_navigator-7] [INFO] [1788848551.606523535] [bt_navigator]: Goal succeeded
[INFO] [1788848551.607895151] [candidate_explorer]: Frontier goal finished: success=True
[INFO] [1788848551.608137316] [candidate_explorer]: Reached frontier. Waiting for the map to expose new frontiers.
[INFO] [1788848551.760235255] [candidate_explorer]: Detected 10461 frontier cells
[INFO] [1788848551.769780068] [candidate_explorer]: Found 116 frontier clusters after filtering
[INFO] [1788848551.786261837] [candidate_explorer]: Selected frontier cluster: size=1594, goal=(6.45, -1.46), distance=6.08
[INFO] [1788848551.787233206] [candidate_explorer]: Checking global path to frontier (6.45, -1.46), distance=6.08m
[INFO] [1788848551.805487255] [candidate_explorer]: Nav2 path to frontier is 6.17m (straight-line=6.08m, detour=1.0x)
[INFO] [1788848551.812037630] [candidate_explorer]: Global path accepted. Navigating to frontier (6.45, -1.46)
[bt_navigator-7] [INFO] [1788848551.812484252] [bt_navigator]: Begin navigating from current location (12.49, -2.13) to (6.45, -1.46)
[controller_server-3] [INFO] [1788848551.833420784] [controller_server]: Received a goal, begin computing control effort.
[controller_server-3] [INFO] [1788848552.884377403] [controller_server]: Passing new path to controller.
[planner_server-5] [INFO] [1788848553.477934878] [global_costmap.global_costmap]: Message Filter dropping message: frame 'base_link' at time 5288.900 for reason 'the timestamp on the message is earlier than all the data in the transform cache'
[controller_server-3] [ERROR] [1788848553.483728550] [tf_help]: Transform data too old when converting from odom to map
[controller_server-3] [ERROR] [1788848553.483756174] [tf_help]: Data time: 5289s 200000010ns, Transform time: 5288s 900000010ns
[controller_server-3] [WARN] [1788848553.483787091] [controller_server]: Unable to transform robot pose into global plan's frame
[controller_server-3] [INFO] [1788848553.936277515] [controller_server]: Passing new path to controller.
[controller_server-3] [ERROR] [1788848554.033663181] [tf_help]: Transform data too old when converting from odom to map
[controller_server-3] [ERROR] [1788848554.034215636] [tf_help]: Data time: 5291s 400000010ns, Transform time: 5291s 10ns
[controller_server-3] [WARN] [1788848554.034405509] [controller_server]: Unable to transform robot pose into global plan's frame
[planner_server-5] [INFO] [1788848554.529967448] [global_costmap.global_costmap]: Message Filter dropping message: frame 'base_link' at time 5293.100 for reason 'the timestamp on the message is earlier than all the data in the transform cache'
[controller_server-3] [ERROR] [1788848554.534012464] [tf_help]: Transform data too old when converting from odom to map
[controller_server-3] [ERROR] [1788848554.534042839] [tf_help]: Data time: 5293s 400000010ns, Transform time: 5293s 100000010ns
[controller_server-3] [WARN] [1788848554.534065630] [controller_server]: Unable to transform robot pose into global plan's frame
[controller_server-3] [INFO] [1788848554.933650811] [controller_server]: Passing new path to controller.
[controller_server-3] [INFO] [1788848555.935003332] [controller_server]: Passing new path to controller.
[planner_server-5] [INFO] [1788848556.553966936] [global_costmap.global_costmap]: Message Filter dropping message: frame 'base_link' at time 5301.200 for reason 'the timestamp on the message is earlier than all the data in the transform cache'
[controller_server-3] [INFO] [1788848556.984929749] [controller_server]: Passing new path to controller.
[controller_server-3] [INFO] [1788848557.690345672] [controller_server]: Reached the goal!
[bt_navigator-7] [INFO] [1788848557.724188205] [bt_navigator]: Goal succeeded
[INFO] [1788848557.725548738] [candidate_explorer]: Frontier goal finished: success=True
[INFO] [1788848557.725806403] [candidate_explorer]: Reached frontier. Waiting for the map to expose new frontiers.
[INFO] [1788848558.057076481] [candidate_explorer]: Detected 10464 frontier cells
[INFO] [1788848558.066509587] [candidate_explorer]: Found 116 frontier clusters after filtering
[INFO] [1788848558.082907898] [candidate_explorer]: Selected frontier cluster: size=1594, goal=(11.95, -2.03), distance=5.33
[INFO] [1788848558.083920850] [candidate_explorer]: Checking global path to frontier (11.95, -2.03), distance=5.33m
[INFO] [1788848558.100349995] [candidate_explorer]: Nav2 path to frontier is 5.38m (straight-line=5.33m, detour=1.0x)
[INFO] [1788848558.106075083] [candidate_explorer]: Global path accepted. Navigating to frontier (11.95, -2.03)
[bt_navigator-7] [INFO] [1788848558.106515205] [bt_navigator]: Begin navigating from current location (6.66, -1.43) to (11.95, -2.03)
[controller_server-3] [INFO] [1788848558.128424023] [controller_server]: Received a goal, begin computing control effort.
[controller_server-3] [INFO] [1788848559.179119184] [controller_server]: Passing new path to controller.
[controller_server-3] [INFO] [1788848560.229228600] [controller_server]: Passing new path to controller.
[planner_server-5] [INFO] [1788848560.253207112] [global_costmap.global_costmap]: Message Filter dropping message: frame 'base_link' at time 5316.000 for reason 'the timestamp on the message is earlier than all the data in the transform cache'
[controller_server-3] [INFO] [1788848561.228874173] [controller_server]: Passing new path to controller.
[planner_server-5] [INFO] [1788848562.253225171] [global_costmap.global_costmap]: Message Filter dropping message: frame 'base_link' at time 5324.000 for reason 'the timestamp on the message is earlier than all the data in the transform cache'
[controller_server-3] [INFO] [1788848562.278676633] [controller_server]: Passing new path to controller.
[controller_server-3] [ERROR] [1788848562.278890965] [tf_help]: Transform data too old when converting from odom to map
[controller_server-3] [ERROR] [1788848562.278910298] [tf_help]: Data time: 5324s 350000011ns, Transform time: 5324s 11ns
[controller_server-3] [WARN] [1788848562.278932423] [controller_server]: Unable to transform robot pose into global plan's frame
[controller_server-3] [ERROR] [1788848562.778648752] [tf_help]: Transform data too old when converting from odom to map
[controller_server-3] [ERROR] [1788848562.778683251] [tf_help]: Data time: 5326s 400000011ns, Transform time: 5326s 11ns
[controller_server-3] [WARN] [1788848562.778704501] [controller_server]: Unable to transform robot pose into global plan's frame
[controller_server-3] [INFO] [1788848563.231079926] [controller_server]: Reached the goal!
[planner_server-5] [INFO] [1788848563.256785428] [global_costmap.global_costmap]: Message Filter dropping message: frame 'base_link' at time 5328.000 for reason 'the timestamp on the message is earlier than all the data in the transform cache'
[bt_navigator-7] [INFO] [1788848563.267055695] [bt_navigator]: Goal succeeded
[INFO] [1788848563.268237187] [candidate_explorer]: Frontier goal finished: success=True
[INFO] [1788848563.268489852] [candidate_explorer]: Reached frontier. Waiting for the map to expose new frontiers.
[INFO] [1788848563.556827915] [candidate_explorer]: Detected 10464 frontier cells
[INFO] [1788848563.566205022] [candidate_explorer]: Found 116 frontier clusters after filtering
[INFO] [1788848563.582436292] [candidate_explorer]: Selected frontier cluster: size=1594, goal=(12.34, -2.09), distance=0.60
[INFO] [1788848563.583562035] [candidate_explorer]: Checking global path to frontier (12.34, -2.09), distance=0.60m
[INFO] [1788848563.591498693] [candidate_explorer]: Nav2 path to frontier is 0.62m (straight-line=0.60m, detour=1.0x)
[INFO] [1788848563.592237563] [candidate_explorer]: Global path accepted. Navigating to frontier (12.34, -2.09)
[bt_navigator-7] [INFO] [1788848563.592681643] [bt_navigator]: Begin navigating from current location (11.75, -1.99) to (12.34, -2.09)
[controller_server-3] [INFO] [1788848563.615273790] [controller_server]: Received a goal, begin computing control effort.
[controller_server-3] [INFO] [1788848564.068856332] [controller_server]: Reached the goal!
[bt_navigator-7] [INFO] [1788848564.103081320] [bt_navigator]: Goal succeeded
[INFO] [1788848564.104926558] [candidate_explorer]: Frontier goal finished: success=True
[INFO] [1788848564.105182807] [candidate_explorer]: Reached frontier. Waiting for the map to expose new frontiers.
[INFO] [1788848564.263384373] [candidate_explorer]: Detected 10464 frontier cells
[INFO] [1788848564.273427392] [candidate_explorer]: Found 116 frontier clusters after filtering
[INFO] [1788848564.290117118] [candidate_explorer]: Selected frontier cluster: size=1594, goal=(12.75, -2.15), distance=0.61
[INFO] [1788848564.291231611] [candidate_explorer]: Checking global path to frontier (12.75, -2.15), distance=0.61m
[INFO] [1788848564.301117797] [candidate_explorer]: Nav2 path to frontier is 0.63m (straight-line=0.61m, detour=1.0x)
[INFO] [1788848564.301818001] [candidate_explorer]: Global path accepted. Navigating to frontier (12.75, -2.15)
[bt_navigator-7] [INFO] [1788848564.302297623] [bt_navigator]: Begin navigating from current location (12.14, -2.05) to (12.75, -2.15)
[controller_server-3] [INFO] [1788848564.324297231] [controller_server]: Received a goal, begin computing control effort.
[controller_server-3] [INFO] [1788848564.830162896] [controller_server]: Reached the goal!
[bt_navigator-7] [INFO] [1788848564.862885852] [bt_navigator]: Goal succeeded
[INFO] [1788848564.864183927] [candidate_explorer]: Frontier goal finished: success=True
[INFO] [1788848564.864426592] [candidate_explorer]: Reached frontier. Waiting for the map to expose new frontiers.
[INFO] [1788848565.057794474] [candidate_explorer]: Detected 10464 frontier cells
[INFO] [1788848565.067278663] [candidate_explorer]: Found 116 frontier clusters after filtering
[INFO] [1788848565.083761932] [candidate_explorer]: Selected frontier cluster: size=1594, goal=(6.45, -1.46), distance=6.10
[INFO] [1788848565.084847425] [candidate_explorer]: Checking global path to frontier (6.45, -1.46), distance=6.10m
[INFO] [1788848565.102915767] [candidate_explorer]: Nav2 path to frontier is 6.17m (straight-line=6.10m, detour=1.0x)
[INFO] [1788848565.109065103] [candidate_explorer]: Global path accepted. Navigating to frontier (6.45, -1.46)
[bt_navigator-7] [INFO] [1788848565.109575808] [bt_navigator]: Begin navigating from current location (12.51, -2.11) to (6.45, -1.46)
[controller_server-3] [INFO] [1788848565.131553417] [controller_server]: Received a goal, begin computing control effort.
[controller_server-3] [INFO] [1788848566.183022990] [controller_server]: Passing new path to controller.
[planner_server-5] [INFO] [1788848566.328674887] [global_costmap.global_costmap]: Message Filter dropping message: frame 'base_link' at time 5340.300 for reason 'the timestamp on the message is earlier than all the data in the transform cache'
[controller_server-3] [ERROR] [1788848566.333924228] [tf_help]: Transform data too old when converting from odom to map
[controller_server-3] [ERROR] [1788848566.333948187] [tf_help]: Data time: 5340s 600000011ns, Transform time: 5340s 300000011ns
[controller_server-3] [WARN] [1788848566.333971270] [controller_server]: Unable to transform robot pose into global plan's frame
[controller_server-3] [ERROR] [1788848566.831767653] [tf_help]: Transform data too old when converting from odom to map
[controller_server-3] [ERROR] [1788848566.831801986] [tf_help]: Data time: 5342s 600000011ns, Transform time: 5342s 300000011ns
[controller_server-3] [WARN] [1788848566.831822694] [controller_server]: Unable to transform robot pose into global plan's frame
[controller_server-3] [INFO] [1788848567.235356058] [controller_server]: Passing new path to controller.
[planner_server-5] [INFO] [1788848567.330681612] [global_costmap.global_costmap]: Message Filter dropping message: frame 'base_link' at time 5344.300 for reason 'the timestamp on the message is earlier than all the data in the transform cache'
[controller_server-3] [ERROR] [1788848567.332976514] [tf_help]: Transform data too old when converting from odom to map
[controller_server-3] [ERROR] [1788848567.333001597] [tf_help]: Data time: 5344s 600000011ns, Transform time: 5344s 300000011ns
[controller_server-3] [WARN] [1788848567.333024139] [controller_server]: Unable to transform robot pose into global plan's frame
[controller_server-3] [ERROR] [1788848567.881882402] [tf_help]: Transform data too old when converting from odom to map
[controller_server-3] [ERROR] [1788848567.881915776] [tf_help]: Data time: 5346s 800000011ns, Transform time: 5346s 400000011ns
[controller_server-3] [WARN] [1788848567.881951360] [controller_server]: Unable to transform robot pose into global plan's frame
[controller_server-3] [INFO] [1788848568.234912882] [controller_server]: Passing new path to controller.
[controller_server-3] [INFO] [1788848569.281734736] [controller_server]: Passing new path to controller.
[planner_server-5] [INFO] [1788848569.878839980] [global_costmap.global_costmap]: Message Filter dropping message: frame 'base_link' at time 5354.500 for reason 'the timestamp on the message is earlier than all the data in the transform cache'
[controller_server-3] [ERROR] [1788848569.883833781] [tf_help]: Transform data too old when converting from odom to map
[controller_server-3] [ERROR] [1788848569.883866739] [tf_help]: Data time: 5354s 800000011ns, Transform time: 5354s 500000011ns
[controller_server-3] [WARN] [1788848569.883889448] [controller_server]: Unable to transform robot pose into global plan's frame
[controller_server-3] [INFO] [1788848570.283035423] [controller_server]: Passing new path to controller.
[controller_server-3] [INFO] [1788848571.034027012] [controller_server]: Reached the goal!
[bt_navigator-7] [INFO] [1788848571.071582354] [bt_navigator]: Goal succeeded
[INFO] [1788848571.072827221] [candidate_explorer]: Frontier goal finished: success=True
[INFO] [1788848571.073099136] [candidate_explorer]: Reached frontier. Waiting for the map to expose new frontiers.
[INFO] [1788848571.308827662] [candidate_explorer]: Detected 10464 frontier cells
[INFO] [1788848571.318998388] [candidate_explorer]: Found 116 frontier clusters after filtering
[INFO] [1788848571.335240034] [candidate_explorer]: Selected frontier cluster: size=1594, goal=(11.95, -2.03), distance=5.32
[INFO] [1788848571.336422901] [candidate_explorer]: Checking global path to frontier (11.95, -2.03), distance=5.32m
[INFO] [1788848571.353122169] [candidate_explorer]: Nav2 path to frontier is 5.37m (straight-line=5.32m, detour=1.0x)
[INFO] [1788848571.358864007] [candidate_explorer]: Global path accepted. Navigating to frontier (11.95, -2.03)
[bt_navigator-7] [INFO] [1788848571.359309462] [bt_navigator]: Begin navigating from current location (6.67, -1.45) to (11.95, -2.03)
[controller_server-3] [INFO] [1788848571.383234558] [controller_server]: Received a goal, begin computing control effort.
[controller_server-3] [INFO] [1788848572.434056428] [controller_server]: Passing new path to controller.
[controller_server-3] [INFO] [1788848573.483408265] [controller_server]: Passing new path to controller.
[controller_server-3] [INFO] [1788848574.484941326] [controller_server]: Passing new path to controller.
[planner_server-5] [INFO] [1788848575.080152000] [global_costmap.global_costmap]: Message Filter dropping message: frame 'base_link' at time 5375.300 for reason 'the timestamp on the message is earlier than all the data in the transform cache'
[controller_server-3] [ERROR] [1788848575.084768303] [tf_help]: Transform data too old when converting from odom to map
[controller_server-3] [ERROR] [1788848575.084807803] [tf_help]: Data time: 5375s 600000011ns, Transform time: 5375s 300000011ns
[controller_server-3] [WARN] [1788848575.084839303] [controller_server]: Unable to transform robot pose into global plan's frame
[controller_server-3] [INFO] [1788848575.535436114] [controller_server]: Passing new path to controller.
[controller_server-3] [ERROR] [1788848575.583454681] [tf_help]: Transform data too old when converting from odom to map
[controller_server-3] [ERROR] [1788848575.583751220] [tf_help]: Data time: 5377s 600000011ns, Transform time: 5377s 200000011ns
[controller_server-3] [WARN] [1788848575.583777637] [controller_server]: Unable to transform robot pose into global plan's frame
[planner_server-5] [INFO] [1788848576.027571242] [global_costmap.global_costmap]: Message Filter dropping message: frame 'base_link' at time 5379.100 for reason 'the timestamp on the message is earlier than all the data in the transform cache'
[controller_server-3] [ERROR] [1788848576.033980826] [tf_help]: Transform data too old when converting from odom to map
[controller_server-3] [ERROR] [1788848576.034010492] [tf_help]: Data time: 5379s 400000011ns, Transform time: 5379s 100000011ns
[controller_server-3] [WARN] [1788848576.034033826] [controller_server]: Unable to transform robot pose into global plan's frame
[controller_server-3] [INFO] [1788848576.535243353] [controller_server]: Passing new path to controller.
[controller_server-3] [INFO] [1788848576.537666379] [controller_server]: Reached the goal!
[bt_navigator-7] [INFO] [1788848576.580075732] [bt_navigator]: Goal succeeded
[INFO] [1788848576.580585853] [candidate_explorer]: Frontier goal finished: success=True
[INFO] [1788848576.580840977] [candidate_explorer]: Reached frontier. Waiting for the map to expose new frontiers.
[INFO] [1788848576.805389658] [candidate_explorer]: Detected 10456 frontier cells
[INFO] [1788848576.814604016] [candidate_explorer]: Found 116 frontier clusters after filtering
[INFO] [1788848576.830624913] [candidate_explorer]: Selected frontier cluster: size=1594, goal=(12.34, -2.09), distance=0.60
[INFO] [1788848576.831626531] [candidate_explorer]: Checking global path to frontier (12.34, -2.09), distance=0.60m
[INFO] [1788848576.839243232] [candidate_explorer]: Nav2 path to frontier is 0.62m (straight-line=0.60m, detour=1.0x)
[INFO] [1788848576.839951686] [candidate_explorer]: Global path accepted. Navigating to frontier (12.34, -2.09)
[bt_navigator-7] [INFO] [1788848576.840390725] [bt_navigator]: Begin navigating from current location (11.75, -1.98) to (12.34, -2.09)
[controller_server-3] [INFO] [1788848576.864511028] [controller_server]: Received a goal, begin computing control effort.
[controller_server-3] [INFO] [1788848577.319366729] [controller_server]: Reached the goal!
[bt_navigator-7] [INFO] [1788848577.351622188] [bt_navigator]: Goal succeeded
[INFO] [1788848577.352097352] [candidate_explorer]: Frontier goal finished: success=True
[INFO] [1788848577.352332934] [candidate_explorer]: Reached frontier. Waiting for the map to expose new frontiers.
[INFO] [1788848577.510229127] [candidate_explorer]: Detected 10456 frontier cells
[INFO] [1788848577.519878773] [candidate_explorer]: Found 116 frontier clusters after filtering
[INFO] [1788848577.536139210] [candidate_explorer]: Selected frontier cluster: size=1594, goal=(12.75, -2.15), distance=0.61
[INFO] [1788848577.537111787] [candidate_explorer]: Checking global path to frontier (12.75, -2.15), distance=0.61m
[INFO] [1788848577.544908487] [candidate_explorer]: Nav2 path to frontier is 0.63m (straight-line=0.61m, detour=1.0x)
[INFO] [1788848577.545632274] [candidate_explorer]: Global path accepted. Navigating to frontier (12.75, -2.15)
[bt_navigator-7] [INFO] [1788848577.545966522] [bt_navigator]: Begin navigating from current location (12.15, -2.05) to (12.75, -2.15)
[controller_server-3] [INFO] [1788848577.567484634] [controller_server]: Received a goal, begin computing control effort.
[controller_server-3] [INFO] [1788848578.069547406] [controller_server]: Reached the goal!
[bt_navigator-7] [INFO] [1788848578.106252628] [bt_navigator]: Goal succeeded
[INFO] [1788848578.107615995] [candidate_explorer]: Frontier goal finished: success=True
[INFO] [1788848578.107822827] [candidate_explorer]: Reached frontier. Waiting for the map to expose new frontiers.
[INFO] [1788848578.264213113] [candidate_explorer]: Detected 10456 frontier cells
[INFO] [1788848578.275911579] [candidate_explorer]: Found 116 frontier clusters after filtering
[INFO] [1788848578.292818221] [candidate_explorer]: Selected frontier cluster: size=1594, goal=(6.45, -1.46), distance=6.11
[INFO] [1788848578.293879256] [candidate_explorer]: Checking global path to frontier (6.45, -1.46), distance=6.11m
[INFO] [1788848578.313715420] [candidate_explorer]: Nav2 path to frontier is 6.21m (straight-line=6.11m, detour=1.0x)
[INFO] [1788848578.320376752] [candidate_explorer]: Global path accepted. Navigating to frontier (6.45, -1.46)
[bt_navigator-7] [INFO] [1788848578.320867790] [bt_navigator]: Begin navigating from current location (12.53, -2.11) to (6.45, -1.46)
[controller_server-3] [INFO] [1788848578.341476616] [controller_server]: Received a goal, begin computing control effort.
[controller_server-3] [INFO] [1788848579.391901071] [controller_server]: Passing new path to controller.
[planner_server-5] [INFO] [1788848579.978159511] [global_costmap.global_costmap]: Message Filter dropping message: frame 'base_link' at time 5394.900 for reason 'the timestamp on the message is earlier than all the data in the transform cache'
[controller_server-3] [ERROR] [1788848579.993030415] [tf_help]: Transform data too old when converting from odom to map
[controller_server-3] [ERROR] [1788848579.993054332] [tf_help]: Data time: 5395s 250000011ns, Transform time: 5394s 900000011ns
[controller_server-3] [WARN] [1788848579.993077498] [controller_server]: Unable to transform robot pose into global plan's frame
[controller_server-3] [INFO] [1788848580.391717060] [controller_server]: Passing new path to controller.
[controller_server-3] [ERROR] [1788848580.541831304] [tf_help]: Transform data too old when converting from odom to map
[controller_server-3] [ERROR] [1788848580.542177801] [tf_help]: Data time: 5397s 400000011ns, Transform time: 5397s 11ns
[controller_server-3] [WARN] [1788848580.542202385] [controller_server]: Unable to transform robot pose into global plan's frame
[planner_server-5] [INFO] [1788848581.029751334] [global_costmap.global_costmap]: Message Filter dropping message: frame 'base_link' at time 5399.100 for reason 'the timestamp on the message is earlier than all the data in the transform cache'
[controller_server-3] [ERROR] [1788848581.042947374] [tf_help]: Transform data too old when converting from odom to map
[controller_server-3] [ERROR] [1788848581.043565328] [tf_help]: Data time: 5399s 400000011ns, Transform time: 5399s 100000011ns
[controller_server-3] [WARN] [1788848581.043650911] [controller_server]: Unable to transform robot pose into global plan's frame
[controller_server-3] [ERROR] [1788848581.092064350] [tf_help]: Transform data too old when converting from odom to map
[controller_server-3] [ERROR] [1788848581.092096599] [tf_help]: Data time: 5399s 600000011ns, Transform time: 5399s 100000011ns
[controller_server-3] [WARN] [1788848581.092122141] [controller_server]: Unable to transform robot pose into global plan's frame
[controller_server-3] [ERROR] [1788848581.092167432] [controller_server]: Controller patience exceeded
[controller_server-3] [WARN] [1788848581.093412966] [controller_server]: [follow_path] [ActionServer] Aborting handle.
[behavior_server-6] [INFO] [1788848581.111844639] [behavior_server]: Running spin
[behavior_server-6] [INFO] [1788848581.111902764] [behavior_server]: Turning 1.57 for spin behavior.
[sim_node-1] [WARN] [1788848581.180513989] [challenge_sim_node]: Time limit reached (5400s of sim time) without a call to /finish_exploration.
[sim_node-1] [INFO] [1788848581.194625482] [challenge_sim_node]: SESSION FINISHED — wrote /challenge/results/20260908_060029/report.yaml
[sim_node-1] collision_count: 443
[sim_node-1] coverage_fraction: 0.9983503817385848
[sim_node-1] distance_to_home_m: 10.319373053444682
[sim_node-1] elapsed_time_s: 5400.000000010879
[sim_node-1] elapsed_wall_time_s: 1350.028789234988
[sim_node-1] map_output_yaml: /challenge/results/20260908_060029/map.yaml
[sim_node-1] map_yaml: /challenge/maps/2/room.yaml
[sim_node-1] min_coverage_required: 0.8
[sim_node-1] results_path: /challenge/results/20260908_060029/report.yaml
[sim_node-1] return_tolerance_m: 0.3
[sim_node-1] seed: 0
[sim_node-1] success: false
[sim_node-1] time_scale: 4.0
[sim_node-1] timed_out: true
[sim_node-1] 

=== REPORT ===
collision_count: 443
coverage_fraction: 0.9983503817385848
distance_to_home_m: 10.319373053444682
elapsed_time_s: 5400.000000010879
elapsed_wall_time_s: 1350.028789234988
map_output_yaml: /challenge/results/20260908_060029/map.yaml
map_yaml: /challenge/maps/2/room.yaml
min_coverage_required: 0.8
results_path: /challenge/results/20260908_060029/report.yaml
return_tolerance_m: 0.3
seed: 0
success: false
time_scale: 4.0
timed_out: true
Shutting down...
[ERROR] [sim_node-1]: process has died [pid 24211, exit code -9, cmd '/challenge/ws/install/challenge_sim/lib/challenge_sim/sim_node --ros-args -r __node:=challenge_sim_node --params-file /tmp/launch_params_6x9lt_7h'].
[ERROR] [async_slam_toolbox_node-2]: process has died [pid 24213, exit code -9, cmd '/opt/ros/humble/lib/slam_toolbox/async_slam_toolbox_node --ros-args -r __node:=slam_toolbox --params-file /challenge/ws/install/challenge_sim/share/challenge_sim/config/slam_toolbox_params.yaml --params-file /tmp/launch_params_mkskx43t'].
[ERROR] [controller_server-3]: process has died [pid 24215, exit code -9, cmd '/opt/ros/humble/lib/nav2_controller/controller_server --ros-args --log-level info --ros-args --params-file /tmp/launch_params_9pbi79bj -r /tf:=tf -r /tf_static:=tf_static -r cmd_vel:=cmd_vel_nav'].
[ERROR] [smoother_server-4]: process has died [pid 24217, exit code -9, cmd '/opt/ros/humble/lib/nav2_smoother/smoother_server --ros-args --log-level info --ros-args -r __node:=smoother_server --params-file /tmp/launch_params_9pbi79bj -r /tf:=tf -r /tf_static:=tf_static'].
[ERROR] [behavior_server-6]: process has died [pid 24221, exit code -9, cmd '/opt/ros/humble/lib/nav2_behaviors/behavior_server --ros-args --log-level info --ros-args -r __node:=behavior_server --params-file /tmp/launch_params_9pbi79bj -r /tf:=tf -r /tf_static:=tf_static'].
[ERROR] [planner_server-5]: process has died [pid 24219, exit code -9, cmd '/opt/ros/humble/lib/nav2_planner/planner_server --ros-args --log-level info --ros-args -r __node:=planner_server --params-file /tmp/launch_params_9pbi79bj -r /tf:=tf -r /tf_static:=tf_static'].
[ERROR] [bt_navigator-7]: process has died [pid 24223, exit code -9, cmd '/opt/ros/humble/lib/nav2_bt_navigator/bt_navigator --ros-args --log-level info --ros-args -r __node:=bt_navigator --params-file /tmp/launch_params_9pbi79bj -r /tf:=tf -r /tf_static:=tf_static'].
[ERROR] [waypoint_follower-8]: process has died [pid 24225, exit code -9, cmd '/opt/ros/humble/lib/nav2_waypoint_follower/waypoint_follower --ros-args --log-level info --ros-args -r __node:=waypoint_follower --params-file /tmp/launch_params_9pbi79bj -r /tf:=tf -r /tf_static:=tf_static'].
[ERROR] [velocity_smoother-9]: process has died [pid 24227, exit code -9, cmd '/opt/ros/humble/lib/nav2_velocity_smoother/velocity_smoother --ros-args --log-level info --ros-args -r __node:=velocity_smoother --params-file /tmp/launch_params_9pbi79bj -r /tf:=tf -r /tf_static:=tf_static -r cmd_vel:=cmd_vel_nav -r cmd_vel_smoothed:=cmd_vel'].
/challenge/eval_runner.sh: line 40: 24209 Killed                  ros2 launch challenge_sim challenge.launch.py map_yaml:="$MAP_YAML" seed:="$SEED" time_limit_s:="$TIME_LIMIT" time_scale:="$TIME_SCALE" results_path:="$RESULTS_PATH" rviz:="$RVIZ"
