Launching sim + slam_toolbox + Nav2 (map: /challenge/maps/1/room.yaml, seed: 0, time_scale: 4.0x)...
Waiting for bringup...
[INFO] [launch]: All log files can be found below /root/.ros/log/2026-09-08-04-33-13-542188-orbstack-5171
[INFO] [launch]: Default logging verbosity is set to INFO
[INFO] [sim_node-1]: process started with pid [5173]
[INFO] [async_slam_toolbox_node-2]: process started with pid [5175]
[INFO] [controller_server-3]: process started with pid [5177]
[INFO] [smoother_server-4]: process started with pid [5179]
[INFO] [planner_server-5]: process started with pid [5181]
[INFO] [behavior_server-6]: process started with pid [5183]
[INFO] [bt_navigator-7]: process started with pid [5185]
[INFO] [waypoint_follower-8]: process started with pid [5187]
[INFO] [velocity_smoother-9]: process started with pid [5189]
[INFO] [lifecycle_manager-10]: process started with pid [5191]
[velocity_smoother-9] [INFO] [1788841993.664172984] [velocity_smoother]: 
[velocity_smoother-9] 	velocity_smoother lifecycle node launched. 
[velocity_smoother-9] 	Waiting on external lifecycle transitions to activate
[velocity_smoother-9] 	See https://design.ros2.org/articles/node_lifecycle.html for more information.
[smoother_server-4] [INFO] [1788841993.665312786] [smoother_server]: 
[smoother_server-4] 	smoother_server lifecycle node launched. 
[smoother_server-4] 	Waiting on external lifecycle transitions to activate
[smoother_server-4] 	See https://design.ros2.org/articles/node_lifecycle.html for more information.
[smoother_server-4] [INFO] [1788841993.667676974] [smoother_server]: Creating smoother server
[behavior_server-6] [INFO] [1788841993.667710807] [behavior_server]: 
[behavior_server-6] 	behavior_server lifecycle node launched. 
[behavior_server-6] 	Waiting on external lifecycle transitions to activate
[behavior_server-6] 	See https://design.ros2.org/articles/node_lifecycle.html for more information.
[controller_server-3] [INFO] [1788841993.667919476] [controller_server]: 
[controller_server-3] 	controller_server lifecycle node launched. 
[controller_server-3] 	Waiting on external lifecycle transitions to activate
[controller_server-3] 	See https://design.ros2.org/articles/node_lifecycle.html for more information.
[controller_server-3] [INFO] [1788841993.671501007] [controller_server]: Creating controller server
[planner_server-5] [INFO] [1788841993.673532734] [planner_server]: 
[planner_server-5] 	planner_server lifecycle node launched. 
[planner_server-5] 	Waiting on external lifecycle transitions to activate
[planner_server-5] 	See https://design.ros2.org/articles/node_lifecycle.html for more information.
[planner_server-5] [INFO] [1788841993.674599910] [planner_server]: Creating
[bt_navigator-7] [INFO] [1788841993.675303333] [bt_navigator]: 
[bt_navigator-7] 	bt_navigator lifecycle node launched. 
[bt_navigator-7] 	Waiting on external lifecycle transitions to activate
[bt_navigator-7] 	See https://design.ros2.org/articles/node_lifecycle.html for more information.
[bt_navigator-7] [INFO] [1788841993.675396792] [bt_navigator]: Creating
[async_slam_toolbox_node-2] [INFO] [1788841993.677895939] [slam_toolbox]: Node using stack size 40000000
[waypoint_follower-8] [INFO] [1788841993.679581412] [waypoint_follower]: 
[waypoint_follower-8] 	waypoint_follower lifecycle node launched. 
[waypoint_follower-8] 	Waiting on external lifecycle transitions to activate
[waypoint_follower-8] 	See https://design.ros2.org/articles/node_lifecycle.html for more information.
[waypoint_follower-8] [INFO] [1788841993.679978249] [waypoint_follower]: Creating
[lifecycle_manager-10] [INFO] [1788841993.681602139] [lifecycle_manager_navigation]: Creating
[lifecycle_manager-10] [INFO] [1788841993.685436923] [lifecycle_manager_navigation]: [34m[1mCreating and initializing lifecycle service clients[0m[0m
[planner_server-5] [INFO] [1788841993.691790687] [global_costmap.global_costmap]: 
[planner_server-5] 	global_costmap lifecycle node launched. 
[planner_server-5] 	Waiting on external lifecycle transitions to activate
[planner_server-5] 	See https://design.ros2.org/articles/node_lifecycle.html for more information.
[planner_server-5] [INFO] [1788841993.692414401] [global_costmap.global_costmap]: Creating Costmap
[controller_server-3] [INFO] [1788841993.693615620] [local_costmap.local_costmap]: 
[controller_server-3] 	local_costmap lifecycle node launched. 
[controller_server-3] 	Waiting on external lifecycle transitions to activate
[controller_server-3] 	See https://design.ros2.org/articles/node_lifecycle.html for more information.
[controller_server-3] [INFO] [1788841993.694195625] [local_costmap.local_costmap]: Creating Costmap
[lifecycle_manager-10] [INFO] [1788841993.705144764] [lifecycle_manager_navigation]: [34m[1mStarting managed nodes bringup...[0m[0m
[lifecycle_manager-10] [INFO] [1788841993.705202223] [lifecycle_manager_navigation]: [34m[1mConfiguring controller_server[0m[0m
[controller_server-3] [INFO] [1788841993.705420725] [controller_server]: Configuring controller interface
[controller_server-3] [INFO] [1788841993.706017855] [controller_server]: getting goal checker plugins..
[controller_server-3] [INFO] [1788841993.706184815] [controller_server]: Controller frequency set to 20.0000Hz
[controller_server-3] [INFO] [1788841993.706222940] [local_costmap.local_costmap]: Configuring
[controller_server-3] [INFO] [1788841993.713721215] [local_costmap.local_costmap]: Using plugin "obstacle_layer"
[async_slam_toolbox_node-2] [INFO] [1788841993.715862109] [slam_toolbox]: Using solver plugin solver_plugins::CeresSolver
[async_slam_toolbox_node-2] [INFO] [1788841993.716546823] [slam_toolbox]: CeresSolver: Using SCHUR_JACOBI preconditioner.
[controller_server-3] [INFO] [1788841993.717684583] [local_costmap.local_costmap]: Subscribed to Topics: scan
[controller_server-3] [INFO] [1788841993.721521201] [local_costmap.local_costmap]: Initialized plugin "obstacle_layer"
[controller_server-3] [INFO] [1788841993.721537743] [local_costmap.local_costmap]: Using plugin "inflation_layer"
[controller_server-3] [INFO] [1788841993.722393959] [local_costmap.local_costmap]: Initialized plugin "inflation_layer"
[controller_server-3] [INFO] [1788841993.728744931] [controller_server]: Created progress_checker : progress_checker of type nav2_controller::SimpleProgressChecker
[controller_server-3] [INFO] [1788841993.729544647] [controller_server]: Created goal checker : general_goal_checker of type nav2_controller::SimpleGoalChecker
[controller_server-3] [INFO] [1788841993.730160111] [controller_server]: Controller Server has general_goal_checker  goal checkers available.
[controller_server-3] [INFO] [1788841993.731677791] [controller_server]: Created controller : FollowPath of type dwb_core::DWBLocalPlanner
[controller_server-3] [INFO] [1788841993.732967386] [controller_server]: Setting transform_tolerance to 0.200000
[controller_server-3] [INFO] [1788841993.738872855] [controller_server]: Using critic "RotateToGoal" (dwb_critics::RotateToGoalCritic)
[controller_server-3] [INFO] [1788841993.739304983] [controller_server]: Critic plugin initialized
[controller_server-3] [INFO] [1788841993.739391067] [controller_server]: Using critic "Oscillation" (dwb_critics::OscillationCritic)
[controller_server-3] [INFO] [1788841993.739817488] [controller_server]: Critic plugin initialized
[controller_server-3] [INFO] [1788841993.739918406] [controller_server]: Using critic "BaseObstacle" (dwb_critics::BaseObstacleCritic)
[controller_server-3] [INFO] [1788841993.740076449] [controller_server]: Critic plugin initialized
[controller_server-3] [INFO] [1788841993.740209450] [controller_server]: Using critic "GoalAlign" (dwb_critics::GoalAlignCritic)
[controller_server-3] [INFO] [1788841993.740556828] [controller_server]: Critic plugin initialized
[controller_server-3] [INFO] [1788841993.740662829] [controller_server]: Using critic "PathAlign" (dwb_critics::PathAlignCritic)
[controller_server-3] [INFO] [1788841993.740984457] [controller_server]: Critic plugin initialized
[controller_server-3] [INFO] [1788841993.741106583] [controller_server]: Using critic "PathDist" (dwb_critics::PathDistCritic)
[controller_server-3] [INFO] [1788841993.741379918] [controller_server]: Critic plugin initialized
[controller_server-3] [INFO] [1788841993.741457294] [controller_server]: Using critic "GoalDist" (dwb_critics::GoalDistCritic)
[controller_server-3] [INFO] [1788841993.741652129] [controller_server]: Critic plugin initialized
[controller_server-3] [INFO] [1788841993.741661296] [controller_server]: Controller Server has FollowPath  controllers available.
[lifecycle_manager-10] [INFO] [1788841993.746884301] [lifecycle_manager_navigation]: [34m[1mConfiguring smoother_server[0m[0m
[smoother_server-4] [INFO] [1788841993.747263429] [smoother_server]: Configuring smoother server
[smoother_server-4] [INFO] [1788841993.752848437] [smoother_server]: Created smoother : simple_smoother of type nav2_smoother::SimpleSmoother
[smoother_server-4] [INFO] [1788841993.753944905] [smoother_server]: Smoother Server has simple_smoother  smoothers available.
[lifecycle_manager-10] [INFO] [1788841993.757950982] [lifecycle_manager_navigation]: [34m[1mConfiguring planner_server[0m[0m
[planner_server-5] [INFO] [1788841993.758312944] [planner_server]: Configuring
[planner_server-5] [INFO] [1788841993.758339527] [global_costmap.global_costmap]: Configuring
[planner_server-5] [INFO] [1788841993.762310271] [global_costmap.global_costmap]: Using plugin "static_layer"
[planner_server-5] [INFO] [1788841993.767733569] [global_costmap.global_costmap]: Subscribing to the map topic (/map) with transient local durability
[planner_server-5] [INFO] [1788841993.768356074] [global_costmap.global_costmap]: Initialized plugin "static_layer"
[planner_server-5] [INFO] [1788841993.768367616] [global_costmap.global_costmap]: Using plugin "obstacle_layer"
[planner_server-5] [INFO] [1788841993.768754953] [global_costmap.global_costmap]: Subscribed to Topics: scan
[planner_server-5] [INFO] [1788841993.777000568] [global_costmap.global_costmap]: Initialized plugin "obstacle_layer"
[planner_server-5] [INFO] [1788841993.777030318] [global_costmap.global_costmap]: Using plugin "inflation_layer"
[planner_server-5] [INFO] [1788841993.778867751] [global_costmap.global_costmap]: Initialized plugin "inflation_layer"
[planner_server-5] [INFO] [1788841993.792027326] [planner_server]: Created global planner plugin GridBased of type nav2_navfn_planner/NavfnPlanner
[planner_server-5] [INFO] [1788841993.792051659] [planner_server]: Configuring plugin GridBased of type NavfnPlanner
[planner_server-5] [INFO] [1788841993.792668498] [planner_server]: Planner Server has GridBased  planners available.
[lifecycle_manager-10] [INFO] [1788841993.803121966] [lifecycle_manager_navigation]: [34m[1mConfiguring behavior_server[0m[0m
[behavior_server-6] [INFO] [1788841993.803646220] [behavior_server]: Configuring
[behavior_server-6] [INFO] [1788841993.811033869] [behavior_server]: Creating behavior plugin spin of type nav2_behaviors/Spin
[behavior_server-6] [INFO] [1788841993.811613833] [behavior_server]: Configuring spin
[behavior_server-6] [INFO] [1788841993.815662244] [behavior_server]: Creating behavior plugin backup of type nav2_behaviors/BackUp
[behavior_server-6] [INFO] [1788841993.816081164] [behavior_server]: Configuring backup
[behavior_server-6] [INFO] [1788841993.820409661] [behavior_server]: Creating behavior plugin drive_on_heading of type nav2_behaviors/DriveOnHeading
[behavior_server-6] [INFO] [1788841993.821493420] [behavior_server]: Configuring drive_on_heading
[behavior_server-6] [INFO] [1788841993.825865834] [behavior_server]: Creating behavior plugin assisted_teleop of type nav2_behaviors/AssistedTeleop
[behavior_server-6] [INFO] [1788841993.827326222] [behavior_server]: Configuring assisted_teleop
[behavior_server-6] [INFO] [1788841993.831158548] [behavior_server]: Creating behavior plugin wait of type nav2_behaviors/Wait
[behavior_server-6] [INFO] [1788841993.831690761] [behavior_server]: Configuring wait
[lifecycle_manager-10] [INFO] [1788841993.833920030] [lifecycle_manager_navigation]: [34m[1mConfiguring bt_navigator[0m[0m
[bt_navigator-7] [INFO] [1788841993.834129324] [bt_navigator]: Configuring
[lifecycle_manager-10] [INFO] [1788841993.881751621] [lifecycle_manager_navigation]: [34m[1mConfiguring waypoint_follower[0m[0m
[waypoint_follower-8] [INFO] [1788841993.881914164] [waypoint_follower]: Configuring
[waypoint_follower-8] [INFO] [1788841993.890630158] [waypoint_follower]: Created waypoint_task_executor : wait_at_waypoint of type nav2_waypoint_follower::WaitAtWaypoint
[lifecycle_manager-10] [INFO] [1788841993.891150079] [lifecycle_manager_navigation]: [34m[1mConfiguring velocity_smoother[0m[0m
[velocity_smoother-9] [INFO] [1788841993.891465499] [velocity_smoother]: Configuring velocity smoother
[lifecycle_manager-10] [INFO] [1788841993.894984822] [lifecycle_manager_navigation]: [34m[1mActivating controller_server[0m[0m
[controller_server-3] [INFO] [1788841993.895108156] [controller_server]: Activating
[controller_server-3] [INFO] [1788841993.895134156] [local_costmap.local_costmap]: Activating
[controller_server-3] [INFO] [1788841993.895144865] [local_costmap.local_costmap]: Checking transform
[controller_server-3] [INFO] [1788841993.895162573] [local_costmap.local_costmap]: Timed out waiting for transform from base_link to odom to become available, tf error: Invalid frame ID "odom" passed to canTransform argument target_frame - frame does not exist
[controller_server-3] [INFO] [1788841994.405244886] [local_costmap.local_costmap]: Timed out waiting for transform from base_link to odom to become available, tf error: Invalid frame ID "odom" passed to canTransform argument target_frame - frame does not exist
[sim_node-1] [INFO] [1788841994.586281366] [challenge_sim_node]: Loaded /challenge/maps/1/room.yaml — spawned at world (12.43, -3.13); 342114 reachable free cells. time_scale=4.0x
[async_slam_toolbox_node-2] [WARN] [1788841994.701301718] [slam_toolbox]: minimum laser range setting (0.0 m) exceeds the capabilities of the used Lidar (0.1 m)
[async_slam_toolbox_node-2] Info: clipped range threshold to be within minimum and maximum range!
[async_slam_toolbox_node-2] Registering sensor: [Custom Described Lidar]
[controller_server-3] [INFO] [1788841994.896603574] [local_costmap.local_costmap]: start
[controller_server-3] [INFO] [1788841995.147424589] [controller_server]: Creating bond (controller_server) to lifecycle manager.
[lifecycle_manager-10] [INFO] [1788841995.261380808] [lifecycle_manager_navigation]: Server controller_server connected with bond.
[lifecycle_manager-10] [INFO] [1788841995.261426100] [lifecycle_manager_navigation]: [34m[1mActivating smoother_server[0m[0m
[smoother_server-4] [INFO] [1788841995.261640393] [smoother_server]: Activating
[smoother_server-4] [INFO] [1788841995.261677769] [smoother_server]: Creating bond (smoother_server) to lifecycle manager.
[lifecycle_manager-10] [INFO] [1788841995.376502203] [lifecycle_manager_navigation]: Server smoother_server connected with bond.
[lifecycle_manager-10] [INFO] [1788841995.376532870] [lifecycle_manager_navigation]: [34m[1mActivating planner_server[0m[0m
[planner_server-5] [INFO] [1788841995.376681455] [planner_server]: Activating
[planner_server-5] [INFO] [1788841995.376711288] [global_costmap.global_costmap]: Activating
[planner_server-5] [INFO] [1788841995.376719497] [global_costmap.global_costmap]: Checking transform
[planner_server-5] [INFO] [1788841995.376791664] [global_costmap.global_costmap]: start
[planner_server-5] [INFO] [1788841995.727694941] [global_costmap.global_costmap]: StaticLayer: Resizing costmap to 391 X 399 at 0.015000 m/pix
[planner_server-5] [INFO] [1788841996.430503420] [planner_server]: Activating plugin GridBased of type NavfnPlanner
[planner_server-5] [INFO] [1788841996.431097050] [planner_server]: Creating bond (planner_server) to lifecycle manager.
[lifecycle_manager-10] [INFO] [1788841996.534179797] [lifecycle_manager_navigation]: Server planner_server connected with bond.
[lifecycle_manager-10] [INFO] [1788841996.534208589] [lifecycle_manager_navigation]: [34m[1mActivating behavior_server[0m[0m
[behavior_server-6] [INFO] [1788841996.534378466] [behavior_server]: Activating
[behavior_server-6] [INFO] [1788841996.534397216] [behavior_server]: Activating spin
[behavior_server-6] [INFO] [1788841996.534404508] [behavior_server]: Activating backup
[behavior_server-6] [INFO] [1788841996.534414383] [behavior_server]: Activating drive_on_heading
[behavior_server-6] [INFO] [1788841996.534424008] [behavior_server]: Activating assisted_teleop
[behavior_server-6] [INFO] [1788841996.534432925] [behavior_server]: Activating wait
[behavior_server-6] [INFO] [1788841996.534448341] [behavior_server]: Creating bond (behavior_server) to lifecycle manager.
[lifecycle_manager-10] [INFO] [1788841996.647519552] [lifecycle_manager_navigation]: Server behavior_server connected with bond.
[lifecycle_manager-10] [INFO] [1788841996.647552177] [lifecycle_manager_navigation]: [34m[1mActivating bt_navigator[0m[0m
[bt_navigator-7] [INFO] [1788841996.647716595] [bt_navigator]: Activating
[bt_navigator-7] [INFO] [1788841996.676898187] [bt_navigator]: Creating bond (bt_navigator) to lifecycle manager.
[lifecycle_manager-10] [INFO] [1788841996.789817813] [lifecycle_manager_navigation]: Server bt_navigator connected with bond.
[lifecycle_manager-10] [INFO] [1788841996.789847938] [lifecycle_manager_navigation]: [34m[1mActivating waypoint_follower[0m[0m
[waypoint_follower-8] [INFO] [1788841996.790045857] [waypoint_follower]: Activating
[waypoint_follower-8] [INFO] [1788841996.790082274] [waypoint_follower]: Creating bond (waypoint_follower) to lifecycle manager.
[lifecycle_manager-10] [INFO] [1788841996.902676230] [lifecycle_manager_navigation]: Server waypoint_follower connected with bond.
[lifecycle_manager-10] [INFO] [1788841996.902734814] [lifecycle_manager_navigation]: [34m[1mActivating velocity_smoother[0m[0m
[velocity_smoother-9] [INFO] [1788841996.902986941] [velocity_smoother]: Activating
[velocity_smoother-9] [INFO] [1788841996.903028025] [velocity_smoother]: Creating bond (velocity_smoother) to lifecycle manager.
[lifecycle_manager-10] [INFO] [1788841997.005999813] [lifecycle_manager_navigation]: Server velocity_smoother connected with bond.
[lifecycle_manager-10] [INFO] [1788841997.006030855] [lifecycle_manager_navigation]: [34m[1mManaged nodes are active[0m[0m
[lifecycle_manager-10] [INFO] [1788841997.006036855] [lifecycle_manager_navigation]: [34m[1mCreating bond timer...[0m[0m
Starting your explorer node...
Running. Waiting for /challenge/results/20260908_043313/report.yaml to appear (or Ctrl-C to stop)...
[INFO] [1788842023.863305289] [candidate_explorer]: Got first /map.
[INFO] [1788842024.108603754] [candidate_explorer]: Detected 124 frontier cells
[INFO] [1788842024.109922349] [candidate_explorer]: Found 1 frontier clusters after filtering
[WARN] [1788842024.110186102] [candidate_explorer]: Frontier clusters exist, but none have a usable goal point.
[WARN] [1788842024.110462354] [candidate_explorer]: Frontier clusters exist but have no usable goal. Trying recovery direction 1/8 before checking again.
[INFO] [1788842024.110731065] [candidate_explorer]: Recovery move 1/8: forward, 0.8 m -> (0.40, 0.00)
[bt_navigator-7] [INFO] [1788842024.111716865] [bt_navigator]: Begin navigating from current location (0.00, 0.00) to (0.40, 0.00)
[planner_server-5] [ERROR] [1788842024.116360532] [planner_server]: worldToMap failed: mx,my: 391,1, size_x,size_y: 391,399
[planner_server-5] [ERROR] [1788842024.116417949] [planner_server]: worldToMap failed: mx,my: 392,1, size_x,size_y: 391,399
[planner_server-5] [ERROR] [1788842024.116425240] [planner_server]: worldToMap failed: mx,my: 393,1, size_x,size_y: 391,399
[planner_server-5] [ERROR] [1788842024.116428990] [planner_server]: worldToMap failed: mx,my: 394,1, size_x,size_y: 391,399
[planner_server-5] [ERROR] [1788842024.116432532] [planner_server]: worldToMap failed: mx,my: 395,1, size_x,size_y: 391,399
[planner_server-5] [ERROR] [1788842024.116435866] [planner_server]: worldToMap failed: mx,my: 396,1, size_x,size_y: 391,399
[planner_server-5] [ERROR] [1788842024.116439241] [planner_server]: worldToMap failed: mx,my: 397,1, size_x,size_y: 391,399
[planner_server-5] [ERROR] [1788842024.116442616] [planner_server]: worldToMap failed: mx,my: 398,1, size_x,size_y: 391,399
[planner_server-5] [ERROR] [1788842024.116445824] [planner_server]: worldToMap failed: mx,my: 399,1, size_x,size_y: 391,399
[planner_server-5] [ERROR] [1788842024.116449074] [planner_server]: worldToMap failed: mx,my: 400,1, size_x,size_y: 391,399
[planner_server-5] [ERROR] [1788842024.116452241] [planner_server]: worldToMap failed: mx,my: 401,1, size_x,size_y: 391,399
[planner_server-5] [ERROR] [1788842024.116455199] [planner_server]: worldToMap failed: mx,my: 402,1, size_x,size_y: 391,399
[planner_server-5] [ERROR] [1788842024.116458407] [planner_server]: worldToMap failed: mx,my: 403,1, size_x,size_y: 391,399
[planner_server-5] [ERROR] [1788842024.116461449] [planner_server]: worldToMap failed: mx,my: 404,1, size_x,size_y: 391,399
[planner_server-5] [ERROR] [1788842024.116464574] [planner_server]: worldToMap failed: mx,my: 405,1, size_x,size_y: 391,399
[planner_server-5] [ERROR] [1788842024.116467491] [planner_server]: worldToMap failed: mx,my: 406,1, size_x,size_y: 391,399
[planner_server-5] [ERROR] [1788842024.116473574] [planner_server]: worldToMap failed: mx,my: 407,1, size_x,size_y: 391,399
[planner_server-5] [ERROR] [1788842024.116478533] [planner_server]: worldToMap failed: mx,my: 408,1, size_x,size_y: 391,399
[planner_server-5] [ERROR] [1788842024.116481991] [planner_server]: worldToMap failed: mx,my: 409,1, size_x,size_y: 391,399
[planner_server-5] [ERROR] [1788842024.116485158] [planner_server]: worldToMap failed: mx,my: 410,1, size_x,size_y: 391,399
[planner_server-5] [ERROR] [1788842024.116488449] [planner_server]: worldToMap failed: mx,my: 411,1, size_x,size_y: 391,399
[planner_server-5] [ERROR] [1788842024.116491658] [planner_server]: worldToMap failed: mx,my: 412,1, size_x,size_y: 391,399
[planner_server-5] [ERROR] [1788842024.116494824] [planner_server]: worldToMap failed: mx,my: 413,1, size_x,size_y: 391,399
[planner_server-5] [ERROR] [1788842024.116498116] [planner_server]: worldToMap failed: mx,my: 414,1, size_x,size_y: 391,399
[planner_server-5] [ERROR] [1788842024.116501158] [planner_server]: worldToMap failed: mx,my: 415,1, size_x,size_y: 391,399
[planner_server-5] [ERROR] [1788842024.116504199] [planner_server]: worldToMap failed: mx,my: 416,1, size_x,size_y: 391,399
[planner_server-5] [ERROR] [1788842024.116507158] [planner_server]: worldToMap failed: mx,my: 417,1, size_x,size_y: 391,399
[planner_server-5] [ERROR] [1788842024.116510283] [planner_server]: worldToMap failed: mx,my: 418,1, size_x,size_y: 391,399
[planner_server-5] [ERROR] [1788842024.116513325] [planner_server]: worldToMap failed: mx,my: 419,1, size_x,size_y: 391,399
[planner_server-5] [ERROR] [1788842024.116516283] [planner_server]: worldToMap failed: mx,my: 420,1, size_x,size_y: 391,399
[planner_server-5] [ERROR] [1788842024.116519158] [planner_server]: worldToMap failed: mx,my: 421,1, size_x,size_y: 391,399
[planner_server-5] [ERROR] [1788842024.116522075] [planner_server]: worldToMap failed: mx,my: 422,1, size_x,size_y: 391,399
[planner_server-5] [ERROR] [1788842024.116524991] [planner_server]: worldToMap failed: mx,my: 423,1, size_x,size_y: 391,399
[planner_server-5] [ERROR] [1788842024.116529033] [planner_server]: worldToMap failed: mx,my: 391,2, size_x,size_y: 391,399
[planner_server-5] [ERROR] [1788842024.116532450] [planner_server]: worldToMap failed: mx,my: 392,2, size_x,size_y: 391,399
[planner_server-5] [ERROR] [1788842024.116535408] [planner_server]: worldToMap failed: mx,my: 393,2, size_x,size_y: 391,399
[planner_server-5] [ERROR] [1788842024.116538491] [planner_server]: worldToMap failed: mx,my: 394,2, size_x,size_y: 391,399
[planner_server-5] [ERROR] [1788842024.116541533] [planner_server]: worldToMap failed: mx,my: 395,2, size_x,size_y: 391,399
[planner_server-5] [ERROR] [1788842024.116544533] [planner_server]: worldToMap failed: mx,my: 396,2, size_x,size_y: 391,399
[planner_server-5] [ERROR] [1788842024.116547408] [planner_server]: worldToMap failed: mx,my: 397,2, size_x,size_y: 391,399
[planner_server-5] [ERROR] [1788842024.116550325] [planner_server]: worldToMap failed: mx,my: 398,2, size_x,size_y: 391,399
[planner_server-5] [ERROR] [1788842024.116553242] [planner_server]: worldToMap failed: mx,my: 399,2, size_x,size_y: 391,399
[planner_server-5] [ERROR] [1788842024.116556283] [planner_server]: worldToMap failed: mx,my: 400,2, size_x,size_y: 391,399
[planner_server-5] [ERROR] [1788842024.116559242] [planner_server]: worldToMap failed: mx,my: 401,2, size_x,size_y: 391,399
[planner_server-5] [ERROR] [1788842024.116562408] [planner_server]: worldToMap failed: mx,my: 402,2, size_x,size_y: 391,399
[planner_server-5] [ERROR] [1788842024.116565367] [planner_server]: worldToMap failed: mx,my: 403,2, size_x,size_y: 391,399
[planner_server-5] [ERROR] [1788842024.116568283] [planner_server]: worldToMap failed: mx,my: 404,2, size_x,size_y: 391,399
[planner_server-5] [ERROR] [1788842024.116571242] [planner_server]: worldToMap failed: mx,my: 405,2, size_x,size_y: 391,399
[planner_server-5] [ERROR] [1788842024.116574325] [planner_server]: worldToMap failed: mx,my: 406,2, size_x,size_y: 391,399
[planner_server-5] [ERROR] [1788842024.116577450] [planner_server]: worldToMap failed: mx,my: 407,2, size_x,size_y: 391,399
[planner_server-5] [ERROR] [1788842024.116580617] [planner_server]: worldToMap failed: mx,my: 408,2, size_x,size_y: 391,399
[planner_server-5] [ERROR] [1788842024.116583575] [planner_server]: worldToMap failed: mx,my: 409,2, size_x,size_y: 391,399
[planner_server-5] [ERROR] [1788842024.116586700] [planner_server]: worldToMap failed: mx,my: 410,2, size_x,size_y: 391,399
[planner_server-5] [ERROR] [1788842024.116589825] [planner_server]: worldToMap failed: mx,my: 411,2, size_x,size_y: 391,399
[planner_server-5] [ERROR] [1788842024.116592784] [planner_server]: worldToMap failed: mx,my: 412,2, size_x,size_y: 391,399
[planner_server-5] [ERROR] [1788842024.116597200] [planner_server]: worldToMap failed: mx,my: 413,2, size_x,size_y: 391,399
[planner_server-5] [ERROR] [1788842024.116601075] [planner_server]: worldToMap failed: mx,my: 414,2, size_x,size_y: 391,399
[planner_server-5] [ERROR] [1788842024.116604075] [planner_server]: worldToMap failed: mx,my: 415,2, size_x,size_y: 391,399
[planner_server-5] [ERROR] [1788842024.116607034] [planner_server]: worldToMap failed: mx,my: 416,2, size_x,size_y: 391,399
[planner_server-5] [ERROR] [1788842024.116609992] [planner_server]: worldToMap failed: mx,my: 417,2, size_x,size_y: 391,399
[planner_server-5] [ERROR] [1788842024.116613200] [planner_server]: worldToMap failed: mx,my: 418,2, size_x,size_y: 391,399
[planner_server-5] [ERROR] [1788842024.116616159] [planner_server]: worldToMap failed: mx,my: 419,2, size_x,size_y: 391,399
[planner_server-5] [ERROR] [1788842024.116619159] [planner_server]: worldToMap failed: mx,my: 420,2, size_x,size_y: 391,399
[planner_server-5] [ERROR] [1788842024.116622076] [planner_server]: worldToMap failed: mx,my: 421,2, size_x,size_y: 391,399
[planner_server-5] [ERROR] [1788842024.116624992] [planner_server]: worldToMap failed: mx,my: 422,2, size_x,size_y: 391,399
[planner_server-5] [ERROR] [1788842024.116627909] [planner_server]: worldToMap failed: mx,my: 423,2, size_x,size_y: 391,399
[planner_server-5] [ERROR] [1788842024.116631284] [planner_server]: worldToMap failed: mx,my: 391,3, size_x,size_y: 391,399
[planner_server-5] [ERROR] [1788842024.116634242] [planner_server]: worldToMap failed: mx,my: 392,3, size_x,size_y: 391,399
[planner_server-5] [ERROR] [1788842024.116637159] [planner_server]: worldToMap failed: mx,my: 393,3, size_x,size_y: 391,399
[planner_server-5] [ERROR] [1788842024.116640076] [planner_server]: worldToMap failed: mx,my: 394,3, size_x,size_y: 391,399
[planner_server-5] [ERROR] [1788842024.116642992] [planner_server]: worldToMap failed: mx,my: 395,3, size_x,size_y: 391,399
[planner_server-5] [ERROR] [1788842024.116645909] [planner_server]: worldToMap failed: mx,my: 396,3, size_x,size_y: 391,399
[planner_server-5] [ERROR] [1788842024.116648951] [planner_server]: worldToMap failed: mx,my: 397,3, size_x,size_y: 391,399
[planner_server-5] [ERROR] [1788842024.116651867] [planner_server]: worldToMap failed: mx,my: 398,3, size_x,size_y: 391,399
[planner_server-5] [ERROR] [1788842024.116654701] [planner_server]: worldToMap failed: mx,my: 399,3, size_x,size_y: 391,399
[planner_server-5] [ERROR] [1788842024.116657659] [planner_server]: worldToMap failed: mx,my: 400,3, size_x,size_y: 391,399
[planner_server-5] [ERROR] [1788842024.116660659] [planner_server]: worldToMap failed: mx,my: 401,3, size_x,size_y: 391,399
[planner_server-5] [ERROR] [1788842024.116663534] [planner_server]: worldToMap failed: mx,my: 402,3, size_x,size_y: 391,399
[planner_server-5] [ERROR] [1788842024.116666451] [planner_server]: worldToMap failed: mx,my: 403,3, size_x,size_y: 391,399
[planner_server-5] [ERROR] [1788842024.116669409] [planner_server]: worldToMap failed: mx,my: 404,3, size_x,size_y: 391,399
[planner_server-5] [ERROR] [1788842024.116672284] [planner_server]: worldToMap failed: mx,my: 405,3, size_x,size_y: 391,399
[planner_server-5] [ERROR] [1788842024.116675201] [planner_server]: worldToMap failed: mx,my: 406,3, size_x,size_y: 391,399
[planner_server-5] [ERROR] [1788842024.116678076] [planner_server]: worldToMap failed: mx,my: 407,3, size_x,size_y: 391,399
[planner_server-5] [ERROR] [1788842024.116681034] [planner_server]: worldToMap failed: mx,my: 408,3, size_x,size_y: 391,399
[planner_server-5] [ERROR] [1788842024.116683993] [planner_server]: worldToMap failed: mx,my: 409,3, size_x,size_y: 391,399
[planner_server-5] [ERROR] [1788842024.116686909] [planner_server]: worldToMap failed: mx,my: 410,3, size_x,size_y: 391,399
[planner_server-5] [ERROR] [1788842024.116689826] [planner_server]: worldToMap failed: mx,my: 411,3, size_x,size_y: 391,399
[planner_server-5] [ERROR] [1788842024.116692784] [planner_server]: worldToMap failed: mx,my: 412,3, size_x,size_y: 391,399
[planner_server-5] [ERROR] [1788842024.116696118] [planner_server]: worldToMap failed: mx,my: 413,3, size_x,size_y: 391,399
[planner_server-5] [ERROR] [1788842024.116699118] [planner_server]: worldToMap failed: mx,my: 414,3, size_x,size_y: 391,399
[planner_server-5] [ERROR] [1788842024.116702035] [planner_server]: worldToMap failed: mx,my: 415,3, size_x,size_y: 391,399
[planner_server-5] [ERROR] [1788842024.116704993] [planner_server]: worldToMap failed: mx,my: 416,3, size_x,size_y: 391,399
[planner_server-5] [ERROR] [1788842024.116707951] [planner_server]: worldToMap failed: mx,my: 417,3, size_x,size_y: 391,399
[planner_server-5] [ERROR] [1788842024.116710910] [planner_server]: worldToMap failed: mx,my: 418,3, size_x,size_y: 391,399
[planner_server-5] [ERROR] [1788842024.116714993] [planner_server]: worldToMap failed: mx,my: 419,3, size_x,size_y: 391,399
[planner_server-5] [ERROR] [1788842024.116718618] [planner_server]: worldToMap failed: mx,my: 420,3, size_x,size_y: 391,399
[planner_server-5] [ERROR] [1788842024.116721660] [planner_server]: worldToMap failed: mx,my: 421,3, size_x,size_y: 391,399
[planner_server-5] [ERROR] [1788842024.116724618] [planner_server]: worldToMap failed: mx,my: 422,3, size_x,size_y: 391,399
[planner_server-5] [ERROR] [1788842024.116727618] [planner_server]: worldToMap failed: mx,my: 423,3, size_x,size_y: 391,399
[planner_server-5] [ERROR] [1788842024.116731035] [planner_server]: worldToMap failed: mx,my: 391,4, size_x,size_y: 391,399
[planner_server-5] [ERROR] [1788842024.116734243] [planner_server]: worldToMap failed: mx,my: 392,4, size_x,size_y: 391,399
[planner_server-5] [ERROR] [1788842024.116737702] [planner_server]: worldToMap failed: mx,my: 393,4, size_x,size_y: 391,399
[planner_server-5] [ERROR] [1788842024.116745368] [planner_server]: worldToMap failed: mx,my: 394,4, size_x,size_y: 391,399
[planner_server-5] [ERROR] [1788842024.116748535] [planner_server]: worldToMap failed: mx,my: 395,4, size_x,size_y: 391,399
[planner_server-5] [ERROR] [1788842024.116751743] [planner_server]: worldToMap failed: mx,my: 396,4, size_x,size_y: 391,399
[planner_server-5] [ERROR] [1788842024.116755202] [planner_server]: worldToMap failed: mx,my: 397,4, size_x,size_y: 391,399
[planner_server-5] [ERROR] [1788842024.116758452] [planner_server]: worldToMap failed: mx,my: 398,4, size_x,size_y: 391,399
[planner_server-5] [ERROR] [1788842024.116761452] [planner_server]: worldToMap failed: mx,my: 399,4, size_x,size_y: 391,399
[planner_server-5] [ERROR] [1788842024.116764368] [planner_server]: worldToMap failed: mx,my: 400,4, size_x,size_y: 391,399
[planner_server-5] [ERROR] [1788842024.116767327] [planner_server]: worldToMap failed: mx,my: 401,4, size_x,size_y: 391,399
[planner_server-5] [ERROR] [1788842024.116770202] [planner_server]: worldToMap failed: mx,my: 402,4, size_x,size_y: 391,399
[planner_server-5] [ERROR] [1788842024.116773160] [planner_server]: worldToMap failed: mx,my: 403,4, size_x,size_y: 391,399
[planner_server-5] [ERROR] [1788842024.116776077] [planner_server]: worldToMap failed: mx,my: 404,4, size_x,size_y: 391,399
[planner_server-5] [ERROR] [1788842024.116778994] [planner_server]: worldToMap failed: mx,my: 405,4, size_x,size_y: 391,399
[planner_server-5] [ERROR] [1788842024.116781869] [planner_server]: worldToMap failed: mx,my: 406,4, size_x,size_y: 391,399
[planner_server-5] [ERROR] [1788842024.116784827] [planner_server]: worldToMap failed: mx,my: 407,4, size_x,size_y: 391,399
[planner_server-5] [ERROR] [1788842024.116787744] [planner_server]: worldToMap failed: mx,my: 408,4, size_x,size_y: 391,399
[planner_server-5] [ERROR] [1788842024.116790619] [planner_server]: worldToMap failed: mx,my: 409,4, size_x,size_y: 391,399
[planner_server-5] [ERROR] [1788842024.116793577] [planner_server]: worldToMap failed: mx,my: 410,4, size_x,size_y: 391,399
[planner_server-5] [ERROR] [1788842024.116796494] [planner_server]: worldToMap failed: mx,my: 411,4, size_x,size_y: 391,399
[planner_server-5] [ERROR] [1788842024.116799369] [planner_server]: worldToMap failed: mx,my: 412,4, size_x,size_y: 391,399
[planner_server-5] [ERROR] [1788842024.116802244] [planner_server]: worldToMap failed: mx,my: 413,4, size_x,size_y: 391,399
[planner_server-5] [ERROR] [1788842024.116805869] [planner_server]: worldToMap failed: mx,my: 414,4, size_x,size_y: 391,399
[planner_server-5] [ERROR] [1788842024.116812119] [planner_server]: worldToMap failed: mx,my: 415,4, size_x,size_y: 391,399
[planner_server-5] [ERROR] [1788842024.116815119] [planner_server]: worldToMap failed: mx,my: 416,4, size_x,size_y: 391,399
[planner_server-5] [ERROR] [1788842024.116817994] [planner_server]: worldToMap failed: mx,my: 417,4, size_x,size_y: 391,399
[planner_server-5] [ERROR] [1788842024.116820911] [planner_server]: worldToMap failed: mx,my: 418,4, size_x,size_y: 391,399
[planner_server-5] [ERROR] [1788842024.116824244] [planner_server]: worldToMap failed: mx,my: 419,4, size_x,size_y: 391,399
[planner_server-5] [ERROR] [1788842024.116827161] [planner_server]: worldToMap failed: mx,my: 420,4, size_x,size_y: 391,399
[planner_server-5] [ERROR] [1788842024.116829994] [planner_server]: worldToMap failed: mx,my: 421,4, size_x,size_y: 391,399
[planner_server-5] [ERROR] [1788842024.116832827] [planner_server]: worldToMap failed: mx,my: 422,4, size_x,size_y: 391,399
[planner_server-5] [ERROR] [1788842024.116841411] [planner_server]: worldToMap failed: mx,my: 423,4, size_x,size_y: 391,399
[planner_server-5] [ERROR] [1788842024.116845536] [planner_server]: worldToMap failed: mx,my: 391,5, size_x,size_y: 391,399
[planner_server-5] [ERROR] [1788842024.116850078] [planner_server]: worldToMap failed: mx,my: 392,5, size_x,size_y: 391,399
[planner_server-5] [ERROR] [1788842024.116854578] [planner_server]: worldToMap failed: mx,my: 393,5, size_x,size_y: 391,399
[planner_server-5] [ERROR] [1788842024.116857494] [planner_server]: worldToMap failed: mx,my: 394,5, size_x,size_y: 391,399
[planner_server-5] [ERROR] [1788842024.116860453] [planner_server]: worldToMap failed: mx,my: 395,5, size_x,size_y: 391,399
[planner_server-5] [ERROR] [1788842024.116863328] [planner_server]: worldToMap failed: mx,my: 396,5, size_x,size_y: 391,399
[planner_server-5] [ERROR] [1788842024.116866244] [planner_server]: worldToMap failed: mx,my: 397,5, size_x,size_y: 391,399
[planner_server-5] [ERROR] [1788842024.116869078] [planner_server]: worldToMap failed: mx,my: 398,5, size_x,size_y: 391,399
[planner_server-5] [ERROR] [1788842024.116871994] [planner_server]: worldToMap failed: mx,my: 399,5, size_x,size_y: 391,399
[planner_server-5] [ERROR] [1788842024.116874869] [planner_server]: worldToMap failed: mx,my: 400,5, size_x,size_y: 391,399
[planner_server-5] [ERROR] [1788842024.116877786] [planner_server]: worldToMap failed: mx,my: 401,5, size_x,size_y: 391,399
[planner_server-5] [ERROR] [1788842024.116880661] [planner_server]: worldToMap failed: mx,my: 402,5, size_x,size_y: 391,399
[planner_server-5] [ERROR] [1788842024.116883578] [planner_server]: worldToMap failed: mx,my: 403,5, size_x,size_y: 391,399
[planner_server-5] [ERROR] [1788842024.116886495] [planner_server]: worldToMap failed: mx,my: 404,5, size_x,size_y: 391,399
[planner_server-5] [ERROR] [1788842024.116892495] [planner_server]: worldToMap failed: mx,my: 405,5, size_x,size_y: 391,399
[planner_server-5] [ERROR] [1788842024.116895453] [planner_server]: worldToMap failed: mx,my: 406,5, size_x,size_y: 391,399
[planner_server-5] [ERROR] [1788842024.116898328] [planner_server]: worldToMap failed: mx,my: 407,5, size_x,size_y: 391,399
[planner_server-5] [ERROR] [1788842024.116901870] [planner_server]: worldToMap failed: mx,my: 408,5, size_x,size_y: 391,399
[planner_server-5] [ERROR] [1788842024.116905203] [planner_server]: worldToMap failed: mx,my: 409,5, size_x,size_y: 391,399
[planner_server-5] [ERROR] [1788842024.116908078] [planner_server]: worldToMap failed: mx,my: 410,5, size_x,size_y: 391,399
[planner_server-5] [ERROR] [1788842024.116910953] [planner_server]: worldToMap failed: mx,my: 411,5, size_x,size_y: 391,399
[planner_server-5] [ERROR] [1788842024.116913828] [planner_server]: worldToMap failed: mx,my: 412,5, size_x,size_y: 391,399
[planner_server-5] [ERROR] [1788842024.116916703] [planner_server]: worldToMap failed: mx,my: 413,5, size_x,size_y: 391,399
[planner_server-5] [ERROR] [1788842024.116919620] [planner_server]: worldToMap failed: mx,my: 414,5, size_x,size_y: 391,399
[planner_server-5] [ERROR] [1788842024.116922537] [planner_server]: worldToMap failed: mx,my: 415,5, size_x,size_y: 391,399
[planner_server-5] [ERROR] [1788842024.116925453] [planner_server]: worldToMap failed: mx,my: 416,5, size_x,size_y: 391,399
[planner_server-5] [ERROR] [1788842024.116928328] [planner_server]: worldToMap failed: mx,my: 417,5, size_x,size_y: 391,399
[planner_server-5] [ERROR] [1788842024.116931162] [planner_server]: worldToMap failed: mx,my: 418,5, size_x,size_y: 391,399
[planner_server-5] [ERROR] [1788842024.116933995] [planner_server]: worldToMap failed: mx,my: 419,5, size_x,size_y: 391,399
[planner_server-5] [ERROR] [1788842024.116936828] [planner_server]: worldToMap failed: mx,my: 420,5, size_x,size_y: 391,399
[planner_server-5] [ERROR] [1788842024.116939703] [planner_server]: worldToMap failed: mx,my: 421,5, size_x,size_y: 391,399
[planner_server-5] [ERROR] [1788842024.116942537] [planner_server]: worldToMap failed: mx,my: 422,5, size_x,size_y: 391,399
[planner_server-5] [ERROR] [1788842024.116945453] [planner_server]: worldToMap failed: mx,my: 423,5, size_x,size_y: 391,399
[planner_server-5] [ERROR] [1788842024.116948787] [planner_server]: worldToMap failed: mx,my: 391,6, size_x,size_y: 391,399
[planner_server-5] [ERROR] [1788842024.116952953] [planner_server]: worldToMap failed: mx,my: 392,6, size_x,size_y: 391,399
[planner_server-5] [ERROR] [1788842024.116956245] [planner_server]: worldToMap failed: mx,my: 393,6, size_x,size_y: 391,399
[planner_server-5] [ERROR] [1788842024.116959370] [planner_server]: worldToMap failed: mx,my: 394,6, size_x,size_y: 391,399
[planner_server-5] [ERROR] [1788842024.116962245] [planner_server]: worldToMap failed: mx,my: 395,6, size_x,size_y: 391,399
[planner_server-5] [ERROR] [1788842024.116965162] [planner_server]: worldToMap failed: mx,my: 396,6, size_x,size_y: 391,399
[planner_server-5] [ERROR] [1788842024.116986620] [planner_server]: worldToMap failed: mx,my: 397,6, size_x,size_y: 391,399
[planner_server-5] [ERROR] [1788842024.116992954] [planner_server]: worldToMap failed: mx,my: 398,6, size_x,size_y: 391,399
[planner_server-5] [ERROR] [1788842024.116997454] [planner_server]: worldToMap failed: mx,my: 399,6, size_x,size_y: 391,399
[planner_server-5] [ERROR] [1788842024.117000412] [planner_server]: worldToMap failed: mx,my: 400,6, size_x,size_y: 391,399
[planner_server-5] [ERROR] [1788842024.117003329] [planner_server]: worldToMap failed: mx,my: 401,6, size_x,size_y: 391,399
[planner_server-5] [ERROR] [1788842024.117006204] [planner_server]: worldToMap failed: mx,my: 402,6, size_x,size_y: 391,399
[planner_server-5] [ERROR] [1788842024.117009662] [planner_server]: worldToMap failed: mx,my: 403,6, size_x,size_y: 391,399
[planner_server-5] [ERROR] [1788842024.117013287] [planner_server]: worldToMap failed: mx,my: 404,6, size_x,size_y: 391,399
[planner_server-5] [ERROR] [1788842024.117016412] [planner_server]: worldToMap failed: mx,my: 405,6, size_x,size_y: 391,399
[planner_server-5] [ERROR] [1788842024.117019287] [planner_server]: worldToMap failed: mx,my: 406,6, size_x,size_y: 391,399
[planner_server-5] [ERROR] [1788842024.117022246] [planner_server]: worldToMap failed: mx,my: 407,6, size_x,size_y: 391,399
[planner_server-5] [ERROR] [1788842024.117025162] [planner_server]: worldToMap failed: mx,my: 408,6, size_x,size_y: 391,399
[planner_server-5] [ERROR] [1788842024.117028287] [planner_server]: worldToMap failed: mx,my: 409,6, size_x,size_y: 391,399
[planner_server-5] [ERROR] [1788842024.117031162] [planner_server]: worldToMap failed: mx,my: 410,6, size_x,size_y: 391,399
[planner_server-5] [ERROR] [1788842024.117034537] [planner_server]: worldToMap failed: mx,my: 411,6, size_x,size_y: 391,399
[planner_server-5] [ERROR] [1788842024.117037454] [planner_server]: worldToMap failed: mx,my: 412,6, size_x,size_y: 391,399
[planner_server-5] [ERROR] [1788842024.117040371] [planner_server]: worldToMap failed: mx,my: 413,6, size_x,size_y: 391,399
[planner_server-5] [ERROR] [1788842024.117043371] [planner_server]: worldToMap failed: mx,my: 414,6, size_x,size_y: 391,399
[planner_server-5] [ERROR] [1788842024.117046454] [planner_server]: worldToMap failed: mx,my: 415,6, size_x,size_y: 391,399
[planner_server-5] [ERROR] [1788842024.117049329] [planner_server]: worldToMap failed: mx,my: 416,6, size_x,size_y: 391,399
[planner_server-5] [ERROR] [1788842024.117052246] [planner_server]: worldToMap failed: mx,my: 417,6, size_x,size_y: 391,399
[planner_server-5] [ERROR] [1788842024.117055204] [planner_server]: worldToMap failed: mx,my: 418,6, size_x,size_y: 391,399
[planner_server-5] [ERROR] [1788842024.117058121] [planner_server]: worldToMap failed: mx,my: 419,6, size_x,size_y: 391,399
[planner_server-5] [ERROR] [1788842024.117061038] [planner_server]: worldToMap failed: mx,my: 420,6, size_x,size_y: 391,399
[planner_server-5] [ERROR] [1788842024.117063954] [planner_server]: worldToMap failed: mx,my: 421,6, size_x,size_y: 391,399
[planner_server-5] [ERROR] [1788842024.117066913] [planner_server]: worldToMap failed: mx,my: 422,6, size_x,size_y: 391,399
[planner_server-5] [ERROR] [1788842024.117070038] [planner_server]: worldToMap failed: mx,my: 423,6, size_x,size_y: 391,399
[planner_server-5] [ERROR] [1788842024.117086871] [planner_server]: worldToMap failed: mx,my: 391,7, size_x,size_y: 391,399
[planner_server-5] [ERROR] [1788842024.117091580] [planner_server]: worldToMap failed: mx,my: 392,7, size_x,size_y: 391,399
[planner_server-5] [ERROR] [1788842024.117094496] [planner_server]: worldToMap failed: mx,my: 393,7, size_x,size_y: 391,399
[planner_server-5] [ERROR] [1788842024.117108455] [planner_server]: worldToMap failed: mx,my: 394,7, size_x,size_y: 391,399
[planner_server-5] [ERROR] [1788842024.117113413] [planner_server]: worldToMap failed: mx,my: 395,7, size_x,size_y: 391,399
[planner_server-5] [ERROR] [1788842024.117116497] [planner_server]: worldToMap failed: mx,my: 396,7, size_x,size_y: 391,399
[planner_server-5] [ERROR] [1788842024.117119538] [planner_server]: worldToMap failed: mx,my: 397,7, size_x,size_y: 391,399
[planner_server-5] [ERROR] [1788842024.117123497] [planner_server]: worldToMap failed: mx,my: 398,7, size_x,size_y: 391,399
[planner_server-5] [ERROR] [1788842024.117126955] [planner_server]: worldToMap failed: mx,my: 399,7, size_x,size_y: 391,399
[planner_server-5] [ERROR] [1788842024.117130163] [planner_server]: worldToMap failed: mx,my: 400,7, size_x,size_y: 391,399
[planner_server-5] [ERROR] [1788842024.117133080] [planner_server]: worldToMap failed: mx,my: 401,7, size_x,size_y: 391,399
[planner_server-5] [ERROR] [1788842024.117135997] [planner_server]: worldToMap failed: mx,my: 402,7, size_x,size_y: 391,399
[planner_server-5] [ERROR] [1788842024.117138913] [planner_server]: worldToMap failed: mx,my: 403,7, size_x,size_y: 391,399
[planner_server-5] [ERROR] [1788842024.117143122] [planner_server]: worldToMap failed: mx,my: 404,7, size_x,size_y: 391,399
[planner_server-5] [ERROR] [1788842024.117147497] [planner_server]: worldToMap failed: mx,my: 405,7, size_x,size_y: 391,399
[planner_server-5] [ERROR] [1788842024.117150414] [planner_server]: worldToMap failed: mx,my: 406,7, size_x,size_y: 391,399
[planner_server-5] [ERROR] [1788842024.117153330] [planner_server]: worldToMap failed: mx,my: 407,7, size_x,size_y: 391,399
[planner_server-5] [ERROR] [1788842024.117156205] [planner_server]: worldToMap failed: mx,my: 408,7, size_x,size_y: 391,399
[planner_server-5] [ERROR] [1788842024.117159039] [planner_server]: worldToMap failed: mx,my: 409,7, size_x,size_y: 391,399
[planner_server-5] [ERROR] [1788842024.117161914] [planner_server]: worldToMap failed: mx,my: 410,7, size_x,size_y: 391,399
[planner_server-5] [ERROR] [1788842024.117164830] [planner_server]: worldToMap failed: mx,my: 411,7, size_x,size_y: 391,399
[planner_server-5] [ERROR] [1788842024.117167789] [planner_server]: worldToMap failed: mx,my: 412,7, size_x,size_y: 391,399
[planner_server-5] [ERROR] [1788842024.117170664] [planner_server]: worldToMap failed: mx,my: 413,7, size_x,size_y: 391,399
[planner_server-5] [ERROR] [1788842024.117177580] [planner_server]: worldToMap failed: mx,my: 414,7, size_x,size_y: 391,399
[planner_server-5] [ERROR] [1788842024.117183622] [planner_server]: worldToMap failed: mx,my: 415,7, size_x,size_y: 391,399
[planner_server-5] [ERROR] [1788842024.117186581] [planner_server]: worldToMap failed: mx,my: 416,7, size_x,size_y: 391,399
[planner_server-5] [ERROR] [1788842024.117189456] [planner_server]: worldToMap failed: mx,my: 417,7, size_x,size_y: 391,399
[planner_server-5] [ERROR] [1788842024.117192372] [planner_server]: worldToMap failed: mx,my: 418,7, size_x,size_y: 391,399
[planner_server-5] [ERROR] [1788842024.117195289] [planner_server]: worldToMap failed: mx,my: 419,7, size_x,size_y: 391,399
[planner_server-5] [ERROR] [1788842024.117198122] [planner_server]: worldToMap failed: mx,my: 420,7, size_x,size_y: 391,399
[planner_server-5] [ERROR] [1788842024.117205164] [planner_server]: worldToMap failed: mx,my: 421,7, size_x,size_y: 391,399
[planner_server-5] [ERROR] [1788842024.117208206] [planner_server]: worldToMap failed: mx,my: 422,7, size_x,size_y: 391,399
[planner_server-5] [ERROR] [1788842024.117211164] [planner_server]: worldToMap failed: mx,my: 423,7, size_x,size_y: 391,399
[planner_server-5] [ERROR] [1788842024.117214997] [planner_server]: worldToMap failed: mx,my: 391,8, size_x,size_y: 391,399
[planner_server-5] [ERROR] [1788842024.117218164] [planner_server]: worldToMap failed: mx,my: 392,8, size_x,size_y: 391,399
[planner_server-5] [ERROR] [1788842024.117221706] [planner_server]: worldToMap failed: mx,my: 393,8, size_x,size_y: 391,399
[planner_server-5] [ERROR] [1788842024.117224581] [planner_server]: worldToMap failed: mx,my: 394,8, size_x,size_y: 391,399
[planner_server-5] [ERROR] [1788842024.117227456] [planner_server]: worldToMap failed: mx,my: 395,8, size_x,size_y: 391,399
[planner_server-5] [ERROR] [1788842024.117230539] [planner_server]: worldToMap failed: mx,my: 396,8, size_x,size_y: 391,399
[planner_server-5] [ERROR] [1788842024.117233539] [planner_server]: worldToMap failed: mx,my: 397,8, size_x,size_y: 391,399
[planner_server-5] [ERROR] [1788842024.117236414] [planner_server]: worldToMap failed: mx,my: 398,8, size_x,size_y: 391,399
[planner_server-5] [ERROR] [1788842024.117239331] [planner_server]: worldToMap failed: mx,my: 399,8, size_x,size_y: 391,399
[planner_server-5] [ERROR] [1788842024.117242248] [planner_server]: worldToMap failed: mx,my: 400,8, size_x,size_y: 391,399
[planner_server-5] [ERROR] [1788842024.117245206] [planner_server]: worldToMap failed: mx,my: 401,8, size_x,size_y: 391,399
[planner_server-5] [ERROR] [1788842024.117248123] [planner_server]: worldToMap failed: mx,my: 402,8, size_x,size_y: 391,399
[planner_server-5] [ERROR] [1788842024.117251039] [planner_server]: worldToMap failed: mx,my: 403,8, size_x,size_y: 391,399
[planner_server-5] [ERROR] [1788842024.117253998] [planner_server]: worldToMap failed: mx,my: 404,8, size_x,size_y: 391,399
[planner_server-5] [ERROR] [1788842024.117256873] [planner_server]: worldToMap failed: mx,my: 405,8, size_x,size_y: 391,399
[planner_server-5] [ERROR] [1788842024.117260039] [planner_server]: worldToMap failed: mx,my: 406,8, size_x,size_y: 391,399
[planner_server-5] [ERROR] [1788842024.117262998] [planner_server]: worldToMap failed: mx,my: 407,8, size_x,size_y: 391,399
[planner_server-5] [ERROR] [1788842024.117265873] [planner_server]: worldToMap failed: mx,my: 408,8, size_x,size_y: 391,399
[planner_server-5] [ERROR] [1788842024.117268748] [planner_server]: worldToMap failed: mx,my: 409,8, size_x,size_y: 391,399
[planner_server-5] [ERROR] [1788842024.117292206] [planner_server]: worldToMap failed: mx,my: 410,8, size_x,size_y: 391,399
[planner_server-5] [ERROR] [1788842024.117300790] [planner_server]: worldToMap failed: mx,my: 411,8, size_x,size_y: 391,399
[planner_server-5] [ERROR] [1788842024.117303832] [planner_server]: worldToMap failed: mx,my: 412,8, size_x,size_y: 391,399
[planner_server-5] [ERROR] [1788842024.117306707] [planner_server]: worldToMap failed: mx,my: 413,8, size_x,size_y: 391,399
[planner_server-5] [ERROR] [1788842024.117309623] [planner_server]: worldToMap failed: mx,my: 414,8, size_x,size_y: 391,399
[planner_server-5] [ERROR] [1788842024.117312498] [planner_server]: worldToMap failed: mx,my: 415,8, size_x,size_y: 391,399
[planner_server-5] [ERROR] [1788842024.117315373] [planner_server]: worldToMap failed: mx,my: 416,8, size_x,size_y: 391,399
[planner_server-5] [ERROR] [1788842024.117318332] [planner_server]: worldToMap failed: mx,my: 417,8, size_x,size_y: 391,399
[planner_server-5] [ERROR] [1788842024.117321207] [planner_server]: worldToMap failed: mx,my: 418,8, size_x,size_y: 391,399
[planner_server-5] [ERROR] [1788842024.117324123] [planner_server]: worldToMap failed: mx,my: 419,8, size_x,size_y: 391,399
[planner_server-5] [ERROR] [1788842024.117327040] [planner_server]: worldToMap failed: mx,my: 420,8, size_x,size_y: 391,399
[planner_server-5] [ERROR] [1788842024.117335040] [planner_server]: worldToMap failed: mx,my: 421,8, size_x,size_y: 391,399
[planner_server-5] [ERROR] [1788842024.117338040] [planner_server]: worldToMap failed: mx,my: 422,8, size_x,size_y: 391,399
[planner_server-5] [ERROR] [1788842024.117340915] [planner_server]: worldToMap failed: mx,my: 423,8, size_x,size_y: 391,399
[planner_server-5] [ERROR] [1788842024.117344374] [planner_server]: worldToMap failed: mx,my: 391,9, size_x,size_y: 391,399
[planner_server-5] [ERROR] [1788842024.117347290] [planner_server]: worldToMap failed: mx,my: 392,9, size_x,size_y: 391,399
[planner_server-5] [ERROR] [1788842024.117350207] [planner_server]: worldToMap failed: mx,my: 393,9, size_x,size_y: 391,399
[planner_server-5] [ERROR] [1788842024.117353165] [planner_server]: worldToMap failed: mx,my: 394,9, size_x,size_y: 391,399
[planner_server-5] [ERROR] [1788842024.117356124] [planner_server]: worldToMap failed: mx,my: 395,9, size_x,size_y: 391,399
[planner_server-5] [ERROR] [1788842024.117359040] [planner_server]: worldToMap failed: mx,my: 396,9, size_x,size_y: 391,399
[planner_server-5] [ERROR] [1788842024.117361915] [planner_server]: worldToMap failed: mx,my: 397,9, size_x,size_y: 391,399
[planner_server-5] [ERROR] [1788842024.117364915] [planner_server]: worldToMap failed: mx,my: 398,9, size_x,size_y: 391,399
[planner_server-5] [ERROR] [1788842024.117367790] [planner_server]: worldToMap failed: mx,my: 399,9, size_x,size_y: 391,399
[planner_server-5] [ERROR] [1788842024.117370749] [planner_server]: worldToMap failed: mx,my: 400,9, size_x,size_y: 391,399
[planner_server-5] [ERROR] [1788842024.117373665] [planner_server]: worldToMap failed: mx,my: 401,9, size_x,size_y: 391,399
[planner_server-5] [ERROR] [1788842024.117376541] [planner_server]: worldToMap failed: mx,my: 402,9, size_x,size_y: 391,399
[planner_server-5] [ERROR] [1788842024.117379416] [planner_server]: worldToMap failed: mx,my: 403,9, size_x,size_y: 391,399
[planner_server-5] [ERROR] [1788842024.117382291] [planner_server]: worldToMap failed: mx,my: 404,9, size_x,size_y: 391,399
[planner_server-5] [ERROR] [1788842024.117385124] [planner_server]: worldToMap failed: mx,my: 405,9, size_x,size_y: 391,399
[planner_server-5] [ERROR] [1788842024.117388082] [planner_server]: worldToMap failed: mx,my: 406,9, size_x,size_y: 391,399
[planner_server-5] [ERROR] [1788842024.117390957] [planner_server]: worldToMap failed: mx,my: 407,9, size_x,size_y: 391,399
[planner_server-5] [ERROR] [1788842024.117393874] [planner_server]: worldToMap failed: mx,my: 408,9, size_x,size_y: 391,399
[planner_server-5] [ERROR] [1788842024.117396707] [planner_server]: worldToMap failed: mx,my: 409,9, size_x,size_y: 391,399
[planner_server-5] [ERROR] [1788842024.117399624] [planner_server]: worldToMap failed: mx,my: 410,9, size_x,size_y: 391,399
[planner_server-5] [ERROR] [1788842024.117402582] [planner_server]: worldToMap failed: mx,my: 411,9, size_x,size_y: 391,399
[planner_server-5] [ERROR] [1788842024.117405541] [planner_server]: worldToMap failed: mx,my: 412,9, size_x,size_y: 391,399
[planner_server-5] [ERROR] [1788842024.117408457] [planner_server]: worldToMap failed: mx,my: 413,9, size_x,size_y: 391,399
[planner_server-5] [ERROR] [1788842024.117411332] [planner_server]: worldToMap failed: mx,my: 414,9, size_x,size_y: 391,399
[planner_server-5] [ERROR] [1788842024.117414208] [planner_server]: worldToMap failed: mx,my: 415,9, size_x,size_y: 391,399
[planner_server-5] [ERROR] [1788842024.117418166] [planner_server]: worldToMap failed: mx,my: 416,9, size_x,size_y: 391,399
[planner_server-5] [ERROR] [1788842024.117421541] [planner_server]: worldToMap failed: mx,my: 417,9, size_x,size_y: 391,399
[planner_server-5] [ERROR] [1788842024.117424458] [planner_server]: worldToMap failed: mx,my: 418,9, size_x,size_y: 391,399
[planner_server-5] [ERROR] [1788842024.117427416] [planner_server]: worldToMap failed: mx,my: 419,9, size_x,size_y: 391,399
[planner_server-5] [ERROR] [1788842024.117430291] [planner_server]: worldToMap failed: mx,my: 420,9, size_x,size_y: 391,399
[planner_server-5] [ERROR] [1788842024.117433249] [planner_server]: worldToMap failed: mx,my: 421,9, size_x,size_y: 391,399
[planner_server-5] [ERROR] [1788842024.117436124] [planner_server]: worldToMap failed: mx,my: 422,9, size_x,size_y: 391,399
[planner_server-5] [ERROR] [1788842024.117438999] [planner_server]: worldToMap failed: mx,my: 423,9, size_x,size_y: 391,399
[planner_server-5] [ERROR] [1788842024.117454708] [planner_server]: worldToMap failed: mx,my: 391,10, size_x,size_y: 391,399
[planner_server-5] [ERROR] [1788842024.117459791] [planner_server]: worldToMap failed: mx,my: 392,10, size_x,size_y: 391,399
[planner_server-5] [ERROR] [1788842024.117462750] [planner_server]: worldToMap failed: mx,my: 393,10, size_x,size_y: 391,399
[planner_server-5] [ERROR] [1788842024.117465666] [planner_server]: worldToMap failed: mx,my: 394,10, size_x,size_y: 391,399
[planner_server-5] [ERROR] [1788842024.117468541] [planner_server]: worldToMap failed: mx,my: 395,10, size_x,size_y: 391,399
[planner_server-5] [ERROR] [1788842024.117471625] [planner_server]: worldToMap failed: mx,my: 396,10, size_x,size_y: 391,399
[planner_server-5] [ERROR] [1788842024.117474791] [planner_server]: worldToMap failed: mx,my: 397,10, size_x,size_y: 391,399
[planner_server-5] [ERROR] [1788842024.117478375] [planner_server]: worldToMap failed: mx,my: 398,10, size_x,size_y: 391,399
[planner_server-5] [ERROR] [1788842024.117481500] [planner_server]: worldToMap failed: mx,my: 399,10, size_x,size_y: 391,399
[planner_server-5] [ERROR] [1788842024.117484583] [planner_server]: worldToMap failed: mx,my: 400,10, size_x,size_y: 391,399
[planner_server-5] [ERROR] [1788842024.117487708] [planner_server]: worldToMap failed: mx,my: 401,10, size_x,size_y: 391,399
[planner_server-5] [ERROR] [1788842024.117490708] [planner_server]: worldToMap failed: mx,my: 402,10, size_x,size_y: 391,399
[planner_server-5] [ERROR] [1788842024.117507625] [planner_server]: worldToMap failed: mx,my: 403,10, size_x,size_y: 391,399
[planner_server-5] [ERROR] [1788842024.117511167] [planner_server]: worldToMap failed: mx,my: 404,10, size_x,size_y: 391,399
[planner_server-5] [ERROR] [1788842024.117514375] [planner_server]: worldToMap failed: mx,my: 405,10, size_x,size_y: 391,399
[planner_server-5] [ERROR] [1788842024.117517500] [planner_server]: worldToMap failed: mx,my: 406,10, size_x,size_y: 391,399
[planner_server-5] [ERROR] [1788842024.117520458] [planner_server]: worldToMap failed: mx,my: 407,10, size_x,size_y: 391,399
[planner_server-5] [ERROR] [1788842024.117523417] [planner_server]: worldToMap failed: mx,my: 408,10, size_x,size_y: 391,399
[planner_server-5] [ERROR] [1788842024.117526417] [planner_server]: worldToMap failed: mx,my: 409,10, size_x,size_y: 391,399
[planner_server-5] [ERROR] [1788842024.117529417] [planner_server]: worldToMap failed: mx,my: 410,10, size_x,size_y: 391,399
[planner_server-5] [ERROR] [1788842024.117532375] [planner_server]: worldToMap failed: mx,my: 411,10, size_x,size_y: 391,399
[planner_server-5] [ERROR] [1788842024.117535292] [planner_server]: worldToMap failed: mx,my: 412,10, size_x,size_y: 391,399
[planner_server-5] [ERROR] [1788842024.117538250] [planner_server]: worldToMap failed: mx,my: 413,10, size_x,size_y: 391,399
[planner_server-5] [ERROR] [1788842024.117541167] [planner_server]: worldToMap failed: mx,my: 414,10, size_x,size_y: 391,399
[planner_server-5] [ERROR] [1788842024.117544084] [planner_server]: worldToMap failed: mx,my: 415,10, size_x,size_y: 391,399
[planner_server-5] [ERROR] [1788842024.117547000] [planner_server]: worldToMap failed: mx,my: 416,10, size_x,size_y: 391,399
[planner_server-5] [ERROR] [1788842024.117549959] [planner_server]: worldToMap failed: mx,my: 417,10, size_x,size_y: 391,399
[planner_server-5] [ERROR] [1788842024.117552875] [planner_server]: worldToMap failed: mx,my: 418,10, size_x,size_y: 391,399
[planner_server-5] [ERROR] [1788842024.117555792] [planner_server]: worldToMap failed: mx,my: 419,10, size_x,size_y: 391,399
[planner_server-5] [ERROR] [1788842024.117558709] [planner_server]: worldToMap failed: mx,my: 420,10, size_x,size_y: 391,399
[planner_server-5] [ERROR] [1788842024.117561542] [planner_server]: worldToMap failed: mx,my: 421,10, size_x,size_y: 391,399
[planner_server-5] [ERROR] [1788842024.117565792] [planner_server]: worldToMap failed: mx,my: 422,10, size_x,size_y: 391,399
[planner_server-5] [ERROR] [1788842024.117570209] [planner_server]: worldToMap failed: mx,my: 423,10, size_x,size_y: 391,399
[planner_server-5] [ERROR] [1788842024.117584417] [planner_server]: worldToMap failed: mx,my: 391,11, size_x,size_y: 391,399
[planner_server-5] [ERROR] [1788842024.117588876] [planner_server]: worldToMap failed: mx,my: 392,11, size_x,size_y: 391,399
[planner_server-5] [ERROR] [1788842024.117591834] [planner_server]: worldToMap failed: mx,my: 393,11, size_x,size_y: 391,399
[planner_server-5] [ERROR] [1788842024.117594792] [planner_server]: worldToMap failed: mx,my: 394,11, size_x,size_y: 391,399
[planner_server-5] [ERROR] [1788842024.117597667] [planner_server]: worldToMap failed: mx,my: 395,11, size_x,size_y: 391,399
[planner_server-5] [ERROR] [1788842024.117600626] [planner_server]: worldToMap failed: mx,my: 396,11, size_x,size_y: 391,399
[planner_server-5] [ERROR] [1788842024.117603501] [planner_server]: worldToMap failed: mx,my: 397,11, size_x,size_y: 391,399
[planner_server-5] [ERROR] [1788842024.117612668] [planner_server]: worldToMap failed: mx,my: 398,11, size_x,size_y: 391,399
[planner_server-5] [ERROR] [1788842024.117615751] [planner_server]: worldToMap failed: mx,my: 399,11, size_x,size_y: 391,399
[planner_server-5] [ERROR] [1788842024.117618709] [planner_server]: worldToMap failed: mx,my: 400,11, size_x,size_y: 391,399
[planner_server-5] [ERROR] [1788842024.117621709] [planner_server]: worldToMap failed: mx,my: 401,11, size_x,size_y: 391,399
[planner_server-5] [ERROR] [1788842024.117624584] [planner_server]: worldToMap failed: mx,my: 402,11, size_x,size_y: 391,399
[planner_server-5] [ERROR] [1788842024.117627501] [planner_server]: worldToMap failed: mx,my: 403,11, size_x,size_y: 391,399
[planner_server-5] [ERROR] [1788842024.117630376] [planner_server]: worldToMap failed: mx,my: 404,11, size_x,size_y: 391,399
[planner_server-5] [ERROR] [1788842024.117633293] [planner_server]: worldToMap failed: mx,my: 405,11, size_x,size_y: 391,399
[planner_server-5] [ERROR] [1788842024.117636251] [planner_server]: worldToMap failed: mx,my: 406,11, size_x,size_y: 391,399
[planner_server-5] [ERROR] [1788842024.117639168] [planner_server]: worldToMap failed: mx,my: 407,11, size_x,size_y: 391,399
[planner_server-5] [ERROR] [1788842024.117642210] [planner_server]: worldToMap failed: mx,my: 408,11, size_x,size_y: 391,399
[planner_server-5] [ERROR] [1788842024.117645210] [planner_server]: worldToMap failed: mx,my: 409,11, size_x,size_y: 391,399
[planner_server-5] [ERROR] [1788842024.117657210] [planner_server]: worldToMap failed: mx,my: 410,11, size_x,size_y: 391,399
[planner_server-5] [ERROR] [1788842024.117661543] [planner_server]: worldToMap failed: mx,my: 411,11, size_x,size_y: 391,399
[planner_server-5] [ERROR] [1788842024.117664543] [planner_server]: worldToMap failed: mx,my: 412,11, size_x,size_y: 391,399
[planner_server-5] [ERROR] [1788842024.117667585] [planner_server]: worldToMap failed: mx,my: 413,11, size_x,size_y: 391,399
[planner_server-5] [ERROR] [1788842024.117670585] [planner_server]: worldToMap failed: mx,my: 414,11, size_x,size_y: 391,399
[planner_server-5] [ERROR] [1788842024.117673543] [planner_server]: worldToMap failed: mx,my: 415,11, size_x,size_y: 391,399
[planner_server-5] [ERROR] [1788842024.117676502] [planner_server]: worldToMap failed: mx,my: 416,11, size_x,size_y: 391,399
[planner_server-5] [ERROR] [1788842024.117679460] [planner_server]: worldToMap failed: mx,my: 417,11, size_x,size_y: 391,399
[planner_server-5] [ERROR] [1788842024.117682418] [planner_server]: worldToMap failed: mx,my: 418,11, size_x,size_y: 391,399
[planner_server-5] [ERROR] [1788842024.117685377] [planner_server]: worldToMap failed: mx,my: 419,11, size_x,size_y: 391,399
[planner_server-5] [ERROR] [1788842024.117688377] [planner_server]: worldToMap failed: mx,my: 420,11, size_x,size_y: 391,399
[planner_server-5] [ERROR] [1788842024.117691335] [planner_server]: worldToMap failed: mx,my: 421,11, size_x,size_y: 391,399
[planner_server-5] [ERROR] [1788842024.117694252] [planner_server]: worldToMap failed: mx,my: 422,11, size_x,size_y: 391,399
[planner_server-5] [ERROR] [1788842024.117697252] [planner_server]: worldToMap failed: mx,my: 423,11, size_x,size_y: 391,399
[planner_server-5] [ERROR] [1788842024.117700793] [planner_server]: worldToMap failed: mx,my: 391,12, size_x,size_y: 391,399
[planner_server-5] [ERROR] [1788842024.117703793] [planner_server]: worldToMap failed: mx,my: 392,12, size_x,size_y: 391,399
[planner_server-5] [ERROR] [1788842024.117706793] [planner_server]: worldToMap failed: mx,my: 393,12, size_x,size_y: 391,399
[planner_server-5] [ERROR] [1788842024.117710918] [planner_server]: worldToMap failed: mx,my: 394,12, size_x,size_y: 391,399
[planner_server-5] [ERROR] [1788842024.117715252] [planner_server]: worldToMap failed: mx,my: 395,12, size_x,size_y: 391,399
[planner_server-5] [ERROR] [1788842024.117718252] [planner_server]: worldToMap failed: mx,my: 396,12, size_x,size_y: 391,399
[planner_server-5] [ERROR] [1788842024.117725919] [planner_server]: worldToMap failed: mx,my: 397,12, size_x,size_y: 391,399
[planner_server-5] [ERROR] [1788842024.117729085] [planner_server]: worldToMap failed: mx,my: 398,12, size_x,size_y: 391,399
[planner_server-5] [ERROR] [1788842024.117732085] [planner_server]: worldToMap failed: mx,my: 399,12, size_x,size_y: 391,399
[planner_server-5] [ERROR] [1788842024.117734960] [planner_server]: worldToMap failed: mx,my: 400,12, size_x,size_y: 391,399
[planner_server-5] [ERROR] [1788842024.117737919] [planner_server]: worldToMap failed: mx,my: 401,12, size_x,size_y: 391,399
[planner_server-5] [ERROR] [1788842024.117740835] [planner_server]: worldToMap failed: mx,my: 402,12, size_x,size_y: 391,399
[planner_server-5] [ERROR] [1788842024.117743710] [planner_server]: worldToMap failed: mx,my: 403,12, size_x,size_y: 391,399
[planner_server-5] [ERROR] [1788842024.117746585] [planner_server]: worldToMap failed: mx,my: 404,12, size_x,size_y: 391,399
[planner_server-5] [ERROR] [1788842024.117749460] [planner_server]: worldToMap failed: mx,my: 405,12, size_x,size_y: 391,399
[planner_server-5] [ERROR] [1788842024.117752294] [planner_server]: worldToMap failed: mx,my: 406,12, size_x,size_y: 391,399
[planner_server-5] [ERROR] [1788842024.117755211] [planner_server]: worldToMap failed: mx,my: 407,12, size_x,size_y: 391,399
[planner_server-5] [ERROR] [1788842024.117758127] [planner_server]: worldToMap failed: mx,my: 408,12, size_x,size_y: 391,399
[planner_server-5] [ERROR] [1788842024.117777044] [planner_server]: worldToMap failed: mx,my: 409,12, size_x,size_y: 391,399
[planner_server-5] [ERROR] [1788842024.117781919] [planner_server]: worldToMap failed: mx,my: 410,12, size_x,size_y: 391,399
[planner_server-5] [ERROR] [1788842024.117786544] [planner_server]: worldToMap failed: mx,my: 411,12, size_x,size_y: 391,399
[planner_server-5] [ERROR] [1788842024.117789711] [planner_server]: worldToMap failed: mx,my: 412,12, size_x,size_y: 391,399
[planner_server-5] [ERROR] [1788842024.117792711] [planner_server]: worldToMap failed: mx,my: 413,12, size_x,size_y: 391,399
[planner_server-5] [ERROR] [1788842024.117795711] [planner_server]: worldToMap failed: mx,my: 414,12, size_x,size_y: 391,399
[planner_server-5] [ERROR] [1788842024.117799086] [planner_server]: worldToMap failed: mx,my: 415,12, size_x,size_y: 391,399
[planner_server-5] [ERROR] [1788842024.117802128] [planner_server]: worldToMap failed: mx,my: 416,12, size_x,size_y: 391,399
[planner_server-5] [ERROR] [1788842024.117805128] [planner_server]: worldToMap failed: mx,my: 417,12, size_x,size_y: 391,399
[planner_server-5] [ERROR] [1788842024.117808128] [planner_server]: worldToMap failed: mx,my: 418,12, size_x,size_y: 391,399
[planner_server-5] [ERROR] [1788842024.117811169] [planner_server]: worldToMap failed: mx,my: 419,12, size_x,size_y: 391,399
[planner_server-5] [ERROR] [1788842024.117814211] [planner_server]: worldToMap failed: mx,my: 420,12, size_x,size_y: 391,399
[planner_server-5] [ERROR] [1788842024.117817169] [planner_server]: worldToMap failed: mx,my: 421,12, size_x,size_y: 391,399
[planner_server-5] [ERROR] [1788842024.117820253] [planner_server]: worldToMap failed: mx,my: 422,12, size_x,size_y: 391,399
[planner_server-5] [ERROR] [1788842024.117823253] [planner_server]: worldToMap failed: mx,my: 423,12, size_x,size_y: 391,399
[planner_server-5] [ERROR] [1788842024.117826878] [planner_server]: worldToMap failed: mx,my: 391,13, size_x,size_y: 391,399
[planner_server-5] [ERROR] [1788842024.117829836] [planner_server]: worldToMap failed: mx,my: 392,13, size_x,size_y: 391,399
[planner_server-5] [ERROR] [1788842024.117832795] [planner_server]: worldToMap failed: mx,my: 393,13, size_x,size_y: 391,399
[planner_server-5] [ERROR] [1788842024.117835753] [planner_server]: worldToMap failed: mx,my: 394,13, size_x,size_y: 391,399
[planner_server-5] [ERROR] [1788842024.117838753] [planner_server]: worldToMap failed: mx,my: 395,13, size_x,size_y: 391,399
[planner_server-5] [ERROR] [1788842024.117851211] [planner_server]: worldToMap failed: mx,my: 396,13, size_x,size_y: 391,399
[planner_server-5] [ERROR] [1788842024.117856045] [planner_server]: worldToMap failed: mx,my: 397,13, size_x,size_y: 391,399
[planner_server-5] [ERROR] [1788842024.117859003] [planner_server]: worldToMap failed: mx,my: 398,13, size_x,size_y: 391,399
[planner_server-5] [ERROR] [1788842024.117861961] [planner_server]: worldToMap failed: mx,my: 399,13, size_x,size_y: 391,399
[planner_server-5] [ERROR] [1788842024.117865962] [planner_server]: worldToMap failed: mx,my: 400,13, size_x,size_y: 391,399
[planner_server-5] [ERROR] [1788842024.117870378] [planner_server]: worldToMap failed: mx,my: 401,13, size_x,size_y: 391,399
[planner_server-5] [ERROR] [1788842024.117873462] [planner_server]: worldToMap failed: mx,my: 402,13, size_x,size_y: 391,399
[planner_server-5] [ERROR] [1788842024.117876378] [planner_server]: worldToMap failed: mx,my: 403,13, size_x,size_y: 391,399
[planner_server-5] [ERROR] [1788842024.117879378] [planner_server]: worldToMap failed: mx,my: 404,13, size_x,size_y: 391,399
[planner_server-5] [ERROR] [1788842024.117882378] [planner_server]: worldToMap failed: mx,my: 405,13, size_x,size_y: 391,399
[planner_server-5] [ERROR] [1788842024.117885295] [planner_server]: worldToMap failed: mx,my: 406,13, size_x,size_y: 391,399
[planner_server-5] [ERROR] [1788842024.117888212] [planner_server]: worldToMap failed: mx,my: 407,13, size_x,size_y: 391,399
[planner_server-5] [ERROR] [1788842024.117891128] [planner_server]: worldToMap failed: mx,my: 408,13, size_x,size_y: 391,399
[planner_server-5] [ERROR] [1788842024.117894003] [planner_server]: worldToMap failed: mx,my: 409,13, size_x,size_y: 391,399
[planner_server-5] [ERROR] [1788842024.117896962] [planner_server]: worldToMap failed: mx,my: 410,13, size_x,size_y: 391,399
[planner_server-5] [ERROR] [1788842024.117899878] [planner_server]: worldToMap failed: mx,my: 411,13, size_x,size_y: 391,399
[planner_server-5] [ERROR] [1788842024.117902837] [planner_server]: worldToMap failed: mx,my: 412,13, size_x,size_y: 391,399
[planner_server-5] [ERROR] [1788842024.117905754] [planner_server]: worldToMap failed: mx,my: 413,13, size_x,size_y: 391,399
[planner_server-5] [ERROR] [1788842024.117908712] [planner_server]: worldToMap failed: mx,my: 414,13, size_x,size_y: 391,399
[planner_server-5] [ERROR] [1788842024.117911670] [planner_server]: worldToMap failed: mx,my: 415,13, size_x,size_y: 391,399
[planner_server-5] [ERROR] [1788842024.117914587] [planner_server]: worldToMap failed: mx,my: 416,13, size_x,size_y: 391,399
[planner_server-5] [ERROR] [1788842024.117917504] [planner_server]: worldToMap failed: mx,my: 417,13, size_x,size_y: 391,399
[planner_server-5] [ERROR] [1788842024.117920420] [planner_server]: worldToMap failed: mx,my: 418,13, size_x,size_y: 391,399
[planner_server-5] [ERROR] [1788842024.117923462] [planner_server]: worldToMap failed: mx,my: 419,13, size_x,size_y: 391,399
[planner_server-5] [ERROR] [1788842024.117926837] [planner_server]: worldToMap failed: mx,my: 420,13, size_x,size_y: 391,399
[planner_server-5] [ERROR] [1788842024.117929754] [planner_server]: worldToMap failed: mx,my: 421,13, size_x,size_y: 391,399
[planner_server-5] [ERROR] [1788842024.117934087] [planner_server]: worldToMap failed: mx,my: 422,13, size_x,size_y: 391,399
[planner_server-5] [ERROR] [1788842024.117937004] [planner_server]: worldToMap failed: mx,my: 423,13, size_x,size_y: 391,399
[planner_server-5] [ERROR] [1788842024.117950462] [planner_server]: worldToMap failed: mx,my: 391,14, size_x,size_y: 391,399
[planner_server-5] [ERROR] [1788842024.117953712] [planner_server]: worldToMap failed: mx,my: 392,14, size_x,size_y: 391,399
[planner_server-5] [ERROR] [1788842024.117956712] [planner_server]: worldToMap failed: mx,my: 393,14, size_x,size_y: 391,399
[planner_server-5] [ERROR] [1788842024.117959629] [planner_server]: worldToMap failed: mx,my: 394,14, size_x,size_y: 391,399
[planner_server-5] [ERROR] [1788842024.117962629] [planner_server]: worldToMap failed: mx,my: 395,14, size_x,size_y: 391,399
[planner_server-5] [ERROR] [1788842024.117966796] [planner_server]: worldToMap failed: mx,my: 396,14, size_x,size_y: 391,399
[planner_server-5] [ERROR] [1788842024.117969837] [planner_server]: worldToMap failed: mx,my: 397,14, size_x,size_y: 391,399
[planner_server-5] [ERROR] [1788842024.117981421] [planner_server]: worldToMap failed: mx,my: 398,14, size_x,size_y: 391,399
[planner_server-5] [ERROR] [1788842024.117985004] [planner_server]: worldToMap failed: mx,my: 399,14, size_x,size_y: 391,399
[planner_server-5] [ERROR] [1788842024.117988004] [planner_server]: worldToMap failed: mx,my: 400,14, size_x,size_y: 391,399
[planner_server-5] [ERROR] [1788842024.117991129] [planner_server]: worldToMap failed: mx,my: 401,14, size_x,size_y: 391,399
[planner_server-5] [ERROR] [1788842024.117994046] [planner_server]: worldToMap failed: mx,my: 402,14, size_x,size_y: 391,399
[planner_server-5] [ERROR] [1788842024.117997004] [planner_server]: worldToMap failed: mx,my: 403,14, size_x,size_y: 391,399
[planner_server-5] [ERROR] [1788842024.117999921] [planner_server]: worldToMap failed: mx,my: 404,14, size_x,size_y: 391,399
[planner_server-5] [ERROR] [1788842024.118002838] [planner_server]: worldToMap failed: mx,my: 405,14, size_x,size_y: 391,399
[planner_server-5] [ERROR] [1788842024.118006921] [planner_server]: worldToMap failed: mx,my: 406,14, size_x,size_y: 391,399
[planner_server-5] [ERROR] [1788842024.118010463] [planner_server]: worldToMap failed: mx,my: 407,14, size_x,size_y: 391,399
[planner_server-5] [ERROR] [1788842024.118013421] [planner_server]: worldToMap failed: mx,my: 408,14, size_x,size_y: 391,399
[planner_server-5] [ERROR] [1788842024.118016380] [planner_server]: worldToMap failed: mx,my: 409,14, size_x,size_y: 391,399
[planner_server-5] [ERROR] [1788842024.118019380] [planner_server]: worldToMap failed: mx,my: 410,14, size_x,size_y: 391,399
[planner_server-5] [ERROR] [1788842024.118022296] [planner_server]: worldToMap failed: mx,my: 411,14, size_x,size_y: 391,399
[planner_server-5] [ERROR] [1788842024.118025255] [planner_server]: worldToMap failed: mx,my: 412,14, size_x,size_y: 391,399
[planner_server-5] [ERROR] [1788842024.118028213] [planner_server]: worldToMap failed: mx,my: 413,14, size_x,size_y: 391,399
[planner_server-5] [ERROR] [1788842024.118031088] [planner_server]: worldToMap failed: mx,my: 414,14, size_x,size_y: 391,399
[planner_server-5] [ERROR] [1788842024.118035380] [planner_server]: worldToMap failed: mx,my: 415,14, size_x,size_y: 391,399
[planner_server-5] [ERROR] [1788842024.118038296] [planner_server]: worldToMap failed: mx,my: 416,14, size_x,size_y: 391,399
[planner_server-5] [ERROR] [1788842024.118041213] [planner_server]: worldToMap failed: mx,my: 417,14, size_x,size_y: 391,399
[planner_server-5] [ERROR] [1788842024.118044130] [planner_server]: worldToMap failed: mx,my: 418,14, size_x,size_y: 391,399
[planner_server-5] [ERROR] [1788842024.118047005] [planner_server]: worldToMap failed: mx,my: 419,14, size_x,size_y: 391,399
[planner_server-5] [ERROR] [1788842024.118049963] [planner_server]: worldToMap failed: mx,my: 420,14, size_x,size_y: 391,399
[planner_server-5] [ERROR] [1788842024.118053005] [planner_server]: worldToMap failed: mx,my: 421,14, size_x,size_y: 391,399
[planner_server-5] [ERROR] [1788842024.118055922] [planner_server]: worldToMap failed: mx,my: 422,14, size_x,size_y: 391,399
[planner_server-5] [ERROR] [1788842024.118058880] [planner_server]: worldToMap failed: mx,my: 423,14, size_x,size_y: 391,399
[planner_server-5] [ERROR] [1788842024.118062380] [planner_server]: worldToMap failed: mx,my: 391,15, size_x,size_y: 391,399
[planner_server-5] [ERROR] [1788842024.118065755] [planner_server]: worldToMap failed: mx,my: 392,15, size_x,size_y: 391,399
[planner_server-5] [ERROR] [1788842024.118068755] [planner_server]: worldToMap failed: mx,my: 393,15, size_x,size_y: 391,399
[planner_server-5] [ERROR] [1788842024.118071713] [planner_server]: worldToMap failed: mx,my: 394,15, size_x,size_y: 391,399
[planner_server-5] [ERROR] [1788842024.118074672] [planner_server]: worldToMap failed: mx,my: 395,15, size_x,size_y: 391,399
[planner_server-5] [ERROR] [1788842024.118077630] [planner_server]: worldToMap failed: mx,my: 396,15, size_x,size_y: 391,399
[planner_server-5] [ERROR] [1788842024.118080505] [planner_server]: worldToMap failed: mx,my: 397,15, size_x,size_y: 391,399
[planner_server-5] [ERROR] [1788842024.118083422] [planner_server]: worldToMap failed: mx,my: 398,15, size_x,size_y: 391,399
[planner_server-5] [ERROR] [1788842024.118086297] [planner_server]: worldToMap failed: mx,my: 399,15, size_x,size_y: 391,399
[planner_server-5] [ERROR] [1788842024.118089172] [planner_server]: worldToMap failed: mx,my: 400,15, size_x,size_y: 391,399
[planner_server-5] [ERROR] [1788842024.118092089] [planner_server]: worldToMap failed: mx,my: 401,15, size_x,size_y: 391,399
[planner_server-5] [ERROR] [1788842024.118103714] [planner_server]: worldToMap failed: mx,my: 402,15, size_x,size_y: 391,399
[planner_server-5] [ERROR] [1788842024.118107005] [planner_server]: worldToMap failed: mx,my: 403,15, size_x,size_y: 391,399
[planner_server-5] [ERROR] [1788842024.118109922] [planner_server]: worldToMap failed: mx,my: 404,15, size_x,size_y: 391,399
[planner_server-5] [ERROR] [1788842024.118112880] [planner_server]: worldToMap failed: mx,my: 405,15, size_x,size_y: 391,399
[planner_server-5] [ERROR] [1788842024.118115797] [planner_server]: worldToMap failed: mx,my: 406,15, size_x,size_y: 391,399
[planner_server-5] [ERROR] [1788842024.118118672] [planner_server]: worldToMap failed: mx,my: 407,15, size_x,size_y: 391,399
[planner_server-5] [ERROR] [1788842024.118121589] [planner_server]: worldToMap failed: mx,my: 408,15, size_x,size_y: 391,399
[planner_server-5] [ERROR] [1788842024.118124422] [planner_server]: worldToMap failed: mx,my: 409,15, size_x,size_y: 391,399
[planner_server-5] [ERROR] [1788842024.118127381] [planner_server]: worldToMap failed: mx,my: 410,15, size_x,size_y: 391,399
[planner_server-5] [ERROR] [1788842024.118141589] [planner_server]: worldToMap failed: mx,my: 411,15, size_x,size_y: 391,399
[planner_server-5] [ERROR] [1788842024.118145797] [planner_server]: worldToMap failed: mx,my: 412,15, size_x,size_y: 391,399
[planner_server-5] [ERROR] [1788842024.118148839] [planner_server]: worldToMap failed: mx,my: 413,15, size_x,size_y: 391,399
[planner_server-5] [ERROR] [1788842024.118151797] [planner_server]: worldToMap failed: mx,my: 414,15, size_x,size_y: 391,399
[planner_server-5] [ERROR] [1788842024.118154714] [planner_server]: worldToMap failed: mx,my: 415,15, size_x,size_y: 391,399
[planner_server-5] [ERROR] [1788842024.118157631] [planner_server]: worldToMap failed: mx,my: 416,15, size_x,size_y: 391,399
[planner_server-5] [ERROR] [1788842024.118160589] [planner_server]: worldToMap failed: mx,my: 417,15, size_x,size_y: 391,399
[planner_server-5] [ERROR] [1788842024.118163506] [planner_server]: worldToMap failed: mx,my: 418,15, size_x,size_y: 391,399
[planner_server-5] [ERROR] [1788842024.118166423] [planner_server]: worldToMap failed: mx,my: 419,15, size_x,size_y: 391,399
[planner_server-5] [ERROR] [1788842024.118169298] [planner_server]: worldToMap failed: mx,my: 420,15, size_x,size_y: 391,399
[planner_server-5] [ERROR] [1788842024.118173548] [planner_server]: worldToMap failed: mx,my: 421,15, size_x,size_y: 391,399
[planner_server-5] [ERROR] [1788842024.118176506] [planner_server]: worldToMap failed: mx,my: 422,15, size_x,size_y: 391,399
[planner_server-5] [ERROR] [1788842024.118179381] [planner_server]: worldToMap failed: mx,my: 423,15, size_x,size_y: 391,399
[planner_server-5] [ERROR] [1788842024.118182798] [planner_server]: worldToMap failed: mx,my: 391,16, size_x,size_y: 391,399
[planner_server-5] [ERROR] [1788842024.118185714] [planner_server]: worldToMap failed: mx,my: 392,16, size_x,size_y: 391,399
[planner_server-5] [ERROR] [1788842024.118188631] [planner_server]: worldToMap failed: mx,my: 393,16, size_x,size_y: 391,399
[planner_server-5] [ERROR] [1788842024.118191548] [planner_server]: worldToMap failed: mx,my: 394,16, size_x,size_y: 391,399
[planner_server-5] [ERROR] [1788842024.118194464] [planner_server]: worldToMap failed: mx,my: 395,16, size_x,size_y: 391,399
[planner_server-5] [ERROR] [1788842024.118197339] [planner_server]: worldToMap failed: mx,my: 396,16, size_x,size_y: 391,399
[planner_server-5] [ERROR] [1788842024.118200839] [planner_server]: worldToMap failed: mx,my: 397,16, size_x,size_y: 391,399
[planner_server-5] [ERROR] [1788842024.118203756] [planner_server]: worldToMap failed: mx,my: 398,16, size_x,size_y: 391,399
[planner_server-5] [ERROR] [1788842024.118206673] [planner_server]: worldToMap failed: mx,my: 399,16, size_x,size_y: 391,399
[planner_server-5] [ERROR] [1788842024.118209548] [planner_server]: worldToMap failed: mx,my: 400,16, size_x,size_y: 391,399
[planner_server-5] [ERROR] [1788842024.118212506] [planner_server]: worldToMap failed: mx,my: 401,16, size_x,size_y: 391,399
[planner_server-5] [ERROR] [1788842024.118215423] [planner_server]: worldToMap failed: mx,my: 402,16, size_x,size_y: 391,399
[planner_server-5] [ERROR] [1788842024.118218340] [planner_server]: worldToMap failed: mx,my: 403,16, size_x,size_y: 391,399
[planner_server-5] [ERROR] [1788842024.118221298] [planner_server]: worldToMap failed: mx,my: 404,16, size_x,size_y: 391,399
[planner_server-5] [ERROR] [1788842024.118224215] [planner_server]: worldToMap failed: mx,my: 405,16, size_x,size_y: 391,399
[planner_server-5] [ERROR] [1788842024.118227131] [planner_server]: worldToMap failed: mx,my: 406,16, size_x,size_y: 391,399
[planner_server-5] [ERROR] [1788842024.118231548] [planner_server]: worldToMap failed: mx,my: 407,16, size_x,size_y: 391,399
[planner_server-5] [ERROR] [1788842024.118234506] [planner_server]: worldToMap failed: mx,my: 408,16, size_x,size_y: 391,399
[planner_server-5] [ERROR] [1788842024.118239798] [planner_server]: worldToMap failed: mx,my: 409,16, size_x,size_y: 391,399
[planner_server-5] [ERROR] [1788842024.118242715] [planner_server]: worldToMap failed: mx,my: 410,16, size_x,size_y: 391,399
[planner_server-5] [ERROR] [1788842024.118245632] [planner_server]: worldToMap failed: mx,my: 411,16, size_x,size_y: 391,399
[planner_server-5] [ERROR] [1788842024.118248590] [planner_server]: worldToMap failed: mx,my: 412,16, size_x,size_y: 391,399
[planner_server-5] [ERROR] [1788842024.118251548] [planner_server]: worldToMap failed: mx,my: 413,16, size_x,size_y: 391,399
[planner_server-5] [ERROR] [1788842024.118254507] [planner_server]: worldToMap failed: mx,my: 414,16, size_x,size_y: 391,399
[planner_server-5] [ERROR] [1788842024.118257423] [planner_server]: worldToMap failed: mx,my: 415,16, size_x,size_y: 391,399
[planner_server-5] [ERROR] [1788842024.118260298] [planner_server]: worldToMap failed: mx,my: 416,16, size_x,size_y: 391,399
[planner_server-5] [ERROR] [1788842024.118264257] [planner_server]: worldToMap failed: mx,my: 417,16, size_x,size_y: 391,399
[planner_server-5] [ERROR] [1788842024.118267757] [planner_server]: worldToMap failed: mx,my: 418,16, size_x,size_y: 391,399
[planner_server-5] [ERROR] [1788842024.118270715] [planner_server]: worldToMap failed: mx,my: 419,16, size_x,size_y: 391,399
[planner_server-5] [ERROR] [1788842024.118273632] [planner_server]: worldToMap failed: mx,my: 420,16, size_x,size_y: 391,399
[planner_server-5] [ERROR] [1788842024.118276548] [planner_server]: worldToMap failed: mx,my: 421,16, size_x,size_y: 391,399
[planner_server-5] [ERROR] [1788842024.118279424] [planner_server]: worldToMap failed: mx,my: 422,16, size_x,size_y: 391,399
[planner_server-5] [ERROR] [1788842024.118282299] [planner_server]: worldToMap failed: mx,my: 423,16, size_x,size_y: 391,399
[planner_server-5] [ERROR] [1788842024.118285674] [planner_server]: worldToMap failed: mx,my: 391,17, size_x,size_y: 391,399
[planner_server-5] [ERROR] [1788842024.118288632] [planner_server]: worldToMap failed: mx,my: 392,17, size_x,size_y: 391,399
[planner_server-5] [ERROR] [1788842024.118291507] [planner_server]: worldToMap failed: mx,my: 393,17, size_x,size_y: 391,399
[planner_server-5] [ERROR] [1788842024.118296715] [planner_server]: worldToMap failed: mx,my: 394,17, size_x,size_y: 391,399
[planner_server-5] [ERROR] [1788842024.118299674] [planner_server]: worldToMap failed: mx,my: 395,17, size_x,size_y: 391,399
[planner_server-5] [ERROR] [1788842024.118302590] [planner_server]: worldToMap failed: mx,my: 396,17, size_x,size_y: 391,399
[planner_server-5] [ERROR] [1788842024.118305507] [planner_server]: worldToMap failed: mx,my: 397,17, size_x,size_y: 391,399
[planner_server-5] [ERROR] [1788842024.118308465] [planner_server]: worldToMap failed: mx,my: 398,17, size_x,size_y: 391,399
[planner_server-5] [ERROR] [1788842024.118311340] [planner_server]: worldToMap failed: mx,my: 399,17, size_x,size_y: 391,399
[planner_server-5] [ERROR] [1788842024.118314257] [planner_server]: worldToMap failed: mx,my: 400,17, size_x,size_y: 391,399
[planner_server-5] [ERROR] [1788842024.118317174] [planner_server]: worldToMap failed: mx,my: 401,17, size_x,size_y: 391,399
[planner_server-5] [ERROR] [1788842024.118320341] [planner_server]: worldToMap failed: mx,my: 402,17, size_x,size_y: 391,399
[planner_server-5] [ERROR] [1788842024.118323216] [planner_server]: worldToMap failed: mx,my: 403,17, size_x,size_y: 391,399
[planner_server-5] [ERROR] [1788842024.118339674] [planner_server]: worldToMap failed: mx,my: 404,17, size_x,size_y: 391,399
[planner_server-5] [ERROR] [1788842024.118344216] [planner_server]: worldToMap failed: mx,my: 405,17, size_x,size_y: 391,399
[planner_server-5] [ERROR] [1788842024.118348382] [planner_server]: worldToMap failed: mx,my: 406,17, size_x,size_y: 391,399
[planner_server-5] [ERROR] [1788842024.118351341] [planner_server]: worldToMap failed: mx,my: 407,17, size_x,size_y: 391,399
[planner_server-5] [ERROR] [1788842024.118354216] [planner_server]: worldToMap failed: mx,my: 408,17, size_x,size_y: 391,399
[planner_server-5] [ERROR] [1788842024.118357174] [planner_server]: worldToMap failed: mx,my: 409,17, size_x,size_y: 391,399
[planner_server-5] [ERROR] [1788842024.118360091] [planner_server]: worldToMap failed: mx,my: 410,17, size_x,size_y: 391,399
[planner_server-5] [ERROR] [1788842024.118363008] [planner_server]: worldToMap failed: mx,my: 411,17, size_x,size_y: 391,399
[planner_server-5] [ERROR] [1788842024.118365966] [planner_server]: worldToMap failed: mx,my: 412,17, size_x,size_y: 391,399
[planner_server-5] [ERROR] [1788842024.118368841] [planner_server]: worldToMap failed: mx,my: 413,17, size_x,size_y: 391,399
[planner_server-5] [ERROR] [1788842024.118371716] [planner_server]: worldToMap failed: mx,my: 414,17, size_x,size_y: 391,399
[planner_server-5] [ERROR] [1788842024.118374549] [planner_server]: worldToMap failed: mx,my: 415,17, size_x,size_y: 391,399
[planner_server-5] [ERROR] [1788842024.118377508] [planner_server]: worldToMap failed: mx,my: 416,17, size_x,size_y: 391,399
[planner_server-5] [ERROR] [1788842024.118380466] [planner_server]: worldToMap failed: mx,my: 417,17, size_x,size_y: 391,399
[planner_server-5] [ERROR] [1788842024.118383341] [planner_server]: worldToMap failed: mx,my: 418,17, size_x,size_y: 391,399
[planner_server-5] [ERROR] [1788842024.118386258] [planner_server]: worldToMap failed: mx,my: 419,17, size_x,size_y: 391,399
[planner_server-5] [ERROR] [1788842024.118389174] [planner_server]: worldToMap failed: mx,my: 420,17, size_x,size_y: 391,399
[planner_server-5] [ERROR] [1788842024.118392050] [planner_server]: worldToMap failed: mx,my: 421,17, size_x,size_y: 391,399
[planner_server-5] [ERROR] [1788842024.118394966] [planner_server]: worldToMap failed: mx,my: 422,17, size_x,size_y: 391,399
[planner_server-5] [ERROR] [1788842024.118398883] [planner_server]: worldToMap failed: mx,my: 423,17, size_x,size_y: 391,399
[planner_server-5] [ERROR] [1788842024.118403925] [planner_server]: worldToMap failed: mx,my: 391,18, size_x,size_y: 391,399
[planner_server-5] [ERROR] [1788842024.118406925] [planner_server]: worldToMap failed: mx,my: 392,18, size_x,size_y: 391,399
[planner_server-5] [ERROR] [1788842024.118411258] [planner_server]: worldToMap failed: mx,my: 393,18, size_x,size_y: 391,399
[planner_server-5] [ERROR] [1788842024.118414175] [planner_server]: worldToMap failed: mx,my: 394,18, size_x,size_y: 391,399
[planner_server-5] [ERROR] [1788842024.118417091] [planner_server]: worldToMap failed: mx,my: 395,18, size_x,size_y: 391,399
[planner_server-5] [ERROR] [1788842024.118419925] [planner_server]: worldToMap failed: mx,my: 396,18, size_x,size_y: 391,399
[planner_server-5] [ERROR] [1788842024.118422883] [planner_server]: worldToMap failed: mx,my: 397,18, size_x,size_y: 391,399
[planner_server-5] [ERROR] [1788842024.118425758] [planner_server]: worldToMap failed: mx,my: 398,18, size_x,size_y: 391,399
[planner_server-5] [ERROR] [1788842024.118428633] [planner_server]: worldToMap failed: mx,my: 399,18, size_x,size_y: 391,399
[planner_server-5] [ERROR] [1788842024.118431592] [planner_server]: worldToMap failed: mx,my: 400,18, size_x,size_y: 391,399
[planner_server-5] [ERROR] [1788842024.118434508] [planner_server]: worldToMap failed: mx,my: 401,18, size_x,size_y: 391,399
[planner_server-5] [ERROR] [1788842024.118437342] [planner_server]: worldToMap failed: mx,my: 402,18, size_x,size_y: 391,399
[planner_server-5] [ERROR] [1788842024.118440217] [planner_server]: worldToMap failed: mx,my: 403,18, size_x,size_y: 391,399
[planner_server-5] [ERROR] [1788842024.118443050] [planner_server]: worldToMap failed: mx,my: 404,18, size_x,size_y: 391,399
[planner_server-5] [ERROR] [1788842024.118445925] [planner_server]: worldToMap failed: mx,my: 405,18, size_x,size_y: 391,399
[planner_server-5] [ERROR] [1788842024.118448842] [planner_server]: worldToMap failed: mx,my: 406,18, size_x,size_y: 391,399
[planner_server-5] [ERROR] [1788842024.118452133] [planner_server]: worldToMap failed: mx,my: 407,18, size_x,size_y: 391,399
[planner_server-5] [ERROR] [1788842024.118455050] [planner_server]: worldToMap failed: mx,my: 408,18, size_x,size_y: 391,399
[planner_server-5] [ERROR] [1788842024.118457967] [planner_server]: worldToMap failed: mx,my: 409,18, size_x,size_y: 391,399
[planner_server-5] [ERROR] [1788842024.118460883] [planner_server]: worldToMap failed: mx,my: 410,18, size_x,size_y: 391,399
[planner_server-5] [ERROR] [1788842024.118463842] [planner_server]: worldToMap failed: mx,my: 411,18, size_x,size_y: 391,399
[planner_server-5] [ERROR] [1788842024.118467134] [planner_server]: worldToMap failed: mx,my: 412,18, size_x,size_y: 391,399
[planner_server-5] [ERROR] [1788842024.118470967] [planner_server]: worldToMap failed: mx,my: 413,18, size_x,size_y: 391,399
[planner_server-5] [ERROR] [1788842024.118473925] [planner_server]: worldToMap failed: mx,my: 414,18, size_x,size_y: 391,399
[planner_server-5] [ERROR] [1788842024.118476800] [planner_server]: worldToMap failed: mx,my: 415,18, size_x,size_y: 391,399
[planner_server-5] [ERROR] [1788842024.118479717] [planner_server]: worldToMap failed: mx,my: 416,18, size_x,size_y: 391,399
[planner_server-5] [ERROR] [1788842024.118482634] [planner_server]: worldToMap failed: mx,my: 417,18, size_x,size_y: 391,399
[planner_server-5] [ERROR] [1788842024.118485509] [planner_server]: worldToMap failed: mx,my: 418,18, size_x,size_y: 391,399
[planner_server-5] [ERROR] [1788842024.118488384] [planner_server]: worldToMap failed: mx,my: 419,18, size_x,size_y: 391,399
[planner_server-5] [ERROR] [1788842024.118491259] [planner_server]: worldToMap failed: mx,my: 420,18, size_x,size_y: 391,399
[planner_server-5] [ERROR] [1788842024.118494175] [planner_server]: worldToMap failed: mx,my: 421,18, size_x,size_y: 391,399
[planner_server-5] [ERROR] [1788842024.118497092] [planner_server]: worldToMap failed: mx,my: 422,18, size_x,size_y: 391,399
[planner_server-5] [ERROR] [1788842024.118499967] [planner_server]: worldToMap failed: mx,my: 423,18, size_x,size_y: 391,399
[planner_server-5] [ERROR] [1788842024.118503301] [planner_server]: worldToMap failed: mx,my: 391,19, size_x,size_y: 391,399
[planner_server-5] [ERROR] [1788842024.118506217] [planner_server]: worldToMap failed: mx,my: 392,19, size_x,size_y: 391,399
[planner_server-5] [ERROR] [1788842024.118509009] [planner_server]: worldToMap failed: mx,my: 393,19, size_x,size_y: 391,399
[planner_server-5] [ERROR] [1788842024.118511926] [planner_server]: worldToMap failed: mx,my: 394,19, size_x,size_y: 391,399
[planner_server-5] [ERROR] [1788842024.118526717] [planner_server]: worldToMap failed: mx,my: 395,19, size_x,size_y: 391,399
[planner_server-5] [ERROR] [1788842024.118530842] [planner_server]: worldToMap failed: mx,my: 396,19, size_x,size_y: 391,399
[planner_server-5] [ERROR] [1788842024.118533801] [planner_server]: worldToMap failed: mx,my: 397,19, size_x,size_y: 391,399
[planner_server-5] [ERROR] [1788842024.118536759] [planner_server]: worldToMap failed: mx,my: 398,19, size_x,size_y: 391,399
[planner_server-5] [ERROR] [1788842024.118543968] [planner_server]: worldToMap failed: mx,my: 399,19, size_x,size_y: 391,399
[planner_server-5] [ERROR] [1788842024.118547093] [planner_server]: worldToMap failed: mx,my: 400,19, size_x,size_y: 391,399
[planner_server-5] [ERROR] [1788842024.118550009] [planner_server]: worldToMap failed: mx,my: 401,19, size_x,size_y: 391,399
[planner_server-5] [ERROR] [1788842024.118572218] [planner_server]: worldToMap failed: mx,my: 402,19, size_x,size_y: 391,399
[planner_server-5] [ERROR] [1788842024.118576759] [planner_server]: worldToMap failed: mx,my: 403,19, size_x,size_y: 391,399
[planner_server-5] [ERROR] [1788842024.118579801] [planner_server]: worldToMap failed: mx,my: 404,19, size_x,size_y: 391,399
[planner_server-5] [ERROR] [1788842024.118582718] [planner_server]: worldToMap failed: mx,my: 405,19, size_x,size_y: 391,399
[planner_server-5] [ERROR] [1788842024.118585676] [planner_server]: worldToMap failed: mx,my: 406,19, size_x,size_y: 391,399
[planner_server-5] [ERROR] [1788842024.118588676] [planner_server]: worldToMap failed: mx,my: 407,19, size_x,size_y: 391,399
[planner_server-5] [ERROR] [1788842024.118591551] [planner_server]: worldToMap failed: mx,my: 408,19, size_x,size_y: 391,399
[planner_server-5] [ERROR] [1788842024.118594593] [planner_server]: worldToMap failed: mx,my: 409,19, size_x,size_y: 391,399
[planner_server-5] [ERROR] [1788842024.118597510] [planner_server]: worldToMap failed: mx,my: 410,19, size_x,size_y: 391,399
[planner_server-5] [ERROR] [1788842024.118600385] [planner_server]: worldToMap failed: mx,my: 411,19, size_x,size_y: 391,399
[planner_server-5] [ERROR] [1788842024.118603676] [planner_server]: worldToMap failed: mx,my: 412,19, size_x,size_y: 391,399
[planner_server-5] [ERROR] [1788842024.118606635] [planner_server]: worldToMap failed: mx,my: 413,19, size_x,size_y: 391,399
[planner_server-5] [ERROR] [1788842024.118609593] [planner_server]: worldToMap failed: mx,my: 414,19, size_x,size_y: 391,399
[planner_server-5] [ERROR] [1788842024.118612426] [planner_server]: worldToMap failed: mx,my: 415,19, size_x,size_y: 391,399
[planner_server-5] [ERROR] [1788842024.118615302] [planner_server]: worldToMap failed: mx,my: 416,19, size_x,size_y: 391,399
[planner_server-5] [ERROR] [1788842024.118618260] [planner_server]: worldToMap failed: mx,my: 417,19, size_x,size_y: 391,399
[planner_server-5] [ERROR] [1788842024.118621093] [planner_server]: worldToMap failed: mx,my: 418,19, size_x,size_y: 391,399
[planner_server-5] [ERROR] [1788842024.118624052] [planner_server]: worldToMap failed: mx,my: 419,19, size_x,size_y: 391,399
[planner_server-5] [ERROR] [1788842024.118626927] [planner_server]: worldToMap failed: mx,my: 420,19, size_x,size_y: 391,399
[planner_server-5] [ERROR] [1788842024.118629802] [planner_server]: worldToMap failed: mx,my: 421,19, size_x,size_y: 391,399
[planner_server-5] [ERROR] [1788842024.118633968] [planner_server]: worldToMap failed: mx,my: 422,19, size_x,size_y: 391,399
[planner_server-5] [ERROR] [1788842024.118636927] [planner_server]: worldToMap failed: mx,my: 423,19, size_x,size_y: 391,399
[planner_server-5] [ERROR] [1788842024.118640427] [planner_server]: worldToMap failed: mx,my: 391,20, size_x,size_y: 391,399
[planner_server-5] [ERROR] [1788842024.118643343] [planner_server]: worldToMap failed: mx,my: 392,20, size_x,size_y: 391,399
[planner_server-5] [ERROR] [1788842024.118646302] [planner_server]: worldToMap failed: mx,my: 393,20, size_x,size_y: 391,399
[planner_server-5] [ERROR] [1788842024.118649218] [planner_server]: worldToMap failed: mx,my: 394,20, size_x,size_y: 391,399
[planner_server-5] [ERROR] [1788842024.118652093] [planner_server]: worldToMap failed: mx,my: 395,20, size_x,size_y: 391,399
[planner_server-5] [ERROR] [1788842024.118655010] [planner_server]: worldToMap failed: mx,my: 396,20, size_x,size_y: 391,399
[planner_server-5] [ERROR] [1788842024.118658010] [planner_server]: worldToMap failed: mx,my: 397,20, size_x,size_y: 391,399
[planner_server-5] [ERROR] [1788842024.118660885] [planner_server]: worldToMap failed: mx,my: 398,20, size_x,size_y: 391,399
[planner_server-5] [ERROR] [1788842024.118663760] [planner_server]: worldToMap failed: mx,my: 399,20, size_x,size_y: 391,399
[planner_server-5] [ERROR] [1788842024.118666635] [planner_server]: worldToMap failed: mx,my: 400,20, size_x,size_y: 391,399
[planner_server-5] [ERROR] [1788842024.118673010] [planner_server]: worldToMap failed: mx,my: 401,20, size_x,size_y: 391,399
[planner_server-5] [ERROR] [1788842024.118677635] [planner_server]: worldToMap failed: mx,my: 402,20, size_x,size_y: 391,399
[planner_server-5] [ERROR] [1788842024.118680635] [planner_server]: worldToMap failed: mx,my: 403,20, size_x,size_y: 391,399
[planner_server-5] [ERROR] [1788842024.118683469] [planner_server]: worldToMap failed: mx,my: 404,20, size_x,size_y: 391,399
[planner_server-5] [ERROR] [1788842024.118686385] [planner_server]: worldToMap failed: mx,my: 405,20, size_x,size_y: 391,399
[planner_server-5] [ERROR] [1788842024.118689260] [planner_server]: worldToMap failed: mx,my: 406,20, size_x,size_y: 391,399
[planner_server-5] [ERROR] [1788842024.118692136] [planner_server]: worldToMap failed: mx,my: 407,20, size_x,size_y: 391,399
[planner_server-5] [ERROR] [1788842024.118696261] [planner_server]: worldToMap failed: mx,my: 408,20, size_x,size_y: 391,399
[planner_server-5] [ERROR] [1788842024.118699219] [planner_server]: worldToMap failed: mx,my: 409,20, size_x,size_y: 391,399
[planner_server-5] [ERROR] [1788842024.118702136] [planner_server]: worldToMap failed: mx,my: 410,20, size_x,size_y: 391,399
[planner_server-5] [ERROR] [1788842024.118705052] [planner_server]: worldToMap failed: mx,my: 411,20, size_x,size_y: 391,399
[planner_server-5] [ERROR] [1788842024.118707927] [planner_server]: worldToMap failed: mx,my: 412,20, size_x,size_y: 391,399
[planner_server-5] [ERROR] [1788842024.118710802] [planner_server]: worldToMap failed: mx,my: 413,20, size_x,size_y: 391,399
[planner_server-5] [ERROR] [1788842024.118713719] [planner_server]: worldToMap failed: mx,my: 414,20, size_x,size_y: 391,399
[planner_server-5] [ERROR] [1788842024.118716594] [planner_server]: worldToMap failed: mx,my: 415,20, size_x,size_y: 391,399
[planner_server-5] [ERROR] [1788842024.118719469] [planner_server]: worldToMap failed: mx,my: 416,20, size_x,size_y: 391,399
[planner_server-5] [ERROR] [1788842024.118731053] [planner_server]: worldToMap failed: mx,my: 417,20, size_x,size_y: 391,399
[planner_server-5] [ERROR] [1788842024.118734094] [planner_server]: worldToMap failed: mx,my: 418,20, size_x,size_y: 391,399
[planner_server-5] [ERROR] [1788842024.118736969] [planner_server]: worldToMap failed: mx,my: 419,20, size_x,size_y: 391,399
[planner_server-5] [ERROR] [1788842024.118739886] [planner_server]: worldToMap failed: mx,my: 420,20, size_x,size_y: 391,399
[planner_server-5] [ERROR] [1788842024.118742719] [planner_server]: worldToMap failed: mx,my: 421,20, size_x,size_y: 391,399
[planner_server-5] [ERROR] [1788842024.118745594] [planner_server]: worldToMap failed: mx,my: 422,20, size_x,size_y: 391,399
[planner_server-5] [ERROR] [1788842024.118748511] [planner_server]: worldToMap failed: mx,my: 423,20, size_x,size_y: 391,399
[planner_server-5] [ERROR] [1788842024.118752011] [planner_server]: worldToMap failed: mx,my: 391,21, size_x,size_y: 391,399
[planner_server-5] [ERROR] [1788842024.118754886] [planner_server]: worldToMap failed: mx,my: 392,21, size_x,size_y: 391,399
[planner_server-5] [ERROR] [1788842024.118757761] [planner_server]: worldToMap failed: mx,my: 393,21, size_x,size_y: 391,399
[planner_server-5] [ERROR] [1788842024.118760636] [planner_server]: worldToMap failed: mx,my: 394,21, size_x,size_y: 391,399
[planner_server-5] [ERROR] [1788842024.118772386] [planner_server]: worldToMap failed: mx,my: 395,21, size_x,size_y: 391,399
[planner_server-5] [ERROR] [1788842024.118776720] [planner_server]: worldToMap failed: mx,my: 396,21, size_x,size_y: 391,399
[planner_server-5] [ERROR] [1788842024.118779678] [planner_server]: worldToMap failed: mx,my: 397,21, size_x,size_y: 391,399
[planner_server-5] [ERROR] [1788842024.118782595] [planner_server]: worldToMap failed: mx,my: 398,21, size_x,size_y: 391,399
[planner_server-5] [ERROR] [1788842024.118785553] [planner_server]: worldToMap failed: mx,my: 399,21, size_x,size_y: 391,399
[planner_server-5] [ERROR] [1788842024.118788386] [planner_server]: worldToMap failed: mx,my: 400,21, size_x,size_y: 391,399
[planner_server-5] [ERROR] [1788842024.118791303] [planner_server]: worldToMap failed: mx,my: 401,21, size_x,size_y: 391,399
[planner_server-5] [ERROR] [1788842024.118794178] [planner_server]: worldToMap failed: mx,my: 402,21, size_x,size_y: 391,399
[planner_server-5] [ERROR] [1788842024.118797095] [planner_server]: worldToMap failed: mx,my: 403,21, size_x,size_y: 391,399
[planner_server-5] [ERROR] [1788842024.118800053] [planner_server]: worldToMap failed: mx,my: 404,21, size_x,size_y: 391,399
[planner_server-5] [ERROR] [1788842024.118802928] [planner_server]: worldToMap failed: mx,my: 405,21, size_x,size_y: 391,399
[planner_server-5] [ERROR] [1788842024.118805762] [planner_server]: worldToMap failed: mx,my: 406,21, size_x,size_y: 391,399
[planner_server-5] [ERROR] [1788842024.118855345] [planner_server]: worldToMap failed: mx,my: 407,21, size_x,size_y: 391,399
[planner_server-5] [ERROR] [1788842024.118861387] [planner_server]: worldToMap failed: mx,my: 408,21, size_x,size_y: 391,399
[planner_server-5] [ERROR] [1788842024.118864470] [planner_server]: worldToMap failed: mx,my: 409,21, size_x,size_y: 391,399
[planner_server-5] [ERROR] [1788842024.118867470] [planner_server]: worldToMap failed: mx,my: 410,21, size_x,size_y: 391,399
[planner_server-5] [ERROR] [1788842024.118870387] [planner_server]: worldToMap failed: mx,my: 411,21, size_x,size_y: 391,399
[planner_server-5] [ERROR] [1788842024.118873304] [planner_server]: worldToMap failed: mx,my: 412,21, size_x,size_y: 391,399
[planner_server-5] [ERROR] [1788842024.118876220] [planner_server]: worldToMap failed: mx,my: 413,21, size_x,size_y: 391,399
[planner_server-5] [ERROR] [1788842024.118879137] [planner_server]: worldToMap failed: mx,my: 414,21, size_x,size_y: 391,399
[planner_server-5] [ERROR] [1788842024.118882054] [planner_server]: worldToMap failed: mx,my: 415,21, size_x,size_y: 391,399
[planner_server-5] [ERROR] [1788842024.118884971] [planner_server]: worldToMap failed: mx,my: 416,21, size_x,size_y: 391,399
[planner_server-5] [ERROR] [1788842024.118887929] [planner_server]: worldToMap failed: mx,my: 417,21, size_x,size_y: 391,399
[planner_server-5] [ERROR] [1788842024.118890887] [planner_server]: worldToMap failed: mx,my: 418,21, size_x,size_y: 391,399
[planner_server-5] [ERROR] [1788842024.118893804] [planner_server]: worldToMap failed: mx,my: 419,21, size_x,size_y: 391,399
[planner_server-5] [ERROR] [1788842024.118896721] [planner_server]: worldToMap failed: mx,my: 420,21, size_x,size_y: 391,399
[planner_server-5] [ERROR] [1788842024.118899637] [planner_server]: worldToMap failed: mx,my: 421,21, size_x,size_y: 391,399
[planner_server-5] [ERROR] [1788842024.118903096] [planner_server]: worldToMap failed: mx,my: 422,21, size_x,size_y: 391,399
[planner_server-5] [ERROR] [1788842024.118905929] [planner_server]: worldToMap failed: mx,my: 423,21, size_x,size_y: 391,399
[planner_server-5] [ERROR] [1788842024.118909387] [planner_server]: worldToMap failed: mx,my: 391,22, size_x,size_y: 391,399
[planner_server-5] [ERROR] [1788842024.118912304] [planner_server]: worldToMap failed: mx,my: 392,22, size_x,size_y: 391,399
[planner_server-5] [ERROR] [1788842024.118915262] [planner_server]: worldToMap failed: mx,my: 393,22, size_x,size_y: 391,399
[planner_server-5] [ERROR] [1788842024.118918096] [planner_server]: worldToMap failed: mx,my: 394,22, size_x,size_y: 391,399
[planner_server-5] [ERROR] [1788842024.118922138] [planner_server]: worldToMap failed: mx,my: 395,22, size_x,size_y: 391,399
[planner_server-5] [ERROR] [1788842024.118925054] [planner_server]: worldToMap failed: mx,my: 396,22, size_x,size_y: 391,399
[planner_server-5] [ERROR] [1788842024.118928013] [planner_server]: worldToMap failed: mx,my: 397,22, size_x,size_y: 391,399
[planner_server-5] [ERROR] [1788842024.118930929] [planner_server]: worldToMap failed: mx,my: 398,22, size_x,size_y: 391,399
[planner_server-5] [ERROR] [1788842024.118933804] [planner_server]: worldToMap failed: mx,my: 399,22, size_x,size_y: 391,399
[planner_server-5] [ERROR] [1788842024.118936679] [planner_server]: worldToMap failed: mx,my: 400,22, size_x,size_y: 391,399
[planner_server-5] [ERROR] [1788842024.118939554] [planner_server]: worldToMap failed: mx,my: 401,22, size_x,size_y: 391,399
[planner_server-5] [ERROR] [1788842024.118942429] [planner_server]: worldToMap failed: mx,my: 402,22, size_x,size_y: 391,399
[planner_server-5] [ERROR] [1788842024.118945346] [planner_server]: worldToMap failed: mx,my: 403,22, size_x,size_y: 391,399
[planner_server-5] [ERROR] [1788842024.118948221] [planner_server]: worldToMap failed: mx,my: 404,22, size_x,size_y: 391,399
[planner_server-5] [ERROR] [1788842024.118951138] [planner_server]: worldToMap failed: mx,my: 405,22, size_x,size_y: 391,399
[planner_server-5] [ERROR] [1788842024.118953971] [planner_server]: worldToMap failed: mx,my: 406,22, size_x,size_y: 391,399
[planner_server-5] [ERROR] [1788842024.118956846] [planner_server]: worldToMap failed: mx,my: 407,22, size_x,size_y: 391,399
[planner_server-5] [ERROR] [1788842024.118959763] [planner_server]: worldToMap failed: mx,my: 408,22, size_x,size_y: 391,399
[planner_server-5] [ERROR] [1788842024.118962638] [planner_server]: worldToMap failed: mx,my: 409,22, size_x,size_y: 391,399
[planner_server-5] [ERROR] [1788842024.118965555] [planner_server]: worldToMap failed: mx,my: 410,22, size_x,size_y: 391,399
[planner_server-5] [ERROR] [1788842024.118968430] [planner_server]: worldToMap failed: mx,my: 411,22, size_x,size_y: 391,399
[planner_server-5] [ERROR] [1788842024.118981513] [planner_server]: worldToMap failed: mx,my: 412,22, size_x,size_y: 391,399
[planner_server-5] [ERROR] [1788842024.118985763] [planner_server]: worldToMap failed: mx,my: 413,22, size_x,size_y: 391,399
[planner_server-5] [ERROR] [1788842024.118989305] [planner_server]: worldToMap failed: mx,my: 414,22, size_x,size_y: 391,399
[planner_server-5] [ERROR] [1788842024.118998972] [planner_server]: worldToMap failed: mx,my: 415,22, size_x,size_y: 391,399
[planner_server-5] [ERROR] [1788842024.119002097] [planner_server]: worldToMap failed: mx,my: 416,22, size_x,size_y: 391,399
[planner_server-5] [ERROR] [1788842024.119005013] [planner_server]: worldToMap failed: mx,my: 417,22, size_x,size_y: 391,399
[planner_server-5] [ERROR] [1788842024.119007930] [planner_server]: worldToMap failed: mx,my: 418,22, size_x,size_y: 391,399
[planner_server-5] [ERROR] [1788842024.119010888] [planner_server]: worldToMap failed: mx,my: 419,22, size_x,size_y: 391,399
[planner_server-5] [ERROR] [1788842024.119013847] [planner_server]: worldToMap failed: mx,my: 420,22, size_x,size_y: 391,399
[planner_server-5] [ERROR] [1788842024.119016722] [planner_server]: worldToMap failed: mx,my: 421,22, size_x,size_y: 391,399
[planner_server-5] [ERROR] [1788842024.119019638] [planner_server]: worldToMap failed: mx,my: 422,22, size_x,size_y: 391,399
[planner_server-5] [ERROR] [1788842024.119022597] [planner_server]: worldToMap failed: mx,my: 423,22, size_x,size_y: 391,399
[planner_server-5] [ERROR] [1788842024.119026055] [planner_server]: worldToMap failed: mx,my: 391,23, size_x,size_y: 391,399
[planner_server-5] [ERROR] [1788842024.119029013] [planner_server]: worldToMap failed: mx,my: 392,23, size_x,size_y: 391,399
[planner_server-5] [ERROR] [1788842024.119031930] [planner_server]: worldToMap failed: mx,my: 393,23, size_x,size_y: 391,399
[planner_server-5] [ERROR] [1788842024.119035222] [planner_server]: worldToMap failed: mx,my: 394,23, size_x,size_y: 391,399
[planner_server-5] [ERROR] [1788842024.119038139] [planner_server]: worldToMap failed: mx,my: 395,23, size_x,size_y: 391,399
[planner_server-5] [ERROR] [1788842024.119041055] [planner_server]: worldToMap failed: mx,my: 396,23, size_x,size_y: 391,399
[planner_server-5] [ERROR] [1788842024.119043930] [planner_server]: worldToMap failed: mx,my: 397,23, size_x,size_y: 391,399
[planner_server-5] [ERROR] [1788842024.119046847] [planner_server]: worldToMap failed: mx,my: 398,23, size_x,size_y: 391,399
[planner_server-5] [ERROR] [1788842024.119049722] [planner_server]: worldToMap failed: mx,my: 399,23, size_x,size_y: 391,399
[planner_server-5] [ERROR] [1788842024.119052680] [planner_server]: worldToMap failed: mx,my: 400,23, size_x,size_y: 391,399
[planner_server-5] [ERROR] [1788842024.119056680] [planner_server]: worldToMap failed: mx,my: 401,23, size_x,size_y: 391,399
[planner_server-5] [ERROR] [1788842024.119059597] [planner_server]: worldToMap failed: mx,my: 402,23, size_x,size_y: 391,399
[planner_server-5] [ERROR] [1788842024.119062555] [planner_server]: worldToMap failed: mx,my: 403,23, size_x,size_y: 391,399
[planner_server-5] [ERROR] [1788842024.119065514] [planner_server]: worldToMap failed: mx,my: 404,23, size_x,size_y: 391,399
[planner_server-5] [ERROR] [1788842024.119068431] [planner_server]: worldToMap failed: mx,my: 405,23, size_x,size_y: 391,399
[planner_server-5] [ERROR] [1788842024.119071389] [planner_server]: worldToMap failed: mx,my: 406,23, size_x,size_y: 391,399
[planner_server-5] [ERROR] [1788842024.119074306] [planner_server]: worldToMap failed: mx,my: 407,23, size_x,size_y: 391,399
[planner_server-5] [ERROR] [1788842024.119077181] [planner_server]: worldToMap failed: mx,my: 408,23, size_x,size_y: 391,399
[planner_server-5] [ERROR] [1788842024.119080097] [planner_server]: worldToMap failed: mx,my: 409,23, size_x,size_y: 391,399
[planner_server-5] [ERROR] [1788842024.119082972] [planner_server]: worldToMap failed: mx,my: 410,23, size_x,size_y: 391,399
[planner_server-5] [ERROR] [1788842024.119085889] [planner_server]: worldToMap failed: mx,my: 411,23, size_x,size_y: 391,399
[planner_server-5] [ERROR] [1788842024.119088764] [planner_server]: worldToMap failed: mx,my: 412,23, size_x,size_y: 391,399
[planner_server-5] [ERROR] [1788842024.119091681] [planner_server]: worldToMap failed: mx,my: 413,23, size_x,size_y: 391,399
[planner_server-5] [ERROR] [1788842024.119094597] [planner_server]: worldToMap failed: mx,my: 414,23, size_x,size_y: 391,399
[planner_server-5] [ERROR] [1788842024.119097514] [planner_server]: worldToMap failed: mx,my: 415,23, size_x,size_y: 391,399
[planner_server-5] [ERROR] [1788842024.119100389] [planner_server]: worldToMap failed: mx,my: 416,23, size_x,size_y: 391,399
[planner_server-5] [ERROR] [1788842024.119103347] [planner_server]: worldToMap failed: mx,my: 417,23, size_x,size_y: 391,399
[planner_server-5] [ERROR] [1788842024.119113681] [planner_server]: worldToMap failed: mx,my: 418,23, size_x,size_y: 391,399
[planner_server-5] [ERROR] [1788842024.119144056] [planner_server]: worldToMap failed: mx,my: 419,23, size_x,size_y: 391,399
[planner_server-5] [ERROR] [1788842024.119148723] [planner_server]: worldToMap failed: mx,my: 420,23, size_x,size_y: 391,399
[planner_server-5] [ERROR] [1788842024.119151681] [planner_server]: worldToMap failed: mx,my: 421,23, size_x,size_y: 391,399
[planner_server-5] [ERROR] [1788842024.119154681] [planner_server]: worldToMap failed: mx,my: 422,23, size_x,size_y: 391,399
[planner_server-5] [ERROR] [1788842024.119161431] [planner_server]: worldToMap failed: mx,my: 423,23, size_x,size_y: 391,399
[planner_server-5] [ERROR] [1788842024.119165181] [planner_server]: worldToMap failed: mx,my: 391,24, size_x,size_y: 391,399
[planner_server-5] [ERROR] [1788842024.119168140] [planner_server]: worldToMap failed: mx,my: 392,24, size_x,size_y: 391,399
[planner_server-5] [ERROR] [1788842024.119171181] [planner_server]: worldToMap failed: mx,my: 393,24, size_x,size_y: 391,399
[planner_server-5] [ERROR] [1788842024.119174056] [planner_server]: worldToMap failed: mx,my: 394,24, size_x,size_y: 391,399
[planner_server-5] [ERROR] [1788842024.119176973] [planner_server]: worldToMap failed: mx,my: 395,24, size_x,size_y: 391,399
[planner_server-5] [ERROR] [1788842024.119179890] [planner_server]: worldToMap failed: mx,my: 396,24, size_x,size_y: 391,399
[planner_server-5] [ERROR] [1788842024.119182723] [planner_server]: worldToMap failed: mx,my: 397,24, size_x,size_y: 391,399
[planner_server-5] [ERROR] [1788842024.119185598] [planner_server]: worldToMap failed: mx,my: 398,24, size_x,size_y: 391,399
[planner_server-5] [ERROR] [1788842024.119189015] [planner_server]: worldToMap failed: mx,my: 399,24, size_x,size_y: 391,399
[planner_server-5] [ERROR] [1788842024.119191848] [planner_server]: worldToMap failed: mx,my: 400,24, size_x,size_y: 391,399
[planner_server-5] [ERROR] [1788842024.119194640] [planner_server]: worldToMap failed: mx,my: 401,24, size_x,size_y: 391,399
[planner_server-5] [ERROR] [1788842024.119197432] [planner_server]: worldToMap failed: mx,my: 402,24, size_x,size_y: 391,399
[planner_server-5] [ERROR] [1788842024.119200348] [planner_server]: worldToMap failed: mx,my: 403,24, size_x,size_y: 391,399
[planner_server-5] [ERROR] [1788842024.119203182] [planner_server]: worldToMap failed: mx,my: 404,24, size_x,size_y: 391,399
[planner_server-5] [ERROR] [1788842024.119206015] [planner_server]: worldToMap failed: mx,my: 405,24, size_x,size_y: 391,399
[planner_server-5] [ERROR] [1788842024.119208765] [planner_server]: worldToMap failed: mx,my: 406,24, size_x,size_y: 391,399
[planner_server-5] [ERROR] [1788842024.119211598] [planner_server]: worldToMap failed: mx,my: 407,24, size_x,size_y: 391,399
[planner_server-5] [ERROR] [1788842024.119214432] [planner_server]: worldToMap failed: mx,my: 408,24, size_x,size_y: 391,399
[planner_server-5] [ERROR] [1788842024.119217265] [planner_server]: worldToMap failed: mx,my: 409,24, size_x,size_y: 391,399
[planner_server-5] [ERROR] [1788842024.119221307] [planner_server]: worldToMap failed: mx,my: 410,24, size_x,size_y: 391,399
[planner_server-5] [ERROR] [1788842024.119224182] [planner_server]: worldToMap failed: mx,my: 411,24, size_x,size_y: 391,399
[planner_server-5] [ERROR] [1788842024.119227057] [planner_server]: worldToMap failed: mx,my: 412,24, size_x,size_y: 391,399
[planner_server-5] [ERROR] [1788842024.119229890] [planner_server]: worldToMap failed: mx,my: 413,24, size_x,size_y: 391,399
[planner_server-5] [ERROR] [1788842024.119232724] [planner_server]: worldToMap failed: mx,my: 414,24, size_x,size_y: 391,399
[planner_server-5] [ERROR] [1788842024.119235599] [planner_server]: worldToMap failed: mx,my: 415,24, size_x,size_y: 391,399
[planner_server-5] [ERROR] [1788842024.119238432] [planner_server]: worldToMap failed: mx,my: 416,24, size_x,size_y: 391,399
[planner_server-5] [ERROR] [1788842024.119241265] [planner_server]: worldToMap failed: mx,my: 417,24, size_x,size_y: 391,399
[planner_server-5] [ERROR] [1788842024.119244099] [planner_server]: worldToMap failed: mx,my: 418,24, size_x,size_y: 391,399
[planner_server-5] [ERROR] [1788842024.119246932] [planner_server]: worldToMap failed: mx,my: 419,24, size_x,size_y: 391,399
[planner_server-5] [ERROR] [1788842024.119249765] [planner_server]: worldToMap failed: mx,my: 420,24, size_x,size_y: 391,399
[planner_server-5] [ERROR] [1788842024.119252557] [planner_server]: worldToMap failed: mx,my: 421,24, size_x,size_y: 391,399
[planner_server-5] [ERROR] [1788842024.119255432] [planner_server]: worldToMap failed: mx,my: 422,24, size_x,size_y: 391,399
[planner_server-5] [ERROR] [1788842024.119258266] [planner_server]: worldToMap failed: mx,my: 423,24, size_x,size_y: 391,399
[planner_server-5] [ERROR] [1788842024.119267141] [planner_server]: worldToMap failed: mx,my: 391,25, size_x,size_y: 391,399
[planner_server-5] [ERROR] [1788842024.119275141] [planner_server]: worldToMap failed: mx,my: 392,25, size_x,size_y: 391,399
[planner_server-5] [ERROR] [1788842024.119278099] [planner_server]: worldToMap failed: mx,my: 393,25, size_x,size_y: 391,399
[planner_server-5] [ERROR] [1788842024.119280974] [planner_server]: worldToMap failed: mx,my: 394,25, size_x,size_y: 391,399
[planner_server-5] [ERROR] [1788842024.119283807] [planner_server]: worldToMap failed: mx,my: 395,25, size_x,size_y: 391,399
[planner_server-5] [ERROR] [1788842024.119288641] [planner_server]: worldToMap failed: mx,my: 396,25, size_x,size_y: 391,399
[planner_server-5] [ERROR] [1788842024.119291557] [planner_server]: worldToMap failed: mx,my: 397,25, size_x,size_y: 391,399
[planner_server-5] [ERROR] [1788842024.119294474] [planner_server]: worldToMap failed: mx,my: 398,25, size_x,size_y: 391,399
[planner_server-5] [ERROR] [1788842024.119297349] [planner_server]: worldToMap failed: mx,my: 399,25, size_x,size_y: 391,399
[planner_server-5] [ERROR] [1788842024.119308933] [planner_server]: worldToMap failed: mx,my: 400,25, size_x,size_y: 391,399
[planner_server-5] [ERROR] [1788842024.119313516] [planner_server]: worldToMap failed: mx,my: 401,25, size_x,size_y: 391,399
[planner_server-5] [ERROR] [1788842024.119316474] [planner_server]: worldToMap failed: mx,my: 402,25, size_x,size_y: 391,399
[planner_server-5] [ERROR] [1788842024.119319349] [planner_server]: worldToMap failed: mx,my: 403,25, size_x,size_y: 391,399
[planner_server-5] [ERROR] [1788842024.119322641] [planner_server]: worldToMap failed: mx,my: 404,25, size_x,size_y: 391,399
[planner_server-5] [ERROR] [1788842024.119325558] [planner_server]: worldToMap failed: mx,my: 405,25, size_x,size_y: 391,399
[planner_server-5] [ERROR] [1788842024.119328391] [planner_server]: worldToMap failed: mx,my: 406,25, size_x,size_y: 391,399
[planner_server-5] [ERROR] [1788842024.119331183] [planner_server]: worldToMap failed: mx,my: 407,25, size_x,size_y: 391,399
[planner_server-5] [ERROR] [1788842024.119334016] [planner_server]: worldToMap failed: mx,my: 408,25, size_x,size_y: 391,399
[planner_server-5] [ERROR] [1788842024.119336808] [planner_server]: worldToMap failed: mx,my: 409,25, size_x,size_y: 391,399
[planner_server-5] [ERROR] [1788842024.119339683] [planner_server]: worldToMap failed: mx,my: 410,25, size_x,size_y: 391,399
[planner_server-5] [ERROR] [1788842024.119342475] [planner_server]: worldToMap failed: mx,my: 411,25, size_x,size_y: 391,399
[planner_server-5] [ERROR] [1788842024.119345350] [planner_server]: worldToMap failed: mx,my: 412,25, size_x,size_y: 391,399
[planner_server-5] [ERROR] [1788842024.119348183] [planner_server]: worldToMap failed: mx,my: 413,25, size_x,size_y: 391,399
[planner_server-5] [ERROR] [1788842024.119350975] [planner_server]: worldToMap failed: mx,my: 414,25, size_x,size_y: 391,399
[planner_server-5] [ERROR] [1788842024.119353808] [planner_server]: worldToMap failed: mx,my: 415,25, size_x,size_y: 391,399
[planner_server-5] [ERROR] [1788842024.119356600] [planner_server]: worldToMap failed: mx,my: 416,25, size_x,size_y: 391,399
[planner_server-5] [ERROR] [1788842024.119359475] [planner_server]: worldToMap failed: mx,my: 417,25, size_x,size_y: 391,399
[planner_server-5] [ERROR] [1788842024.119362308] [planner_server]: worldToMap failed: mx,my: 418,25, size_x,size_y: 391,399
[planner_server-5] [ERROR] [1788842024.119365141] [planner_server]: worldToMap failed: mx,my: 419,25, size_x,size_y: 391,399
[planner_server-5] [ERROR] [1788842024.119367975] [planner_server]: worldToMap failed: mx,my: 420,25, size_x,size_y: 391,399
[planner_server-5] [ERROR] [1788842024.119370808] [planner_server]: worldToMap failed: mx,my: 421,25, size_x,size_y: 391,399
[planner_server-5] [ERROR] [1788842024.119373600] [planner_server]: worldToMap failed: mx,my: 422,25, size_x,size_y: 391,399
[planner_server-5] [ERROR] [1788842024.119376433] [planner_server]: worldToMap failed: mx,my: 423,25, size_x,size_y: 391,399
[planner_server-5] [ERROR] [1788842024.119379808] [planner_server]: worldToMap failed: mx,my: 391,26, size_x,size_y: 391,399
[planner_server-5] [ERROR] [1788842024.119382642] [planner_server]: worldToMap failed: mx,my: 392,26, size_x,size_y: 391,399
[planner_server-5] [ERROR] [1788842024.119385475] [planner_server]: worldToMap failed: mx,my: 393,26, size_x,size_y: 391,399
[planner_server-5] [ERROR] [1788842024.119388267] [planner_server]: worldToMap failed: mx,my: 394,26, size_x,size_y: 391,399
[planner_server-5] [ERROR] [1788842024.119391100] [planner_server]: worldToMap failed: mx,my: 395,26, size_x,size_y: 391,399
[planner_server-5] [ERROR] [1788842024.119399142] [planner_server]: worldToMap failed: mx,my: 396,26, size_x,size_y: 391,399
[planner_server-5] [ERROR] [1788842024.119407100] [planner_server]: worldToMap failed: mx,my: 397,26, size_x,size_y: 391,399
[planner_server-5] [ERROR] [1788842024.119410017] [planner_server]: worldToMap failed: mx,my: 398,26, size_x,size_y: 391,399
[planner_server-5] [ERROR] [1788842024.119412934] [planner_server]: worldToMap failed: mx,my: 399,26, size_x,size_y: 391,399
[planner_server-5] [ERROR] [1788842024.119415934] [planner_server]: worldToMap failed: mx,my: 400,26, size_x,size_y: 391,399
[planner_server-5] [ERROR] [1788842024.119418809] [planner_server]: worldToMap failed: mx,my: 401,26, size_x,size_y: 391,399
[planner_server-5] [ERROR] [1788842024.119421809] [planner_server]: worldToMap failed: mx,my: 402,26, size_x,size_y: 391,399
[planner_server-5] [ERROR] [1788842024.119424850] [planner_server]: worldToMap failed: mx,my: 403,26, size_x,size_y: 391,399
[planner_server-5] [ERROR] [1788842024.119427725] [planner_server]: worldToMap failed: mx,my: 404,26, size_x,size_y: 391,399
[planner_server-5] [ERROR] [1788842024.119430559] [planner_server]: worldToMap failed: mx,my: 405,26, size_x,size_y: 391,399
[planner_server-5] [ERROR] [1788842024.119462142] [planner_server]: worldToMap failed: mx,my: 406,26, size_x,size_y: 391,399
[planner_server-5] [ERROR] [1788842024.119466767] [planner_server]: worldToMap failed: mx,my: 407,26, size_x,size_y: 391,399
[planner_server-5] [ERROR] [1788842024.119469726] [planner_server]: worldToMap failed: mx,my: 408,26, size_x,size_y: 391,399
[planner_server-5] [ERROR] [1788842024.119473184] [planner_server]: worldToMap failed: mx,my: 409,26, size_x,size_y: 391,399
[planner_server-5] [ERROR] [1788842024.119476059] [planner_server]: worldToMap failed: mx,my: 410,26, size_x,size_y: 391,399
[planner_server-5] [ERROR] [1788842024.119478851] [planner_server]: worldToMap failed: mx,my: 411,26, size_x,size_y: 391,399
[planner_server-5] [ERROR] [1788842024.119481684] [planner_server]: worldToMap failed: mx,my: 412,26, size_x,size_y: 391,399
[planner_server-5] [ERROR] [1788842024.119484476] [planner_server]: worldToMap failed: mx,my: 413,26, size_x,size_y: 391,399
[planner_server-5] [ERROR] [1788842024.119487309] [planner_server]: worldToMap failed: mx,my: 414,26, size_x,size_y: 391,399
[planner_server-5] [ERROR] [1788842024.119490101] [planner_server]: worldToMap failed: mx,my: 415,26, size_x,size_y: 391,399
[planner_server-5] [ERROR] [1788842024.119492934] [planner_server]: worldToMap failed: mx,my: 416,26, size_x,size_y: 391,399
[planner_server-5] [ERROR] [1788842024.119495726] [planner_server]: worldToMap failed: mx,my: 417,26, size_x,size_y: 391,399
[planner_server-5] [ERROR] [1788842024.119498559] [planner_server]: worldToMap failed: mx,my: 418,26, size_x,size_y: 391,399
[planner_server-5] [ERROR] [1788842024.119501393] [planner_server]: worldToMap failed: mx,my: 419,26, size_x,size_y: 391,399
[planner_server-5] [ERROR] [1788842024.119504184] [planner_server]: worldToMap failed: mx,my: 420,26, size_x,size_y: 391,399
[planner_server-5] [ERROR] [1788842024.119507059] [planner_server]: worldToMap failed: mx,my: 421,26, size_x,size_y: 391,399
[planner_server-5] [ERROR] [1788842024.119515393] [planner_server]: worldToMap failed: mx,my: 422,26, size_x,size_y: 391,399
[planner_server-5] [ERROR] [1788842024.119518310] [planner_server]: worldToMap failed: mx,my: 423,26, size_x,size_y: 391,399
[planner_server-5] [ERROR] [1788842024.119521851] [planner_server]: worldToMap failed: mx,my: 391,27, size_x,size_y: 391,399
[planner_server-5] [ERROR] [1788842024.119524726] [planner_server]: worldToMap failed: mx,my: 392,27, size_x,size_y: 391,399
[planner_server-5] [ERROR] [1788842024.119527560] [planner_server]: worldToMap failed: mx,my: 393,27, size_x,size_y: 391,399
[planner_server-5] [ERROR] [1788842024.119530435] [planner_server]: worldToMap failed: mx,my: 394,27, size_x,size_y: 391,399
[planner_server-5] [ERROR] [1788842024.119533226] [planner_server]: worldToMap failed: mx,my: 395,27, size_x,size_y: 391,399
[planner_server-5] [ERROR] [1788842024.119536185] [planner_server]: worldToMap failed: mx,my: 396,27, size_x,size_y: 391,399
[planner_server-5] [ERROR] [1788842024.119539060] [planner_server]: worldToMap failed: mx,my: 397,27, size_x,size_y: 391,399
[planner_server-5] [ERROR] [1788842024.119541893] [planner_server]: worldToMap failed: mx,my: 398,27, size_x,size_y: 391,399
[planner_server-5] [ERROR] [1788842024.119544726] [planner_server]: worldToMap failed: mx,my: 399,27, size_x,size_y: 391,399
[planner_server-5] [ERROR] [1788842024.119547560] [planner_server]: worldToMap failed: mx,my: 400,27, size_x,size_y: 391,399
[planner_server-5] [ERROR] [1788842024.119550351] [planner_server]: worldToMap failed: mx,my: 401,27, size_x,size_y: 391,399
[planner_server-5] [ERROR] [1788842024.119554226] [planner_server]: worldToMap failed: mx,my: 402,27, size_x,size_y: 391,399
[planner_server-5] [ERROR] [1788842024.119558435] [planner_server]: worldToMap failed: mx,my: 403,27, size_x,size_y: 391,399
[planner_server-5] [ERROR] [1788842024.119561352] [planner_server]: worldToMap failed: mx,my: 404,27, size_x,size_y: 391,399
[planner_server-5] [ERROR] [1788842024.119564185] [planner_server]: worldToMap failed: mx,my: 405,27, size_x,size_y: 391,399
[planner_server-5] [ERROR] [1788842024.119567060] [planner_server]: worldToMap failed: mx,my: 406,27, size_x,size_y: 391,399
[planner_server-5] [ERROR] [1788842024.119569810] [planner_server]: worldToMap failed: mx,my: 407,27, size_x,size_y: 391,399
[planner_server-5] [ERROR] [1788842024.119572602] [planner_server]: worldToMap failed: mx,my: 408,27, size_x,size_y: 391,399
[planner_server-5] [ERROR] [1788842024.119583768] [planner_server]: worldToMap failed: mx,my: 409,27, size_x,size_y: 391,399
[planner_server-5] [ERROR] [1788842024.119588227] [planner_server]: worldToMap failed: mx,my: 410,27, size_x,size_y: 391,399
[planner_server-5] [ERROR] [1788842024.119591060] [planner_server]: worldToMap failed: mx,my: 411,27, size_x,size_y: 391,399
[planner_server-5] [ERROR] [1788842024.119593977] [planner_server]: worldToMap failed: mx,my: 412,27, size_x,size_y: 391,399
[planner_server-5] [ERROR] [1788842024.119596852] [planner_server]: worldToMap failed: mx,my: 413,27, size_x,size_y: 391,399
[planner_server-5] [ERROR] [1788842024.119599644] [planner_server]: worldToMap failed: mx,my: 414,27, size_x,size_y: 391,399
[planner_server-5] [ERROR] [1788842024.119602435] [planner_server]: worldToMap failed: mx,my: 415,27, size_x,size_y: 391,399
[planner_server-5] [ERROR] [1788842024.119605269] [planner_server]: worldToMap failed: mx,my: 416,27, size_x,size_y: 391,399
[planner_server-5] [ERROR] [1788842024.119608060] [planner_server]: worldToMap failed: mx,my: 417,27, size_x,size_y: 391,399
[planner_server-5] [ERROR] [1788842024.119611227] [planner_server]: worldToMap failed: mx,my: 418,27, size_x,size_y: 391,399
[planner_server-5] [ERROR] [1788842024.119614019] [planner_server]: worldToMap failed: mx,my: 419,27, size_x,size_y: 391,399
[planner_server-5] [ERROR] [1788842024.119616852] [planner_server]: worldToMap failed: mx,my: 420,27, size_x,size_y: 391,399
[planner_server-5] [ERROR] [1788842024.119619727] [planner_server]: worldToMap failed: mx,my: 421,27, size_x,size_y: 391,399
[planner_server-5] [ERROR] [1788842024.119622560] [planner_server]: worldToMap failed: mx,my: 422,27, size_x,size_y: 391,399
[planner_server-5] [ERROR] [1788842024.119625394] [planner_server]: worldToMap failed: mx,my: 423,27, size_x,size_y: 391,399
[planner_server-5] [ERROR] [1788842024.119628810] [planner_server]: worldToMap failed: mx,my: 391,28, size_x,size_y: 391,399
[planner_server-5] [ERROR] [1788842024.119631602] [planner_server]: worldToMap failed: mx,my: 392,28, size_x,size_y: 391,399
[planner_server-5] [ERROR] [1788842024.119634727] [planner_server]: worldToMap failed: mx,my: 393,28, size_x,size_y: 391,399
[planner_server-5] [ERROR] [1788842024.119637561] [planner_server]: worldToMap failed: mx,my: 394,28, size_x,size_y: 391,399
[planner_server-5] [ERROR] [1788842024.119640352] [planner_server]: worldToMap failed: mx,my: 395,28, size_x,size_y: 391,399
[planner_server-5] [ERROR] [1788842024.119644686] [planner_server]: worldToMap failed: mx,my: 396,28, size_x,size_y: 391,399
[planner_server-5] [ERROR] [1788842024.119647561] [planner_server]: worldToMap failed: mx,my: 397,28, size_x,size_y: 391,399
[planner_server-5] [ERROR] [1788842024.119650394] [planner_server]: worldToMap failed: mx,my: 398,28, size_x,size_y: 391,399
[planner_server-5] [ERROR] [1788842024.119653227] [planner_server]: worldToMap failed: mx,my: 399,28, size_x,size_y: 391,399
[planner_server-5] [ERROR] [1788842024.119656061] [planner_server]: worldToMap failed: mx,my: 400,28, size_x,size_y: 391,399
[planner_server-5] [ERROR] [1788842024.119659061] [planner_server]: worldToMap failed: mx,my: 401,28, size_x,size_y: 391,399
[planner_server-5] [ERROR] [1788842024.119661894] [planner_server]: worldToMap failed: mx,my: 402,28, size_x,size_y: 391,399
[planner_server-5] [ERROR] [1788842024.119664727] [planner_server]: worldToMap failed: mx,my: 403,28, size_x,size_y: 391,399
[planner_server-5] [ERROR] [1788842024.119667519] [planner_server]: worldToMap failed: mx,my: 404,28, size_x,size_y: 391,399
[planner_server-5] [ERROR] [1788842024.119670311] [planner_server]: worldToMap failed: mx,my: 405,28, size_x,size_y: 391,399
[planner_server-5] [ERROR] [1788842024.119673144] [planner_server]: worldToMap failed: mx,my: 406,28, size_x,size_y: 391,399
[planner_server-5] [ERROR] [1788842024.119676853] [planner_server]: worldToMap failed: mx,my: 407,28, size_x,size_y: 391,399
[planner_server-5] [ERROR] [1788842024.119681061] [planner_server]: worldToMap failed: mx,my: 408,28, size_x,size_y: 391,399
[planner_server-5] [ERROR] [1788842024.119684269] [planner_server]: worldToMap failed: mx,my: 409,28, size_x,size_y: 391,399
[planner_server-5] [ERROR] [1788842024.119687186] [planner_server]: worldToMap failed: mx,my: 410,28, size_x,size_y: 391,399
[planner_server-5] [ERROR] [1788842024.119689978] [planner_server]: worldToMap failed: mx,my: 411,28, size_x,size_y: 391,399
[planner_server-5] [ERROR] [1788842024.119692811] [planner_server]: worldToMap failed: mx,my: 412,28, size_x,size_y: 391,399
[planner_server-5] [ERROR] [1788842024.119696061] [planner_server]: worldToMap failed: mx,my: 413,28, size_x,size_y: 391,399
[planner_server-5] [ERROR] [1788842024.119698894] [planner_server]: worldToMap failed: mx,my: 414,28, size_x,size_y: 391,399
[planner_server-5] [ERROR] [1788842024.119702144] [planner_server]: worldToMap failed: mx,my: 415,28, size_x,size_y: 391,399
[planner_server-5] [ERROR] [1788842024.119705894] [planner_server]: worldToMap failed: mx,my: 416,28, size_x,size_y: 391,399
[planner_server-5] [ERROR] [1788842024.119709145] [planner_server]: worldToMap failed: mx,my: 417,28, size_x,size_y: 391,399
[planner_server-5] [ERROR] [1788842024.119712103] [planner_server]: worldToMap failed: mx,my: 418,28, size_x,size_y: 391,399
[planner_server-5] [ERROR] [1788842024.119715603] [planner_server]: worldToMap failed: mx,my: 419,28, size_x,size_y: 391,399
[planner_server-5] [ERROR] [1788842024.119718436] [planner_server]: worldToMap failed: mx,my: 420,28, size_x,size_y: 391,399
[planner_server-5] [ERROR] [1788842024.119721186] [planner_server]: worldToMap failed: mx,my: 421,28, size_x,size_y: 391,399
[planner_server-5] [ERROR] [1788842024.119724020] [planner_server]: worldToMap failed: mx,my: 422,28, size_x,size_y: 391,399
[planner_server-5] [ERROR] [1788842024.119726853] [planner_server]: worldToMap failed: mx,my: 423,28, size_x,size_y: 391,399
[planner_server-5] [ERROR] [1788842024.119730103] [planner_server]: worldToMap failed: mx,my: 391,29, size_x,size_y: 391,399
[planner_server-5] [ERROR] [1788842024.119733395] [planner_server]: worldToMap failed: mx,my: 392,29, size_x,size_y: 391,399
[planner_server-5] [ERROR] [1788842024.119736228] [planner_server]: worldToMap failed: mx,my: 393,29, size_x,size_y: 391,399
[planner_server-5] [ERROR] [1788842024.119739020] [planner_server]: worldToMap failed: mx,my: 394,29, size_x,size_y: 391,399
[planner_server-5] [ERROR] [1788842024.119741853] [planner_server]: worldToMap failed: mx,my: 395,29, size_x,size_y: 391,399
[planner_server-5] [ERROR] [1788842024.119744687] [planner_server]: worldToMap failed: mx,my: 396,29, size_x,size_y: 391,399
[planner_server-5] [ERROR] [1788842024.119747478] [planner_server]: worldToMap failed: mx,my: 397,29, size_x,size_y: 391,399
[planner_server-5] [ERROR] [1788842024.119750270] [planner_server]: worldToMap failed: mx,my: 398,29, size_x,size_y: 391,399
[planner_server-5] [ERROR] [1788842024.119753145] [planner_server]: worldToMap failed: mx,my: 399,29, size_x,size_y: 391,399
[planner_server-5] [ERROR] [1788842024.119755978] [planner_server]: worldToMap failed: mx,my: 400,29, size_x,size_y: 391,399
[planner_server-5] [ERROR] [1788842024.119774395] [planner_server]: worldToMap failed: mx,my: 401,29, size_x,size_y: 391,399
[planner_server-5] [ERROR] [1788842024.119778937] [planner_server]: worldToMap failed: mx,my: 402,29, size_x,size_y: 391,399
[planner_server-5] [ERROR] [1788842024.119781854] [planner_server]: worldToMap failed: mx,my: 403,29, size_x,size_y: 391,399
[planner_server-5] [ERROR] [1788842024.119785145] [planner_server]: worldToMap failed: mx,my: 404,29, size_x,size_y: 391,399
[planner_server-5] [ERROR] [1788842024.119788020] [planner_server]: worldToMap failed: mx,my: 405,29, size_x,size_y: 391,399
[planner_server-5] [ERROR] [1788842024.119790937] [planner_server]: worldToMap failed: mx,my: 406,29, size_x,size_y: 391,399
[planner_server-5] [ERROR] [1788842024.119793812] [planner_server]: worldToMap failed: mx,my: 407,29, size_x,size_y: 391,399
[planner_server-5] [ERROR] [1788842024.119796604] [planner_server]: worldToMap failed: mx,my: 408,29, size_x,size_y: 391,399
[planner_server-5] [ERROR] [1788842024.119800604] [planner_server]: worldToMap failed: mx,my: 409,29, size_x,size_y: 391,399
[planner_server-5] [ERROR] [1788842024.119803479] [planner_server]: worldToMap failed: mx,my: 410,29, size_x,size_y: 391,399
[planner_server-5] [ERROR] [1788842024.119806312] [planner_server]: worldToMap failed: mx,my: 411,29, size_x,size_y: 391,399
[planner_server-5] [ERROR] [1788842024.119809520] [planner_server]: worldToMap failed: mx,my: 412,29, size_x,size_y: 391,399
[planner_server-5] [ERROR] [1788842024.119813437] [planner_server]: worldToMap failed: mx,my: 413,29, size_x,size_y: 391,399
[planner_server-5] [ERROR] [1788842024.119817520] [planner_server]: worldToMap failed: mx,my: 414,29, size_x,size_y: 391,399
[planner_server-5] [ERROR] [1788842024.119820312] [planner_server]: worldToMap failed: mx,my: 415,29, size_x,size_y: 391,399
[planner_server-5] [ERROR] [1788842024.119823146] [planner_server]: worldToMap failed: mx,my: 416,29, size_x,size_y: 391,399
[planner_server-5] [ERROR] [1788842024.119825979] [planner_server]: worldToMap failed: mx,my: 417,29, size_x,size_y: 391,399
[planner_server-5] [ERROR] [1788842024.119828812] [planner_server]: worldToMap failed: mx,my: 418,29, size_x,size_y: 391,399
[planner_server-5] [ERROR] [1788842024.119831687] [planner_server]: worldToMap failed: mx,my: 419,29, size_x,size_y: 391,399
[planner_server-5] [ERROR] [1788842024.119834729] [planner_server]: worldToMap failed: mx,my: 420,29, size_x,size_y: 391,399
[planner_server-5] [ERROR] [1788842024.119837562] [planner_server]: worldToMap failed: mx,my: 421,29, size_x,size_y: 391,399
[planner_server-5] [ERROR] [1788842024.119840354] [planner_server]: worldToMap failed: mx,my: 422,29, size_x,size_y: 391,399
[planner_server-5] [ERROR] [1788842024.119843146] [planner_server]: worldToMap failed: mx,my: 423,29, size_x,size_y: 391,399
[planner_server-5] [ERROR] [1788842024.119846646] [planner_server]: worldToMap failed: mx,my: 391,30, size_x,size_y: 391,399
[planner_server-5] [ERROR] [1788842024.119849479] [planner_server]: worldToMap failed: mx,my: 392,30, size_x,size_y: 391,399
[planner_server-5] [ERROR] [1788842024.119852312] [planner_server]: worldToMap failed: mx,my: 393,30, size_x,size_y: 391,399
[planner_server-5] [ERROR] [1788842024.119855104] [planner_server]: worldToMap failed: mx,my: 394,30, size_x,size_y: 391,399
[planner_server-5] [ERROR] [1788842024.119858271] [planner_server]: worldToMap failed: mx,my: 395,30, size_x,size_y: 391,399
[planner_server-5] [ERROR] [1788842024.119862313] [planner_server]: worldToMap failed: mx,my: 396,30, size_x,size_y: 391,399
[planner_server-5] [ERROR] [1788842024.119865271] [planner_server]: worldToMap failed: mx,my: 397,30, size_x,size_y: 391,399
[planner_server-5] [ERROR] [1788842024.119868104] [planner_server]: worldToMap failed: mx,my: 398,30, size_x,size_y: 391,399
[planner_server-5] [ERROR] [1788842024.119870938] [planner_server]: worldToMap failed: mx,my: 399,30, size_x,size_y: 391,399
[planner_server-5] [ERROR] [1788842024.119873813] [planner_server]: worldToMap failed: mx,my: 400,30, size_x,size_y: 391,399
[planner_server-5] [ERROR] [1788842024.119876688] [planner_server]: worldToMap failed: mx,my: 401,30, size_x,size_y: 391,399
[planner_server-5] [ERROR] [1788842024.119879479] [planner_server]: worldToMap failed: mx,my: 402,30, size_x,size_y: 391,399
[planner_server-5] [ERROR] [1788842024.119882479] [planner_server]: worldToMap failed: mx,my: 403,30, size_x,size_y: 391,399
[planner_server-5] [ERROR] [1788842024.119885354] [planner_server]: worldToMap failed: mx,my: 404,30, size_x,size_y: 391,399
[planner_server-5] [ERROR] [1788842024.119888146] [planner_server]: worldToMap failed: mx,my: 405,30, size_x,size_y: 391,399
[planner_server-5] [ERROR] [1788842024.119890938] [planner_server]: worldToMap failed: mx,my: 406,30, size_x,size_y: 391,399
[planner_server-5] [ERROR] [1788842024.119893729] [planner_server]: worldToMap failed: mx,my: 407,30, size_x,size_y: 391,399
[planner_server-5] [ERROR] [1788842024.119896771] [planner_server]: worldToMap failed: mx,my: 408,30, size_x,size_y: 391,399
[planner_server-5] [ERROR] [1788842024.119899563] [planner_server]: worldToMap failed: mx,my: 409,30, size_x,size_y: 391,399
[planner_server-5] [ERROR] [1788842024.119902396] [planner_server]: worldToMap failed: mx,my: 410,30, size_x,size_y: 391,399
[planner_server-5] [ERROR] [1788842024.119905230] [planner_server]: worldToMap failed: mx,my: 411,30, size_x,size_y: 391,399
[planner_server-5] [ERROR] [1788842024.119908355] [planner_server]: worldToMap failed: mx,my: 412,30, size_x,size_y: 391,399
[planner_server-5] [ERROR] [1788842024.119911146] [planner_server]: worldToMap failed: mx,my: 413,30, size_x,size_y: 391,399
[planner_server-5] [ERROR] [1788842024.119913980] [planner_server]: worldToMap failed: mx,my: 414,30, size_x,size_y: 391,399
[planner_server-5] [ERROR] [1788842024.119917396] [planner_server]: worldToMap failed: mx,my: 415,30, size_x,size_y: 391,399
[planner_server-5] [ERROR] [1788842024.119921021] [planner_server]: worldToMap failed: mx,my: 416,30, size_x,size_y: 391,399
[planner_server-5] [ERROR] [1788842024.119923938] [planner_server]: worldToMap failed: mx,my: 417,30, size_x,size_y: 391,399
[planner_server-5] [ERROR] [1788842024.119926771] [planner_server]: worldToMap failed: mx,my: 418,30, size_x,size_y: 391,399
[planner_server-5] [ERROR] [1788842024.119930521] [planner_server]: worldToMap failed: mx,my: 419,30, size_x,size_y: 391,399
[planner_server-5] [ERROR] [1788842024.119934022] [planner_server]: worldToMap failed: mx,my: 420,30, size_x,size_y: 391,399
[planner_server-5] [ERROR] [1788842024.119936897] [planner_server]: worldToMap failed: mx,my: 421,30, size_x,size_y: 391,399
[planner_server-5] [ERROR] [1788842024.119939772] [planner_server]: worldToMap failed: mx,my: 422,30, size_x,size_y: 391,399
[planner_server-5] [ERROR] [1788842024.119942563] [planner_server]: worldToMap failed: mx,my: 423,30, size_x,size_y: 391,399
[planner_server-5] [ERROR] [1788842024.119945855] [planner_server]: worldToMap failed: mx,my: 391,31, size_x,size_y: 391,399
[planner_server-5] [ERROR] [1788842024.119948688] [planner_server]: worldToMap failed: mx,my: 392,31, size_x,size_y: 391,399
[planner_server-5] [ERROR] [1788842024.119951522] [planner_server]: worldToMap failed: mx,my: 393,31, size_x,size_y: 391,399
[planner_server-5] [ERROR] [1788842024.119954313] [planner_server]: worldToMap failed: mx,my: 394,31, size_x,size_y: 391,399
[planner_server-5] [ERROR] [1788842024.119957397] [planner_server]: worldToMap failed: mx,my: 395,31, size_x,size_y: 391,399
[planner_server-5] [ERROR] [1788842024.119960230] [planner_server]: worldToMap failed: mx,my: 396,31, size_x,size_y: 391,399
[planner_server-5] [ERROR] [1788842024.119963022] [planner_server]: worldToMap failed: mx,my: 397,31, size_x,size_y: 391,399
[planner_server-5] [ERROR] [1788842024.119965897] [planner_server]: worldToMap failed: mx,my: 398,31, size_x,size_y: 391,399
[planner_server-5] [ERROR] [1788842024.119968730] [planner_server]: worldToMap failed: mx,my: 399,31, size_x,size_y: 391,399
[planner_server-5] [ERROR] [1788842024.119979605] [planner_server]: worldToMap failed: mx,my: 400,31, size_x,size_y: 391,399
[planner_server-5] [ERROR] [1788842024.119983522] [planner_server]: worldToMap failed: mx,my: 401,31, size_x,size_y: 391,399
[planner_server-5] [ERROR] [1788842024.119989814] [planner_server]: worldToMap failed: mx,my: 402,31, size_x,size_y: 391,399
[planner_server-5] [ERROR] [1788842024.119993105] [planner_server]: worldToMap failed: mx,my: 403,31, size_x,size_y: 391,399
[planner_server-5] [ERROR] [1788842024.119996272] [planner_server]: worldToMap failed: mx,my: 404,31, size_x,size_y: 391,399
[planner_server-5] [ERROR] [1788842024.119999355] [planner_server]: worldToMap failed: mx,my: 405,31, size_x,size_y: 391,399
[planner_server-5] [ERROR] [1788842024.120002439] [planner_server]: worldToMap failed: mx,my: 406,31, size_x,size_y: 391,399
[planner_server-5] [ERROR] [1788842024.120005772] [planner_server]: worldToMap failed: mx,my: 407,31, size_x,size_y: 391,399
[planner_server-5] [ERROR] [1788842024.120008814] [planner_server]: worldToMap failed: mx,my: 408,31, size_x,size_y: 391,399
[planner_server-5] [ERROR] [1788842024.120012147] [planner_server]: worldToMap failed: mx,my: 409,31, size_x,size_y: 391,399
[planner_server-5] [ERROR] [1788842024.120015481] [planner_server]: worldToMap failed: mx,my: 410,31, size_x,size_y: 391,399
[planner_server-5] [ERROR] [1788842024.120018856] [planner_server]: worldToMap failed: mx,my: 411,31, size_x,size_y: 391,399
[planner_server-5] [ERROR] [1788842024.120022272] [planner_server]: worldToMap failed: mx,my: 412,31, size_x,size_y: 391,399
[planner_server-5] [ERROR] [1788842024.120025272] [planner_server]: worldToMap failed: mx,my: 413,31, size_x,size_y: 391,399
[planner_server-5] [ERROR] [1788842024.120028522] [planner_server]: worldToMap failed: mx,my: 414,31, size_x,size_y: 391,399
[planner_server-5] [ERROR] [1788842024.120031856] [planner_server]: worldToMap failed: mx,my: 415,31, size_x,size_y: 391,399
[planner_server-5] [ERROR] [1788842024.120035106] [planner_server]: worldToMap failed: mx,my: 416,31, size_x,size_y: 391,399
[planner_server-5] [ERROR] [1788842024.120038064] [planner_server]: worldToMap failed: mx,my: 417,31, size_x,size_y: 391,399
[planner_server-5] [ERROR] [1788842024.120041272] [planner_server]: worldToMap failed: mx,my: 418,31, size_x,size_y: 391,399
[planner_server-5] [ERROR] [1788842024.120044522] [planner_server]: worldToMap failed: mx,my: 419,31, size_x,size_y: 391,399
[planner_server-5] [ERROR] [1788842024.120047814] [planner_server]: worldToMap failed: mx,my: 420,31, size_x,size_y: 391,399
[planner_server-5] [ERROR] [1788842024.120051106] [planner_server]: worldToMap failed: mx,my: 421,31, size_x,size_y: 391,399
[planner_server-5] [ERROR] [1788842024.120054064] [planner_server]: worldToMap failed: mx,my: 422,31, size_x,size_y: 391,399
[planner_server-5] [ERROR] [1788842024.120057106] [planner_server]: worldToMap failed: mx,my: 423,31, size_x,size_y: 391,399
[planner_server-5] [ERROR] [1788842024.120061481] [planner_server]: worldToMap failed: mx,my: 391,32, size_x,size_y: 391,399
[planner_server-5] [ERROR] [1788842024.120065106] [planner_server]: worldToMap failed: mx,my: 392,32, size_x,size_y: 391,399
[planner_server-5] [ERROR] [1788842024.120068148] [planner_server]: worldToMap failed: mx,my: 393,32, size_x,size_y: 391,399
[planner_server-5] [ERROR] [1788842024.120071148] [planner_server]: worldToMap failed: mx,my: 394,32, size_x,size_y: 391,399
[planner_server-5] [ERROR] [1788842024.120074148] [planner_server]: worldToMap failed: mx,my: 395,32, size_x,size_y: 391,399
[planner_server-5] [ERROR] [1788842024.120077231] [planner_server]: worldToMap failed: mx,my: 396,32, size_x,size_y: 391,399
[planner_server-5] [ERROR] [1788842024.120080481] [planner_server]: worldToMap failed: mx,my: 397,32, size_x,size_y: 391,399
[planner_server-5] [ERROR] [1788842024.120083773] [planner_server]: worldToMap failed: mx,my: 398,32, size_x,size_y: 391,399
[planner_server-5] [ERROR] [1788842024.120087106] [planner_server]: worldToMap failed: mx,my: 399,32, size_x,size_y: 391,399
[planner_server-5] [ERROR] [1788842024.120090106] [planner_server]: worldToMap failed: mx,my: 400,32, size_x,size_y: 391,399
[planner_server-5] [ERROR] [1788842024.120093315] [planner_server]: worldToMap failed: mx,my: 401,32, size_x,size_y: 391,399
[planner_server-5] [ERROR] [1788842024.120096648] [planner_server]: worldToMap failed: mx,my: 402,32, size_x,size_y: 391,399
[planner_server-5] [ERROR] [1788842024.120099690] [planner_server]: worldToMap failed: mx,my: 403,32, size_x,size_y: 391,399
[planner_server-5] [ERROR] [1788842024.120102690] [planner_server]: worldToMap failed: mx,my: 404,32, size_x,size_y: 391,399
[planner_server-5] [ERROR] [1788842024.120105690] [planner_server]: worldToMap failed: mx,my: 405,32, size_x,size_y: 391,399
[planner_server-5] [ERROR] [1788842024.120114898] [planner_server]: worldToMap failed: mx,my: 406,32, size_x,size_y: 391,399
[planner_server-5] [ERROR] [1788842024.120126107] [planner_server]: worldToMap failed: mx,my: 407,32, size_x,size_y: 391,399
[planner_server-5] [ERROR] [1788842024.120133107] [planner_server]: worldToMap failed: mx,my: 408,32, size_x,size_y: 391,399
[planner_server-5] [ERROR] [1788842024.120142773] [planner_server]: worldToMap failed: mx,my: 409,32, size_x,size_y: 391,399
[planner_server-5] [ERROR] [1788842024.120146148] [planner_server]: worldToMap failed: mx,my: 410,32, size_x,size_y: 391,399
[planner_server-5] [ERROR] [1788842024.120149398] [planner_server]: worldToMap failed: mx,my: 411,32, size_x,size_y: 391,399
[planner_server-5] [ERROR] [1788842024.120154607] [planner_server]: worldToMap failed: mx,my: 412,32, size_x,size_y: 391,399
[planner_server-5] [ERROR] [1788842024.120165232] [planner_server]: worldToMap failed: mx,my: 413,32, size_x,size_y: 391,399
[planner_server-5] [ERROR] [1788842024.120168524] [planner_server]: worldToMap failed: mx,my: 414,32, size_x,size_y: 391,399
[planner_server-5] [ERROR] [1788842024.120171565] [planner_server]: worldToMap failed: mx,my: 415,32, size_x,size_y: 391,399
[planner_server-5] [ERROR] [1788842024.120174565] [planner_server]: worldToMap failed: mx,my: 416,32, size_x,size_y: 391,399
[planner_server-5] [ERROR] [1788842024.120184274] [planner_server]: worldToMap failed: mx,my: 417,32, size_x,size_y: 391,399
[planner_server-5] [ERROR] [1788842024.120187565] [planner_server]: worldToMap failed: mx,my: 418,32, size_x,size_y: 391,399
[planner_server-5] [ERROR] [1788842024.120190649] [planner_server]: worldToMap failed: mx,my: 419,32, size_x,size_y: 391,399
[planner_server-5] [ERROR] [1788842024.120194565] [planner_server]: worldToMap failed: mx,my: 420,32, size_x,size_y: 391,399
[planner_server-5] [ERROR] [1788842024.120197941] [planner_server]: worldToMap failed: mx,my: 421,32, size_x,size_y: 391,399
[planner_server-5] [ERROR] [1788842024.120202857] [planner_server]: worldToMap failed: mx,my: 422,32, size_x,size_y: 391,399
[planner_server-5] [ERROR] [1788842024.120206857] [planner_server]: worldToMap failed: mx,my: 423,32, size_x,size_y: 391,399
[planner_server-5] [ERROR] [1788842024.120212232] [planner_server]: worldToMap failed: mx,my: 391,33, size_x,size_y: 391,399
[planner_server-5] [ERROR] [1788842024.120217357] [planner_server]: worldToMap failed: mx,my: 392,33, size_x,size_y: 391,399
[planner_server-5] [ERROR] [1788842024.120220982] [planner_server]: worldToMap failed: mx,my: 393,33, size_x,size_y: 391,399
[planner_server-5] [ERROR] [1788842024.120224816] [planner_server]: worldToMap failed: mx,my: 394,33, size_x,size_y: 391,399
[planner_server-5] [ERROR] [1788842024.120229982] [planner_server]: worldToMap failed: mx,my: 395,33, size_x,size_y: 391,399
[planner_server-5] [ERROR] [1788842024.120234149] [planner_server]: worldToMap failed: mx,my: 396,33, size_x,size_y: 391,399
[planner_server-5] [ERROR] [1788842024.120249566] [planner_server]: worldToMap failed: mx,my: 397,33, size_x,size_y: 391,399
[planner_server-5] [ERROR] [1788842024.120257649] [planner_server]: worldToMap failed: mx,my: 398,33, size_x,size_y: 391,399
[planner_server-5] [ERROR] [1788842024.120262316] [planner_server]: worldToMap failed: mx,my: 399,33, size_x,size_y: 391,399
[planner_server-5] [ERROR] [1788842024.120267649] [planner_server]: worldToMap failed: mx,my: 400,33, size_x,size_y: 391,399
[planner_server-5] [ERROR] [1788842024.120272400] [planner_server]: worldToMap failed: mx,my: 401,33, size_x,size_y: 391,399
[planner_server-5] [ERROR] [1788842024.120277483] [planner_server]: worldToMap failed: mx,my: 402,33, size_x,size_y: 391,399
[planner_server-5] [ERROR] [1788842024.120282816] [planner_server]: worldToMap failed: mx,my: 403,33, size_x,size_y: 391,399
[planner_server-5] [ERROR] [1788842024.120287150] [planner_server]: worldToMap failed: mx,my: 404,33, size_x,size_y: 391,399
[planner_server-5] [ERROR] [1788842024.120292733] [planner_server]: worldToMap failed: mx,my: 405,33, size_x,size_y: 391,399
[planner_server-5] [ERROR] [1788842024.120298066] [planner_server]: worldToMap failed: mx,my: 406,33, size_x,size_y: 391,399
[planner_server-5] [ERROR] [1788842024.120302858] [planner_server]: worldToMap failed: mx,my: 407,33, size_x,size_y: 391,399
[planner_server-5] [ERROR] [1788842024.120308066] [planner_server]: worldToMap failed: mx,my: 408,33, size_x,size_y: 391,399
[planner_server-5] [ERROR] [1788842024.120312942] [planner_server]: worldToMap failed: mx,my: 409,33, size_x,size_y: 391,399
[planner_server-5] [ERROR] [1788842024.120317650] [planner_server]: worldToMap failed: mx,my: 410,33, size_x,size_y: 391,399
[planner_server-5] [ERROR] [1788842024.120323483] [planner_server]: worldToMap failed: mx,my: 411,33, size_x,size_y: 391,399
[planner_server-5] [ERROR] [1788842024.120332317] [planner_server]: worldToMap failed: mx,my: 412,33, size_x,size_y: 391,399
[planner_server-5] [ERROR] [1788842024.120336983] [planner_server]: worldToMap failed: mx,my: 413,33, size_x,size_y: 391,399
[planner_server-5] [ERROR] [1788842024.120342233] [planner_server]: worldToMap failed: mx,my: 414,33, size_x,size_y: 391,399
[planner_server-5] [ERROR] [1788842024.120346859] [planner_server]: worldToMap failed: mx,my: 415,33, size_x,size_y: 391,399
[planner_server-5] [ERROR] [1788842024.120351567] [planner_server]: worldToMap failed: mx,my: 416,33, size_x,size_y: 391,399
[planner_server-5] [ERROR] [1788842024.120356692] [planner_server]: worldToMap failed: mx,my: 417,33, size_x,size_y: 391,399
[planner_server-5] [ERROR] [1788842024.120361609] [planner_server]: worldToMap failed: mx,my: 418,33, size_x,size_y: 391,399
[planner_server-5] [ERROR] [1788842024.120366692] [planner_server]: worldToMap failed: mx,my: 419,33, size_x,size_y: 391,399
[planner_server-5] [ERROR] [1788842024.120372484] [planner_server]: worldToMap failed: mx,my: 420,33, size_x,size_y: 391,399
[planner_server-5] [ERROR] [1788842024.120382859] [planner_server]: worldToMap failed: mx,my: 421,33, size_x,size_y: 391,399
[planner_server-5] [ERROR] [1788842024.120388276] [planner_server]: worldToMap failed: mx,my: 422,33, size_x,size_y: 391,399
[planner_server-5] [ERROR] [1788842024.120393609] [planner_server]: worldToMap failed: mx,my: 423,33, size_x,size_y: 391,399
[controller_server-3] [INFO] [1788842024.133783269] [controller_server]: Received a goal, begin computing control effort.
[controller_server-3] [WARN] [1788842024.133857895] [controller_server]: No goal checker was specified in parameter 'current_goal_checker'. Server will use only plugin loaded general_goal_checker . This warning will appear once.
[controller_server-3] [INFO] [1788842024.388391400] [controller_server]: Reached the goal!
[bt_navigator-7] [INFO] [1788842024.424742972] [bt_navigator]: Goal succeeded
[INFO] [1788842024.425310394] [candidate_explorer]: Recovery move 'forward' succeeded.
[INFO] [1788842024.607240173] [candidate_explorer]: Detected 124 frontier cells
[INFO] [1788842024.607568926] [candidate_explorer]: Found 1 frontier clusters after filtering
[WARN] [1788842024.607808094] [candidate_explorer]: Frontier clusters exist, but none have a usable goal point.
[WARN] [1788842024.608118097] [candidate_explorer]: Frontier clusters exist but have no usable goal. Trying recovery direction 2/8 before checking again.
[INFO] [1788842024.608389766] [candidate_explorer]: Recovery move 2/8: forward-left, 0.8 m -> (0.40, 0.25)
[bt_navigator-7] [INFO] [1788842024.608899854] [bt_navigator]: Begin navigating from current location (0.16, 0.00) to (0.40, 0.25)
[planner_server-5] [ERROR] [1788842024.612876473] [planner_server]: worldToMap failed: mx,my: 391,0, size_x,size_y: 391,399
[planner_server-5] [ERROR] [1788842024.612913015] [planner_server]: worldToMap failed: mx,my: 392,0, size_x,size_y: 391,399
[planner_server-5] [ERROR] [1788842024.612918431] [planner_server]: worldToMap failed: mx,my: 393,0, size_x,size_y: 391,399
[planner_server-5] [ERROR] [1788842024.612922723] [planner_server]: worldToMap failed: mx,my: 394,0, size_x,size_y: 391,399
[planner_server-5] [ERROR] [1788842024.612926515] [planner_server]: worldToMap failed: mx,my: 395,0, size_x,size_y: 391,399
[planner_server-5] [ERROR] [1788842024.612929973] [planner_server]: worldToMap failed: mx,my: 396,0, size_x,size_y: 391,399
[planner_server-5] [ERROR] [1788842024.612933390] [planner_server]: worldToMap failed: mx,my: 397,0, size_x,size_y: 391,399
[planner_server-5] [ERROR] [1788842024.612936890] [planner_server]: worldToMap failed: mx,my: 398,0, size_x,size_y: 391,399
[planner_server-5] [ERROR] [1788842024.612940723] [planner_server]: worldToMap failed: mx,my: 399,0, size_x,size_y: 391,399
[planner_server-5] [ERROR] [1788842024.612944307] [planner_server]: worldToMap failed: mx,my: 400,0, size_x,size_y: 391,399
[planner_server-5] [ERROR] [1788842024.612947765] [planner_server]: worldToMap failed: mx,my: 401,0, size_x,size_y: 391,399
[planner_server-5] [ERROR] [1788842024.612951265] [planner_server]: worldToMap failed: mx,my: 402,0, size_x,size_y: 391,399
[planner_server-5] [ERROR] [1788842024.612956848] [planner_server]: worldToMap failed: mx,my: 403,0, size_x,size_y: 391,399
[planner_server-5] [ERROR] [1788842024.612967140] [planner_server]: worldToMap failed: mx,my: 404,0, size_x,size_y: 391,399
[planner_server-5] [ERROR] [1788842024.612970724] [planner_server]: worldToMap failed: mx,my: 405,0, size_x,size_y: 391,399
[planner_server-5] [ERROR] [1788842024.612979099] [planner_server]: worldToMap failed: mx,my: 406,0, size_x,size_y: 391,399
[planner_server-5] [ERROR] [1788842024.612982682] [planner_server]: worldToMap failed: mx,my: 407,0, size_x,size_y: 391,399
[planner_server-5] [ERROR] [1788842024.612986224] [planner_server]: worldToMap failed: mx,my: 408,0, size_x,size_y: 391,399
[planner_server-5] [ERROR] [1788842024.612989807] [planner_server]: worldToMap failed: mx,my: 409,0, size_x,size_y: 391,399
[planner_server-5] [ERROR] [1788842024.612993390] [planner_server]: worldToMap failed: mx,my: 410,0, size_x,size_y: 391,399
[planner_server-5] [ERROR] [1788842024.612996849] [planner_server]: worldToMap failed: mx,my: 411,0, size_x,size_y: 391,399
[planner_server-5] [ERROR] [1788842024.613000140] [planner_server]: worldToMap failed: mx,my: 412,0, size_x,size_y: 391,399
[planner_server-5] [ERROR] [1788842024.613003432] [planner_server]: worldToMap failed: mx,my: 413,0, size_x,size_y: 391,399
[planner_server-5] [ERROR] [1788842024.613006849] [planner_server]: worldToMap failed: mx,my: 414,0, size_x,size_y: 391,399
[planner_server-5] [ERROR] [1788842024.613010224] [planner_server]: worldToMap failed: mx,my: 415,0, size_x,size_y: 391,399
[planner_server-5] [ERROR] [1788842024.613013516] [planner_server]: worldToMap failed: mx,my: 416,0, size_x,size_y: 391,399
[planner_server-5] [ERROR] [1788842024.613016849] [planner_server]: worldToMap failed: mx,my: 417,0, size_x,size_y: 391,399
[planner_server-5] [ERROR] [1788842024.613020224] [planner_server]: worldToMap failed: mx,my: 418,0, size_x,size_y: 391,399
[planner_server-5] [ERROR] [1788842024.613023557] [planner_server]: worldToMap failed: mx,my: 419,0, size_x,size_y: 391,399
[planner_server-5] [ERROR] [1788842024.613026807] [planner_server]: worldToMap failed: mx,my: 420,0, size_x,size_y: 391,399
[planner_server-5] [ERROR] [1788842024.613030099] [planner_server]: worldToMap failed: mx,my: 421,0, size_x,size_y: 391,399
[planner_server-5] [ERROR] [1788842024.613033516] [planner_server]: worldToMap failed: mx,my: 422,0, size_x,size_y: 391,399
[planner_server-5] [ERROR] [1788842024.613036891] [planner_server]: worldToMap failed: mx,my: 423,0, size_x,size_y: 391,399
[planner_server-5] [ERROR] [1788842024.613040849] [planner_server]: worldToMap failed: mx,my: 391,1, size_x,size_y: 391,399
[planner_server-5] [ERROR] [1788842024.613044224] [planner_server]: worldToMap failed: mx,my: 392,1, size_x,size_y: 391,399
[planner_server-5] [ERROR] [1788842024.613047558] [planner_server]: worldToMap failed: mx,my: 393,1, size_x,size_y: 391,399
[planner_server-5] [ERROR] [1788842024.613050974] [planner_server]: worldToMap failed: mx,my: 394,1, size_x,size_y: 391,399
[planner_server-5] [ERROR] [1788842024.613054308] [planner_server]: worldToMap failed: mx,my: 395,1, size_x,size_y: 391,399
[planner_server-5] [ERROR] [1788842024.613057641] [planner_server]: worldToMap failed: mx,my: 396,1, size_x,size_y: 391,399
[planner_server-5] [ERROR] [1788842024.613061016] [planner_server]: worldToMap failed: mx,my: 397,1, size_x,size_y: 391,399
[planner_server-5] [ERROR] [1788842024.613064516] [planner_server]: worldToMap failed: mx,my: 398,1, size_x,size_y: 391,399
[planner_server-5] [ERROR] [1788842024.613067933] [planner_server]: worldToMap failed: mx,my: 399,1, size_x,size_y: 391,399
[planner_server-5] [ERROR] [1788842024.613071183] [planner_server]: worldToMap failed: mx,my: 400,1, size_x,size_y: 391,399
[planner_server-5] [ERROR] [1788842024.613074474] [planner_server]: worldToMap failed: mx,my: 401,1, size_x,size_y: 391,399
[planner_server-5] [ERROR] [1788842024.613077808] [planner_server]: worldToMap failed: mx,my: 402,1, size_x,size_y: 391,399
[planner_server-5] [ERROR] [1788842024.613081100] [planner_server]: worldToMap failed: mx,my: 403,1, size_x,size_y: 391,399
[planner_server-5] [ERROR] [1788842024.613084516] [planner_server]: worldToMap failed: mx,my: 404,1, size_x,size_y: 391,399
[planner_server-5] [ERROR] [1788842024.613087850] [planner_server]: worldToMap failed: mx,my: 405,1, size_x,size_y: 391,399
[planner_server-5] [ERROR] [1788842024.613091225] [planner_server]: worldToMap failed: mx,my: 406,1, size_x,size_y: 391,399
[planner_server-5] [ERROR] [1788842024.613094641] [planner_server]: worldToMap failed: mx,my: 407,1, size_x,size_y: 391,399
[planner_server-5] [ERROR] [1788842024.613098016] [planner_server]: worldToMap failed: mx,my: 408,1, size_x,size_y: 391,399
[planner_server-5] [ERROR] [1788842024.613102683] [planner_server]: worldToMap failed: mx,my: 409,1, size_x,size_y: 391,399
[planner_server-5] [ERROR] [1788842024.613106975] [planner_server]: worldToMap failed: mx,my: 410,1, size_x,size_y: 391,399
[planner_server-5] [ERROR] [1788842024.613110475] [planner_server]: worldToMap failed: mx,my: 411,1, size_x,size_y: 391,399
[planner_server-5] [ERROR] [1788842024.613113725] [planner_server]: worldToMap failed: mx,my: 412,1, size_x,size_y: 391,399
[planner_server-5] [ERROR] [1788842024.613117017] [planner_server]: worldToMap failed: mx,my: 413,1, size_x,size_y: 391,399
[planner_server-5] [ERROR] [1788842024.613120308] [planner_server]: worldToMap failed: mx,my: 414,1, size_x,size_y: 391,399
[planner_server-5] [ERROR] [1788842024.613123600] [planner_server]: worldToMap failed: mx,my: 415,1, size_x,size_y: 391,399
[planner_server-5] [ERROR] [1788842024.613126892] [planner_server]: worldToMap failed: mx,my: 416,1, size_x,size_y: 391,399
[planner_server-5] [ERROR] [1788842024.613130142] [planner_server]: worldToMap failed: mx,my: 417,1, size_x,size_y: 391,399
[planner_server-5] [ERROR] [1788842024.613133433] [planner_server]: worldToMap failed: mx,my: 418,1, size_x,size_y: 391,399
[planner_server-5] [ERROR] [1788842024.613136683] [planner_server]: worldToMap failed: mx,my: 419,1, size_x,size_y: 391,399
[planner_server-5] [ERROR] [1788842024.613139892] [planner_server]: worldToMap failed: mx,my: 420,1, size_x,size_y: 391,399
[planner_server-5] [ERROR] [1788842024.613143517] [planner_server]: worldToMap failed: mx,my: 421,1, size_x,size_y: 391,399
[planner_server-5] [ERROR] [1788842024.613146725] [planner_server]: worldToMap failed: mx,my: 422,1, size_x,size_y: 391,399
[planner_server-5] [ERROR] [1788842024.613149933] [planner_server]: worldToMap failed: mx,my: 423,1, size_x,size_y: 391,399
[planner_server-5] [ERROR] [1788842024.613153600] [planner_server]: worldToMap failed: mx,my: 391,2, size_x,size_y: 391,399
[planner_server-5] [ERROR] [1788842024.613156809] [planner_server]: worldToMap failed: mx,my: 392,2, size_x,size_y: 391,399
[planner_server-5] [ERROR] [1788842024.613160142] [planner_server]: worldToMap failed: mx,my: 393,2, size_x,size_y: 391,399
[planner_server-5] [ERROR] [1788842024.613163642] [planner_server]: worldToMap failed: mx,my: 394,2, size_x,size_y: 391,399
[planner_server-5] [ERROR] [1788842024.613166934] [planner_server]: worldToMap failed: mx,my: 395,2, size_x,size_y: 391,399
[planner_server-5] [ERROR] [1788842024.613170225] [planner_server]: worldToMap failed: mx,my: 396,2, size_x,size_y: 391,399
[planner_server-5] [ERROR] [1788842024.613173559] [planner_server]: worldToMap failed: mx,my: 397,2, size_x,size_y: 391,399
[planner_server-5] [ERROR] [1788842024.613176809] [planner_server]: worldToMap failed: mx,my: 398,2, size_x,size_y: 391,399
[planner_server-5] [ERROR] [1788842024.613180100] [planner_server]: worldToMap failed: mx,my: 399,2, size_x,size_y: 391,399
[planner_server-5] [ERROR] [1788842024.613183892] [planner_server]: worldToMap failed: mx,my: 400,2, size_x,size_y: 391,399
[planner_server-5] [ERROR] [1788842024.613187350] [planner_server]: worldToMap failed: mx,my: 401,2, size_x,size_y: 391,399
[planner_server-5] [ERROR] [1788842024.613190767] [planner_server]: worldToMap failed: mx,my: 402,2, size_x,size_y: 391,399
[planner_server-5] [ERROR] [1788842024.613194017] [planner_server]: worldToMap failed: mx,my: 403,2, size_x,size_y: 391,399
[planner_server-5] [ERROR] [1788842024.613197309] [planner_server]: worldToMap failed: mx,my: 404,2, size_x,size_y: 391,399
[planner_server-5] [ERROR] [1788842024.613200601] [planner_server]: worldToMap failed: mx,my: 405,2, size_x,size_y: 391,399
[planner_server-5] [ERROR] [1788842024.613203851] [planner_server]: worldToMap failed: mx,my: 406,2, size_x,size_y: 391,399
[planner_server-5] [ERROR] [1788842024.613207142] [planner_server]: worldToMap failed: mx,my: 407,2, size_x,size_y: 391,399
[planner_server-5] [ERROR] [1788842024.613210392] [planner_server]: worldToMap failed: mx,my: 408,2, size_x,size_y: 391,399
[planner_server-5] [ERROR] [1788842024.613213684] [planner_server]: worldToMap failed: mx,my: 409,2, size_x,size_y: 391,399
[planner_server-5] [ERROR] [1788842024.613216851] [planner_server]: worldToMap failed: mx,my: 410,2, size_x,size_y: 391,399
[planner_server-5] [ERROR] [1788842024.613220226] [planner_server]: worldToMap failed: mx,my: 411,2, size_x,size_y: 391,399
[planner_server-5] [ERROR] [1788842024.613223517] [planner_server]: worldToMap failed: mx,my: 412,2, size_x,size_y: 391,399
[planner_server-5] [ERROR] [1788842024.613226934] [planner_server]: worldToMap failed: mx,my: 413,2, size_x,size_y: 391,399
[planner_server-5] [ERROR] [1788842024.613230184] [planner_server]: worldToMap failed: mx,my: 414,2, size_x,size_y: 391,399
[planner_server-5] [ERROR] [1788842024.613234726] [planner_server]: worldToMap failed: mx,my: 415,2, size_x,size_y: 391,399
[planner_server-5] [ERROR] [1788842024.613238643] [planner_server]: worldToMap failed: mx,my: 416,2, size_x,size_y: 391,399
[planner_server-5] [ERROR] [1788842024.613241976] [planner_server]: worldToMap failed: mx,my: 417,2, size_x,size_y: 391,399
[planner_server-5] [ERROR] [1788842024.613245268] [planner_server]: worldToMap failed: mx,my: 418,2, size_x,size_y: 391,399
[planner_server-5] [ERROR] [1788842024.613248559] [planner_server]: worldToMap failed: mx,my: 419,2, size_x,size_y: 391,399
[planner_server-5] [ERROR] [1788842024.613251893] [planner_server]: worldToMap failed: mx,my: 420,2, size_x,size_y: 391,399
[planner_server-5] [ERROR] [1788842024.613255226] [planner_server]: worldToMap failed: mx,my: 421,2, size_x,size_y: 391,399
[planner_server-5] [ERROR] [1788842024.613258434] [planner_server]: worldToMap failed: mx,my: 422,2, size_x,size_y: 391,399
[planner_server-5] [ERROR] [1788842024.613261643] [planner_server]: worldToMap failed: mx,my: 423,2, size_x,size_y: 391,399
[planner_server-5] [ERROR] [1788842024.613265393] [planner_server]: worldToMap failed: mx,my: 391,3, size_x,size_y: 391,399
[planner_server-5] [ERROR] [1788842024.613268685] [planner_server]: worldToMap failed: mx,my: 392,3, size_x,size_y: 391,399
[planner_server-5] [ERROR] [1788842024.613272060] [planner_server]: worldToMap failed: mx,my: 393,3, size_x,size_y: 391,399
[planner_server-5] [ERROR] [1788842024.613275268] [planner_server]: worldToMap failed: mx,my: 394,3, size_x,size_y: 391,399
[planner_server-5] [ERROR] [1788842024.613278518] [planner_server]: worldToMap failed: mx,my: 395,3, size_x,size_y: 391,399
[planner_server-5] [ERROR] [1788842024.613281893] [planner_server]: worldToMap failed: mx,my: 396,3, size_x,size_y: 391,399
[planner_server-5] [ERROR] [1788842024.613285101] [planner_server]: worldToMap failed: mx,my: 397,3, size_x,size_y: 391,399
[planner_server-5] [ERROR] [1788842024.613288351] [planner_server]: worldToMap failed: mx,my: 398,3, size_x,size_y: 391,399
[planner_server-5] [ERROR] [1788842024.613291601] [planner_server]: worldToMap failed: mx,my: 399,3, size_x,size_y: 391,399
[planner_server-5] [ERROR] [1788842024.613294893] [planner_server]: worldToMap failed: mx,my: 400,3, size_x,size_y: 391,399
[planner_server-5] [ERROR] [1788842024.613299018] [planner_server]: worldToMap failed: mx,my: 401,3, size_x,size_y: 391,399
[planner_server-5] [ERROR] [1788842024.613302268] [planner_server]: worldToMap failed: mx,my: 402,3, size_x,size_y: 391,399
[planner_server-5] [ERROR] [1788842024.613305643] [planner_server]: worldToMap failed: mx,my: 403,3, size_x,size_y: 391,399
[planner_server-5] [ERROR] [1788842024.613308893] [planner_server]: worldToMap failed: mx,my: 404,3, size_x,size_y: 391,399
[planner_server-5] [ERROR] [1788842024.613312102] [planner_server]: worldToMap failed: mx,my: 405,3, size_x,size_y: 391,399
[planner_server-5] [ERROR] [1788842024.613315435] [planner_server]: worldToMap failed: mx,my: 406,3, size_x,size_y: 391,399
[planner_server-5] [ERROR] [1788842024.613318727] [planner_server]: worldToMap failed: mx,my: 407,3, size_x,size_y: 391,399
[planner_server-5] [ERROR] [1788842024.613321977] [planner_server]: worldToMap failed: mx,my: 408,3, size_x,size_y: 391,399
[planner_server-5] [ERROR] [1788842024.613325310] [planner_server]: worldToMap failed: mx,my: 409,3, size_x,size_y: 391,399
[planner_server-5] [ERROR] [1788842024.613328560] [planner_server]: worldToMap failed: mx,my: 410,3, size_x,size_y: 391,399
[planner_server-5] [ERROR] [1788842024.613331810] [planner_server]: worldToMap failed: mx,my: 411,3, size_x,size_y: 391,399
[planner_server-5] [ERROR] [1788842024.613335102] [planner_server]: worldToMap failed: mx,my: 412,3, size_x,size_y: 391,399
[planner_server-5] [ERROR] [1788842024.613338310] [planner_server]: worldToMap failed: mx,my: 413,3, size_x,size_y: 391,399
[planner_server-5] [ERROR] [1788842024.613341518] [planner_server]: worldToMap failed: mx,my: 414,3, size_x,size_y: 391,399
[planner_server-5] [ERROR] [1788842024.613344727] [planner_server]: worldToMap failed: mx,my: 415,3, size_x,size_y: 391,399
[planner_server-5] [ERROR] [1788842024.613348144] [planner_server]: worldToMap failed: mx,my: 416,3, size_x,size_y: 391,399
[planner_server-5] [ERROR] [1788842024.613351394] [planner_server]: worldToMap failed: mx,my: 417,3, size_x,size_y: 391,399
[planner_server-5] [ERROR] [1788842024.613354519] [planner_server]: worldToMap failed: mx,my: 418,3, size_x,size_y: 391,399
[planner_server-5] [ERROR] [1788842024.613357769] [planner_server]: worldToMap failed: mx,my: 419,3, size_x,size_y: 391,399
[planner_server-5] [ERROR] [1788842024.613361060] [planner_server]: worldToMap failed: mx,my: 420,3, size_x,size_y: 391,399
[planner_server-5] [ERROR] [1788842024.613365602] [planner_server]: worldToMap failed: mx,my: 421,3, size_x,size_y: 391,399
[planner_server-5] [ERROR] [1788842024.613369435] [planner_server]: worldToMap failed: mx,my: 422,3, size_x,size_y: 391,399
[planner_server-5] [ERROR] [1788842024.613372935] [planner_server]: worldToMap failed: mx,my: 423,3, size_x,size_y: 391,399
[planner_server-5] [ERROR] [1788842024.613376810] [planner_server]: worldToMap failed: mx,my: 391,4, size_x,size_y: 391,399
[planner_server-5] [ERROR] [1788842024.613380102] [planner_server]: worldToMap failed: mx,my: 392,4, size_x,size_y: 391,399
[planner_server-5] [ERROR] [1788842024.613383352] [planner_server]: worldToMap failed: mx,my: 393,4, size_x,size_y: 391,399
[planner_server-5] [ERROR] [1788842024.613386686] [planner_server]: worldToMap failed: mx,my: 394,4, size_x,size_y: 391,399
[planner_server-5] [ERROR] [1788842024.613389977] [planner_server]: worldToMap failed: mx,my: 395,4, size_x,size_y: 391,399
[planner_server-5] [ERROR] [1788842024.613393227] [planner_server]: worldToMap failed: mx,my: 396,4, size_x,size_y: 391,399
[planner_server-5] [ERROR] [1788842024.613396561] [planner_server]: worldToMap failed: mx,my: 397,4, size_x,size_y: 391,399
[planner_server-5] [ERROR] [1788842024.613399811] [planner_server]: worldToMap failed: mx,my: 398,4, size_x,size_y: 391,399
[planner_server-5] [ERROR] [1788842024.613403019] [planner_server]: worldToMap failed: mx,my: 399,4, size_x,size_y: 391,399
[planner_server-5] [ERROR] [1788842024.613406269] [planner_server]: worldToMap failed: mx,my: 400,4, size_x,size_y: 391,399
[planner_server-5] [ERROR] [1788842024.613409436] [planner_server]: worldToMap failed: mx,my: 401,4, size_x,size_y: 391,399
[planner_server-5] [ERROR] [1788842024.613412769] [planner_server]: worldToMap failed: mx,my: 402,4, size_x,size_y: 391,399
[planner_server-5] [ERROR] [1788842024.613416019] [planner_server]: worldToMap failed: mx,my: 403,4, size_x,size_y: 391,399
[planner_server-5] [ERROR] [1788842024.613419311] [planner_server]: worldToMap failed: mx,my: 404,4, size_x,size_y: 391,399
[planner_server-5] [ERROR] [1788842024.613422561] [planner_server]: worldToMap failed: mx,my: 405,4, size_x,size_y: 391,399
[planner_server-5] [ERROR] [1788842024.613425853] [planner_server]: worldToMap failed: mx,my: 406,4, size_x,size_y: 391,399
[planner_server-5] [ERROR] [1788842024.613429186] [planner_server]: worldToMap failed: mx,my: 407,4, size_x,size_y: 391,399
[planner_server-5] [ERROR] [1788842024.613432603] [planner_server]: worldToMap failed: mx,my: 408,4, size_x,size_y: 391,399
[planner_server-5] [ERROR] [1788842024.613436144] [planner_server]: worldToMap failed: mx,my: 409,4, size_x,size_y: 391,399
[planner_server-5] [ERROR] [1788842024.613439644] [planner_server]: worldToMap failed: mx,my: 410,4, size_x,size_y: 391,399
[planner_server-5] [ERROR] [1788842024.613448103] [planner_server]: worldToMap failed: mx,my: 411,4, size_x,size_y: 391,399
[planner_server-5] [ERROR] [1788842024.613453353] [planner_server]: worldToMap failed: mx,my: 412,4, size_x,size_y: 391,399
[planner_server-5] [ERROR] [1788842024.613456895] [planner_server]: worldToMap failed: mx,my: 413,4, size_x,size_y: 391,399
[planner_server-5] [ERROR] [1788842024.613460270] [planner_server]: worldToMap failed: mx,my: 414,4, size_x,size_y: 391,399
[planner_server-5] [ERROR] [1788842024.613463603] [planner_server]: worldToMap failed: mx,my: 415,4, size_x,size_y: 391,399
[planner_server-5] [ERROR] [1788842024.613466936] [planner_server]: worldToMap failed: mx,my: 416,4, size_x,size_y: 391,399
[planner_server-5] [ERROR] [1788842024.613470145] [planner_server]: worldToMap failed: mx,my: 417,4, size_x,size_y: 391,399
[planner_server-5] [ERROR] [1788842024.613473311] [planner_server]: worldToMap failed: mx,my: 418,4, size_x,size_y: 391,399
[planner_server-5] [ERROR] [1788842024.613476561] [planner_server]: worldToMap failed: mx,my: 419,4, size_x,size_y: 391,399
[planner_server-5] [ERROR] [1788842024.613479770] [planner_server]: worldToMap failed: mx,my: 420,4, size_x,size_y: 391,399
[planner_server-5] [ERROR] [1788842024.613482936] [planner_server]: worldToMap failed: mx,my: 421,4, size_x,size_y: 391,399
[planner_server-5] [ERROR] [1788842024.613486103] [planner_server]: worldToMap failed: mx,my: 422,4, size_x,size_y: 391,399
[planner_server-5] [ERROR] [1788842024.613489811] [planner_server]: worldToMap failed: mx,my: 423,4, size_x,size_y: 391,399
[planner_server-5] [ERROR] [1788842024.613493895] [planner_server]: worldToMap failed: mx,my: 391,5, size_x,size_y: 391,399
[planner_server-5] [ERROR] [1788842024.613497145] [planner_server]: worldToMap failed: mx,my: 392,5, size_x,size_y: 391,399
[planner_server-5] [ERROR] [1788842024.613500395] [planner_server]: worldToMap failed: mx,my: 393,5, size_x,size_y: 391,399
[planner_server-5] [ERROR] [1788842024.613505312] [planner_server]: worldToMap failed: mx,my: 394,5, size_x,size_y: 391,399
[planner_server-5] [ERROR] [1788842024.613510103] [planner_server]: worldToMap failed: mx,my: 395,5, size_x,size_y: 391,399
[planner_server-5] [ERROR] [1788842024.613513437] [planner_server]: worldToMap failed: mx,my: 396,5, size_x,size_y: 391,399
[planner_server-5] [ERROR] [1788842024.613516770] [planner_server]: worldToMap failed: mx,my: 397,5, size_x,size_y: 391,399
[planner_server-5] [ERROR] [1788842024.613520062] [planner_server]: worldToMap failed: mx,my: 398,5, size_x,size_y: 391,399
[planner_server-5] [ERROR] [1788842024.613523395] [planner_server]: worldToMap failed: mx,my: 399,5, size_x,size_y: 391,399
[planner_server-5] [ERROR] [1788842024.613526645] [planner_server]: worldToMap failed: mx,my: 400,5, size_x,size_y: 391,399
[planner_server-5] [ERROR] [1788842024.613529895] [planner_server]: worldToMap failed: mx,my: 401,5, size_x,size_y: 391,399
[planner_server-5] [ERROR] [1788842024.613533187] [planner_server]: worldToMap failed: mx,my: 402,5, size_x,size_y: 391,399
[planner_server-5] [ERROR] [1788842024.613536395] [planner_server]: worldToMap failed: mx,my: 403,5, size_x,size_y: 391,399
[planner_server-5] [ERROR] [1788842024.613539645] [planner_server]: worldToMap failed: mx,my: 404,5, size_x,size_y: 391,399
[planner_server-5] [ERROR] [1788842024.613542812] [planner_server]: worldToMap failed: mx,my: 405,5, size_x,size_y: 391,399
[planner_server-5] [ERROR] [1788842024.613545979] [planner_server]: worldToMap failed: mx,my: 406,5, size_x,size_y: 391,399
[planner_server-5] [ERROR] [1788842024.613549187] [planner_server]: worldToMap failed: mx,my: 407,5, size_x,size_y: 391,399
[planner_server-5] [ERROR] [1788842024.613552312] [planner_server]: worldToMap failed: mx,my: 408,5, size_x,size_y: 391,399
[planner_server-5] [ERROR] [1788842024.613555437] [planner_server]: worldToMap failed: mx,my: 409,5, size_x,size_y: 391,399
[planner_server-5] [ERROR] [1788842024.613558687] [planner_server]: worldToMap failed: mx,my: 410,5, size_x,size_y: 391,399
[planner_server-5] [ERROR] [1788842024.613561854] [planner_server]: worldToMap failed: mx,my: 411,5, size_x,size_y: 391,399
[planner_server-5] [ERROR] [1788842024.613565104] [planner_server]: worldToMap failed: mx,my: 412,5, size_x,size_y: 391,399
[planner_server-5] [ERROR] [1788842024.613568396] [planner_server]: worldToMap failed: mx,my: 413,5, size_x,size_y: 391,399
[planner_server-5] [ERROR] [1788842024.613571729] [planner_server]: worldToMap failed: mx,my: 414,5, size_x,size_y: 391,399
[planner_server-5] [ERROR] [1788842024.613575646] [planner_server]: worldToMap failed: mx,my: 415,5, size_x,size_y: 391,399
[planner_server-5] [ERROR] [1788842024.613578896] [planner_server]: worldToMap failed: mx,my: 416,5, size_x,size_y: 391,399
[planner_server-5] [ERROR] [1788842024.613582187] [planner_server]: worldToMap failed: mx,my: 417,5, size_x,size_y: 391,399
[planner_server-5] [ERROR] [1788842024.613585479] [planner_server]: worldToMap failed: mx,my: 418,5, size_x,size_y: 391,399
[planner_server-5] [ERROR] [1788842024.613588729] [planner_server]: worldToMap failed: mx,my: 419,5, size_x,size_y: 391,399
[planner_server-5] [ERROR] [1788842024.613591937] [planner_server]: worldToMap failed: mx,my: 420,5, size_x,size_y: 391,399
[planner_server-5] [ERROR] [1788842024.613595812] [planner_server]: worldToMap failed: mx,my: 421,5, size_x,size_y: 391,399
[planner_server-5] [ERROR] [1788842024.613599062] [planner_server]: worldToMap failed: mx,my: 422,5, size_x,size_y: 391,399
[planner_server-5] [ERROR] [1788842024.613602229] [planner_server]: worldToMap failed: mx,my: 423,5, size_x,size_y: 391,399
[planner_server-5] [ERROR] [1788842024.613605979] [planner_server]: worldToMap failed: mx,my: 391,6, size_x,size_y: 391,399
[planner_server-5] [ERROR] [1788842024.613609313] [planner_server]: worldToMap failed: mx,my: 392,6, size_x,size_y: 391,399
[planner_server-5] [ERROR] [1788842024.613612729] [planner_server]: worldToMap failed: mx,my: 393,6, size_x,size_y: 391,399
[planner_server-5] [ERROR] [1788842024.613615938] [planner_server]: worldToMap failed: mx,my: 394,6, size_x,size_y: 391,399
[planner_server-5] [ERROR] [1788842024.613619229] [planner_server]: worldToMap failed: mx,my: 395,6, size_x,size_y: 391,399
[planner_server-5] [ERROR] [1788842024.613622646] [planner_server]: worldToMap failed: mx,my: 396,6, size_x,size_y: 391,399
[planner_server-5] [ERROR] [1788842024.613625854] [planner_server]: worldToMap failed: mx,my: 397,6, size_x,size_y: 391,399
[planner_server-5] [ERROR] [1788842024.613629063] [planner_server]: worldToMap failed: mx,my: 398,6, size_x,size_y: 391,399
[planner_server-5] [ERROR] [1788842024.613632313] [planner_server]: worldToMap failed: mx,my: 399,6, size_x,size_y: 391,399
[planner_server-5] [ERROR] [1788842024.613636771] [planner_server]: worldToMap failed: mx,my: 400,6, size_x,size_y: 391,399
[planner_server-5] [ERROR] [1788842024.613640604] [planner_server]: worldToMap failed: mx,my: 401,6, size_x,size_y: 391,399
[planner_server-5] [ERROR] [1788842024.613643938] [planner_server]: worldToMap failed: mx,my: 402,6, size_x,size_y: 391,399
[planner_server-5] [ERROR] [1788842024.613647230] [planner_server]: worldToMap failed: mx,my: 403,6, size_x,size_y: 391,399
[planner_server-5] [ERROR] [1788842024.613650688] [planner_server]: worldToMap failed: mx,my: 404,6, size_x,size_y: 391,399
[planner_server-5] [ERROR] [1788842024.613653938] [planner_server]: worldToMap failed: mx,my: 405,6, size_x,size_y: 391,399
[planner_server-5] [ERROR] [1788842024.613657146] [planner_server]: worldToMap failed: mx,my: 406,6, size_x,size_y: 391,399
[planner_server-5] [ERROR] [1788842024.613660396] [planner_server]: worldToMap failed: mx,my: 407,6, size_x,size_y: 391,399
[planner_server-5] [ERROR] [1788842024.613663730] [planner_server]: worldToMap failed: mx,my: 408,6, size_x,size_y: 391,399
[planner_server-5] [ERROR] [1788842024.613667021] [planner_server]: worldToMap failed: mx,my: 409,6, size_x,size_y: 391,399
[planner_server-5] [ERROR] [1788842024.613670271] [planner_server]: worldToMap failed: mx,my: 410,6, size_x,size_y: 391,399
[planner_server-5] [ERROR] [1788842024.613673521] [planner_server]: worldToMap failed: mx,my: 411,6, size_x,size_y: 391,399
[planner_server-5] [ERROR] [1788842024.613676855] [planner_server]: worldToMap failed: mx,my: 412,6, size_x,size_y: 391,399
[planner_server-5] [ERROR] [1788842024.613680813] [planner_server]: worldToMap failed: mx,my: 413,6, size_x,size_y: 391,399
[planner_server-5] [ERROR] [1788842024.613685438] [planner_server]: worldToMap failed: mx,my: 414,6, size_x,size_y: 391,399
[planner_server-5] [ERROR] [1788842024.613690438] [planner_server]: worldToMap failed: mx,my: 415,6, size_x,size_y: 391,399
[planner_server-5] [ERROR] [1788842024.613694605] [planner_server]: worldToMap failed: mx,my: 416,6, size_x,size_y: 391,399
[planner_server-5] [ERROR] [1788842024.613697938] [planner_server]: worldToMap failed: mx,my: 417,6, size_x,size_y: 391,399
[planner_server-5] [ERROR] [1788842024.613701230] [planner_server]: worldToMap failed: mx,my: 418,6, size_x,size_y: 391,399
[planner_server-5] [ERROR] [1788842024.613704480] [planner_server]: worldToMap failed: mx,my: 419,6, size_x,size_y: 391,399
[planner_server-5] [ERROR] [1788842024.613707647] [planner_server]: worldToMap failed: mx,my: 420,6, size_x,size_y: 391,399
[planner_server-5] [ERROR] [1788842024.613711022] [planner_server]: worldToMap failed: mx,my: 421,6, size_x,size_y: 391,399
[planner_server-5] [ERROR] [1788842024.613714272] [planner_server]: worldToMap failed: mx,my: 422,6, size_x,size_y: 391,399
[planner_server-5] [ERROR] [1788842024.613717480] [planner_server]: worldToMap failed: mx,my: 423,6, size_x,size_y: 391,399
[planner_server-5] [ERROR] [1788842024.613721189] [planner_server]: worldToMap failed: mx,my: 391,7, size_x,size_y: 391,399
[planner_server-5] [ERROR] [1788842024.613724480] [planner_server]: worldToMap failed: mx,my: 392,7, size_x,size_y: 391,399
[planner_server-5] [ERROR] [1788842024.613727730] [planner_server]: worldToMap failed: mx,my: 393,7, size_x,size_y: 391,399
[planner_server-5] [ERROR] [1788842024.613731272] [planner_server]: worldToMap failed: mx,my: 394,7, size_x,size_y: 391,399
[planner_server-5] [ERROR] [1788842024.613734439] [planner_server]: worldToMap failed: mx,my: 395,7, size_x,size_y: 391,399
[planner_server-5] [ERROR] [1788842024.613737689] [planner_server]: worldToMap failed: mx,my: 396,7, size_x,size_y: 391,399
[planner_server-5] [ERROR] [1788842024.613740980] [planner_server]: worldToMap failed: mx,my: 397,7, size_x,size_y: 391,399
[planner_server-5] [ERROR] [1788842024.613744189] [planner_server]: worldToMap failed: mx,my: 398,7, size_x,size_y: 391,399
[planner_server-5] [ERROR] [1788842024.613747522] [planner_server]: worldToMap failed: mx,my: 399,7, size_x,size_y: 391,399
[planner_server-5] [ERROR] [1788842024.613750855] [planner_server]: worldToMap failed: mx,my: 400,7, size_x,size_y: 391,399
[planner_server-5] [ERROR] [1788842024.613754147] [planner_server]: worldToMap failed: mx,my: 401,7, size_x,size_y: 391,399
[planner_server-5] [ERROR] [1788842024.613757356] [planner_server]: worldToMap failed: mx,my: 402,7, size_x,size_y: 391,399
[planner_server-5] [ERROR] [1788842024.613760564] [planner_server]: worldToMap failed: mx,my: 403,7, size_x,size_y: 391,399
[planner_server-5] [ERROR] [1788842024.613763856] [planner_server]: worldToMap failed: mx,my: 404,7, size_x,size_y: 391,399
[planner_server-5] [ERROR] [1788842024.613767147] [planner_server]: worldToMap failed: mx,my: 405,7, size_x,size_y: 391,399
[planner_server-5] [ERROR] [1788842024.613771356] [planner_server]: worldToMap failed: mx,my: 406,7, size_x,size_y: 391,399
[planner_server-5] [ERROR] [1788842024.613775272] [planner_server]: worldToMap failed: mx,my: 407,7, size_x,size_y: 391,399
[planner_server-5] [ERROR] [1788842024.613780481] [planner_server]: worldToMap failed: mx,my: 408,7, size_x,size_y: 391,399
[planner_server-5] [ERROR] [1788842024.613785689] [planner_server]: worldToMap failed: mx,my: 409,7, size_x,size_y: 391,399
[planner_server-5] [ERROR] [1788842024.613790647] [planner_server]: worldToMap failed: mx,my: 410,7, size_x,size_y: 391,399
[planner_server-5] [ERROR] [1788842024.613795523] [planner_server]: worldToMap failed: mx,my: 411,7, size_x,size_y: 391,399
[planner_server-5] [ERROR] [1788842024.613800773] [planner_server]: worldToMap failed: mx,my: 412,7, size_x,size_y: 391,399
[planner_server-5] [ERROR] [1788842024.613806106] [planner_server]: worldToMap failed: mx,my: 413,7, size_x,size_y: 391,399
[planner_server-5] [ERROR] [1788842024.613810148] [planner_server]: worldToMap failed: mx,my: 414,7, size_x,size_y: 391,399
[planner_server-5] [ERROR] [1788842024.613813356] [planner_server]: worldToMap failed: mx,my: 415,7, size_x,size_y: 391,399
[planner_server-5] [ERROR] [1788842024.613816648] [planner_server]: worldToMap failed: mx,my: 416,7, size_x,size_y: 391,399
[planner_server-5] [ERROR] [1788842024.613820439] [planner_server]: worldToMap failed: mx,my: 417,7, size_x,size_y: 391,399
[planner_server-5] [ERROR] [1788842024.613823689] [planner_server]: worldToMap failed: mx,my: 418,7, size_x,size_y: 391,399
[planner_server-5] [ERROR] [1788842024.613826856] [planner_server]: worldToMap failed: mx,my: 419,7, size_x,size_y: 391,399
[planner_server-5] [ERROR] [1788842024.613830023] [planner_server]: worldToMap failed: mx,my: 420,7, size_x,size_y: 391,399
[planner_server-5] [ERROR] [1788842024.613833190] [planner_server]: worldToMap failed: mx,my: 421,7, size_x,size_y: 391,399
[planner_server-5] [ERROR] [1788842024.613836356] [planner_server]: worldToMap failed: mx,my: 422,7, size_x,size_y: 391,399
[planner_server-5] [ERROR] [1788842024.613839565] [planner_server]: worldToMap failed: mx,my: 423,7, size_x,size_y: 391,399
[planner_server-5] [ERROR] [1788842024.613843315] [planner_server]: worldToMap failed: mx,my: 391,8, size_x,size_y: 391,399
[planner_server-5] [ERROR] [1788842024.613847398] [planner_server]: worldToMap failed: mx,my: 392,8, size_x,size_y: 391,399
[planner_server-5] [ERROR] [1788842024.613851440] [planner_server]: worldToMap failed: mx,my: 393,8, size_x,size_y: 391,399
[planner_server-5] [ERROR] [1788842024.613854648] [planner_server]: worldToMap failed: mx,my: 394,8, size_x,size_y: 391,399
[planner_server-5] [ERROR] [1788842024.613857856] [planner_server]: worldToMap failed: mx,my: 395,8, size_x,size_y: 391,399
[planner_server-5] [ERROR] [1788842024.613861065] [planner_server]: worldToMap failed: mx,my: 396,8, size_x,size_y: 391,399
[planner_server-5] [ERROR] [1788842024.613864190] [planner_server]: worldToMap failed: mx,my: 397,8, size_x,size_y: 391,399
[planner_server-5] [ERROR] [1788842024.613867398] [planner_server]: worldToMap failed: mx,my: 398,8, size_x,size_y: 391,399
[planner_server-5] [ERROR] [1788842024.613870607] [planner_server]: worldToMap failed: mx,my: 399,8, size_x,size_y: 391,399
[planner_server-5] [ERROR] [1788842024.613876107] [planner_server]: worldToMap failed: mx,my: 400,8, size_x,size_y: 391,399
[planner_server-5] [ERROR] [1788842024.613881107] [planner_server]: worldToMap failed: mx,my: 401,8, size_x,size_y: 391,399
[planner_server-5] [ERROR] [1788842024.613886065] [planner_server]: worldToMap failed: mx,my: 402,8, size_x,size_y: 391,399
[planner_server-5] [ERROR] [1788842024.613889273] [planner_server]: worldToMap failed: mx,my: 403,8, size_x,size_y: 391,399
[planner_server-5] [ERROR] [1788842024.613892482] [planner_server]: worldToMap failed: mx,my: 404,8, size_x,size_y: 391,399
[planner_server-5] [ERROR] [1788842024.613895690] [planner_server]: worldToMap failed: mx,my: 405,8, size_x,size_y: 391,399
[planner_server-5] [ERROR] [1788842024.613898815] [planner_server]: worldToMap failed: mx,my: 406,8, size_x,size_y: 391,399
[planner_server-5] [ERROR] [1788842024.613902023] [planner_server]: worldToMap failed: mx,my: 407,8, size_x,size_y: 391,399
[planner_server-5] [ERROR] [1788842024.613905232] [planner_server]: worldToMap failed: mx,my: 408,8, size_x,size_y: 391,399
[planner_server-5] [ERROR] [1788842024.613908440] [planner_server]: worldToMap failed: mx,my: 409,8, size_x,size_y: 391,399
[planner_server-5] [ERROR] [1788842024.613911607] [planner_server]: worldToMap failed: mx,my: 410,8, size_x,size_y: 391,399
[planner_server-5] [ERROR] [1788842024.613914815] [planner_server]: worldToMap failed: mx,my: 411,8, size_x,size_y: 391,399
[planner_server-5] [ERROR] [1788842024.613919357] [planner_server]: worldToMap failed: mx,my: 412,8, size_x,size_y: 391,399
[planner_server-5] [ERROR] [1788842024.613923232] [planner_server]: worldToMap failed: mx,my: 413,8, size_x,size_y: 391,399
[planner_server-5] [ERROR] [1788842024.613927274] [planner_server]: worldToMap failed: mx,my: 414,8, size_x,size_y: 391,399
[planner_server-5] [ERROR] [1788842024.613930524] [planner_server]: worldToMap failed: mx,my: 415,8, size_x,size_y: 391,399
[planner_server-5] [ERROR] [1788842024.613933732] [planner_server]: worldToMap failed: mx,my: 416,8, size_x,size_y: 391,399
[planner_server-5] [ERROR] [1788842024.613936857] [planner_server]: worldToMap failed: mx,my: 417,8, size_x,size_y: 391,399
[planner_server-5] [ERROR] [1788842024.613940107] [planner_server]: worldToMap failed: mx,my: 418,8, size_x,size_y: 391,399
[planner_server-5] [ERROR] [1788842024.613943315] [planner_server]: worldToMap failed: mx,my: 419,8, size_x,size_y: 391,399
[planner_server-5] [ERROR] [1788842024.613946524] [planner_server]: worldToMap failed: mx,my: 420,8, size_x,size_y: 391,399
[planner_server-5] [ERROR] [1788842024.613949607] [planner_server]: worldToMap failed: mx,my: 421,8, size_x,size_y: 391,399
[planner_server-5] [ERROR] [1788842024.613952774] [planner_server]: worldToMap failed: mx,my: 422,8, size_x,size_y: 391,399
[planner_server-5] [ERROR] [1788842024.613955941] [planner_server]: worldToMap failed: mx,my: 423,8, size_x,size_y: 391,399
[planner_server-5] [ERROR] [1788842024.613959566] [planner_server]: worldToMap failed: mx,my: 391,9, size_x,size_y: 391,399
[planner_server-5] [ERROR] [1788842024.613962732] [planner_server]: worldToMap failed: mx,my: 392,9, size_x,size_y: 391,399
[planner_server-5] [ERROR] [1788842024.613965899] [planner_server]: worldToMap failed: mx,my: 393,9, size_x,size_y: 391,399
[planner_server-5] [ERROR] [1788842024.613969024] [planner_server]: worldToMap failed: mx,my: 394,9, size_x,size_y: 391,399
[planner_server-5] [ERROR] [1788842024.613981024] [planner_server]: worldToMap failed: mx,my: 395,9, size_x,size_y: 391,399
[planner_server-5] [ERROR] [1788842024.613985108] [planner_server]: worldToMap failed: mx,my: 396,9, size_x,size_y: 391,399
[planner_server-5] [ERROR] [1788842024.613988399] [planner_server]: worldToMap failed: mx,my: 397,9, size_x,size_y: 391,399
[planner_server-5] [ERROR] [1788842024.613991649] [planner_server]: worldToMap failed: mx,my: 398,9, size_x,size_y: 391,399
[planner_server-5] [ERROR] [1788842024.613994858] [planner_server]: worldToMap failed: mx,my: 399,9, size_x,size_y: 391,399
[planner_server-5] [ERROR] [1788842024.613998024] [planner_server]: worldToMap failed: mx,my: 400,9, size_x,size_y: 391,399
[planner_server-5] [ERROR] [1788842024.614001191] [planner_server]: worldToMap failed: mx,my: 401,9, size_x,size_y: 391,399
[planner_server-5] [ERROR] [1788842024.614004358] [planner_server]: worldToMap failed: mx,my: 402,9, size_x,size_y: 391,399
[planner_server-5] [ERROR] [1788842024.614007524] [planner_server]: worldToMap failed: mx,my: 403,9, size_x,size_y: 391,399
[planner_server-5] [ERROR] [1788842024.614010691] [planner_server]: worldToMap failed: mx,my: 404,9, size_x,size_y: 391,399
[planner_server-5] [ERROR] [1788842024.614013941] [planner_server]: worldToMap failed: mx,my: 405,9, size_x,size_y: 391,399
[planner_server-5] [ERROR] [1788842024.614019441] [planner_server]: worldToMap failed: mx,my: 406,9, size_x,size_y: 391,399
[planner_server-5] [ERROR] [1788842024.614022691] [planner_server]: worldToMap failed: mx,my: 407,9, size_x,size_y: 391,399
[planner_server-5] [ERROR] [1788842024.614025941] [planner_server]: worldToMap failed: mx,my: 408,9, size_x,size_y: 391,399
[planner_server-5] [ERROR] [1788842024.614029150] [planner_server]: worldToMap failed: mx,my: 409,9, size_x,size_y: 391,399
[planner_server-5] [ERROR] [1788842024.614032275] [planner_server]: worldToMap failed: mx,my: 410,9, size_x,size_y: 391,399
[planner_server-5] [ERROR] [1788842024.614035441] [planner_server]: worldToMap failed: mx,my: 411,9, size_x,size_y: 391,399
[planner_server-5] [ERROR] [1788842024.614038566] [planner_server]: worldToMap failed: mx,my: 412,9, size_x,size_y: 391,399
[planner_server-5] [ERROR] [1788842024.614041733] [planner_server]: worldToMap failed: mx,my: 413,9, size_x,size_y: 391,399
[planner_server-5] [ERROR] [1788842024.614044941] [planner_server]: worldToMap failed: mx,my: 414,9, size_x,size_y: 391,399
[planner_server-5] [ERROR] [1788842024.614048066] [planner_server]: worldToMap failed: mx,my: 415,9, size_x,size_y: 391,399
[planner_server-5] [ERROR] [1788842024.614051275] [planner_server]: worldToMap failed: mx,my: 416,9, size_x,size_y: 391,399
[planner_server-5] [ERROR] [1788842024.614054525] [planner_server]: worldToMap failed: mx,my: 417,9, size_x,size_y: 391,399
[planner_server-5] [ERROR] [1788842024.614058817] [planner_server]: worldToMap failed: mx,my: 418,9, size_x,size_y: 391,399
[planner_server-5] [ERROR] [1788842024.614062650] [planner_server]: worldToMap failed: mx,my: 419,9, size_x,size_y: 391,399
[planner_server-5] [ERROR] [1788842024.614066108] [planner_server]: worldToMap failed: mx,my: 420,9, size_x,size_y: 391,399
[planner_server-5] [ERROR] [1788842024.614069567] [planner_server]: worldToMap failed: mx,my: 421,9, size_x,size_y: 391,399
[planner_server-5] [ERROR] [1788842024.614072692] [planner_server]: worldToMap failed: mx,my: 422,9, size_x,size_y: 391,399
[planner_server-5] [ERROR] [1788842024.614076025] [planner_server]: worldToMap failed: mx,my: 423,9, size_x,size_y: 391,399
[planner_server-5] [ERROR] [1788842024.614079983] [planner_server]: worldToMap failed: mx,my: 391,10, size_x,size_y: 391,399
[planner_server-5] [ERROR] [1788842024.614083483] [planner_server]: worldToMap failed: mx,my: 392,10, size_x,size_y: 391,399
[planner_server-5] [ERROR] [1788842024.614086817] [planner_server]: worldToMap failed: mx,my: 393,10, size_x,size_y: 391,399
[planner_server-5] [ERROR] [1788842024.614090067] [planner_server]: worldToMap failed: mx,my: 394,10, size_x,size_y: 391,399
[planner_server-5] [ERROR] [1788842024.614093358] [planner_server]: worldToMap failed: mx,my: 395,10, size_x,size_y: 391,399
[planner_server-5] [ERROR] [1788842024.614096734] [planner_server]: worldToMap failed: mx,my: 396,10, size_x,size_y: 391,399
[planner_server-5] [ERROR] [1788842024.614100025] [planner_server]: worldToMap failed: mx,my: 397,10, size_x,size_y: 391,399
[planner_server-5] [ERROR] [1788842024.614103275] [planner_server]: worldToMap failed: mx,my: 398,10, size_x,size_y: 391,399
[planner_server-5] [ERROR] [1788842024.614106484] [planner_server]: worldToMap failed: mx,my: 399,10, size_x,size_y: 391,399
[planner_server-5] [ERROR] [1788842024.614109859] [planner_server]: worldToMap failed: mx,my: 400,10, size_x,size_y: 391,399
[planner_server-5] [ERROR] [1788842024.614113150] [planner_server]: worldToMap failed: mx,my: 401,10, size_x,size_y: 391,399
[planner_server-5] [ERROR] [1788842024.614116359] [planner_server]: worldToMap failed: mx,my: 402,10, size_x,size_y: 391,399
[planner_server-5] [ERROR] [1788842024.614119567] [planner_server]: worldToMap failed: mx,my: 403,10, size_x,size_y: 391,399
[planner_server-5] [ERROR] [1788842024.614122734] [planner_server]: worldToMap failed: mx,my: 404,10, size_x,size_y: 391,399
[planner_server-5] [ERROR] [1788842024.614125942] [planner_server]: worldToMap failed: mx,my: 405,10, size_x,size_y: 391,399
[planner_server-5] [ERROR] [1788842024.614129109] [planner_server]: worldToMap failed: mx,my: 406,10, size_x,size_y: 391,399
[planner_server-5] [ERROR] [1788842024.614132276] [planner_server]: worldToMap failed: mx,my: 407,10, size_x,size_y: 391,399
[planner_server-5] [ERROR] [1788842024.614135442] [planner_server]: worldToMap failed: mx,my: 408,10, size_x,size_y: 391,399
[planner_server-5] [ERROR] [1788842024.614138567] [planner_server]: worldToMap failed: mx,my: 409,10, size_x,size_y: 391,399
[planner_server-5] [ERROR] [1788842024.614141734] [planner_server]: worldToMap failed: mx,my: 410,10, size_x,size_y: 391,399
[planner_server-5] [ERROR] [1788842024.614144901] [planner_server]: worldToMap failed: mx,my: 411,10, size_x,size_y: 391,399
[planner_server-5] [ERROR] [1788842024.614149859] [planner_server]: worldToMap failed: mx,my: 412,10, size_x,size_y: 391,399
[planner_server-5] [ERROR] [1788842024.614153067] [planner_server]: worldToMap failed: mx,my: 413,10, size_x,size_y: 391,399
[planner_server-5] [ERROR] [1788842024.614156276] [planner_server]: worldToMap failed: mx,my: 414,10, size_x,size_y: 391,399
[planner_server-5] [ERROR] [1788842024.614159526] [planner_server]: worldToMap failed: mx,my: 415,10, size_x,size_y: 391,399
[planner_server-5] [ERROR] [1788842024.614162734] [planner_server]: worldToMap failed: mx,my: 416,10, size_x,size_y: 391,399
[planner_server-5] [ERROR] [1788842024.614165942] [planner_server]: worldToMap failed: mx,my: 417,10, size_x,size_y: 391,399
[planner_server-5] [ERROR] [1788842024.614169067] [planner_server]: worldToMap failed: mx,my: 418,10, size_x,size_y: 391,399
[planner_server-5] [ERROR] [1788842024.614172234] [planner_server]: worldToMap failed: mx,my: 419,10, size_x,size_y: 391,399
[planner_server-5] [ERROR] [1788842024.614175401] [planner_server]: worldToMap failed: mx,my: 420,10, size_x,size_y: 391,399
[planner_server-5] [ERROR] [1788842024.614178651] [planner_server]: worldToMap failed: mx,my: 421,10, size_x,size_y: 391,399
[planner_server-5] [ERROR] [1788842024.614181776] [planner_server]: worldToMap failed: mx,my: 422,10, size_x,size_y: 391,399
[planner_server-5] [ERROR] [1788842024.614184943] [planner_server]: worldToMap failed: mx,my: 423,10, size_x,size_y: 391,399
[planner_server-5] [ERROR] [1788842024.614189943] [planner_server]: worldToMap failed: mx,my: 391,11, size_x,size_y: 391,399
[planner_server-5] [ERROR] [1788842024.614194568] [planner_server]: worldToMap failed: mx,my: 392,11, size_x,size_y: 391,399
[planner_server-5] [ERROR] [1788842024.614197859] [planner_server]: worldToMap failed: mx,my: 393,11, size_x,size_y: 391,399
[planner_server-5] [ERROR] [1788842024.614201068] [planner_server]: worldToMap failed: mx,my: 394,11, size_x,size_y: 391,399
[planner_server-5] [ERROR] [1788842024.614204276] [planner_server]: worldToMap failed: mx,my: 395,11, size_x,size_y: 391,399
[planner_server-5] [ERROR] [1788842024.614210068] [planner_server]: worldToMap failed: mx,my: 396,11, size_x,size_y: 391,399
[planner_server-5] [ERROR] [1788842024.614217985] [planner_server]: worldToMap failed: mx,my: 397,11, size_x,size_y: 391,399
[planner_server-5] [ERROR] [1788842024.614221485] [planner_server]: worldToMap failed: mx,my: 398,11, size_x,size_y: 391,399
[planner_server-5] [ERROR] [1788842024.614224610] [planner_server]: worldToMap failed: mx,my: 399,11, size_x,size_y: 391,399
[planner_server-5] [ERROR] [1788842024.614227901] [planner_server]: worldToMap failed: mx,my: 400,11, size_x,size_y: 391,399
[planner_server-5] [ERROR] [1788842024.614231193] [planner_server]: worldToMap failed: mx,my: 401,11, size_x,size_y: 391,399
[planner_server-5] [ERROR] [1788842024.614234401] [planner_server]: worldToMap failed: mx,my: 402,11, size_x,size_y: 391,399
[planner_server-5] [ERROR] [1788842024.614237610] [planner_server]: worldToMap failed: mx,my: 403,11, size_x,size_y: 391,399
[planner_server-5] [ERROR] [1788842024.614240818] [planner_server]: worldToMap failed: mx,my: 404,11, size_x,size_y: 391,399
[planner_server-5] [ERROR] [1788842024.614244068] [planner_server]: worldToMap failed: mx,my: 405,11, size_x,size_y: 391,399
[planner_server-5] [ERROR] [1788842024.614247277] [planner_server]: worldToMap failed: mx,my: 406,11, size_x,size_y: 391,399
[planner_server-5] [ERROR] [1788842024.614250527] [planner_server]: worldToMap failed: mx,my: 407,11, size_x,size_y: 391,399
[planner_server-5] [ERROR] [1788842024.614253693] [planner_server]: worldToMap failed: mx,my: 408,11, size_x,size_y: 391,399
[planner_server-5] [ERROR] [1788842024.614257443] [planner_server]: worldToMap failed: mx,my: 409,11, size_x,size_y: 391,399
[planner_server-5] [ERROR] [1788842024.614260652] [planner_server]: worldToMap failed: mx,my: 410,11, size_x,size_y: 391,399
[planner_server-5] [ERROR] [1788842024.614263902] [planner_server]: worldToMap failed: mx,my: 411,11, size_x,size_y: 391,399
[planner_server-5] [ERROR] [1788842024.614267068] [planner_server]: worldToMap failed: mx,my: 412,11, size_x,size_y: 391,399
[planner_server-5] [ERROR] [1788842024.614270235] [planner_server]: worldToMap failed: mx,my: 413,11, size_x,size_y: 391,399
[planner_server-5] [ERROR] [1788842024.614273402] [planner_server]: worldToMap failed: mx,my: 414,11, size_x,size_y: 391,399
[planner_server-5] [ERROR] [1788842024.614276652] [planner_server]: worldToMap failed: mx,my: 415,11, size_x,size_y: 391,399
[planner_server-5] [ERROR] [1788842024.614279818] [planner_server]: worldToMap failed: mx,my: 416,11, size_x,size_y: 391,399
[planner_server-5] [ERROR] [1788842024.614283027] [planner_server]: worldToMap failed: mx,my: 417,11, size_x,size_y: 391,399
[planner_server-5] [ERROR] [1788842024.614286194] [planner_server]: worldToMap failed: mx,my: 418,11, size_x,size_y: 391,399
[planner_server-5] [ERROR] [1788842024.614289360] [planner_server]: worldToMap failed: mx,my: 419,11, size_x,size_y: 391,399
[planner_server-5] [ERROR] [1788842024.614292694] [planner_server]: worldToMap failed: mx,my: 420,11, size_x,size_y: 391,399
[planner_server-5] [ERROR] [1788842024.614295902] [planner_server]: worldToMap failed: mx,my: 421,11, size_x,size_y: 391,399
[planner_server-5] [ERROR] [1788842024.614299027] [planner_server]: worldToMap failed: mx,my: 422,11, size_x,size_y: 391,399
[planner_server-5] [ERROR] [1788842024.614302194] [planner_server]: worldToMap failed: mx,my: 423,11, size_x,size_y: 391,399
[planner_server-5] [ERROR] [1788842024.614306069] [planner_server]: worldToMap failed: mx,my: 391,12, size_x,size_y: 391,399
[planner_server-5] [ERROR] [1788842024.614309235] [planner_server]: worldToMap failed: mx,my: 392,12, size_x,size_y: 391,399
[planner_server-5] [ERROR] [1788842024.614312444] [planner_server]: worldToMap failed: mx,my: 393,12, size_x,size_y: 391,399
[planner_server-5] [ERROR] [1788842024.614315610] [planner_server]: worldToMap failed: mx,my: 394,12, size_x,size_y: 391,399
[planner_server-5] [ERROR] [1788842024.614318819] [planner_server]: worldToMap failed: mx,my: 395,12, size_x,size_y: 391,399
[planner_server-5] [ERROR] [1788842024.614323486] [planner_server]: worldToMap failed: mx,my: 396,12, size_x,size_y: 391,399
[planner_server-5] [ERROR] [1788842024.614328277] [planner_server]: worldToMap failed: mx,my: 397,12, size_x,size_y: 391,399
[planner_server-5] [ERROR] [1788842024.614331569] [planner_server]: worldToMap failed: mx,my: 398,12, size_x,size_y: 391,399
[planner_server-5] [ERROR] [1788842024.614334736] [planner_server]: worldToMap failed: mx,my: 399,12, size_x,size_y: 391,399
[planner_server-5] [ERROR] [1788842024.614337944] [planner_server]: worldToMap failed: mx,my: 400,12, size_x,size_y: 391,399
[planner_server-5] [ERROR] [1788842024.614341611] [planner_server]: worldToMap failed: mx,my: 401,12, size_x,size_y: 391,399
[planner_server-5] [ERROR] [1788842024.614345194] [planner_server]: worldToMap failed: mx,my: 402,12, size_x,size_y: 391,399
[planner_server-5] [ERROR] [1788842024.614349027] [planner_server]: worldToMap failed: mx,my: 403,12, size_x,size_y: 391,399
[planner_server-5] [ERROR] [1788842024.614352194] [planner_server]: worldToMap failed: mx,my: 404,12, size_x,size_y: 391,399
[planner_server-5] [ERROR] [1788842024.614355402] [planner_server]: worldToMap failed: mx,my: 405,12, size_x,size_y: 391,399
[planner_server-5] [ERROR] [1788842024.614358944] [planner_server]: worldToMap failed: mx,my: 406,12, size_x,size_y: 391,399
[planner_server-5] [ERROR] [1788842024.614362444] [planner_server]: worldToMap failed: mx,my: 407,12, size_x,size_y: 391,399
[planner_server-5] [ERROR] [1788842024.614365611] [planner_server]: worldToMap failed: mx,my: 408,12, size_x,size_y: 391,399
[planner_server-5] [ERROR] [1788842024.614368861] [planner_server]: worldToMap failed: mx,my: 409,12, size_x,size_y: 391,399
[planner_server-5] [ERROR] [1788842024.614371986] [planner_server]: worldToMap failed: mx,my: 410,12, size_x,size_y: 391,399
[planner_server-5] [ERROR] [1788842024.614375236] [planner_server]: worldToMap failed: mx,my: 411,12, size_x,size_y: 391,399
[planner_server-5] [ERROR] [1788842024.614378444] [planner_server]: worldToMap failed: mx,my: 412,12, size_x,size_y: 391,399
[planner_server-5] [ERROR] [1788842024.614381611] [planner_server]: worldToMap failed: mx,my: 413,12, size_x,size_y: 391,399
[planner_server-5] [ERROR] [1788842024.614384819] [planner_server]: worldToMap failed: mx,my: 414,12, size_x,size_y: 391,399
[planner_server-5] [ERROR] [1788842024.614387944] [planner_server]: worldToMap failed: mx,my: 415,12, size_x,size_y: 391,399
[planner_server-5] [ERROR] [1788842024.614391153] [planner_server]: worldToMap failed: mx,my: 416,12, size_x,size_y: 391,399
[planner_server-5] [ERROR] [1788842024.614394278] [planner_server]: worldToMap failed: mx,my: 417,12, size_x,size_y: 391,399
[planner_server-5] [ERROR] [1788842024.614397445] [planner_server]: worldToMap failed: mx,my: 418,12, size_x,size_y: 391,399
[planner_server-5] [ERROR] [1788842024.614400611] [planner_server]: worldToMap failed: mx,my: 419,12, size_x,size_y: 391,399
[planner_server-5] [ERROR] [1788842024.614403903] [planner_server]: worldToMap failed: mx,my: 420,12, size_x,size_y: 391,399
[planner_server-5] [ERROR] [1788842024.614407070] [planner_server]: worldToMap failed: mx,my: 421,12, size_x,size_y: 391,399
[planner_server-5] [ERROR] [1788842024.614410445] [planner_server]: worldToMap failed: mx,my: 422,12, size_x,size_y: 391,399
[planner_server-5] [ERROR] [1788842024.614415986] [planner_server]: worldToMap failed: mx,my: 423,12, size_x,size_y: 391,399
[planner_server-5] [ERROR] [1788842024.614424278] [planner_server]: worldToMap failed: mx,my: 391,13, size_x,size_y: 391,399
[planner_server-5] [ERROR] [1788842024.614427528] [planner_server]: worldToMap failed: mx,my: 392,13, size_x,size_y: 391,399
[planner_server-5] [ERROR] [1788842024.614430736] [planner_server]: worldToMap failed: mx,my: 393,13, size_x,size_y: 391,399
[planner_server-5] [ERROR] [1788842024.614433987] [planner_server]: worldToMap failed: mx,my: 394,13, size_x,size_y: 391,399
[planner_server-5] [ERROR] [1788842024.614437237] [planner_server]: worldToMap failed: mx,my: 395,13, size_x,size_y: 391,399
[planner_server-5] [ERROR] [1788842024.614440445] [planner_server]: worldToMap failed: mx,my: 396,13, size_x,size_y: 391,399
[planner_server-5] [ERROR] [1788842024.614443695] [planner_server]: worldToMap failed: mx,my: 397,13, size_x,size_y: 391,399
[planner_server-5] [ERROR] [1788842024.614448487] [planner_server]: worldToMap failed: mx,my: 398,13, size_x,size_y: 391,399
[planner_server-5] [ERROR] [1788842024.614451695] [planner_server]: worldToMap failed: mx,my: 399,13, size_x,size_y: 391,399
[planner_server-5] [ERROR] [1788842024.614454903] [planner_server]: worldToMap failed: mx,my: 400,13, size_x,size_y: 391,399
[planner_server-5] [ERROR] [1788842024.614458070] [planner_server]: worldToMap failed: mx,my: 401,13, size_x,size_y: 391,399
[planner_server-5] [ERROR] [1788842024.614462653] [planner_server]: worldToMap failed: mx,my: 402,13, size_x,size_y: 391,399
[planner_server-5] [ERROR] [1788842024.614467237] [planner_server]: worldToMap failed: mx,my: 403,13, size_x,size_y: 391,399
[planner_server-5] [ERROR] [1788842024.614470529] [planner_server]: worldToMap failed: mx,my: 404,13, size_x,size_y: 391,399
[planner_server-5] [ERROR] [1788842024.614473779] [planner_server]: worldToMap failed: mx,my: 405,13, size_x,size_y: 391,399
[planner_server-5] [ERROR] [1788842024.614477154] [planner_server]: worldToMap failed: mx,my: 406,13, size_x,size_y: 391,399
[planner_server-5] [ERROR] [1788842024.614480445] [planner_server]: worldToMap failed: mx,my: 407,13, size_x,size_y: 391,399
[planner_server-5] [ERROR] [1788842024.614483695] [planner_server]: worldToMap failed: mx,my: 408,13, size_x,size_y: 391,399
[planner_server-5] [ERROR] [1788842024.614486945] [planner_server]: worldToMap failed: mx,my: 409,13, size_x,size_y: 391,399
[planner_server-5] [ERROR] [1788842024.614490195] [planner_server]: worldToMap failed: mx,my: 410,13, size_x,size_y: 391,399
[planner_server-5] [ERROR] [1788842024.614493445] [planner_server]: worldToMap failed: mx,my: 411,13, size_x,size_y: 391,399
[planner_server-5] [ERROR] [1788842024.614496695] [planner_server]: worldToMap failed: mx,my: 412,13, size_x,size_y: 391,399
[planner_server-5] [ERROR] [1788842024.614500029] [planner_server]: worldToMap failed: mx,my: 413,13, size_x,size_y: 391,399
[planner_server-5] [ERROR] [1788842024.614503237] [planner_server]: worldToMap failed: mx,my: 414,13, size_x,size_y: 391,399
[planner_server-5] [ERROR] [1788842024.614506570] [planner_server]: worldToMap failed: mx,my: 415,13, size_x,size_y: 391,399
[planner_server-5] [ERROR] [1788842024.614509737] [planner_server]: worldToMap failed: mx,my: 416,13, size_x,size_y: 391,399
[planner_server-5] [ERROR] [1788842024.614513071] [planner_server]: worldToMap failed: mx,my: 417,13, size_x,size_y: 391,399
[planner_server-5] [ERROR] [1788842024.614516321] [planner_server]: worldToMap failed: mx,my: 418,13, size_x,size_y: 391,399
[planner_server-5] [ERROR] [1788842024.614519571] [planner_server]: worldToMap failed: mx,my: 419,13, size_x,size_y: 391,399
[planner_server-5] [ERROR] [1788842024.614522904] [planner_server]: worldToMap failed: mx,my: 420,13, size_x,size_y: 391,399
[planner_server-5] [ERROR] [1788842024.614526154] [planner_server]: worldToMap failed: mx,my: 421,13, size_x,size_y: 391,399
[planner_server-5] [ERROR] [1788842024.614529446] [planner_server]: worldToMap failed: mx,my: 422,13, size_x,size_y: 391,399
[planner_server-5] [ERROR] [1788842024.614533154] [planner_server]: worldToMap failed: mx,my: 423,13, size_x,size_y: 391,399
[planner_server-5] [ERROR] [1788842024.614536946] [planner_server]: worldToMap failed: mx,my: 391,14, size_x,size_y: 391,399
[planner_server-5] [ERROR] [1788842024.614540446] [planner_server]: worldToMap failed: mx,my: 392,14, size_x,size_y: 391,399
[planner_server-5] [ERROR] [1788842024.614543696] [planner_server]: worldToMap failed: mx,my: 393,14, size_x,size_y: 391,399
[planner_server-5] [ERROR] [1788842024.614546988] [planner_server]: worldToMap failed: mx,my: 394,14, size_x,size_y: 391,399
[planner_server-5] [ERROR] [1788842024.614550279] [planner_server]: worldToMap failed: mx,my: 395,14, size_x,size_y: 391,399
[planner_server-5] [ERROR] [1788842024.614553529] [planner_server]: worldToMap failed: mx,my: 396,14, size_x,size_y: 391,399
[planner_server-5] [ERROR] [1788842024.614556821] [planner_server]: worldToMap failed: mx,my: 397,14, size_x,size_y: 391,399
[planner_server-5] [ERROR] [1788842024.614560071] [planner_server]: worldToMap failed: mx,my: 398,14, size_x,size_y: 391,399
[planner_server-5] [ERROR] [1788842024.614563238] [planner_server]: worldToMap failed: mx,my: 399,14, size_x,size_y: 391,399
[planner_server-5] [ERROR] [1788842024.614566446] [planner_server]: worldToMap failed: mx,my: 400,14, size_x,size_y: 391,399
[planner_server-5] [ERROR] [1788842024.614569738] [planner_server]: worldToMap failed: mx,my: 401,14, size_x,size_y: 391,399
[planner_server-5] [ERROR] [1788842024.614572988] [planner_server]: worldToMap failed: mx,my: 402,14, size_x,size_y: 391,399
[planner_server-5] [ERROR] [1788842024.614576279] [planner_server]: worldToMap failed: mx,my: 403,14, size_x,size_y: 391,399
[planner_server-5] [ERROR] [1788842024.614579488] [planner_server]: worldToMap failed: mx,my: 404,14, size_x,size_y: 391,399
[planner_server-5] [ERROR] [1788842024.614582738] [planner_server]: worldToMap failed: mx,my: 405,14, size_x,size_y: 391,399
[planner_server-5] [ERROR] [1788842024.614585946] [planner_server]: worldToMap failed: mx,my: 406,14, size_x,size_y: 391,399
[planner_server-5] [ERROR] [1788842024.614590363] [planner_server]: worldToMap failed: mx,my: 407,14, size_x,size_y: 391,399
[planner_server-5] [ERROR] [1788842024.614594155] [planner_server]: worldToMap failed: mx,my: 408,14, size_x,size_y: 391,399
[planner_server-5] [ERROR] [1788842024.614597488] [planner_server]: worldToMap failed: mx,my: 409,14, size_x,size_y: 391,399
[planner_server-5] [ERROR] [1788842024.614600738] [planner_server]: worldToMap failed: mx,my: 410,14, size_x,size_y: 391,399
[planner_server-5] [ERROR] [1788842024.614603946] [planner_server]: worldToMap failed: mx,my: 411,14, size_x,size_y: 391,399
[planner_server-5] [ERROR] [1788842024.614607196] [planner_server]: worldToMap failed: mx,my: 412,14, size_x,size_y: 391,399
[planner_server-5] [ERROR] [1788842024.614610488] [planner_server]: worldToMap failed: mx,my: 413,14, size_x,size_y: 391,399
[planner_server-5] [ERROR] [1788842024.614613738] [planner_server]: worldToMap failed: mx,my: 414,14, size_x,size_y: 391,399
[planner_server-5] [ERROR] [1788842024.614616946] [planner_server]: worldToMap failed: mx,my: 415,14, size_x,size_y: 391,399
[planner_server-5] [ERROR] [1788842024.614620196] [planner_server]: worldToMap failed: mx,my: 416,14, size_x,size_y: 391,399
[planner_server-5] [ERROR] [1788842024.614623322] [planner_server]: worldToMap failed: mx,my: 417,14, size_x,size_y: 391,399
[planner_server-5] [ERROR] [1788842024.614626530] [planner_server]: worldToMap failed: mx,my: 418,14, size_x,size_y: 391,399
[planner_server-5] [ERROR] [1788842024.614629738] [planner_server]: worldToMap failed: mx,my: 419,14, size_x,size_y: 391,399
[planner_server-5] [ERROR] [1788842024.614632988] [planner_server]: worldToMap failed: mx,my: 420,14, size_x,size_y: 391,399
[planner_server-5] [ERROR] [1788842024.614636238] [planner_server]: worldToMap failed: mx,my: 421,14, size_x,size_y: 391,399
[planner_server-5] [ERROR] [1788842024.614639530] [planner_server]: worldToMap failed: mx,my: 422,14, size_x,size_y: 391,399
[planner_server-5] [ERROR] [1788842024.614642738] [planner_server]: worldToMap failed: mx,my: 423,14, size_x,size_y: 391,399
[planner_server-5] [ERROR] [1788842024.614646447] [planner_server]: worldToMap failed: mx,my: 391,15, size_x,size_y: 391,399
[planner_server-5] [ERROR] [1788842024.614649613] [planner_server]: worldToMap failed: mx,my: 392,15, size_x,size_y: 391,399
[planner_server-5] [ERROR] [1788842024.614652822] [planner_server]: worldToMap failed: mx,my: 393,15, size_x,size_y: 391,399
[planner_server-5] [ERROR] [1788842024.614656072] [planner_server]: worldToMap failed: mx,my: 394,15, size_x,size_y: 391,399
[planner_server-5] [ERROR] [1788842024.614659322] [planner_server]: worldToMap failed: mx,my: 395,15, size_x,size_y: 391,399
[planner_server-5] [ERROR] [1788842024.614662530] [planner_server]: worldToMap failed: mx,my: 396,15, size_x,size_y: 391,399
[planner_server-5] [ERROR] [1788842024.614665697] [planner_server]: worldToMap failed: mx,my: 397,15, size_x,size_y: 391,399
[planner_server-5] [ERROR] [1788842024.614668905] [planner_server]: worldToMap failed: mx,my: 398,15, size_x,size_y: 391,399
[planner_server-5] [ERROR] [1788842024.614672239] [planner_server]: worldToMap failed: mx,my: 399,15, size_x,size_y: 391,399
[planner_server-5] [ERROR] [1788842024.614675489] [planner_server]: worldToMap failed: mx,my: 400,15, size_x,size_y: 391,399
[planner_server-5] [ERROR] [1788842024.614678780] [planner_server]: worldToMap failed: mx,my: 401,15, size_x,size_y: 391,399
[planner_server-5] [ERROR] [1788842024.614682072] [planner_server]: worldToMap failed: mx,my: 402,15, size_x,size_y: 391,399
[planner_server-5] [ERROR] [1788842024.614685322] [planner_server]: worldToMap failed: mx,my: 403,15, size_x,size_y: 391,399
[planner_server-5] [ERROR] [1788842024.614688530] [planner_server]: worldToMap failed: mx,my: 404,15, size_x,size_y: 391,399
[planner_server-5] [ERROR] [1788842024.614691822] [planner_server]: worldToMap failed: mx,my: 405,15, size_x,size_y: 391,399
[planner_server-5] [ERROR] [1788842024.614695030] [planner_server]: worldToMap failed: mx,my: 406,15, size_x,size_y: 391,399
[planner_server-5] [ERROR] [1788842024.614698364] [planner_server]: worldToMap failed: mx,my: 407,15, size_x,size_y: 391,399
[planner_server-5] [ERROR] [1788842024.614701697] [planner_server]: worldToMap failed: mx,my: 408,15, size_x,size_y: 391,399
[planner_server-5] [ERROR] [1788842024.614705072] [planner_server]: worldToMap failed: mx,my: 409,15, size_x,size_y: 391,399
[planner_server-5] [ERROR] [1788842024.614708489] [planner_server]: worldToMap failed: mx,my: 410,15, size_x,size_y: 391,399
[planner_server-5] [ERROR] [1788842024.614711781] [planner_server]: worldToMap failed: mx,my: 411,15, size_x,size_y: 391,399
[planner_server-5] [ERROR] [1788842024.614714989] [planner_server]: worldToMap failed: mx,my: 412,15, size_x,size_y: 391,399
[planner_server-5] [ERROR] [1788842024.614719614] [planner_server]: worldToMap failed: mx,my: 413,15, size_x,size_y: 391,399
[planner_server-5] [ERROR] [1788842024.614723406] [planner_server]: worldToMap failed: mx,my: 414,15, size_x,size_y: 391,399
[planner_server-5] [ERROR] [1788842024.614726697] [planner_server]: worldToMap failed: mx,my: 415,15, size_x,size_y: 391,399
[planner_server-5] [ERROR] [1788842024.614729906] [planner_server]: worldToMap failed: mx,my: 416,15, size_x,size_y: 391,399
[planner_server-5] [ERROR] [1788842024.614733156] [planner_server]: worldToMap failed: mx,my: 417,15, size_x,size_y: 391,399
[planner_server-5] [ERROR] [1788842024.614736406] [planner_server]: worldToMap failed: mx,my: 418,15, size_x,size_y: 391,399
[planner_server-5] [ERROR] [1788842024.614739656] [planner_server]: worldToMap failed: mx,my: 419,15, size_x,size_y: 391,399
[planner_server-5] [ERROR] [1788842024.614742948] [planner_server]: worldToMap failed: mx,my: 420,15, size_x,size_y: 391,399
[planner_server-5] [ERROR] [1788842024.614746198] [planner_server]: worldToMap failed: mx,my: 421,15, size_x,size_y: 391,399
[planner_server-5] [ERROR] [1788842024.614749448] [planner_server]: worldToMap failed: mx,my: 422,15, size_x,size_y: 391,399
[planner_server-5] [ERROR] [1788842024.614752698] [planner_server]: worldToMap failed: mx,my: 423,15, size_x,size_y: 391,399
[planner_server-5] [ERROR] [1788842024.614756406] [planner_server]: worldToMap failed: mx,my: 391,16, size_x,size_y: 391,399
[planner_server-5] [ERROR] [1788842024.614759656] [planner_server]: worldToMap failed: mx,my: 392,16, size_x,size_y: 391,399
[planner_server-5] [ERROR] [1788842024.614762906] [planner_server]: worldToMap failed: mx,my: 393,16, size_x,size_y: 391,399
[planner_server-5] [ERROR] [1788842024.614766156] [planner_server]: worldToMap failed: mx,my: 394,16, size_x,size_y: 391,399
[planner_server-5] [ERROR] [1788842024.614769406] [planner_server]: worldToMap failed: mx,my: 395,16, size_x,size_y: 391,399
[planner_server-5] [ERROR] [1788842024.614772615] [planner_server]: worldToMap failed: mx,my: 396,16, size_x,size_y: 391,399
[planner_server-5] [ERROR] [1788842024.614775865] [planner_server]: worldToMap failed: mx,my: 397,16, size_x,size_y: 391,399
[planner_server-5] [ERROR] [1788842024.614779031] [planner_server]: worldToMap failed: mx,my: 398,16, size_x,size_y: 391,399
[planner_server-5] [ERROR] [1788842024.614782240] [planner_server]: worldToMap failed: mx,my: 399,16, size_x,size_y: 391,399
[planner_server-5] [ERROR] [1788842024.614785531] [planner_server]: worldToMap failed: mx,my: 400,16, size_x,size_y: 391,399
[planner_server-5] [ERROR] [1788842024.614788781] [planner_server]: worldToMap failed: mx,my: 401,16, size_x,size_y: 391,399
[planner_server-5] [ERROR] [1788842024.614792031] [planner_server]: worldToMap failed: mx,my: 402,16, size_x,size_y: 391,399
[planner_server-5] [ERROR] [1788842024.614795281] [planner_server]: worldToMap failed: mx,my: 403,16, size_x,size_y: 391,399
[planner_server-5] [ERROR] [1788842024.614798823] [planner_server]: worldToMap failed: mx,my: 404,16, size_x,size_y: 391,399
[planner_server-5] [ERROR] [1788842024.614802156] [planner_server]: worldToMap failed: mx,my: 405,16, size_x,size_y: 391,399
[planner_server-5] [ERROR] [1788842024.614805490] [planner_server]: worldToMap failed: mx,my: 406,16, size_x,size_y: 391,399
[planner_server-5] [ERROR] [1788842024.614808781] [planner_server]: worldToMap failed: mx,my: 407,16, size_x,size_y: 391,399
[planner_server-5] [ERROR] [1788842024.614812198] [planner_server]: worldToMap failed: mx,my: 408,16, size_x,size_y: 391,399
[planner_server-5] [ERROR] [1788842024.614815407] [planner_server]: worldToMap failed: mx,my: 409,16, size_x,size_y: 391,399
[planner_server-5] [ERROR] [1788842024.614818782] [planner_server]: worldToMap failed: mx,my: 410,16, size_x,size_y: 391,399
[planner_server-5] [ERROR] [1788842024.614822073] [planner_server]: worldToMap failed: mx,my: 411,16, size_x,size_y: 391,399
[planner_server-5] [ERROR] [1788842024.614825240] [planner_server]: worldToMap failed: mx,my: 412,16, size_x,size_y: 391,399
[planner_server-5] [ERROR] [1788842024.614828532] [planner_server]: worldToMap failed: mx,my: 413,16, size_x,size_y: 391,399
[planner_server-5] [ERROR] [1788842024.614831823] [planner_server]: worldToMap failed: mx,my: 414,16, size_x,size_y: 391,399
[planner_server-5] [ERROR] [1788842024.614835073] [planner_server]: worldToMap failed: mx,my: 415,16, size_x,size_y: 391,399
[planner_server-5] [ERROR] [1788842024.614838282] [planner_server]: worldToMap failed: mx,my: 416,16, size_x,size_y: 391,399
[planner_server-5] [ERROR] [1788842024.614841532] [planner_server]: worldToMap failed: mx,my: 417,16, size_x,size_y: 391,399
[planner_server-5] [ERROR] [1788842024.614844740] [planner_server]: worldToMap failed: mx,my: 418,16, size_x,size_y: 391,399
[planner_server-5] [ERROR] [1788842024.614849407] [planner_server]: worldToMap failed: mx,my: 419,16, size_x,size_y: 391,399
[planner_server-5] [ERROR] [1788842024.614853199] [planner_server]: worldToMap failed: mx,my: 420,16, size_x,size_y: 391,399
[planner_server-5] [ERROR] [1788842024.614856490] [planner_server]: worldToMap failed: mx,my: 421,16, size_x,size_y: 391,399
[planner_server-5] [ERROR] [1788842024.614859740] [planner_server]: worldToMap failed: mx,my: 422,16, size_x,size_y: 391,399
[planner_server-5] [ERROR] [1788842024.614863032] [planner_server]: worldToMap failed: mx,my: 423,16, size_x,size_y: 391,399
[planner_server-5] [ERROR] [1788842024.614866782] [planner_server]: worldToMap failed: mx,my: 391,17, size_x,size_y: 391,399
[planner_server-5] [ERROR] [1788842024.614870032] [planner_server]: worldToMap failed: mx,my: 392,17, size_x,size_y: 391,399
[planner_server-5] [ERROR] [1788842024.614873282] [planner_server]: worldToMap failed: mx,my: 393,17, size_x,size_y: 391,399
[planner_server-5] [ERROR] [1788842024.614876574] [planner_server]: worldToMap failed: mx,my: 394,17, size_x,size_y: 391,399
[planner_server-5] [ERROR] [1788842024.614879824] [planner_server]: worldToMap failed: mx,my: 395,17, size_x,size_y: 391,399
[planner_server-5] [ERROR] [1788842024.614883074] [planner_server]: worldToMap failed: mx,my: 396,17, size_x,size_y: 391,399
[planner_server-5] [ERROR] [1788842024.614886366] [planner_server]: worldToMap failed: mx,my: 397,17, size_x,size_y: 391,399
[planner_server-5] [ERROR] [1788842024.614889657] [planner_server]: worldToMap failed: mx,my: 398,17, size_x,size_y: 391,399
[planner_server-5] [ERROR] [1788842024.614892949] [planner_server]: worldToMap failed: mx,my: 399,17, size_x,size_y: 391,399
[planner_server-5] [ERROR] [1788842024.614896199] [planner_server]: worldToMap failed: mx,my: 400,17, size_x,size_y: 391,399
[planner_server-5] [ERROR] [1788842024.614899449] [planner_server]: worldToMap failed: mx,my: 401,17, size_x,size_y: 391,399
[planner_server-5] [ERROR] [1788842024.614902741] [planner_server]: worldToMap failed: mx,my: 402,17, size_x,size_y: 391,399
[planner_server-5] [ERROR] [1788842024.614905949] [planner_server]: worldToMap failed: mx,my: 403,17, size_x,size_y: 391,399
[planner_server-5] [ERROR] [1788842024.614909241] [planner_server]: worldToMap failed: mx,my: 404,17, size_x,size_y: 391,399
[planner_server-5] [ERROR] [1788842024.614912491] [planner_server]: worldToMap failed: mx,my: 405,17, size_x,size_y: 391,399
[planner_server-5] [ERROR] [1788842024.614915699] [planner_server]: worldToMap failed: mx,my: 406,17, size_x,size_y: 391,399
[planner_server-5] [ERROR] [1788842024.614918949] [planner_server]: worldToMap failed: mx,my: 407,17, size_x,size_y: 391,399
[planner_server-5] [ERROR] [1788842024.614922158] [planner_server]: worldToMap failed: mx,my: 408,17, size_x,size_y: 391,399
[planner_server-5] [ERROR] [1788842024.614925866] [planner_server]: worldToMap failed: mx,my: 409,17, size_x,size_y: 391,399
[planner_server-5] [ERROR] [1788842024.614929158] [planner_server]: worldToMap failed: mx,my: 410,17, size_x,size_y: 391,399
[planner_server-5] [ERROR] [1788842024.614932449] [planner_server]: worldToMap failed: mx,my: 411,17, size_x,size_y: 391,399
[planner_server-5] [ERROR] [1788842024.614935699] [planner_server]: worldToMap failed: mx,my: 412,17, size_x,size_y: 391,399
[planner_server-5] [ERROR] [1788842024.614938991] [planner_server]: worldToMap failed: mx,my: 413,17, size_x,size_y: 391,399
[planner_server-5] [ERROR] [1788842024.614942241] [planner_server]: worldToMap failed: mx,my: 414,17, size_x,size_y: 391,399
[planner_server-5] [ERROR] [1788842024.614945491] [planner_server]: worldToMap failed: mx,my: 415,17, size_x,size_y: 391,399
[planner_server-5] [ERROR] [1788842024.614948783] [planner_server]: worldToMap failed: mx,my: 416,17, size_x,size_y: 391,399
[planner_server-5] [ERROR] [1788842024.614952199] [planner_server]: worldToMap failed: mx,my: 417,17, size_x,size_y: 391,399
[planner_server-5] [ERROR] [1788842024.614955491] [planner_server]: worldToMap failed: mx,my: 418,17, size_x,size_y: 391,399
[planner_server-5] [ERROR] [1788842024.614958699] [planner_server]: worldToMap failed: mx,my: 419,17, size_x,size_y: 391,399
[planner_server-5] [ERROR] [1788842024.614961950] [planner_server]: worldToMap failed: mx,my: 420,17, size_x,size_y: 391,399
[planner_server-5] [ERROR] [1788842024.614965200] [planner_server]: worldToMap failed: mx,my: 421,17, size_x,size_y: 391,399
[planner_server-5] [ERROR] [1788842024.614968408] [planner_server]: worldToMap failed: mx,my: 422,17, size_x,size_y: 391,399
[planner_server-5] [ERROR] [1788842024.614979533] [planner_server]: worldToMap failed: mx,my: 423,17, size_x,size_y: 391,399
[planner_server-5] [ERROR] [1788842024.614991033] [planner_server]: worldToMap failed: mx,my: 391,18, size_x,size_y: 391,399
[planner_server-5] [ERROR] [1788842024.615000658] [planner_server]: worldToMap failed: mx,my: 392,18, size_x,size_y: 391,399
[planner_server-5] [ERROR] [1788842024.615004033] [planner_server]: worldToMap failed: mx,my: 393,18, size_x,size_y: 391,399
[planner_server-5] [ERROR] [1788842024.615007283] [planner_server]: worldToMap failed: mx,my: 394,18, size_x,size_y: 391,399
[planner_server-5] [ERROR] [1788842024.615010617] [planner_server]: worldToMap failed: mx,my: 395,18, size_x,size_y: 391,399
[planner_server-5] [ERROR] [1788842024.615013825] [planner_server]: worldToMap failed: mx,my: 396,18, size_x,size_y: 391,399
[planner_server-5] [ERROR] [1788842024.615017117] [planner_server]: worldToMap failed: mx,my: 397,18, size_x,size_y: 391,399
[planner_server-5] [ERROR] [1788842024.615020367] [planner_server]: worldToMap failed: mx,my: 398,18, size_x,size_y: 391,399
[planner_server-5] [ERROR] [1788842024.615023658] [planner_server]: worldToMap failed: mx,my: 399,18, size_x,size_y: 391,399
[planner_server-5] [ERROR] [1788842024.615026825] [planner_server]: worldToMap failed: mx,my: 400,18, size_x,size_y: 391,399
[planner_server-5] [ERROR] [1788842024.615030033] [planner_server]: worldToMap failed: mx,my: 401,18, size_x,size_y: 391,399
[planner_server-5] [ERROR] [1788842024.615033242] [planner_server]: worldToMap failed: mx,my: 402,18, size_x,size_y: 391,399
[planner_server-5] [ERROR] [1788842024.615036450] [planner_server]: worldToMap failed: mx,my: 403,18, size_x,size_y: 391,399
[planner_server-5] [ERROR] [1788842024.615039700] [planner_server]: worldToMap failed: mx,my: 404,18, size_x,size_y: 391,399
[planner_server-5] [ERROR] [1788842024.615042909] [planner_server]: worldToMap failed: mx,my: 405,18, size_x,size_y: 391,399
[planner_server-5] [ERROR] [1788842024.615046159] [planner_server]: worldToMap failed: mx,my: 406,18, size_x,size_y: 391,399
[planner_server-5] [ERROR] [1788842024.615049367] [planner_server]: worldToMap failed: mx,my: 407,18, size_x,size_y: 391,399
[planner_server-5] [ERROR] [1788842024.615052575] [planner_server]: worldToMap failed: mx,my: 408,18, size_x,size_y: 391,399
[planner_server-5] [ERROR] [1788842024.615055784] [planner_server]: worldToMap failed: mx,my: 409,18, size_x,size_y: 391,399
[planner_server-5] [ERROR] [1788842024.615058950] [planner_server]: worldToMap failed: mx,my: 410,18, size_x,size_y: 391,399
[planner_server-5] [ERROR] [1788842024.615062200] [planner_server]: worldToMap failed: mx,my: 411,18, size_x,size_y: 391,399
[planner_server-5] [ERROR] [1788842024.615065492] [planner_server]: worldToMap failed: mx,my: 412,18, size_x,size_y: 391,399
[planner_server-5] [ERROR] [1788842024.615068659] [planner_server]: worldToMap failed: mx,my: 413,18, size_x,size_y: 391,399
[planner_server-5] [ERROR] [1788842024.615072326] [planner_server]: worldToMap failed: mx,my: 414,18, size_x,size_y: 391,399
[planner_server-5] [ERROR] [1788842024.615075534] [planner_server]: worldToMap failed: mx,my: 415,18, size_x,size_y: 391,399
[planner_server-5] [ERROR] [1788842024.615078784] [planner_server]: worldToMap failed: mx,my: 416,18, size_x,size_y: 391,399
[planner_server-5] [ERROR] [1788842024.615081992] [planner_server]: worldToMap failed: mx,my: 417,18, size_x,size_y: 391,399
[planner_server-5] [ERROR] [1788842024.615085242] [planner_server]: worldToMap failed: mx,my: 418,18, size_x,size_y: 391,399
[planner_server-5] [ERROR] [1788842024.615088451] [planner_server]: worldToMap failed: mx,my: 419,18, size_x,size_y: 391,399
[planner_server-5] [ERROR] [1788842024.615091701] [planner_server]: worldToMap failed: mx,my: 420,18, size_x,size_y: 391,399
[planner_server-5] [ERROR] [1788842024.615094867] [planner_server]: worldToMap failed: mx,my: 421,18, size_x,size_y: 391,399
[planner_server-5] [ERROR] [1788842024.615098117] [planner_server]: worldToMap failed: mx,my: 422,18, size_x,size_y: 391,399
[planner_server-5] [ERROR] [1788842024.615101326] [planner_server]: worldToMap failed: mx,my: 423,18, size_x,size_y: 391,399
[planner_server-5] [ERROR] [1788842024.615105034] [planner_server]: worldToMap failed: mx,my: 391,19, size_x,size_y: 391,399
[planner_server-5] [ERROR] [1788842024.615108326] [planner_server]: worldToMap failed: mx,my: 392,19, size_x,size_y: 391,399
[planner_server-5] [ERROR] [1788842024.615111534] [planner_server]: worldToMap failed: mx,my: 393,19, size_x,size_y: 391,399
[planner_server-5] [ERROR] [1788842024.615114826] [planner_server]: worldToMap failed: mx,my: 394,19, size_x,size_y: 391,399
[planner_server-5] [ERROR] [1788842024.615118076] [planner_server]: worldToMap failed: mx,my: 395,19, size_x,size_y: 391,399
[planner_server-5] [ERROR] [1788842024.615121284] [planner_server]: worldToMap failed: mx,my: 396,19, size_x,size_y: 391,399
[planner_server-5] [ERROR] [1788842024.615131201] [planner_server]: worldToMap failed: mx,my: 397,19, size_x,size_y: 391,399
[planner_server-5] [ERROR] [1788842024.615139868] [planner_server]: worldToMap failed: mx,my: 398,19, size_x,size_y: 391,399
[planner_server-5] [ERROR] [1788842024.615143118] [planner_server]: worldToMap failed: mx,my: 399,19, size_x,size_y: 391,399
[planner_server-5] [ERROR] [1788842024.615146368] [planner_server]: worldToMap failed: mx,my: 400,19, size_x,size_y: 391,399
[planner_server-5] [ERROR] [1788842024.615149660] [planner_server]: worldToMap failed: mx,my: 401,19, size_x,size_y: 391,399
[planner_server-5] [ERROR] [1788842024.615152868] [planner_server]: worldToMap failed: mx,my: 402,19, size_x,size_y: 391,399
[planner_server-5] [ERROR] [1788842024.615156035] [planner_server]: worldToMap failed: mx,my: 403,19, size_x,size_y: 391,399
[planner_server-5] [ERROR] [1788842024.615159493] [planner_server]: worldToMap failed: mx,my: 404,19, size_x,size_y: 391,399
[planner_server-5] [ERROR] [1788842024.615162660] [planner_server]: worldToMap failed: mx,my: 405,19, size_x,size_y: 391,399
[planner_server-5] [ERROR] [1788842024.615165910] [planner_server]: worldToMap failed: mx,my: 406,19, size_x,size_y: 391,399
[planner_server-5] [ERROR] [1788842024.615169118] [planner_server]: worldToMap failed: mx,my: 407,19, size_x,size_y: 391,399
[planner_server-5] [ERROR] [1788842024.615172326] [planner_server]: worldToMap failed: mx,my: 408,19, size_x,size_y: 391,399
[planner_server-5] [ERROR] [1788842024.615175576] [planner_server]: worldToMap failed: mx,my: 409,19, size_x,size_y: 391,399
[planner_server-5] [ERROR] [1788842024.615178785] [planner_server]: worldToMap failed: mx,my: 410,19, size_x,size_y: 391,399
[planner_server-5] [ERROR] [1788842024.615181993] [planner_server]: worldToMap failed: mx,my: 411,19, size_x,size_y: 391,399
[planner_server-5] [ERROR] [1788842024.615185160] [planner_server]: worldToMap failed: mx,my: 412,19, size_x,size_y: 391,399
[planner_server-5] [ERROR] [1788842024.615188368] [planner_server]: worldToMap failed: mx,my: 413,19, size_x,size_y: 391,399
[planner_server-5] [ERROR] [1788842024.615191535] [planner_server]: worldToMap failed: mx,my: 414,19, size_x,size_y: 391,399
[planner_server-5] [ERROR] [1788842024.615194660] [planner_server]: worldToMap failed: mx,my: 415,19, size_x,size_y: 391,399
[planner_server-5] [ERROR] [1788842024.615197827] [planner_server]: worldToMap failed: mx,my: 416,19, size_x,size_y: 391,399
[planner_server-5] [ERROR] [1788842024.615201077] [planner_server]: worldToMap failed: mx,my: 417,19, size_x,size_y: 391,399
[planner_server-5] [ERROR] [1788842024.615204202] [planner_server]: worldToMap failed: mx,my: 418,19, size_x,size_y: 391,399
[planner_server-5] [ERROR] [1788842024.615209452] [planner_server]: worldToMap failed: mx,my: 419,19, size_x,size_y: 391,399
[planner_server-5] [ERROR] [1788842024.615212702] [planner_server]: worldToMap failed: mx,my: 420,19, size_x,size_y: 391,399
[planner_server-5] [ERROR] [1788842024.615215993] [planner_server]: worldToMap failed: mx,my: 421,19, size_x,size_y: 391,399
[planner_server-5] [ERROR] [1788842024.615219160] [planner_server]: worldToMap failed: mx,my: 422,19, size_x,size_y: 391,399
[planner_server-5] [ERROR] [1788842024.615222410] [planner_server]: worldToMap failed: mx,my: 423,19, size_x,size_y: 391,399
[planner_server-5] [ERROR] [1788842024.615226202] [planner_server]: worldToMap failed: mx,my: 391,20, size_x,size_y: 391,399
[planner_server-5] [ERROR] [1788842024.615229452] [planner_server]: worldToMap failed: mx,my: 392,20, size_x,size_y: 391,399
[planner_server-5] [ERROR] [1788842024.615232619] [planner_server]: worldToMap failed: mx,my: 393,20, size_x,size_y: 391,399
[planner_server-5] [ERROR] [1788842024.615235952] [planner_server]: worldToMap failed: mx,my: 394,20, size_x,size_y: 391,399
[planner_server-5] [ERROR] [1788842024.615239285] [planner_server]: worldToMap failed: mx,my: 395,20, size_x,size_y: 391,399
[planner_server-5] [ERROR] [1788842024.615242494] [planner_server]: worldToMap failed: mx,my: 396,20, size_x,size_y: 391,399
[planner_server-5] [ERROR] [1788842024.615245785] [planner_server]: worldToMap failed: mx,my: 397,20, size_x,size_y: 391,399
[planner_server-5] [ERROR] [1788842024.615248994] [planner_server]: worldToMap failed: mx,my: 398,20, size_x,size_y: 391,399
[planner_server-5] [ERROR] [1788842024.615252244] [planner_server]: worldToMap failed: mx,my: 399,20, size_x,size_y: 391,399
[planner_server-5] [ERROR] [1788842024.615255535] [planner_server]: worldToMap failed: mx,my: 400,20, size_x,size_y: 391,399
[planner_server-5] [ERROR] [1788842024.615259077] [planner_server]: worldToMap failed: mx,my: 401,20, size_x,size_y: 391,399
[planner_server-5] [ERROR] [1788842024.615262327] [planner_server]: worldToMap failed: mx,my: 402,20, size_x,size_y: 391,399
[planner_server-5] [ERROR] [1788842024.615266952] [planner_server]: worldToMap failed: mx,my: 403,20, size_x,size_y: 391,399
[planner_server-5] [ERROR] [1788842024.615270702] [planner_server]: worldToMap failed: mx,my: 404,20, size_x,size_y: 391,399
[planner_server-5] [ERROR] [1788842024.615273994] [planner_server]: worldToMap failed: mx,my: 405,20, size_x,size_y: 391,399
[planner_server-5] [ERROR] [1788842024.615277161] [planner_server]: worldToMap failed: mx,my: 406,20, size_x,size_y: 391,399
[planner_server-5] [ERROR] [1788842024.615280369] [planner_server]: worldToMap failed: mx,my: 407,20, size_x,size_y: 391,399
[planner_server-5] [ERROR] [1788842024.615283702] [planner_server]: worldToMap failed: mx,my: 408,20, size_x,size_y: 391,399
[planner_server-5] [ERROR] [1788842024.615286911] [planner_server]: worldToMap failed: mx,my: 409,20, size_x,size_y: 391,399
[planner_server-5] [ERROR] [1788842024.615290161] [planner_server]: worldToMap failed: mx,my: 410,20, size_x,size_y: 391,399
[planner_server-5] [ERROR] [1788842024.615293411] [planner_server]: worldToMap failed: mx,my: 411,20, size_x,size_y: 391,399
[planner_server-5] [ERROR] [1788842024.615296577] [planner_server]: worldToMap failed: mx,my: 412,20, size_x,size_y: 391,399
[planner_server-5] [ERROR] [1788842024.615299869] [planner_server]: worldToMap failed: mx,my: 413,20, size_x,size_y: 391,399
[planner_server-5] [ERROR] [1788842024.615303078] [planner_server]: worldToMap failed: mx,my: 414,20, size_x,size_y: 391,399
[planner_server-5] [ERROR] [1788842024.615306328] [planner_server]: worldToMap failed: mx,my: 415,20, size_x,size_y: 391,399
[planner_server-5] [ERROR] [1788842024.615309536] [planner_server]: worldToMap failed: mx,my: 416,20, size_x,size_y: 391,399
[planner_server-5] [ERROR] [1788842024.615312786] [planner_server]: worldToMap failed: mx,my: 417,20, size_x,size_y: 391,399
[planner_server-5] [ERROR] [1788842024.615315994] [planner_server]: worldToMap failed: mx,my: 418,20, size_x,size_y: 391,399
[planner_server-5] [ERROR] [1788842024.615319203] [planner_server]: worldToMap failed: mx,my: 419,20, size_x,size_y: 391,399
[planner_server-5] [ERROR] [1788842024.615322369] [planner_server]: worldToMap failed: mx,my: 420,20, size_x,size_y: 391,399
[planner_server-5] [ERROR] [1788842024.615325619] [planner_server]: worldToMap failed: mx,my: 421,20, size_x,size_y: 391,399
[planner_server-5] [ERROR] [1788842024.615328828] [planner_server]: worldToMap failed: mx,my: 422,20, size_x,size_y: 391,399
[planner_server-5] [ERROR] [1788842024.615331994] [planner_server]: worldToMap failed: mx,my: 423,20, size_x,size_y: 391,399
[planner_server-5] [ERROR] [1788842024.615335745] [planner_server]: worldToMap failed: mx,my: 391,21, size_x,size_y: 391,399
[planner_server-5] [ERROR] [1788842024.615339036] [planner_server]: worldToMap failed: mx,my: 392,21, size_x,size_y: 391,399
[planner_server-5] [ERROR] [1788842024.615342286] [planner_server]: worldToMap failed: mx,my: 393,21, size_x,size_y: 391,399
[planner_server-5] [ERROR] [1788842024.615345495] [planner_server]: worldToMap failed: mx,my: 394,21, size_x,size_y: 391,399
[planner_server-5] [ERROR] [1788842024.615348745] [planner_server]: worldToMap failed: mx,my: 395,21, size_x,size_y: 391,399
[planner_server-5] [ERROR] [1788842024.615351995] [planner_server]: worldToMap failed: mx,my: 396,21, size_x,size_y: 391,399
[planner_server-5] [ERROR] [1788842024.615355203] [planner_server]: worldToMap failed: mx,my: 397,21, size_x,size_y: 391,399
[planner_server-5] [ERROR] [1788842024.615358411] [planner_server]: worldToMap failed: mx,my: 398,21, size_x,size_y: 391,399
[planner_server-5] [ERROR] [1788842024.615361620] [planner_server]: worldToMap failed: mx,my: 399,21, size_x,size_y: 391,399
[planner_server-5] [ERROR] [1788842024.615364828] [planner_server]: worldToMap failed: mx,my: 400,21, size_x,size_y: 391,399
[planner_server-5] [ERROR] [1788842024.615368078] [planner_server]: worldToMap failed: mx,my: 401,21, size_x,size_y: 391,399
[planner_server-5] [ERROR] [1788842024.615371286] [planner_server]: worldToMap failed: mx,my: 402,21, size_x,size_y: 391,399
[planner_server-5] [ERROR] [1788842024.615374495] [planner_server]: worldToMap failed: mx,my: 403,21, size_x,size_y: 391,399
[planner_server-5] [ERROR] [1788842024.615377662] [planner_server]: worldToMap failed: mx,my: 404,21, size_x,size_y: 391,399
[planner_server-5] [ERROR] [1788842024.615380912] [planner_server]: worldToMap failed: mx,my: 405,21, size_x,size_y: 391,399
[planner_server-5] [ERROR] [1788842024.615384287] [planner_server]: worldToMap failed: mx,my: 406,21, size_x,size_y: 391,399
[planner_server-5] [ERROR] [1788842024.615387620] [planner_server]: worldToMap failed: mx,my: 407,21, size_x,size_y: 391,399
[planner_server-5] [ERROR] [1788842024.615394453] [planner_server]: worldToMap failed: mx,my: 408,21, size_x,size_y: 391,399
[planner_server-5] [ERROR] [1788842024.615398412] [planner_server]: worldToMap failed: mx,my: 409,21, size_x,size_y: 391,399
[planner_server-5] [ERROR] [1788842024.615401745] [planner_server]: worldToMap failed: mx,my: 410,21, size_x,size_y: 391,399
[planner_server-5] [ERROR] [1788842024.615405037] [planner_server]: worldToMap failed: mx,my: 411,21, size_x,size_y: 391,399
[planner_server-5] [ERROR] [1788842024.615408370] [planner_server]: worldToMap failed: mx,my: 412,21, size_x,size_y: 391,399
[planner_server-5] [ERROR] [1788842024.615411704] [planner_server]: worldToMap failed: mx,my: 413,21, size_x,size_y: 391,399
[planner_server-5] [ERROR] [1788842024.615414954] [planner_server]: worldToMap failed: mx,my: 414,21, size_x,size_y: 391,399
[planner_server-5] [ERROR] [1788842024.615418120] [planner_server]: worldToMap failed: mx,my: 415,21, size_x,size_y: 391,399
[planner_server-5] [ERROR] [1788842024.615421370] [planner_server]: worldToMap failed: mx,my: 416,21, size_x,size_y: 391,399
[planner_server-5] [ERROR] [1788842024.615424579] [planner_server]: worldToMap failed: mx,my: 417,21, size_x,size_y: 391,399
[planner_server-5] [ERROR] [1788842024.615427787] [planner_server]: worldToMap failed: mx,my: 418,21, size_x,size_y: 391,399
[planner_server-5] [ERROR] [1788842024.615431120] [planner_server]: worldToMap failed: mx,my: 419,21, size_x,size_y: 391,399
[planner_server-5] [ERROR] [1788842024.615434412] [planner_server]: worldToMap failed: mx,my: 420,21, size_x,size_y: 391,399
[planner_server-5] [ERROR] [1788842024.615437620] [planner_server]: worldToMap failed: mx,my: 421,21, size_x,size_y: 391,399
[planner_server-5] [ERROR] [1788842024.615440829] [planner_server]: worldToMap failed: mx,my: 422,21, size_x,size_y: 391,399
[planner_server-5] [ERROR] [1788842024.615444037] [planner_server]: worldToMap failed: mx,my: 423,21, size_x,size_y: 391,399
[planner_server-5] [ERROR] [1788842024.615447787] [planner_server]: worldToMap failed: mx,my: 391,22, size_x,size_y: 391,399
[planner_server-5] [ERROR] [1788842024.615451037] [planner_server]: worldToMap failed: mx,my: 392,22, size_x,size_y: 391,399
[planner_server-5] [ERROR] [1788842024.615454246] [planner_server]: worldToMap failed: mx,my: 393,22, size_x,size_y: 391,399
[planner_server-5] [ERROR] [1788842024.615457496] [planner_server]: worldToMap failed: mx,my: 394,22, size_x,size_y: 391,399
[planner_server-5] [ERROR] [1788842024.615460787] [planner_server]: worldToMap failed: mx,my: 395,22, size_x,size_y: 391,399
[planner_server-5] [ERROR] [1788842024.615464037] [planner_server]: worldToMap failed: mx,my: 396,22, size_x,size_y: 391,399
[planner_server-5] [ERROR] [1788842024.615467287] [planner_server]: worldToMap failed: mx,my: 397,22, size_x,size_y: 391,399
[planner_server-5] [ERROR] [1788842024.615470537] [planner_server]: worldToMap failed: mx,my: 398,22, size_x,size_y: 391,399
[planner_server-5] [ERROR] [1788842024.615473829] [planner_server]: worldToMap failed: mx,my: 399,22, size_x,size_y: 391,399
[planner_server-5] [ERROR] [1788842024.615477079] [planner_server]: worldToMap failed: mx,my: 400,22, size_x,size_y: 391,399
[planner_server-5] [ERROR] [1788842024.615480329] [planner_server]: worldToMap failed: mx,my: 401,22, size_x,size_y: 391,399
[planner_server-5] [ERROR] [1788842024.615483579] [planner_server]: worldToMap failed: mx,my: 402,22, size_x,size_y: 391,399
[planner_server-5] [ERROR] [1788842024.615486829] [planner_server]: worldToMap failed: mx,my: 403,22, size_x,size_y: 391,399
[planner_server-5] [ERROR] [1788842024.615490079] [planner_server]: worldToMap failed: mx,my: 404,22, size_x,size_y: 391,399
[planner_server-5] [ERROR] [1788842024.615493329] [planner_server]: worldToMap failed: mx,my: 405,22, size_x,size_y: 391,399
[planner_server-5] [ERROR] [1788842024.615496538] [planner_server]: worldToMap failed: mx,my: 406,22, size_x,size_y: 391,399
[planner_server-5] [ERROR] [1788842024.615499829] [planner_server]: worldToMap failed: mx,my: 407,22, size_x,size_y: 391,399
[planner_server-5] [ERROR] [1788842024.615503079] [planner_server]: worldToMap failed: mx,my: 408,22, size_x,size_y: 391,399
[planner_server-5] [ERROR] [1788842024.615506371] [planner_server]: worldToMap failed: mx,my: 409,22, size_x,size_y: 391,399
[planner_server-5] [ERROR] [1788842024.615509579] [planner_server]: worldToMap failed: mx,my: 410,22, size_x,size_y: 391,399
[planner_server-5] [ERROR] [1788842024.615512871] [planner_server]: worldToMap failed: mx,my: 411,22, size_x,size_y: 391,399
[planner_server-5] [ERROR] [1788842024.615516121] [planner_server]: worldToMap failed: mx,my: 412,22, size_x,size_y: 391,399
[planner_server-5] [ERROR] [1788842024.615519371] [planner_server]: worldToMap failed: mx,my: 413,22, size_x,size_y: 391,399
[planner_server-5] [ERROR] [1788842024.615523871] [planner_server]: worldToMap failed: mx,my: 414,22, size_x,size_y: 391,399
[planner_server-5] [ERROR] [1788842024.615527705] [planner_server]: worldToMap failed: mx,my: 415,22, size_x,size_y: 391,399
[planner_server-5] [ERROR] [1788842024.615531038] [planner_server]: worldToMap failed: mx,my: 416,22, size_x,size_y: 391,399
[planner_server-5] [ERROR] [1788842024.615534330] [planner_server]: worldToMap failed: mx,my: 417,22, size_x,size_y: 391,399
[planner_server-5] [ERROR] [1788842024.615537621] [planner_server]: worldToMap failed: mx,my: 418,22, size_x,size_y: 391,399
[planner_server-5] [ERROR] [1788842024.615540913] [planner_server]: worldToMap failed: mx,my: 419,22, size_x,size_y: 391,399
[planner_server-5] [ERROR] [1788842024.615544205] [planner_server]: worldToMap failed: mx,my: 420,22, size_x,size_y: 391,399
[planner_server-5] [ERROR] [1788842024.615547455] [planner_server]: worldToMap failed: mx,my: 421,22, size_x,size_y: 391,399
[planner_server-5] [ERROR] [1788842024.615550705] [planner_server]: worldToMap failed: mx,my: 422,22, size_x,size_y: 391,399
[planner_server-5] [ERROR] [1788842024.615553913] [planner_server]: worldToMap failed: mx,my: 423,22, size_x,size_y: 391,399
[planner_server-5] [ERROR] [1788842024.615557746] [planner_server]: worldToMap failed: mx,my: 391,23, size_x,size_y: 391,399
[planner_server-5] [ERROR] [1788842024.615560996] [planner_server]: worldToMap failed: mx,my: 392,23, size_x,size_y: 391,399
[planner_server-5] [ERROR] [1788842024.615564288] [planner_server]: worldToMap failed: mx,my: 393,23, size_x,size_y: 391,399
[planner_server-5] [ERROR] [1788842024.615567622] [planner_server]: worldToMap failed: mx,my: 394,23, size_x,size_y: 391,399
[planner_server-5] [ERROR] [1788842024.615570788] [planner_server]: worldToMap failed: mx,my: 395,23, size_x,size_y: 391,399
[planner_server-5] [ERROR] [1788842024.615574080] [planner_server]: worldToMap failed: mx,my: 396,23, size_x,size_y: 391,399
[planner_server-5] [ERROR] [1788842024.615577372] [planner_server]: worldToMap failed: mx,my: 397,23, size_x,size_y: 391,399
[planner_server-5] [ERROR] [1788842024.615580580] [planner_server]: worldToMap failed: mx,my: 398,23, size_x,size_y: 391,399
[planner_server-5] [ERROR] [1788842024.615583788] [planner_server]: worldToMap failed: mx,my: 399,23, size_x,size_y: 391,399
[planner_server-5] [ERROR] [1788842024.615587080] [planner_server]: worldToMap failed: mx,my: 400,23, size_x,size_y: 391,399
[planner_server-5] [ERROR] [1788842024.615590372] [planner_server]: worldToMap failed: mx,my: 401,23, size_x,size_y: 391,399
[planner_server-5] [ERROR] [1788842024.615593663] [planner_server]: worldToMap failed: mx,my: 402,23, size_x,size_y: 391,399
[planner_server-5] [ERROR] [1788842024.615596913] [planner_server]: worldToMap failed: mx,my: 403,23, size_x,size_y: 391,399
[planner_server-5] [ERROR] [1788842024.615600205] [planner_server]: worldToMap failed: mx,my: 404,23, size_x,size_y: 391,399
[planner_server-5] [ERROR] [1788842024.615603455] [planner_server]: worldToMap failed: mx,my: 405,23, size_x,size_y: 391,399
[planner_server-5] [ERROR] [1788842024.615606622] [planner_server]: worldToMap failed: mx,my: 406,23, size_x,size_y: 391,399
[planner_server-5] [ERROR] [1788842024.615609872] [planner_server]: worldToMap failed: mx,my: 407,23, size_x,size_y: 391,399
[planner_server-5] [ERROR] [1788842024.615613122] [planner_server]: worldToMap failed: mx,my: 408,23, size_x,size_y: 391,399
[planner_server-5] [ERROR] [1788842024.615616330] [planner_server]: worldToMap failed: mx,my: 409,23, size_x,size_y: 391,399
[planner_server-5] [ERROR] [1788842024.615619497] [planner_server]: worldToMap failed: mx,my: 410,23, size_x,size_y: 391,399
[planner_server-5] [ERROR] [1788842024.615622705] [planner_server]: worldToMap failed: mx,my: 411,23, size_x,size_y: 391,399
[planner_server-5] [ERROR] [1788842024.615625914] [planner_server]: worldToMap failed: mx,my: 412,23, size_x,size_y: 391,399
[planner_server-5] [ERROR] [1788842024.615629164] [planner_server]: worldToMap failed: mx,my: 413,23, size_x,size_y: 391,399
[planner_server-5] [ERROR] [1788842024.615632414] [planner_server]: worldToMap failed: mx,my: 414,23, size_x,size_y: 391,399
[planner_server-5] [ERROR] [1788842024.615635622] [planner_server]: worldToMap failed: mx,my: 415,23, size_x,size_y: 391,399
[planner_server-5] [ERROR] [1788842024.615638872] [planner_server]: worldToMap failed: mx,my: 416,23, size_x,size_y: 391,399
[planner_server-5] [ERROR] [1788842024.615642122] [planner_server]: worldToMap failed: mx,my: 417,23, size_x,size_y: 391,399
[planner_server-5] [ERROR] [1788842024.615645372] [planner_server]: worldToMap failed: mx,my: 418,23, size_x,size_y: 391,399
[planner_server-5] [ERROR] [1788842024.615648622] [planner_server]: worldToMap failed: mx,my: 419,23, size_x,size_y: 391,399
[planner_server-5] [ERROR] [1788842024.615653247] [planner_server]: worldToMap failed: mx,my: 420,23, size_x,size_y: 391,399
[planner_server-5] [ERROR] [1788842024.615656956] [planner_server]: worldToMap failed: mx,my: 421,23, size_x,size_y: 391,399
[planner_server-5] [ERROR] [1788842024.615660247] [planner_server]: worldToMap failed: mx,my: 422,23, size_x,size_y: 391,399
[planner_server-5] [ERROR] [1788842024.615663456] [planner_server]: worldToMap failed: mx,my: 423,23, size_x,size_y: 391,399
[planner_server-5] [ERROR] [1788842024.615667289] [planner_server]: worldToMap failed: mx,my: 391,24, size_x,size_y: 391,399
[planner_server-5] [ERROR] [1788842024.615670456] [planner_server]: worldToMap failed: mx,my: 392,24, size_x,size_y: 391,399
[planner_server-5] [ERROR] [1788842024.615673664] [planner_server]: worldToMap failed: mx,my: 393,24, size_x,size_y: 391,399
[planner_server-5] [ERROR] [1788842024.615676956] [planner_server]: worldToMap failed: mx,my: 394,24, size_x,size_y: 391,399
[planner_server-5] [ERROR] [1788842024.615680248] [planner_server]: worldToMap failed: mx,my: 395,24, size_x,size_y: 391,399
[planner_server-5] [ERROR] [1788842024.615683956] [planner_server]: worldToMap failed: mx,my: 396,24, size_x,size_y: 391,399
[planner_server-5] [ERROR] [1788842024.615687164] [planner_server]: worldToMap failed: mx,my: 397,24, size_x,size_y: 391,399
[planner_server-5] [ERROR] [1788842024.615690456] [planner_server]: worldToMap failed: mx,my: 398,24, size_x,size_y: 391,399
[planner_server-5] [ERROR] [1788842024.615693789] [planner_server]: worldToMap failed: mx,my: 399,24, size_x,size_y: 391,399
[planner_server-5] [ERROR] [1788842024.615697039] [planner_server]: worldToMap failed: mx,my: 400,24, size_x,size_y: 391,399
[planner_server-5] [ERROR] [1788842024.615700248] [planner_server]: worldToMap failed: mx,my: 401,24, size_x,size_y: 391,399
[planner_server-5] [ERROR] [1788842024.615703498] [planner_server]: worldToMap failed: mx,my: 402,24, size_x,size_y: 391,399
[planner_server-5] [ERROR] [1788842024.615706748] [planner_server]: worldToMap failed: mx,my: 403,24, size_x,size_y: 391,399
[planner_server-5] [ERROR] [1788842024.615710039] [planner_server]: worldToMap failed: mx,my: 404,24, size_x,size_y: 391,399
[planner_server-5] [ERROR] [1788842024.615713248] [planner_server]: worldToMap failed: mx,my: 405,24, size_x,size_y: 391,399
[planner_server-5] [ERROR] [1788842024.615716456] [planner_server]: worldToMap failed: mx,my: 406,24, size_x,size_y: 391,399
[planner_server-5] [ERROR] [1788842024.615719665] [planner_server]: worldToMap failed: mx,my: 407,24, size_x,size_y: 391,399
[planner_server-5] [ERROR] [1788842024.615722873] [planner_server]: worldToMap failed: mx,my: 408,24, size_x,size_y: 391,399
[planner_server-5] [ERROR] [1788842024.615726123] [planner_server]: worldToMap failed: mx,my: 409,24, size_x,size_y: 391,399
[planner_server-5] [ERROR] [1788842024.615729290] [planner_server]: worldToMap failed: mx,my: 410,24, size_x,size_y: 391,399
[planner_server-5] [ERROR] [1788842024.615732581] [planner_server]: worldToMap failed: mx,my: 411,24, size_x,size_y: 391,399
[planner_server-5] [ERROR] [1788842024.615735831] [planner_server]: worldToMap failed: mx,my: 412,24, size_x,size_y: 391,399
[planner_server-5] [ERROR] [1788842024.615739040] [planner_server]: worldToMap failed: mx,my: 413,24, size_x,size_y: 391,399
[planner_server-5] [ERROR] [1788842024.615742290] [planner_server]: worldToMap failed: mx,my: 414,24, size_x,size_y: 391,399
[planner_server-5] [ERROR] [1788842024.615745623] [planner_server]: worldToMap failed: mx,my: 415,24, size_x,size_y: 391,399
[planner_server-5] [ERROR] [1788842024.615748873] [planner_server]: worldToMap failed: mx,my: 416,24, size_x,size_y: 391,399
[planner_server-5] [ERROR] [1788842024.615752123] [planner_server]: worldToMap failed: mx,my: 417,24, size_x,size_y: 391,399
[planner_server-5] [ERROR] [1788842024.615755540] [planner_server]: worldToMap failed: mx,my: 418,24, size_x,size_y: 391,399
[planner_server-5] [ERROR] [1788842024.615758748] [planner_server]: worldToMap failed: mx,my: 419,24, size_x,size_y: 391,399
[planner_server-5] [ERROR] [1788842024.615761957] [planner_server]: worldToMap failed: mx,my: 420,24, size_x,size_y: 391,399
[planner_server-5] [ERROR] [1788842024.615765165] [planner_server]: worldToMap failed: mx,my: 421,24, size_x,size_y: 391,399
[planner_server-5] [ERROR] [1788842024.615768373] [planner_server]: worldToMap failed: mx,my: 422,24, size_x,size_y: 391,399
[planner_server-5] [ERROR] [1788842024.615771582] [planner_server]: worldToMap failed: mx,my: 423,24, size_x,size_y: 391,399
[planner_server-5] [ERROR] [1788842024.615775290] [planner_server]: worldToMap failed: mx,my: 391,25, size_x,size_y: 391,399
[planner_server-5] [ERROR] [1788842024.615788332] [planner_server]: worldToMap failed: mx,my: 392,25, size_x,size_y: 391,399
[planner_server-5] [ERROR] [1788842024.615797415] [planner_server]: worldToMap failed: mx,my: 393,25, size_x,size_y: 391,399
[planner_server-5] [ERROR] [1788842024.615800915] [planner_server]: worldToMap failed: mx,my: 394,25, size_x,size_y: 391,399
[planner_server-5] [ERROR] [1788842024.615804249] [planner_server]: worldToMap failed: mx,my: 395,25, size_x,size_y: 391,399
[planner_server-5] [ERROR] [1788842024.615807499] [planner_server]: worldToMap failed: mx,my: 396,25, size_x,size_y: 391,399
[planner_server-5] [ERROR] [1788842024.615810749] [planner_server]: worldToMap failed: mx,my: 397,25, size_x,size_y: 391,399
[planner_server-5] [ERROR] [1788842024.615814040] [planner_server]: worldToMap failed: mx,my: 398,25, size_x,size_y: 391,399
[planner_server-5] [ERROR] [1788842024.615817290] [planner_server]: worldToMap failed: mx,my: 399,25, size_x,size_y: 391,399
[planner_server-5] [ERROR] [1788842024.615820499] [planner_server]: worldToMap failed: mx,my: 400,25, size_x,size_y: 391,399
[planner_server-5] [ERROR] [1788842024.615833082] [planner_server]: worldToMap failed: mx,my: 401,25, size_x,size_y: 391,399
[planner_server-5] [ERROR] [1788842024.615836582] [planner_server]: worldToMap failed: mx,my: 402,25, size_x,size_y: 391,399
[planner_server-5] [ERROR] [1788842024.615839874] [planner_server]: worldToMap failed: mx,my: 403,25, size_x,size_y: 391,399
[planner_server-5] [ERROR] [1788842024.615843166] [planner_server]: worldToMap failed: mx,my: 404,25, size_x,size_y: 391,399
[planner_server-5] [ERROR] [1788842024.615846374] [planner_server]: worldToMap failed: mx,my: 405,25, size_x,size_y: 391,399
[planner_server-5] [ERROR] [1788842024.615849666] [planner_server]: worldToMap failed: mx,my: 406,25, size_x,size_y: 391,399
[planner_server-5] [ERROR] [1788842024.615852916] [planner_server]: worldToMap failed: mx,my: 407,25, size_x,size_y: 391,399
[planner_server-5] [ERROR] [1788842024.615856082] [planner_server]: worldToMap failed: mx,my: 408,25, size_x,size_y: 391,399
[planner_server-5] [ERROR] [1788842024.615859332] [planner_server]: worldToMap failed: mx,my: 409,25, size_x,size_y: 391,399
[planner_server-5] [ERROR] [1788842024.615862666] [planner_server]: worldToMap failed: mx,my: 410,25, size_x,size_y: 391,399
[planner_server-5] [ERROR] [1788842024.615865958] [planner_server]: worldToMap failed: mx,my: 411,25, size_x,size_y: 391,399
[planner_server-5] [ERROR] [1788842024.615869249] [planner_server]: worldToMap failed: mx,my: 412,25, size_x,size_y: 391,399
[planner_server-5] [ERROR] [1788842024.615872499] [planner_server]: worldToMap failed: mx,my: 413,25, size_x,size_y: 391,399
[planner_server-5] [ERROR] [1788842024.615875749] [planner_server]: worldToMap failed: mx,my: 414,25, size_x,size_y: 391,399
[planner_server-5] [ERROR] [1788842024.615878958] [planner_server]: worldToMap failed: mx,my: 415,25, size_x,size_y: 391,399
[planner_server-5] [ERROR] [1788842024.615882208] [planner_server]: worldToMap failed: mx,my: 416,25, size_x,size_y: 391,399
[planner_server-5] [ERROR] [1788842024.615885458] [planner_server]: worldToMap failed: mx,my: 417,25, size_x,size_y: 391,399
[planner_server-5] [ERROR] [1788842024.615888708] [planner_server]: worldToMap failed: mx,my: 418,25, size_x,size_y: 391,399
[planner_server-5] [ERROR] [1788842024.615891916] [planner_server]: worldToMap failed: mx,my: 419,25, size_x,size_y: 391,399
[planner_server-5] [ERROR] [1788842024.615895208] [planner_server]: worldToMap failed: mx,my: 420,25, size_x,size_y: 391,399
[planner_server-5] [ERROR] [1788842024.615898458] [planner_server]: worldToMap failed: mx,my: 421,25, size_x,size_y: 391,399
[planner_server-5] [ERROR] [1788842024.615901708] [planner_server]: worldToMap failed: mx,my: 422,25, size_x,size_y: 391,399
[planner_server-5] [ERROR] [1788842024.615904916] [planner_server]: worldToMap failed: mx,my: 423,25, size_x,size_y: 391,399
[planner_server-5] [ERROR] [1788842024.615908833] [planner_server]: worldToMap failed: mx,my: 391,26, size_x,size_y: 391,399
[planner_server-5] [ERROR] [1788842024.615912083] [planner_server]: worldToMap failed: mx,my: 392,26, size_x,size_y: 391,399
[planner_server-5] [ERROR] [1788842024.615915333] [planner_server]: worldToMap failed: mx,my: 393,26, size_x,size_y: 391,399
[planner_server-5] [ERROR] [1788842024.615918541] [planner_server]: worldToMap failed: mx,my: 394,26, size_x,size_y: 391,399
[planner_server-5] [ERROR] [1788842024.615921791] [planner_server]: worldToMap failed: mx,my: 395,26, size_x,size_y: 391,399
[planner_server-5] [ERROR] [1788842024.615925000] [planner_server]: worldToMap failed: mx,my: 396,26, size_x,size_y: 391,399
[planner_server-5] [ERROR] [1788842024.615928250] [planner_server]: worldToMap failed: mx,my: 397,26, size_x,size_y: 391,399
[planner_server-5] [ERROR] [1788842024.615946583] [planner_server]: worldToMap failed: mx,my: 398,26, size_x,size_y: 391,399
[planner_server-5] [ERROR] [1788842024.615951375] [planner_server]: worldToMap failed: mx,my: 399,26, size_x,size_y: 391,399
[planner_server-5] [ERROR] [1788842024.615954750] [planner_server]: worldToMap failed: mx,my: 400,26, size_x,size_y: 391,399
[planner_server-5] [ERROR] [1788842024.615958000] [planner_server]: worldToMap failed: mx,my: 401,26, size_x,size_y: 391,399
[planner_server-5] [ERROR] [1788842024.615961250] [planner_server]: worldToMap failed: mx,my: 402,26, size_x,size_y: 391,399
[planner_server-5] [ERROR] [1788842024.615964500] [planner_server]: worldToMap failed: mx,my: 403,26, size_x,size_y: 391,399
[planner_server-5] [ERROR] [1788842024.615967750] [planner_server]: worldToMap failed: mx,my: 404,26, size_x,size_y: 391,399
[planner_server-5] [ERROR] [1788842024.615970958] [planner_server]: worldToMap failed: mx,my: 405,26, size_x,size_y: 391,399
[planner_server-5] [ERROR] [1788842024.615985042] [planner_server]: worldToMap failed: mx,my: 406,26, size_x,size_y: 391,399
[planner_server-5] [ERROR] [1788842024.615988417] [planner_server]: worldToMap failed: mx,my: 407,26, size_x,size_y: 391,399
[planner_server-5] [ERROR] [1788842024.615991625] [planner_server]: worldToMap failed: mx,my: 408,26, size_x,size_y: 391,399
[planner_server-5] [ERROR] [1788842024.615994875] [planner_server]: worldToMap failed: mx,my: 409,26, size_x,size_y: 391,399
[planner_server-5] [ERROR] [1788842024.615998042] [planner_server]: worldToMap failed: mx,my: 410,26, size_x,size_y: 391,399
[planner_server-5] [ERROR] [1788842024.616001209] [planner_server]: worldToMap failed: mx,my: 411,26, size_x,size_y: 391,399
[planner_server-5] [ERROR] [1788842024.616004459] [planner_server]: worldToMap failed: mx,my: 412,26, size_x,size_y: 391,399
[planner_server-5] [ERROR] [1788842024.616007625] [planner_server]: worldToMap failed: mx,my: 413,26, size_x,size_y: 391,399
[planner_server-5] [ERROR] [1788842024.616010834] [planner_server]: worldToMap failed: mx,my: 414,26, size_x,size_y: 391,399
[planner_server-5] [ERROR] [1788842024.616014042] [planner_server]: worldToMap failed: mx,my: 415,26, size_x,size_y: 391,399
[planner_server-5] [ERROR] [1788842024.616017167] [planner_server]: worldToMap failed: mx,my: 416,26, size_x,size_y: 391,399
[planner_server-5] [ERROR] [1788842024.616020334] [planner_server]: worldToMap failed: mx,my: 417,26, size_x,size_y: 391,399
[planner_server-5] [ERROR] [1788842024.616023542] [planner_server]: worldToMap failed: mx,my: 418,26, size_x,size_y: 391,399
[planner_server-5] [ERROR] [1788842024.616026751] [planner_server]: worldToMap failed: mx,my: 419,26, size_x,size_y: 391,399
[planner_server-5] [ERROR] [1788842024.616029959] [planner_server]: worldToMap failed: mx,my: 420,26, size_x,size_y: 391,399
[planner_server-5] [ERROR] [1788842024.616033126] [planner_server]: worldToMap failed: mx,my: 421,26, size_x,size_y: 391,399
[planner_server-5] [ERROR] [1788842024.616036292] [planner_server]: worldToMap failed: mx,my: 422,26, size_x,size_y: 391,399
[planner_server-5] [ERROR] [1788842024.616039459] [planner_server]: worldToMap failed: mx,my: 423,26, size_x,size_y: 391,399
[planner_server-5] [ERROR] [1788842024.616043167] [planner_server]: worldToMap failed: mx,my: 391,27, size_x,size_y: 391,399
[planner_server-5] [ERROR] [1788842024.616046334] [planner_server]: worldToMap failed: mx,my: 392,27, size_x,size_y: 391,399
[planner_server-5] [ERROR] [1788842024.616049542] [planner_server]: worldToMap failed: mx,my: 393,27, size_x,size_y: 391,399
[planner_server-5] [ERROR] [1788842024.616052626] [planner_server]: worldToMap failed: mx,my: 394,27, size_x,size_y: 391,399
[planner_server-5] [ERROR] [1788842024.616055834] [planner_server]: worldToMap failed: mx,my: 395,27, size_x,size_y: 391,399
[planner_server-5] [ERROR] [1788842024.616059043] [planner_server]: worldToMap failed: mx,my: 396,27, size_x,size_y: 391,399
[planner_server-5] [ERROR] [1788842024.616062168] [planner_server]: worldToMap failed: mx,my: 397,27, size_x,size_y: 391,399
[planner_server-5] [ERROR] [1788842024.616065293] [planner_server]: worldToMap failed: mx,my: 398,27, size_x,size_y: 391,399
[planner_server-5] [ERROR] [1788842024.616068459] [planner_server]: worldToMap failed: mx,my: 399,27, size_x,size_y: 391,399
[planner_server-5] [ERROR] [1788842024.616071626] [planner_server]: worldToMap failed: mx,my: 400,27, size_x,size_y: 391,399
[planner_server-5] [ERROR] [1788842024.616074793] [planner_server]: worldToMap failed: mx,my: 401,27, size_x,size_y: 391,399
[planner_server-5] [ERROR] [1788842024.616078001] [planner_server]: worldToMap failed: mx,my: 402,27, size_x,size_y: 391,399
[planner_server-5] [ERROR] [1788842024.616081126] [planner_server]: worldToMap failed: mx,my: 403,27, size_x,size_y: 391,399
[planner_server-5] [ERROR] [1788842024.616085459] [planner_server]: worldToMap failed: mx,my: 404,27, size_x,size_y: 391,399
[planner_server-5] [ERROR] [1788842024.616089210] [planner_server]: worldToMap failed: mx,my: 405,27, size_x,size_y: 391,399
[planner_server-5] [ERROR] [1788842024.616092501] [planner_server]: worldToMap failed: mx,my: 406,27, size_x,size_y: 391,399
[planner_server-5] [ERROR] [1788842024.616095710] [planner_server]: worldToMap failed: mx,my: 407,27, size_x,size_y: 391,399
[planner_server-5] [ERROR] [1788842024.616098876] [planner_server]: worldToMap failed: mx,my: 408,27, size_x,size_y: 391,399
[planner_server-5] [ERROR] [1788842024.616102168] [planner_server]: worldToMap failed: mx,my: 409,27, size_x,size_y: 391,399
[planner_server-5] [ERROR] [1788842024.616105418] [planner_server]: worldToMap failed: mx,my: 410,27, size_x,size_y: 391,399
[planner_server-5] [ERROR] [1788842024.616109043] [planner_server]: worldToMap failed: mx,my: 411,27, size_x,size_y: 391,399
[planner_server-5] [ERROR] [1788842024.616112335] [planner_server]: worldToMap failed: mx,my: 412,27, size_x,size_y: 391,399
[planner_server-5] [ERROR] [1788842024.616115751] [planner_server]: worldToMap failed: mx,my: 413,27, size_x,size_y: 391,399
[planner_server-5] [ERROR] [1788842024.616119543] [planner_server]: worldToMap failed: mx,my: 414,27, size_x,size_y: 391,399
[planner_server-5] [ERROR] [1788842024.616122793] [planner_server]: worldToMap failed: mx,my: 415,27, size_x,size_y: 391,399
[planner_server-5] [ERROR] [1788842024.616126252] [planner_server]: worldToMap failed: mx,my: 416,27, size_x,size_y: 391,399
[planner_server-5] [ERROR] [1788842024.616129543] [planner_server]: worldToMap failed: mx,my: 417,27, size_x,size_y: 391,399
[planner_server-5] [ERROR] [1788842024.616132835] [planner_server]: worldToMap failed: mx,my: 418,27, size_x,size_y: 391,399
[planner_server-5] [ERROR] [1788842024.616136002] [planner_server]: worldToMap failed: mx,my: 419,27, size_x,size_y: 391,399
[planner_server-5] [ERROR] [1788842024.616139210] [planner_server]: worldToMap failed: mx,my: 420,27, size_x,size_y: 391,399
[planner_server-5] [ERROR] [1788842024.616142960] [planner_server]: worldToMap failed: mx,my: 421,27, size_x,size_y: 391,399
[planner_server-5] [ERROR] [1788842024.616146877] [planner_server]: worldToMap failed: mx,my: 422,27, size_x,size_y: 391,399
[planner_server-5] [ERROR] [1788842024.616150877] [planner_server]: worldToMap failed: mx,my: 423,27, size_x,size_y: 391,399
[planner_server-5] [ERROR] [1788842024.616155377] [planner_server]: worldToMap failed: mx,my: 391,28, size_x,size_y: 391,399
[planner_server-5] [ERROR] [1788842024.616158877] [planner_server]: worldToMap failed: mx,my: 392,28, size_x,size_y: 391,399
[planner_server-5] [ERROR] [1788842024.616162418] [planner_server]: worldToMap failed: mx,my: 393,28, size_x,size_y: 391,399
[planner_server-5] [ERROR] [1788842024.616166210] [planner_server]: worldToMap failed: mx,my: 394,28, size_x,size_y: 391,399
[planner_server-5] [ERROR] [1788842024.616169627] [planner_server]: worldToMap failed: mx,my: 395,28, size_x,size_y: 391,399
[planner_server-5] [ERROR] [1788842024.616173127] [planner_server]: worldToMap failed: mx,my: 396,28, size_x,size_y: 391,399
[planner_server-5] [ERROR] [1788842024.616176502] [planner_server]: worldToMap failed: mx,my: 397,28, size_x,size_y: 391,399
[planner_server-5] [ERROR] [1788842024.616180085] [planner_server]: worldToMap failed: mx,my: 398,28, size_x,size_y: 391,399
[planner_server-5] [ERROR] [1788842024.616183919] [planner_server]: worldToMap failed: mx,my: 399,28, size_x,size_y: 391,399
[planner_server-5] [ERROR] [1788842024.616187960] [planner_server]: worldToMap failed: mx,my: 400,28, size_x,size_y: 391,399
[planner_server-5] [ERROR] [1788842024.616192085] [planner_server]: worldToMap failed: mx,my: 401,28, size_x,size_y: 391,399
[planner_server-5] [ERROR] [1788842024.616195585] [planner_server]: worldToMap failed: mx,my: 402,28, size_x,size_y: 391,399
[planner_server-5] [ERROR] [1788842024.616198835] [planner_server]: worldToMap failed: mx,my: 403,28, size_x,size_y: 391,399
[planner_server-5] [ERROR] [1788842024.616202086] [planner_server]: worldToMap failed: mx,my: 404,28, size_x,size_y: 391,399
[planner_server-5] [ERROR] [1788842024.616205252] [planner_server]: worldToMap failed: mx,my: 405,28, size_x,size_y: 391,399
[planner_server-5] [ERROR] [1788842024.616208461] [planner_server]: worldToMap failed: mx,my: 406,28, size_x,size_y: 391,399
[planner_server-5] [ERROR] [1788842024.616211711] [planner_server]: worldToMap failed: mx,my: 407,28, size_x,size_y: 391,399
[planner_server-5] [ERROR] [1788842024.616214877] [planner_server]: worldToMap failed: mx,my: 408,28, size_x,size_y: 391,399
[planner_server-5] [ERROR] [1788842024.616219169] [planner_server]: worldToMap failed: mx,my: 409,28, size_x,size_y: 391,399
[planner_server-5] [ERROR] [1788842024.616222919] [planner_server]: worldToMap failed: mx,my: 410,28, size_x,size_y: 391,399
[planner_server-5] [ERROR] [1788842024.616226211] [planner_server]: worldToMap failed: mx,my: 411,28, size_x,size_y: 391,399
[planner_server-5] [ERROR] [1788842024.616229419] [planner_server]: worldToMap failed: mx,my: 412,28, size_x,size_y: 391,399
[planner_server-5] [ERROR] [1788842024.616232586] [planner_server]: worldToMap failed: mx,my: 413,28, size_x,size_y: 391,399
[planner_server-5] [ERROR] [1788842024.616235752] [planner_server]: worldToMap failed: mx,my: 414,28, size_x,size_y: 391,399
[planner_server-5] [ERROR] [1788842024.616238919] [planner_server]: worldToMap failed: mx,my: 415,28, size_x,size_y: 391,399
[planner_server-5] [ERROR] [1788842024.616243044] [planner_server]: worldToMap failed: mx,my: 416,28, size_x,size_y: 391,399
[planner_server-5] [ERROR] [1788842024.616247044] [planner_server]: worldToMap failed: mx,my: 417,28, size_x,size_y: 391,399
[planner_server-5] [ERROR] [1788842024.616251128] [planner_server]: worldToMap failed: mx,my: 418,28, size_x,size_y: 391,399
[planner_server-5] [ERROR] [1788842024.616254586] [planner_server]: worldToMap failed: mx,my: 419,28, size_x,size_y: 391,399
[planner_server-5] [ERROR] [1788842024.616258378] [planner_server]: worldToMap failed: mx,my: 420,28, size_x,size_y: 391,399
[planner_server-5] [ERROR] [1788842024.616262169] [planner_server]: worldToMap failed: mx,my: 421,28, size_x,size_y: 391,399
[planner_server-5] [ERROR] [1788842024.616265669] [planner_server]: worldToMap failed: mx,my: 422,28, size_x,size_y: 391,399
[planner_server-5] [ERROR] [1788842024.616269461] [planner_server]: worldToMap failed: mx,my: 423,28, size_x,size_y: 391,399
[planner_server-5] [ERROR] [1788842024.616273961] [planner_server]: worldToMap failed: mx,my: 391,29, size_x,size_y: 391,399
[planner_server-5] [ERROR] [1788842024.616277753] [planner_server]: worldToMap failed: mx,my: 392,29, size_x,size_y: 391,399
[planner_server-5] [ERROR] [1788842024.616281836] [planner_server]: worldToMap failed: mx,my: 393,29, size_x,size_y: 391,399
[planner_server-5] [ERROR] [1788842024.616285253] [planner_server]: worldToMap failed: mx,my: 394,29, size_x,size_y: 391,399
[planner_server-5] [ERROR] [1788842024.616288378] [planner_server]: worldToMap failed: mx,my: 395,29, size_x,size_y: 391,399
[planner_server-5] [ERROR] [1788842024.616291711] [planner_server]: worldToMap failed: mx,my: 396,29, size_x,size_y: 391,399
[planner_server-5] [ERROR] [1788842024.616295128] [planner_server]: worldToMap failed: mx,my: 397,29, size_x,size_y: 391,399
[planner_server-5] [ERROR] [1788842024.616298545] [planner_server]: worldToMap failed: mx,my: 398,29, size_x,size_y: 391,399
[planner_server-5] [ERROR] [1788842024.616301878] [planner_server]: worldToMap failed: mx,my: 399,29, size_x,size_y: 391,399
[planner_server-5] [ERROR] [1788842024.616305003] [planner_server]: worldToMap failed: mx,my: 400,29, size_x,size_y: 391,399
[planner_server-5] [ERROR] [1788842024.616308170] [planner_server]: worldToMap failed: mx,my: 401,29, size_x,size_y: 391,399
[planner_server-5] [ERROR] [1788842024.616311336] [planner_server]: worldToMap failed: mx,my: 402,29, size_x,size_y: 391,399
[planner_server-5] [ERROR] [1788842024.616314503] [planner_server]: worldToMap failed: mx,my: 403,29, size_x,size_y: 391,399
[planner_server-5] [ERROR] [1788842024.616317628] [planner_server]: worldToMap failed: mx,my: 404,29, size_x,size_y: 391,399
[planner_server-5] [ERROR] [1788842024.616320795] [planner_server]: worldToMap failed: mx,my: 405,29, size_x,size_y: 391,399
[planner_server-5] [ERROR] [1788842024.616323962] [planner_server]: worldToMap failed: mx,my: 406,29, size_x,size_y: 391,399
[planner_server-5] [ERROR] [1788842024.616327253] [planner_server]: worldToMap failed: mx,my: 407,29, size_x,size_y: 391,399
[planner_server-5] [ERROR] [1788842024.616331087] [planner_server]: worldToMap failed: mx,my: 408,29, size_x,size_y: 391,399
[planner_server-5] [ERROR] [1788842024.616334837] [planner_server]: worldToMap failed: mx,my: 409,29, size_x,size_y: 391,399
[planner_server-5] [ERROR] [1788842024.616339503] [planner_server]: worldToMap failed: mx,my: 410,29, size_x,size_y: 391,399
[planner_server-5] [ERROR] [1788842024.616343170] [planner_server]: worldToMap failed: mx,my: 411,29, size_x,size_y: 391,399
[planner_server-5] [ERROR] [1788842024.616346753] [planner_server]: worldToMap failed: mx,my: 412,29, size_x,size_y: 391,399
[planner_server-5] [ERROR] [1788842024.616350628] [planner_server]: worldToMap failed: mx,my: 413,29, size_x,size_y: 391,399
[planner_server-5] [ERROR] [1788842024.616354295] [planner_server]: worldToMap failed: mx,my: 414,29, size_x,size_y: 391,399
[planner_server-5] [ERROR] [1788842024.616365420] [planner_server]: worldToMap failed: mx,my: 415,29, size_x,size_y: 391,399
[planner_server-5] [ERROR] [1788842024.616375212] [planner_server]: worldToMap failed: mx,my: 416,29, size_x,size_y: 391,399
[planner_server-5] [ERROR] [1788842024.616378629] [planner_server]: worldToMap failed: mx,my: 417,29, size_x,size_y: 391,399
[planner_server-5] [ERROR] [1788842024.616381962] [planner_server]: worldToMap failed: mx,my: 418,29, size_x,size_y: 391,399
[planner_server-5] [ERROR] [1788842024.616385212] [planner_server]: worldToMap failed: mx,my: 419,29, size_x,size_y: 391,399
[planner_server-5] [ERROR] [1788842024.616388379] [planner_server]: worldToMap failed: mx,my: 420,29, size_x,size_y: 391,399
[planner_server-5] [ERROR] [1788842024.616391796] [planner_server]: worldToMap failed: mx,my: 421,29, size_x,size_y: 391,399
[planner_server-5] [ERROR] [1788842024.616395004] [planner_server]: worldToMap failed: mx,my: 422,29, size_x,size_y: 391,399
[planner_server-5] [ERROR] [1788842024.616398171] [planner_server]: worldToMap failed: mx,my: 423,29, size_x,size_y: 391,399
[planner_server-5] [ERROR] [1788842024.616401962] [planner_server]: worldToMap failed: mx,my: 391,30, size_x,size_y: 391,399
[planner_server-5] [ERROR] [1788842024.616405171] [planner_server]: worldToMap failed: mx,my: 392,30, size_x,size_y: 391,399
[planner_server-5] [ERROR] [1788842024.616408379] [planner_server]: worldToMap failed: mx,my: 393,30, size_x,size_y: 391,399
[planner_server-5] [ERROR] [1788842024.616411587] [planner_server]: worldToMap failed: mx,my: 394,30, size_x,size_y: 391,399
[planner_server-5] [ERROR] [1788842024.616415546] [planner_server]: worldToMap failed: mx,my: 395,30, size_x,size_y: 391,399
[planner_server-5] [ERROR] [1788842024.616419462] [planner_server]: worldToMap failed: mx,my: 396,30, size_x,size_y: 391,399
[planner_server-5] [ERROR] [1788842024.616423171] [planner_server]: worldToMap failed: mx,my: 397,30, size_x,size_y: 391,399
[planner_server-5] [ERROR] [1788842024.616426963] [planner_server]: worldToMap failed: mx,my: 398,30, size_x,size_y: 391,399
[planner_server-5] [ERROR] [1788842024.616431129] [planner_server]: worldToMap failed: mx,my: 399,30, size_x,size_y: 391,399
[planner_server-5] [ERROR] [1788842024.616434629] [planner_server]: worldToMap failed: mx,my: 400,30, size_x,size_y: 391,399
[planner_server-5] [ERROR] [1788842024.616438088] [planner_server]: worldToMap failed: mx,my: 401,30, size_x,size_y: 391,399
[planner_server-5] [ERROR] [1788842024.616441838] [planner_server]: worldToMap failed: mx,my: 402,30, size_x,size_y: 391,399
[planner_server-5] [ERROR] [1788842024.616445838] [planner_server]: worldToMap failed: mx,my: 403,30, size_x,size_y: 391,399
[planner_server-5] [ERROR] [1788842024.616449629] [planner_server]: worldToMap failed: mx,my: 404,30, size_x,size_y: 391,399
[planner_server-5] [ERROR] [1788842024.616453129] [planner_server]: worldToMap failed: mx,my: 405,30, size_x,size_y: 391,399
[planner_server-5] [ERROR] [1788842024.616461254] [planner_server]: worldToMap failed: mx,my: 406,30, size_x,size_y: 391,399
[planner_server-5] [ERROR] [1788842024.616466838] [planner_server]: worldToMap failed: mx,my: 407,30, size_x,size_y: 391,399
[planner_server-5] [ERROR] [1788842024.616470338] [planner_server]: worldToMap failed: mx,my: 408,30, size_x,size_y: 391,399
[planner_server-5] [ERROR] [1788842024.616473630] [planner_server]: worldToMap failed: mx,my: 409,30, size_x,size_y: 391,399
[planner_server-5] [ERROR] [1788842024.616476755] [planner_server]: worldToMap failed: mx,my: 410,30, size_x,size_y: 391,399
[planner_server-5] [ERROR] [1788842024.616480005] [planner_server]: worldToMap failed: mx,my: 411,30, size_x,size_y: 391,399
[planner_server-5] [ERROR] [1788842024.616483213] [planner_server]: worldToMap failed: mx,my: 412,30, size_x,size_y: 391,399
[planner_server-5] [ERROR] [1788842024.616486463] [planner_server]: worldToMap failed: mx,my: 413,30, size_x,size_y: 391,399
[planner_server-5] [ERROR] [1788842024.616489755] [planner_server]: worldToMap failed: mx,my: 414,30, size_x,size_y: 391,399
[planner_server-5] [ERROR] [1788842024.616492880] [planner_server]: worldToMap failed: mx,my: 415,30, size_x,size_y: 391,399
[planner_server-5] [ERROR] [1788842024.616496046] [planner_server]: worldToMap failed: mx,my: 416,30, size_x,size_y: 391,399
[planner_server-5] [ERROR] [1788842024.616499213] [planner_server]: worldToMap failed: mx,my: 417,30, size_x,size_y: 391,399
[planner_server-5] [ERROR] [1788842024.616502463] [planner_server]: worldToMap failed: mx,my: 418,30, size_x,size_y: 391,399
[planner_server-5] [ERROR] [1788842024.616505630] [planner_server]: worldToMap failed: mx,my: 419,30, size_x,size_y: 391,399
[planner_server-5] [ERROR] [1788842024.616515088] [planner_server]: worldToMap failed: mx,my: 420,30, size_x,size_y: 391,399
[planner_server-5] [ERROR] [1788842024.616523880] [planner_server]: worldToMap failed: mx,my: 421,30, size_x,size_y: 391,399
[planner_server-5] [ERROR] [1788842024.616527255] [planner_server]: worldToMap failed: mx,my: 422,30, size_x,size_y: 391,399
[planner_server-5] [ERROR] [1788842024.616530422] [planner_server]: worldToMap failed: mx,my: 423,30, size_x,size_y: 391,399
[planner_server-5] [ERROR] [1788842024.616534297] [planner_server]: worldToMap failed: mx,my: 391,31, size_x,size_y: 391,399
[planner_server-5] [ERROR] [1788842024.616537422] [planner_server]: worldToMap failed: mx,my: 392,31, size_x,size_y: 391,399
[planner_server-5] [ERROR] [1788842024.616540755] [planner_server]: worldToMap failed: mx,my: 393,31, size_x,size_y: 391,399
[planner_server-5] [ERROR] [1788842024.616544005] [planner_server]: worldToMap failed: mx,my: 394,31, size_x,size_y: 391,399
[planner_server-5] [ERROR] [1788842024.616547214] [planner_server]: worldToMap failed: mx,my: 395,31, size_x,size_y: 391,399
[planner_server-5] [ERROR] [1788842024.616550464] [planner_server]: worldToMap failed: mx,my: 396,31, size_x,size_y: 391,399
[planner_server-5] [ERROR] [1788842024.616553672] [planner_server]: worldToMap failed: mx,my: 397,31, size_x,size_y: 391,399
[planner_server-5] [ERROR] [1788842024.616556839] [planner_server]: worldToMap failed: mx,my: 398,31, size_x,size_y: 391,399
[planner_server-5] [ERROR] [1788842024.616559880] [planner_server]: worldToMap failed: mx,my: 399,31, size_x,size_y: 391,399
[planner_server-5] [ERROR] [1788842024.616562964] [planner_server]: worldToMap failed: mx,my: 400,31, size_x,size_y: 391,399
[planner_server-5] [ERROR] [1788842024.616566047] [planner_server]: worldToMap failed: mx,my: 401,31, size_x,size_y: 391,399
[planner_server-5] [ERROR] [1788842024.616569130] [planner_server]: worldToMap failed: mx,my: 402,31, size_x,size_y: 391,399
[planner_server-5] [ERROR] [1788842024.616572255] [planner_server]: worldToMap failed: mx,my: 403,31, size_x,size_y: 391,399
[planner_server-5] [ERROR] [1788842024.616575297] [planner_server]: worldToMap failed: mx,my: 404,31, size_x,size_y: 391,399
[planner_server-5] [ERROR] [1788842024.616578381] [planner_server]: worldToMap failed: mx,my: 405,31, size_x,size_y: 391,399
[planner_server-5] [ERROR] [1788842024.616581506] [planner_server]: worldToMap failed: mx,my: 406,31, size_x,size_y: 391,399
[planner_server-5] [ERROR] [1788842024.616584589] [planner_server]: worldToMap failed: mx,my: 407,31, size_x,size_y: 391,399
[planner_server-5] [ERROR] [1788842024.616587714] [planner_server]: worldToMap failed: mx,my: 408,31, size_x,size_y: 391,399
[planner_server-5] [ERROR] [1788842024.616590797] [planner_server]: worldToMap failed: mx,my: 409,31, size_x,size_y: 391,399
[planner_server-5] [ERROR] [1788842024.616593839] [planner_server]: worldToMap failed: mx,my: 410,31, size_x,size_y: 391,399
[planner_server-5] [ERROR] [1788842024.616596922] [planner_server]: worldToMap failed: mx,my: 411,31, size_x,size_y: 391,399
[planner_server-5] [ERROR] [1788842024.616599964] [planner_server]: worldToMap failed: mx,my: 412,31, size_x,size_y: 391,399
[planner_server-5] [ERROR] [1788842024.616603089] [planner_server]: worldToMap failed: mx,my: 413,31, size_x,size_y: 391,399
[planner_server-5] [ERROR] [1788842024.616606131] [planner_server]: worldToMap failed: mx,my: 414,31, size_x,size_y: 391,399
[planner_server-5] [ERROR] [1788842024.616609256] [planner_server]: worldToMap failed: mx,my: 415,31, size_x,size_y: 391,399
[planner_server-5] [ERROR] [1788842024.616612297] [planner_server]: worldToMap failed: mx,my: 416,31, size_x,size_y: 391,399
[planner_server-5] [ERROR] [1788842024.616615381] [planner_server]: worldToMap failed: mx,my: 417,31, size_x,size_y: 391,399
[planner_server-5] [ERROR] [1788842024.616618506] [planner_server]: worldToMap failed: mx,my: 418,31, size_x,size_y: 391,399
[planner_server-5] [ERROR] [1788842024.616621589] [planner_server]: worldToMap failed: mx,my: 419,31, size_x,size_y: 391,399
[planner_server-5] [ERROR] [1788842024.616624673] [planner_server]: worldToMap failed: mx,my: 420,31, size_x,size_y: 391,399
[planner_server-5] [ERROR] [1788842024.616627756] [planner_server]: worldToMap failed: mx,my: 421,31, size_x,size_y: 391,399
[planner_server-5] [ERROR] [1788842024.616630839] [planner_server]: worldToMap failed: mx,my: 422,31, size_x,size_y: 391,399
[planner_server-5] [ERROR] [1788842024.616634214] [planner_server]: worldToMap failed: mx,my: 423,31, size_x,size_y: 391,399
[planner_server-5] [ERROR] [1788842024.616638589] [planner_server]: worldToMap failed: mx,my: 391,32, size_x,size_y: 391,399
[planner_server-5] [ERROR] [1788842024.616642256] [planner_server]: worldToMap failed: mx,my: 392,32, size_x,size_y: 391,399
[planner_server-5] [ERROR] [1788842024.616647464] [planner_server]: worldToMap failed: mx,my: 393,32, size_x,size_y: 391,399
[planner_server-5] [ERROR] [1788842024.616651548] [planner_server]: worldToMap failed: mx,my: 394,32, size_x,size_y: 391,399
[planner_server-5] [ERROR] [1788842024.616654965] [planner_server]: worldToMap failed: mx,my: 395,32, size_x,size_y: 391,399
[planner_server-5] [ERROR] [1788842024.616658340] [planner_server]: worldToMap failed: mx,my: 396,32, size_x,size_y: 391,399
[planner_server-5] [ERROR] [1788842024.616661923] [planner_server]: worldToMap failed: mx,my: 397,32, size_x,size_y: 391,399
[planner_server-5] [ERROR] [1788842024.616665548] [planner_server]: worldToMap failed: mx,my: 398,32, size_x,size_y: 391,399
[planner_server-5] [ERROR] [1788842024.616669423] [planner_server]: worldToMap failed: mx,my: 399,32, size_x,size_y: 391,399
[planner_server-5] [ERROR] [1788842024.616673173] [planner_server]: worldToMap failed: mx,my: 400,32, size_x,size_y: 391,399
[planner_server-5] [ERROR] [1788842024.616676798] [planner_server]: worldToMap failed: mx,my: 401,32, size_x,size_y: 391,399
[planner_server-5] [ERROR] [1788842024.616680173] [planner_server]: worldToMap failed: mx,my: 402,32, size_x,size_y: 391,399
[planner_server-5] [ERROR] [1788842024.616683256] [planner_server]: worldToMap failed: mx,my: 403,32, size_x,size_y: 391,399
[planner_server-5] [ERROR] [1788842024.616686340] [planner_server]: worldToMap failed: mx,my: 404,32, size_x,size_y: 391,399
[planner_server-5] [ERROR] [1788842024.616689548] [planner_server]: worldToMap failed: mx,my: 405,32, size_x,size_y: 391,399
[planner_server-5] [ERROR] [1788842024.616692715] [planner_server]: worldToMap failed: mx,my: 406,32, size_x,size_y: 391,399
[planner_server-5] [ERROR] [1788842024.616695757] [planner_server]: worldToMap failed: mx,my: 407,32, size_x,size_y: 391,399
[planner_server-5] [ERROR] [1788842024.616698882] [planner_server]: worldToMap failed: mx,my: 408,32, size_x,size_y: 391,399
[planner_server-5] [ERROR] [1788842024.616701923] [planner_server]: worldToMap failed: mx,my: 409,32, size_x,size_y: 391,399
[planner_server-5] [ERROR] [1788842024.616705007] [planner_server]: worldToMap failed: mx,my: 410,32, size_x,size_y: 391,399
[planner_server-5] [ERROR] [1788842024.616708090] [planner_server]: worldToMap failed: mx,my: 411,32, size_x,size_y: 391,399
[planner_server-5] [ERROR] [1788842024.616711673] [planner_server]: worldToMap failed: mx,my: 412,32, size_x,size_y: 391,399
[planner_server-5] [ERROR] [1788842024.616715548] [planner_server]: worldToMap failed: mx,my: 413,32, size_x,size_y: 391,399
[planner_server-5] [ERROR] [1788842024.616719132] [planner_server]: worldToMap failed: mx,my: 414,32, size_x,size_y: 391,399
[planner_server-5] [ERROR] [1788842024.616722840] [planner_server]: worldToMap failed: mx,my: 415,32, size_x,size_y: 391,399
[planner_server-5] [ERROR] [1788842024.616726507] [planner_server]: worldToMap failed: mx,my: 416,32, size_x,size_y: 391,399
[planner_server-5] [ERROR] [1788842024.616730132] [planner_server]: worldToMap failed: mx,my: 417,32, size_x,size_y: 391,399
[planner_server-5] [ERROR] [1788842024.616733507] [planner_server]: worldToMap failed: mx,my: 418,32, size_x,size_y: 391,399
[planner_server-5] [ERROR] [1788842024.616736840] [planner_server]: worldToMap failed: mx,my: 419,32, size_x,size_y: 391,399
[planner_server-5] [ERROR] [1788842024.616740215] [planner_server]: worldToMap failed: mx,my: 420,32, size_x,size_y: 391,399
[planner_server-5] [ERROR] [1788842024.616743299] [planner_server]: worldToMap failed: mx,my: 421,32, size_x,size_y: 391,399
[planner_server-5] [ERROR] [1788842024.616746382] [planner_server]: worldToMap failed: mx,my: 422,32, size_x,size_y: 391,399
[planner_server-5] [ERROR] [1788842024.616749424] [planner_server]: worldToMap failed: mx,my: 423,32, size_x,size_y: 391,399
[planner_server-5] [ERROR] [1788842024.616753090] [planner_server]: worldToMap failed: mx,my: 391,33, size_x,size_y: 391,399
[planner_server-5] [ERROR] [1788842024.616756215] [planner_server]: worldToMap failed: mx,my: 392,33, size_x,size_y: 391,399
[planner_server-5] [ERROR] [1788842024.616759257] [planner_server]: worldToMap failed: mx,my: 393,33, size_x,size_y: 391,399
[planner_server-5] [ERROR] [1788842024.616762299] [planner_server]: worldToMap failed: mx,my: 394,33, size_x,size_y: 391,399
[planner_server-5] [ERROR] [1788842024.616765341] [planner_server]: worldToMap failed: mx,my: 395,33, size_x,size_y: 391,399
[planner_server-5] [ERROR] [1788842024.616768424] [planner_server]: worldToMap failed: mx,my: 396,33, size_x,size_y: 391,399
[planner_server-5] [ERROR] [1788842024.616771549] [planner_server]: worldToMap failed: mx,my: 397,33, size_x,size_y: 391,399
[planner_server-5] [ERROR] [1788842024.616774591] [planner_server]: worldToMap failed: mx,my: 398,33, size_x,size_y: 391,399
[planner_server-5] [ERROR] [1788842024.616778757] [planner_server]: worldToMap failed: mx,my: 399,33, size_x,size_y: 391,399
[planner_server-5] [ERROR] [1788842024.616782299] [planner_server]: worldToMap failed: mx,my: 400,33, size_x,size_y: 391,399
[planner_server-5] [ERROR] [1788842024.616785507] [planner_server]: worldToMap failed: mx,my: 401,33, size_x,size_y: 391,399
[planner_server-5] [ERROR] [1788842024.616788591] [planner_server]: worldToMap failed: mx,my: 402,33, size_x,size_y: 391,399
[planner_server-5] [ERROR] [1788842024.616792299] [planner_server]: worldToMap failed: mx,my: 403,33, size_x,size_y: 391,399
[planner_server-5] [ERROR] [1788842024.616795424] [planner_server]: worldToMap failed: mx,my: 404,33, size_x,size_y: 391,399
[planner_server-5] [ERROR] [1788842024.616798507] [planner_server]: worldToMap failed: mx,my: 405,33, size_x,size_y: 391,399
[planner_server-5] [ERROR] [1788842024.616801882] [planner_server]: worldToMap failed: mx,my: 406,33, size_x,size_y: 391,399
[planner_server-5] [ERROR] [1788842024.616805258] [planner_server]: worldToMap failed: mx,my: 407,33, size_x,size_y: 391,399
[planner_server-5] [ERROR] [1788842024.616808633] [planner_server]: worldToMap failed: mx,my: 408,33, size_x,size_y: 391,399
[planner_server-5] [ERROR] [1788842024.616811716] [planner_server]: worldToMap failed: mx,my: 409,33, size_x,size_y: 391,399
[planner_server-5] [ERROR] [1788842024.616814758] [planner_server]: worldToMap failed: mx,my: 410,33, size_x,size_y: 391,399
[planner_server-5] [ERROR] [1788842024.616817841] [planner_server]: worldToMap failed: mx,my: 411,33, size_x,size_y: 391,399
[planner_server-5] [ERROR] [1788842024.616820841] [planner_server]: worldToMap failed: mx,my: 412,33, size_x,size_y: 391,399
[planner_server-5] [ERROR] [1788842024.616823924] [planner_server]: worldToMap failed: mx,my: 413,33, size_x,size_y: 391,399
[planner_server-5] [ERROR] [1788842024.616827008] [planner_server]: worldToMap failed: mx,my: 414,33, size_x,size_y: 391,399
[planner_server-5] [ERROR] [1788842024.616830049] [planner_server]: worldToMap failed: mx,my: 415,33, size_x,size_y: 391,399
[planner_server-5] [ERROR] [1788842024.616833133] [planner_server]: worldToMap failed: mx,my: 416,33, size_x,size_y: 391,399
[planner_server-5] [ERROR] [1788842024.616836216] [planner_server]: worldToMap failed: mx,my: 417,33, size_x,size_y: 391,399
[planner_server-5] [ERROR] [1788842024.616839299] [planner_server]: worldToMap failed: mx,my: 418,33, size_x,size_y: 391,399
[planner_server-5] [ERROR] [1788842024.616842341] [planner_server]: worldToMap failed: mx,my: 419,33, size_x,size_y: 391,399
[planner_server-5] [ERROR] [1788842024.616845466] [planner_server]: worldToMap failed: mx,my: 420,33, size_x,size_y: 391,399
[planner_server-5] [ERROR] [1788842024.616848550] [planner_server]: worldToMap failed: mx,my: 421,33, size_x,size_y: 391,399
[planner_server-5] [ERROR] [1788842024.616851633] [planner_server]: worldToMap failed: mx,my: 422,33, size_x,size_y: 391,399
[planner_server-5] [ERROR] [1788842024.616854716] [planner_server]: worldToMap failed: mx,my: 423,33, size_x,size_y: 391,399
[planner_server-5] [ERROR] [1788842024.616858258] [planner_server]: worldToMap failed: mx,my: 391,34, size_x,size_y: 391,399
[planner_server-5] [ERROR] [1788842024.616861341] [planner_server]: worldToMap failed: mx,my: 392,34, size_x,size_y: 391,399
[planner_server-5] [ERROR] [1788842024.616864425] [planner_server]: worldToMap failed: mx,my: 393,34, size_x,size_y: 391,399
[planner_server-5] [ERROR] [1788842024.616867508] [planner_server]: worldToMap failed: mx,my: 394,34, size_x,size_y: 391,399
[planner_server-5] [ERROR] [1788842024.616870591] [planner_server]: worldToMap failed: mx,my: 395,34, size_x,size_y: 391,399
[planner_server-5] [ERROR] [1788842024.616873633] [planner_server]: worldToMap failed: mx,my: 396,34, size_x,size_y: 391,399
[planner_server-5] [ERROR] [1788842024.616876716] [planner_server]: worldToMap failed: mx,my: 397,34, size_x,size_y: 391,399
[planner_server-5] [ERROR] [1788842024.616879842] [planner_server]: worldToMap failed: mx,my: 398,34, size_x,size_y: 391,399
[planner_server-5] [ERROR] [1788842024.616882925] [planner_server]: worldToMap failed: mx,my: 399,34, size_x,size_y: 391,399
[planner_server-5] [ERROR] [1788842024.616885967] [planner_server]: worldToMap failed: mx,my: 400,34, size_x,size_y: 391,399
[planner_server-5] [ERROR] [1788842024.616889050] [planner_server]: worldToMap failed: mx,my: 401,34, size_x,size_y: 391,399
[planner_server-5] [ERROR] [1788842024.616892092] [planner_server]: worldToMap failed: mx,my: 402,34, size_x,size_y: 391,399
[planner_server-5] [ERROR] [1788842024.616895133] [planner_server]: worldToMap failed: mx,my: 403,34, size_x,size_y: 391,399
[planner_server-5] [ERROR] [1788842024.616899342] [planner_server]: worldToMap failed: mx,my: 404,34, size_x,size_y: 391,399
[planner_server-5] [ERROR] [1788842024.616902883] [planner_server]: worldToMap failed: mx,my: 405,34, size_x,size_y: 391,399
[planner_server-5] [ERROR] [1788842024.616905925] [planner_server]: worldToMap failed: mx,my: 406,34, size_x,size_y: 391,399
[planner_server-5] [ERROR] [1788842024.616908967] [planner_server]: worldToMap failed: mx,my: 407,34, size_x,size_y: 391,399
[planner_server-5] [ERROR] [1788842024.616912300] [planner_server]: worldToMap failed: mx,my: 408,34, size_x,size_y: 391,399
[planner_server-5] [ERROR] [1788842024.616915425] [planner_server]: worldToMap failed: mx,my: 409,34, size_x,size_y: 391,399
[planner_server-5] [ERROR] [1788842024.616918509] [planner_server]: worldToMap failed: mx,my: 410,34, size_x,size_y: 391,399
[planner_server-5] [ERROR] [1788842024.616922009] [planner_server]: worldToMap failed: mx,my: 411,34, size_x,size_y: 391,399
[planner_server-5] [ERROR] [1788842024.616925592] [planner_server]: worldToMap failed: mx,my: 412,34, size_x,size_y: 391,399
[planner_server-5] [ERROR] [1788842024.616929217] [planner_server]: worldToMap failed: mx,my: 413,34, size_x,size_y: 391,399
[planner_server-5] [ERROR] [1788842024.616932467] [planner_server]: worldToMap failed: mx,my: 414,34, size_x,size_y: 391,399
[planner_server-5] [ERROR] [1788842024.616935925] [planner_server]: worldToMap failed: mx,my: 415,34, size_x,size_y: 391,399
[planner_server-5] [ERROR] [1788842024.616939842] [planner_server]: worldToMap failed: mx,my: 416,34, size_x,size_y: 391,399
[planner_server-5] [ERROR] [1788842024.616943134] [planner_server]: worldToMap failed: mx,my: 417,34, size_x,size_y: 391,399
[planner_server-5] [ERROR] [1788842024.616946425] [planner_server]: worldToMap failed: mx,my: 418,34, size_x,size_y: 391,399
[planner_server-5] [ERROR] [1788842024.616950134] [planner_server]: worldToMap failed: mx,my: 419,34, size_x,size_y: 391,399
[planner_server-5] [ERROR] [1788842024.616961384] [planner_server]: worldToMap failed: mx,my: 420,34, size_x,size_y: 391,399
[planner_server-5] [ERROR] [1788842024.616964801] [planner_server]: worldToMap failed: mx,my: 421,34, size_x,size_y: 391,399
[planner_server-5] [ERROR] [1788842024.616967926] [planner_server]: worldToMap failed: mx,my: 422,34, size_x,size_y: 391,399
[planner_server-5] [ERROR] [1788842024.616970967] [planner_server]: worldToMap failed: mx,my: 423,34, size_x,size_y: 391,399
[planner_server-5] [ERROR] [1788842024.616981551] [planner_server]: worldToMap failed: mx,my: 391,35, size_x,size_y: 391,399
[planner_server-5] [ERROR] [1788842024.616984717] [planner_server]: worldToMap failed: mx,my: 392,35, size_x,size_y: 391,399
[planner_server-5] [ERROR] [1788842024.616987801] [planner_server]: worldToMap failed: mx,my: 393,35, size_x,size_y: 391,399
[planner_server-5] [ERROR] [1788842024.616990843] [planner_server]: worldToMap failed: mx,my: 394,35, size_x,size_y: 391,399
[planner_server-5] [ERROR] [1788842024.616994009] [planner_server]: worldToMap failed: mx,my: 395,35, size_x,size_y: 391,399
[planner_server-5] [ERROR] [1788842024.616997093] [planner_server]: worldToMap failed: mx,my: 396,35, size_x,size_y: 391,399
[planner_server-5] [ERROR] [1788842024.617000093] [planner_server]: worldToMap failed: mx,my: 397,35, size_x,size_y: 391,399
[planner_server-5] [ERROR] [1788842024.617003134] [planner_server]: worldToMap failed: mx,my: 398,35, size_x,size_y: 391,399
[planner_server-5] [ERROR] [1788842024.617006259] [planner_server]: worldToMap failed: mx,my: 399,35, size_x,size_y: 391,399
[planner_server-5] [ERROR] [1788842024.617009218] [planner_server]: worldToMap failed: mx,my: 400,35, size_x,size_y: 391,399
[planner_server-5] [ERROR] [1788842024.617012301] [planner_server]: worldToMap failed: mx,my: 401,35, size_x,size_y: 391,399
[planner_server-5] [ERROR] [1788842024.617015426] [planner_server]: worldToMap failed: mx,my: 402,35, size_x,size_y: 391,399
[planner_server-5] [ERROR] [1788842024.617018509] [planner_server]: worldToMap failed: mx,my: 403,35, size_x,size_y: 391,399
[planner_server-5] [ERROR] [1788842024.617021509] [planner_server]: worldToMap failed: mx,my: 404,35, size_x,size_y: 391,399
[planner_server-5] [ERROR] [1788842024.617024634] [planner_server]: worldToMap failed: mx,my: 405,35, size_x,size_y: 391,399
[planner_server-5] [ERROR] [1788842024.617027718] [planner_server]: worldToMap failed: mx,my: 406,35, size_x,size_y: 391,399
[planner_server-5] [ERROR] [1788842024.617030760] [planner_server]: worldToMap failed: mx,my: 407,35, size_x,size_y: 391,399
[planner_server-5] [ERROR] [1788842024.617034135] [planner_server]: worldToMap failed: mx,my: 408,35, size_x,size_y: 391,399
[planner_server-5] [ERROR] [1788842024.617037718] [planner_server]: worldToMap failed: mx,my: 409,35, size_x,size_y: 391,399
[planner_server-5] [ERROR] [1788842024.617043093] [planner_server]: worldToMap failed: mx,my: 410,35, size_x,size_y: 391,399
[planner_server-5] [ERROR] [1788842024.617048260] [planner_server]: worldToMap failed: mx,my: 411,35, size_x,size_y: 391,399
[planner_server-5] [ERROR] [1788842024.617051635] [planner_server]: worldToMap failed: mx,my: 412,35, size_x,size_y: 391,399
[planner_server-5] [ERROR] [1788842024.617055176] [planner_server]: worldToMap failed: mx,my: 413,35, size_x,size_y: 391,399
[planner_server-5] [ERROR] [1788842024.617058260] [planner_server]: worldToMap failed: mx,my: 414,35, size_x,size_y: 391,399
[planner_server-5] [ERROR] [1788842024.617061343] [planner_server]: worldToMap failed: mx,my: 415,35, size_x,size_y: 391,399
[planner_server-5] [ERROR] [1788842024.617064426] [planner_server]: worldToMap failed: mx,my: 416,35, size_x,size_y: 391,399
[planner_server-5] [ERROR] [1788842024.617067552] [planner_server]: worldToMap failed: mx,my: 417,35, size_x,size_y: 391,399
[planner_server-5] [ERROR] [1788842024.617070635] [planner_server]: worldToMap failed: mx,my: 418,35, size_x,size_y: 391,399
[planner_server-5] [ERROR] [1788842024.617073718] [planner_server]: worldToMap failed: mx,my: 419,35, size_x,size_y: 391,399
[planner_server-5] [ERROR] [1788842024.617076802] [planner_server]: worldToMap failed: mx,my: 420,35, size_x,size_y: 391,399
[planner_server-5] [ERROR] [1788842024.617079885] [planner_server]: worldToMap failed: mx,my: 421,35, size_x,size_y: 391,399
[planner_server-5] [ERROR] [1788842024.617083510] [planner_server]: worldToMap failed: mx,my: 422,35, size_x,size_y: 391,399
[planner_server-5] [ERROR] [1788842024.617087177] [planner_server]: worldToMap failed: mx,my: 423,35, size_x,size_y: 391,399
[planner_server-5] [ERROR] [1788842024.617091135] [planner_server]: worldToMap failed: mx,my: 391,36, size_x,size_y: 391,399
[planner_server-5] [ERROR] [1788842024.617094218] [planner_server]: worldToMap failed: mx,my: 392,36, size_x,size_y: 391,399
[planner_server-5] [ERROR] [1788842024.617097218] [planner_server]: worldToMap failed: mx,my: 393,36, size_x,size_y: 391,399
[planner_server-5] [ERROR] [1788842024.617100260] [planner_server]: worldToMap failed: mx,my: 394,36, size_x,size_y: 391,399
[planner_server-5] [ERROR] [1788842024.617103427] [planner_server]: worldToMap failed: mx,my: 395,36, size_x,size_y: 391,399
[planner_server-5] [ERROR] [1788842024.617106552] [planner_server]: worldToMap failed: mx,my: 396,36, size_x,size_y: 391,399
[planner_server-5] [ERROR] [1788842024.617109594] [planner_server]: worldToMap failed: mx,my: 397,36, size_x,size_y: 391,399
[planner_server-5] [ERROR] [1788842024.617112635] [planner_server]: worldToMap failed: mx,my: 398,36, size_x,size_y: 391,399
[planner_server-5] [ERROR] [1788842024.617115719] [planner_server]: worldToMap failed: mx,my: 399,36, size_x,size_y: 391,399
[planner_server-5] [ERROR] [1788842024.617118760] [planner_server]: worldToMap failed: mx,my: 400,36, size_x,size_y: 391,399
[planner_server-5] [ERROR] [1788842024.617121760] [planner_server]: worldToMap failed: mx,my: 401,36, size_x,size_y: 391,399
[planner_server-5] [ERROR] [1788842024.617124760] [planner_server]: worldToMap failed: mx,my: 402,36, size_x,size_y: 391,399
[planner_server-5] [ERROR] [1788842024.617127802] [planner_server]: worldToMap failed: mx,my: 403,36, size_x,size_y: 391,399
[planner_server-5] [ERROR] [1788842024.617130885] [planner_server]: worldToMap failed: mx,my: 404,36, size_x,size_y: 391,399
[planner_server-5] [ERROR] [1788842024.617133927] [planner_server]: worldToMap failed: mx,my: 405,36, size_x,size_y: 391,399
[planner_server-5] [ERROR] [1788842024.617137135] [planner_server]: worldToMap failed: mx,my: 406,36, size_x,size_y: 391,399
[planner_server-5] [ERROR] [1788842024.617140177] [planner_server]: worldToMap failed: mx,my: 407,36, size_x,size_y: 391,399
[planner_server-5] [ERROR] [1788842024.617143261] [planner_server]: worldToMap failed: mx,my: 408,36, size_x,size_y: 391,399
[planner_server-5] [ERROR] [1788842024.617146302] [planner_server]: worldToMap failed: mx,my: 409,36, size_x,size_y: 391,399
[planner_server-5] [ERROR] [1788842024.617149344] [planner_server]: worldToMap failed: mx,my: 410,36, size_x,size_y: 391,399
[planner_server-5] [ERROR] [1788842024.617152427] [planner_server]: worldToMap failed: mx,my: 411,36, size_x,size_y: 391,399
[planner_server-5] [ERROR] [1788842024.617155511] [planner_server]: worldToMap failed: mx,my: 412,36, size_x,size_y: 391,399
[planner_server-5] [ERROR] [1788842024.617158552] [planner_server]: worldToMap failed: mx,my: 413,36, size_x,size_y: 391,399
[planner_server-5] [ERROR] [1788842024.617161677] [planner_server]: worldToMap failed: mx,my: 414,36, size_x,size_y: 391,399
[planner_server-5] [ERROR] [1788842024.617164761] [planner_server]: worldToMap failed: mx,my: 415,36, size_x,size_y: 391,399
[planner_server-5] [ERROR] [1788842024.617168927] [planner_server]: worldToMap failed: mx,my: 416,36, size_x,size_y: 391,399
[planner_server-5] [ERROR] [1788842024.617173469] [planner_server]: worldToMap failed: mx,my: 417,36, size_x,size_y: 391,399
[planner_server-5] [ERROR] [1788842024.617177136] [planner_server]: worldToMap failed: mx,my: 418,36, size_x,size_y: 391,399
[planner_server-5] [ERROR] [1788842024.617180219] [planner_server]: worldToMap failed: mx,my: 419,36, size_x,size_y: 391,399
[planner_server-5] [ERROR] [1788842024.617183261] [planner_server]: worldToMap failed: mx,my: 420,36, size_x,size_y: 391,399
[planner_server-5] [ERROR] [1788842024.617186303] [planner_server]: worldToMap failed: mx,my: 421,36, size_x,size_y: 391,399
[planner_server-5] [ERROR] [1788842024.617189386] [planner_server]: worldToMap failed: mx,my: 422,36, size_x,size_y: 391,399
[planner_server-5] [ERROR] [1788842024.617192511] [planner_server]: worldToMap failed: mx,my: 423,36, size_x,size_y: 391,399
[planner_server-5] [ERROR] [1788842024.617196094] [planner_server]: worldToMap failed: mx,my: 391,37, size_x,size_y: 391,399
[planner_server-5] [ERROR] [1788842024.617199261] [planner_server]: worldToMap failed: mx,my: 392,37, size_x,size_y: 391,399
[planner_server-5] [ERROR] [1788842024.617202469] [planner_server]: worldToMap failed: mx,my: 393,37, size_x,size_y: 391,399
[planner_server-5] [ERROR] [1788842024.617205553] [planner_server]: worldToMap failed: mx,my: 394,37, size_x,size_y: 391,399
[planner_server-5] [ERROR] [1788842024.617208636] [planner_server]: worldToMap failed: mx,my: 395,37, size_x,size_y: 391,399
[planner_server-5] [ERROR] [1788842024.617211678] [planner_server]: worldToMap failed: mx,my: 396,37, size_x,size_y: 391,399
[planner_server-5] [ERROR] [1788842024.617215511] [planner_server]: worldToMap failed: mx,my: 397,37, size_x,size_y: 391,399
[planner_server-5] [ERROR] [1788842024.617218761] [planner_server]: worldToMap failed: mx,my: 398,37, size_x,size_y: 391,399
[planner_server-5] [ERROR] [1788842024.617222428] [planner_server]: worldToMap failed: mx,my: 399,37, size_x,size_y: 391,399
[planner_server-5] [ERROR] [1788842024.617225761] [planner_server]: worldToMap failed: mx,my: 400,37, size_x,size_y: 391,399
[planner_server-5] [ERROR] [1788842024.617229136] [planner_server]: worldToMap failed: mx,my: 401,37, size_x,size_y: 391,399
[planner_server-5] [ERROR] [1788842024.617232720] [planner_server]: worldToMap failed: mx,my: 402,37, size_x,size_y: 391,399
[planner_server-5] [ERROR] [1788842024.617236011] [planner_server]: worldToMap failed: mx,my: 403,37, size_x,size_y: 391,399
[planner_server-5] [ERROR] [1788842024.617239095] [planner_server]: worldToMap failed: mx,my: 404,37, size_x,size_y: 391,399
[planner_server-5] [ERROR] [1788842024.617242220] [planner_server]: worldToMap failed: mx,my: 405,37, size_x,size_y: 391,399
[planner_server-5] [ERROR] [1788842024.617245220] [planner_server]: worldToMap failed: mx,my: 406,37, size_x,size_y: 391,399
[planner_server-5] [ERROR] [1788842024.617248303] [planner_server]: worldToMap failed: mx,my: 407,37, size_x,size_y: 391,399
[planner_server-5] [ERROR] [1788842024.617251345] [planner_server]: worldToMap failed: mx,my: 408,37, size_x,size_y: 391,399
[planner_server-5] [ERROR] [1788842024.617254387] [planner_server]: worldToMap failed: mx,my: 409,37, size_x,size_y: 391,399
[planner_server-5] [ERROR] [1788842024.617257428] [planner_server]: worldToMap failed: mx,my: 410,37, size_x,size_y: 391,399
[planner_server-5] [ERROR] [1788842024.617260512] [planner_server]: worldToMap failed: mx,my: 411,37, size_x,size_y: 391,399
[planner_server-5] [ERROR] [1788842024.617263553] [planner_server]: worldToMap failed: mx,my: 412,37, size_x,size_y: 391,399
[planner_server-5] [ERROR] [1788842024.617266595] [planner_server]: worldToMap failed: mx,my: 413,37, size_x,size_y: 391,399
[planner_server-5] [ERROR] [1788842024.617269637] [planner_server]: worldToMap failed: mx,my: 414,37, size_x,size_y: 391,399
[planner_server-5] [ERROR] [1788842024.617272720] [planner_server]: worldToMap failed: mx,my: 415,37, size_x,size_y: 391,399
[planner_server-5] [ERROR] [1788842024.617281345] [planner_server]: worldToMap failed: mx,my: 416,37, size_x,size_y: 391,399
[planner_server-5] [ERROR] [1788842024.617285137] [planner_server]: worldToMap failed: mx,my: 417,37, size_x,size_y: 391,399
[planner_server-5] [ERROR] [1788842024.617288262] [planner_server]: worldToMap failed: mx,my: 418,37, size_x,size_y: 391,399
[planner_server-5] [ERROR] [1788842024.617291262] [planner_server]: worldToMap failed: mx,my: 419,37, size_x,size_y: 391,399
[planner_server-5] [ERROR] [1788842024.617294304] [planner_server]: worldToMap failed: mx,my: 420,37, size_x,size_y: 391,399
[planner_server-5] [ERROR] [1788842024.617298887] [planner_server]: worldToMap failed: mx,my: 421,37, size_x,size_y: 391,399
[planner_server-5] [ERROR] [1788842024.617303429] [planner_server]: worldToMap failed: mx,my: 422,37, size_x,size_y: 391,399
[planner_server-5] [ERROR] [1788842024.617317554] [planner_server]: worldToMap failed: mx,my: 423,37, size_x,size_y: 391,399
[planner_server-5] [ERROR] [1788842024.617322137] [planner_server]: worldToMap failed: mx,my: 391,38, size_x,size_y: 391,399
[planner_server-5] [ERROR] [1788842024.617325554] [planner_server]: worldToMap failed: mx,my: 392,38, size_x,size_y: 391,399
[planner_server-5] [ERROR] [1788842024.617328595] [planner_server]: worldToMap failed: mx,my: 393,38, size_x,size_y: 391,399
[planner_server-5] [ERROR] [1788842024.617331637] [planner_server]: worldToMap failed: mx,my: 394,38, size_x,size_y: 391,399
[planner_server-5] [ERROR] [1788842024.617334679] [planner_server]: worldToMap failed: mx,my: 395,38, size_x,size_y: 391,399
[planner_server-5] [ERROR] [1788842024.617337679] [planner_server]: worldToMap failed: mx,my: 396,38, size_x,size_y: 391,399
[planner_server-5] [ERROR] [1788842024.617340804] [planner_server]: worldToMap failed: mx,my: 397,38, size_x,size_y: 391,399
[planner_server-5] [ERROR] [1788842024.617343804] [planner_server]: worldToMap failed: mx,my: 398,38, size_x,size_y: 391,399
[planner_server-5] [ERROR] [1788842024.617346887] [planner_server]: worldToMap failed: mx,my: 399,38, size_x,size_y: 391,399
[planner_server-5] [ERROR] [1788842024.617349971] [planner_server]: worldToMap failed: mx,my: 400,38, size_x,size_y: 391,399
[planner_server-5] [ERROR] [1788842024.617353012] [planner_server]: worldToMap failed: mx,my: 401,38, size_x,size_y: 391,399
[planner_server-5] [ERROR] [1788842024.617356096] [planner_server]: worldToMap failed: mx,my: 402,38, size_x,size_y: 391,399
[planner_server-5] [ERROR] [1788842024.617359137] [planner_server]: worldToMap failed: mx,my: 403,38, size_x,size_y: 391,399
[planner_server-5] [ERROR] [1788842024.617362221] [planner_server]: worldToMap failed: mx,my: 404,38, size_x,size_y: 391,399
[planner_server-5] [ERROR] [1788842024.617365262] [planner_server]: worldToMap failed: mx,my: 405,38, size_x,size_y: 391,399
[planner_server-5] [ERROR] [1788842024.617368388] [planner_server]: worldToMap failed: mx,my: 406,38, size_x,size_y: 391,399
[planner_server-5] [ERROR] [1788842024.617371388] [planner_server]: worldToMap failed: mx,my: 407,38, size_x,size_y: 391,399
[planner_server-5] [ERROR] [1788842024.617374429] [planner_server]: worldToMap failed: mx,my: 408,38, size_x,size_y: 391,399
[planner_server-5] [ERROR] [1788842024.617377513] [planner_server]: worldToMap failed: mx,my: 409,38, size_x,size_y: 391,399
[planner_server-5] [ERROR] [1788842024.617380554] [planner_server]: worldToMap failed: mx,my: 410,38, size_x,size_y: 391,399
[planner_server-5] [ERROR] [1788842024.617383596] [planner_server]: worldToMap failed: mx,my: 411,38, size_x,size_y: 391,399
[planner_server-5] [ERROR] [1788842024.617386638] [planner_server]: worldToMap failed: mx,my: 412,38, size_x,size_y: 391,399
[planner_server-5] [ERROR] [1788842024.617389679] [planner_server]: worldToMap failed: mx,my: 413,38, size_x,size_y: 391,399
[planner_server-5] [ERROR] [1788842024.617392721] [planner_server]: worldToMap failed: mx,my: 414,38, size_x,size_y: 391,399
[planner_server-5] [ERROR] [1788842024.617395763] [planner_server]: worldToMap failed: mx,my: 415,38, size_x,size_y: 391,399
[planner_server-5] [ERROR] [1788842024.617398846] [planner_server]: worldToMap failed: mx,my: 416,38, size_x,size_y: 391,399
[planner_server-5] [ERROR] [1788842024.617401888] [planner_server]: worldToMap failed: mx,my: 417,38, size_x,size_y: 391,399
[planner_server-5] [ERROR] [1788842024.617404888] [planner_server]: worldToMap failed: mx,my: 418,38, size_x,size_y: 391,399
[planner_server-5] [ERROR] [1788842024.617407971] [planner_server]: worldToMap failed: mx,my: 419,38, size_x,size_y: 391,399
[planner_server-5] [ERROR] [1788842024.617411263] [planner_server]: worldToMap failed: mx,my: 420,38, size_x,size_y: 391,399
[planner_server-5] [ERROR] [1788842024.617414513] [planner_server]: worldToMap failed: mx,my: 421,38, size_x,size_y: 391,399
[planner_server-5] [ERROR] [1788842024.617417680] [planner_server]: worldToMap failed: mx,my: 422,38, size_x,size_y: 391,399
[planner_server-5] [ERROR] [1788842024.617420763] [planner_server]: worldToMap failed: mx,my: 423,38, size_x,size_y: 391,399
[planner_server-5] [ERROR] [1788842024.617424471] [planner_server]: worldToMap failed: mx,my: 391,39, size_x,size_y: 391,399
[planner_server-5] [ERROR] [1788842024.617427596] [planner_server]: worldToMap failed: mx,my: 392,39, size_x,size_y: 391,399
[planner_server-5] [ERROR] [1788842024.617430680] [planner_server]: worldToMap failed: mx,my: 393,39, size_x,size_y: 391,399
[planner_server-5] [ERROR] [1788842024.617441846] [planner_server]: worldToMap failed: mx,my: 394,39, size_x,size_y: 391,399
[planner_server-5] [ERROR] [1788842024.617450930] [planner_server]: worldToMap failed: mx,my: 395,39, size_x,size_y: 391,399
[planner_server-5] [ERROR] [1788842024.617454222] [planner_server]: worldToMap failed: mx,my: 396,39, size_x,size_y: 391,399
[planner_server-5] [ERROR] [1788842024.617457305] [planner_server]: worldToMap failed: mx,my: 397,39, size_x,size_y: 391,399
[planner_server-5] [ERROR] [1788842024.617460430] [planner_server]: worldToMap failed: mx,my: 398,39, size_x,size_y: 391,399
[planner_server-5] [ERROR] [1788842024.617463430] [planner_server]: worldToMap failed: mx,my: 399,39, size_x,size_y: 391,399
[planner_server-5] [ERROR] [1788842024.617466513] [planner_server]: worldToMap failed: mx,my: 400,39, size_x,size_y: 391,399
[planner_server-5] [ERROR] [1788842024.617469597] [planner_server]: worldToMap failed: mx,my: 401,39, size_x,size_y: 391,399
[planner_server-5] [ERROR] [1788842024.617472680] [planner_server]: worldToMap failed: mx,my: 402,39, size_x,size_y: 391,399
[planner_server-5] [ERROR] [1788842024.617475763] [planner_server]: worldToMap failed: mx,my: 403,39, size_x,size_y: 391,399
[planner_server-5] [ERROR] [1788842024.617478805] [planner_server]: worldToMap failed: mx,my: 404,39, size_x,size_y: 391,399
[planner_server-5] [ERROR] [1788842024.617481805] [planner_server]: worldToMap failed: mx,my: 405,39, size_x,size_y: 391,399
[planner_server-5] [ERROR] [1788842024.617484889] [planner_server]: worldToMap failed: mx,my: 406,39, size_x,size_y: 391,399
[planner_server-5] [ERROR] [1788842024.617487930] [planner_server]: worldToMap failed: mx,my: 407,39, size_x,size_y: 391,399
[planner_server-5] [ERROR] [1788842024.617490972] [planner_server]: worldToMap failed: mx,my: 408,39, size_x,size_y: 391,399
[planner_server-5] [ERROR] [1788842024.617494097] [planner_server]: worldToMap failed: mx,my: 409,39, size_x,size_y: 391,399
[planner_server-5] [ERROR] [1788842024.617497139] [planner_server]: worldToMap failed: mx,my: 410,39, size_x,size_y: 391,399
[planner_server-5] [ERROR] [1788842024.617500264] [planner_server]: worldToMap failed: mx,my: 411,39, size_x,size_y: 391,399
[planner_server-5] [ERROR] [1788842024.617503389] [planner_server]: worldToMap failed: mx,my: 412,39, size_x,size_y: 391,399
[planner_server-5] [ERROR] [1788842024.617508639] [planner_server]: worldToMap failed: mx,my: 413,39, size_x,size_y: 391,399
[planner_server-5] [ERROR] [1788842024.617511680] [planner_server]: worldToMap failed: mx,my: 414,39, size_x,size_y: 391,399
[planner_server-5] [ERROR] [1788842024.617514805] [planner_server]: worldToMap failed: mx,my: 415,39, size_x,size_y: 391,399
[planner_server-5] [ERROR] [1788842024.617517889] [planner_server]: worldToMap failed: mx,my: 416,39, size_x,size_y: 391,399
[planner_server-5] [ERROR] [1788842024.617520889] [planner_server]: worldToMap failed: mx,my: 417,39, size_x,size_y: 391,399
[planner_server-5] [ERROR] [1788842024.617523972] [planner_server]: worldToMap failed: mx,my: 418,39, size_x,size_y: 391,399
[planner_server-5] [ERROR] [1788842024.617527014] [planner_server]: worldToMap failed: mx,my: 419,39, size_x,size_y: 391,399
[planner_server-5] [ERROR] [1788842024.617530222] [planner_server]: worldToMap failed: mx,my: 420,39, size_x,size_y: 391,399
[planner_server-5] [ERROR] [1788842024.617533347] [planner_server]: worldToMap failed: mx,my: 421,39, size_x,size_y: 391,399
[planner_server-5] [ERROR] [1788842024.617536431] [planner_server]: worldToMap failed: mx,my: 422,39, size_x,size_y: 391,399
[planner_server-5] [ERROR] [1788842024.617539431] [planner_server]: worldToMap failed: mx,my: 423,39, size_x,size_y: 391,399
[planner_server-5] [ERROR] [1788842024.617543181] [planner_server]: worldToMap failed: mx,my: 391,40, size_x,size_y: 391,399
[planner_server-5] [ERROR] [1788842024.617546264] [planner_server]: worldToMap failed: mx,my: 392,40, size_x,size_y: 391,399
[planner_server-5] [ERROR] [1788842024.617549306] [planner_server]: worldToMap failed: mx,my: 393,40, size_x,size_y: 391,399
[planner_server-5] [ERROR] [1788842024.617552389] [planner_server]: worldToMap failed: mx,my: 394,40, size_x,size_y: 391,399
[planner_server-5] [ERROR] [1788842024.617555639] [planner_server]: worldToMap failed: mx,my: 395,40, size_x,size_y: 391,399
[planner_server-5] [ERROR] [1788842024.617558764] [planner_server]: worldToMap failed: mx,my: 396,40, size_x,size_y: 391,399
[planner_server-5] [ERROR] [1788842024.617561848] [planner_server]: worldToMap failed: mx,my: 397,40, size_x,size_y: 391,399
[planner_server-5] [ERROR] [1788842024.617564931] [planner_server]: worldToMap failed: mx,my: 398,40, size_x,size_y: 391,399
[planner_server-5] [ERROR] [1788842024.617567973] [planner_server]: worldToMap failed: mx,my: 399,40, size_x,size_y: 391,399
[planner_server-5] [ERROR] [1788842024.617578931] [planner_server]: worldToMap failed: mx,my: 400,40, size_x,size_y: 391,399
[planner_server-5] [ERROR] [1788842024.617587723] [planner_server]: worldToMap failed: mx,my: 401,40, size_x,size_y: 391,399
[planner_server-5] [ERROR] [1788842024.617590973] [planner_server]: worldToMap failed: mx,my: 402,40, size_x,size_y: 391,399
[planner_server-5] [ERROR] [1788842024.617594056] [planner_server]: worldToMap failed: mx,my: 403,40, size_x,size_y: 391,399
[planner_server-5] [ERROR] [1788842024.617597140] [planner_server]: worldToMap failed: mx,my: 404,40, size_x,size_y: 391,399
[planner_server-5] [ERROR] [1788842024.617600223] [planner_server]: worldToMap failed: mx,my: 405,40, size_x,size_y: 391,399
[planner_server-5] [ERROR] [1788842024.617603306] [planner_server]: worldToMap failed: mx,my: 406,40, size_x,size_y: 391,399
[planner_server-5] [ERROR] [1788842024.617606348] [planner_server]: worldToMap failed: mx,my: 407,40, size_x,size_y: 391,399
[planner_server-5] [ERROR] [1788842024.617609431] [planner_server]: worldToMap failed: mx,my: 408,40, size_x,size_y: 391,399
[planner_server-5] [ERROR] [1788842024.617612515] [planner_server]: worldToMap failed: mx,my: 409,40, size_x,size_y: 391,399
[planner_server-5] [ERROR] [1788842024.617615598] [planner_server]: worldToMap failed: mx,my: 410,40, size_x,size_y: 391,399
[planner_server-5] [ERROR] [1788842024.617618723] [planner_server]: worldToMap failed: mx,my: 411,40, size_x,size_y: 391,399
[planner_server-5] [ERROR] [1788842024.617621806] [planner_server]: worldToMap failed: mx,my: 412,40, size_x,size_y: 391,399
[planner_server-5] [ERROR] [1788842024.617624848] [planner_server]: worldToMap failed: mx,my: 413,40, size_x,size_y: 391,399
[planner_server-5] [ERROR] [1788842024.617627973] [planner_server]: worldToMap failed: mx,my: 414,40, size_x,size_y: 391,399
[planner_server-5] [ERROR] [1788842024.617631057] [planner_server]: worldToMap failed: mx,my: 415,40, size_x,size_y: 391,399
[planner_server-5] [ERROR] [1788842024.617634098] [planner_server]: worldToMap failed: mx,my: 416,40, size_x,size_y: 391,399
[planner_server-5] [ERROR] [1788842024.617637223] [planner_server]: worldToMap failed: mx,my: 417,40, size_x,size_y: 391,399
[planner_server-5] [ERROR] [1788842024.617640348] [planner_server]: worldToMap failed: mx,my: 418,40, size_x,size_y: 391,399
[planner_server-5] [ERROR] [1788842024.617643390] [planner_server]: worldToMap failed: mx,my: 419,40, size_x,size_y: 391,399
[planner_server-5] [ERROR] [1788842024.617646515] [planner_server]: worldToMap failed: mx,my: 420,40, size_x,size_y: 391,399
[planner_server-5] [ERROR] [1788842024.617649557] [planner_server]: worldToMap failed: mx,my: 421,40, size_x,size_y: 391,399
[planner_server-5] [ERROR] [1788842024.617652598] [planner_server]: worldToMap failed: mx,my: 422,40, size_x,size_y: 391,399
[planner_server-5] [ERROR] [1788842024.617655723] [planner_server]: worldToMap failed: mx,my: 423,40, size_x,size_y: 391,399
[planner_server-5] [ERROR] [1788842024.617659348] [planner_server]: worldToMap failed: mx,my: 391,41, size_x,size_y: 391,399
[planner_server-5] [ERROR] [1788842024.617662432] [planner_server]: worldToMap failed: mx,my: 392,41, size_x,size_y: 391,399
[planner_server-5] [ERROR] [1788842024.617665515] [planner_server]: worldToMap failed: mx,my: 393,41, size_x,size_y: 391,399
[planner_server-5] [ERROR] [1788842024.617668599] [planner_server]: worldToMap failed: mx,my: 394,41, size_x,size_y: 391,399
[planner_server-5] [ERROR] [1788842024.617671682] [planner_server]: worldToMap failed: mx,my: 395,41, size_x,size_y: 391,399
[planner_server-5] [ERROR] [1788842024.617674724] [planner_server]: worldToMap failed: mx,my: 396,41, size_x,size_y: 391,399
[planner_server-5] [ERROR] [1788842024.617677765] [planner_server]: worldToMap failed: mx,my: 397,41, size_x,size_y: 391,399
[planner_server-5] [ERROR] [1788842024.617680807] [planner_server]: worldToMap failed: mx,my: 398,41, size_x,size_y: 391,399
[planner_server-5] [ERROR] [1788842024.617683849] [planner_server]: worldToMap failed: mx,my: 399,41, size_x,size_y: 391,399
[planner_server-5] [ERROR] [1788842024.617687015] [planner_server]: worldToMap failed: mx,my: 400,41, size_x,size_y: 391,399
[planner_server-5] [ERROR] [1788842024.617690057] [planner_server]: worldToMap failed: mx,my: 401,41, size_x,size_y: 391,399
[planner_server-5] [ERROR] [1788842024.617693140] [planner_server]: worldToMap failed: mx,my: 402,41, size_x,size_y: 391,399
[planner_server-5] [ERROR] [1788842024.617696224] [planner_server]: worldToMap failed: mx,my: 403,41, size_x,size_y: 391,399
[planner_server-5] [ERROR] [1788842024.617699390] [planner_server]: worldToMap failed: mx,my: 404,41, size_x,size_y: 391,399
[planner_server-5] [ERROR] [1788842024.617704474] [planner_server]: worldToMap failed: mx,my: 405,41, size_x,size_y: 391,399
[planner_server-5] [ERROR] [1788842024.617708224] [planner_server]: worldToMap failed: mx,my: 406,41, size_x,size_y: 391,399
[planner_server-5] [ERROR] [1788842024.617711432] [planner_server]: worldToMap failed: mx,my: 407,41, size_x,size_y: 391,399
[planner_server-5] [ERROR] [1788842024.617714474] [planner_server]: worldToMap failed: mx,my: 408,41, size_x,size_y: 391,399
[planner_server-5] [ERROR] [1788842024.617717641] [planner_server]: worldToMap failed: mx,my: 409,41, size_x,size_y: 391,399
[planner_server-5] [ERROR] [1788842024.617720724] [planner_server]: worldToMap failed: mx,my: 410,41, size_x,size_y: 391,399
[planner_server-5] [ERROR] [1788842024.617723849] [planner_server]: worldToMap failed: mx,my: 411,41, size_x,size_y: 391,399
[planner_server-5] [ERROR] [1788842024.617726932] [planner_server]: worldToMap failed: mx,my: 412,41, size_x,size_y: 391,399
[planner_server-5] [ERROR] [1788842024.617730016] [planner_server]: worldToMap failed: mx,my: 413,41, size_x,size_y: 391,399
[planner_server-5] [ERROR] [1788842024.617733099] [planner_server]: worldToMap failed: mx,my: 414,41, size_x,size_y: 391,399
[planner_server-5] [ERROR] [1788842024.617736141] [planner_server]: worldToMap failed: mx,my: 415,41, size_x,size_y: 391,399
[planner_server-5] [ERROR] [1788842024.617739224] [planner_server]: worldToMap failed: mx,my: 416,41, size_x,size_y: 391,399
[planner_server-5] [ERROR] [1788842024.617742349] [planner_server]: worldToMap failed: mx,my: 417,41, size_x,size_y: 391,399
[planner_server-5] [ERROR] [1788842024.617745391] [planner_server]: worldToMap failed: mx,my: 418,41, size_x,size_y: 391,399
[planner_server-5] [ERROR] [1788842024.617748474] [planner_server]: worldToMap failed: mx,my: 419,41, size_x,size_y: 391,399
[planner_server-5] [ERROR] [1788842024.617751558] [planner_server]: worldToMap failed: mx,my: 420,41, size_x,size_y: 391,399
[planner_server-5] [ERROR] [1788842024.617754599] [planner_server]: worldToMap failed: mx,my: 421,41, size_x,size_y: 391,399
[planner_server-5] [ERROR] [1788842024.617757641] [planner_server]: worldToMap failed: mx,my: 422,41, size_x,size_y: 391,399
[planner_server-5] [ERROR] [1788842024.617760766] [planner_server]: worldToMap failed: mx,my: 423,41, size_x,size_y: 391,399
[planner_server-5] [ERROR] [1788842024.617764599] [planner_server]: worldToMap failed: mx,my: 391,42, size_x,size_y: 391,399
[planner_server-5] [ERROR] [1788842024.617767766] [planner_server]: worldToMap failed: mx,my: 392,42, size_x,size_y: 391,399
[planner_server-5] [ERROR] [1788842024.617770849] [planner_server]: worldToMap failed: mx,my: 393,42, size_x,size_y: 391,399
[planner_server-5] [ERROR] [1788842024.617773933] [planner_server]: worldToMap failed: mx,my: 394,42, size_x,size_y: 391,399
[planner_server-5] [ERROR] [1788842024.617777099] [planner_server]: worldToMap failed: mx,my: 395,42, size_x,size_y: 391,399
[planner_server-5] [ERROR] [1788842024.617780183] [planner_server]: worldToMap failed: mx,my: 396,42, size_x,size_y: 391,399
[planner_server-5] [ERROR] [1788842024.617783308] [planner_server]: worldToMap failed: mx,my: 397,42, size_x,size_y: 391,399
[planner_server-5] [ERROR] [1788842024.617786391] [planner_server]: worldToMap failed: mx,my: 398,42, size_x,size_y: 391,399
[planner_server-5] [ERROR] [1788842024.617789433] [planner_server]: worldToMap failed: mx,my: 399,42, size_x,size_y: 391,399
[planner_server-5] [ERROR] [1788842024.617792475] [planner_server]: worldToMap failed: mx,my: 400,42, size_x,size_y: 391,399
[planner_server-5] [ERROR] [1788842024.617795516] [planner_server]: worldToMap failed: mx,my: 401,42, size_x,size_y: 391,399
[planner_server-5] [ERROR] [1788842024.617798683] [planner_server]: worldToMap failed: mx,my: 402,42, size_x,size_y: 391,399
[planner_server-5] [ERROR] [1788842024.617801850] [planner_server]: worldToMap failed: mx,my: 403,42, size_x,size_y: 391,399
[planner_server-5] [ERROR] [1788842024.617804891] [planner_server]: worldToMap failed: mx,my: 404,42, size_x,size_y: 391,399
[planner_server-5] [ERROR] [1788842024.617807975] [planner_server]: worldToMap failed: mx,my: 405,42, size_x,size_y: 391,399
[planner_server-5] [ERROR] [1788842024.617811058] [planner_server]: worldToMap failed: mx,my: 406,42, size_x,size_y: 391,399
[planner_server-5] [ERROR] [1788842024.617814141] [planner_server]: worldToMap failed: mx,my: 407,42, size_x,size_y: 391,399
[planner_server-5] [ERROR] [1788842024.617817225] [planner_server]: worldToMap failed: mx,my: 408,42, size_x,size_y: 391,399
[planner_server-5] [ERROR] [1788842024.617820267] [planner_server]: worldToMap failed: mx,my: 409,42, size_x,size_y: 391,399
[planner_server-5] [ERROR] [1788842024.617823308] [planner_server]: worldToMap failed: mx,my: 410,42, size_x,size_y: 391,399
[planner_server-5] [ERROR] [1788842024.617827308] [planner_server]: worldToMap failed: mx,my: 411,42, size_x,size_y: 391,399
[planner_server-5] [ERROR] [1788842024.617830767] [planner_server]: worldToMap failed: mx,my: 412,42, size_x,size_y: 391,399
[planner_server-5] [ERROR] [1788842024.617833892] [planner_server]: worldToMap failed: mx,my: 413,42, size_x,size_y: 391,399
[planner_server-5] [ERROR] [1788842024.617836892] [planner_server]: worldToMap failed: mx,my: 414,42, size_x,size_y: 391,399
[planner_server-5] [ERROR] [1788842024.617839933] [planner_server]: worldToMap failed: mx,my: 415,42, size_x,size_y: 391,399
[planner_server-5] [ERROR] [1788842024.617843058] [planner_server]: worldToMap failed: mx,my: 416,42, size_x,size_y: 391,399
[planner_server-5] [ERROR] [1788842024.617846142] [planner_server]: worldToMap failed: mx,my: 417,42, size_x,size_y: 391,399
[planner_server-5] [ERROR] [1788842024.617849267] [planner_server]: worldToMap failed: mx,my: 418,42, size_x,size_y: 391,399
[planner_server-5] [ERROR] [1788842024.617852308] [planner_server]: worldToMap failed: mx,my: 419,42, size_x,size_y: 391,399
[planner_server-5] [ERROR] [1788842024.617855392] [planner_server]: worldToMap failed: mx,my: 420,42, size_x,size_y: 391,399
[planner_server-5] [ERROR] [1788842024.617858517] [planner_server]: worldToMap failed: mx,my: 421,42, size_x,size_y: 391,399
[planner_server-5] [ERROR] [1788842024.617861559] [planner_server]: worldToMap failed: mx,my: 422,42, size_x,size_y: 391,399
[planner_server-5] [ERROR] [1788842024.617864642] [planner_server]: worldToMap failed: mx,my: 423,42, size_x,size_y: 391,399
[planner_server-5] [ERROR] [1788842024.617868309] [planner_server]: worldToMap failed: mx,my: 391,43, size_x,size_y: 391,399
[planner_server-5] [ERROR] [1788842024.617871350] [planner_server]: worldToMap failed: mx,my: 392,43, size_x,size_y: 391,399
[planner_server-5] [ERROR] [1788842024.617874392] [planner_server]: worldToMap failed: mx,my: 393,43, size_x,size_y: 391,399
[planner_server-5] [ERROR] [1788842024.617877475] [planner_server]: worldToMap failed: mx,my: 394,43, size_x,size_y: 391,399
[planner_server-5] [ERROR] [1788842024.617880559] [planner_server]: worldToMap failed: mx,my: 395,43, size_x,size_y: 391,399
[planner_server-5] [ERROR] [1788842024.617883600] [planner_server]: worldToMap failed: mx,my: 396,43, size_x,size_y: 391,399
[planner_server-5] [ERROR] [1788842024.617886642] [planner_server]: worldToMap failed: mx,my: 397,43, size_x,size_y: 391,399
[planner_server-5] [ERROR] [1788842024.617889684] [planner_server]: worldToMap failed: mx,my: 398,43, size_x,size_y: 391,399
[planner_server-5] [ERROR] [1788842024.617892767] [planner_server]: worldToMap failed: mx,my: 399,43, size_x,size_y: 391,399
[planner_server-5] [ERROR] [1788842024.617895809] [planner_server]: worldToMap failed: mx,my: 400,43, size_x,size_y: 391,399
[planner_server-5] [ERROR] [1788842024.617898851] [planner_server]: worldToMap failed: mx,my: 401,43, size_x,size_y: 391,399
[planner_server-5] [ERROR] [1788842024.617901892] [planner_server]: worldToMap failed: mx,my: 402,43, size_x,size_y: 391,399
[planner_server-5] [ERROR] [1788842024.617904934] [planner_server]: worldToMap failed: mx,my: 403,43, size_x,size_y: 391,399
[planner_server-5] [ERROR] [1788842024.617907934] [planner_server]: worldToMap failed: mx,my: 404,43, size_x,size_y: 391,399
[planner_server-5] [ERROR] [1788842024.617910976] [planner_server]: worldToMap failed: mx,my: 405,43, size_x,size_y: 391,399
[planner_server-5] [ERROR] [1788842024.617913976] [planner_server]: worldToMap failed: mx,my: 406,43, size_x,size_y: 391,399
[planner_server-5] [ERROR] [1788842024.617917059] [planner_server]: worldToMap failed: mx,my: 407,43, size_x,size_y: 391,399
[planner_server-5] [ERROR] [1788842024.617920142] [planner_server]: worldToMap failed: mx,my: 408,43, size_x,size_y: 391,399
[planner_server-5] [ERROR] [1788842024.617923226] [planner_server]: worldToMap failed: mx,my: 409,43, size_x,size_y: 391,399
[planner_server-5] [ERROR] [1788842024.617926267] [planner_server]: worldToMap failed: mx,my: 410,43, size_x,size_y: 391,399
[planner_server-5] [ERROR] [1788842024.617929392] [planner_server]: worldToMap failed: mx,my: 411,43, size_x,size_y: 391,399
[planner_server-5] [ERROR] [1788842024.617932434] [planner_server]: worldToMap failed: mx,my: 412,43, size_x,size_y: 391,399
[planner_server-5] [ERROR] [1788842024.617935518] [planner_server]: worldToMap failed: mx,my: 413,43, size_x,size_y: 391,399
[planner_server-5] [ERROR] [1788842024.617938601] [planner_server]: worldToMap failed: mx,my: 414,43, size_x,size_y: 391,399
[planner_server-5] [ERROR] [1788842024.617941684] [planner_server]: worldToMap failed: mx,my: 415,43, size_x,size_y: 391,399
[planner_server-5] [ERROR] [1788842024.617944893] [planner_server]: worldToMap failed: mx,my: 416,43, size_x,size_y: 391,399
[planner_server-5] [ERROR] [1788842024.617955851] [planner_server]: worldToMap failed: mx,my: 417,43, size_x,size_y: 391,399
[planner_server-5] [ERROR] [1788842024.617964851] [planner_server]: worldToMap failed: mx,my: 418,43, size_x,size_y: 391,399
[planner_server-5] [ERROR] [1788842024.617968018] [planner_server]: worldToMap failed: mx,my: 419,43, size_x,size_y: 391,399
[planner_server-5] [ERROR] [1788842024.617971060] [planner_server]: worldToMap failed: mx,my: 420,43, size_x,size_y: 391,399
[planner_server-5] [ERROR] [1788842024.617980476] [planner_server]: worldToMap failed: mx,my: 421,43, size_x,size_y: 391,399
[planner_server-5] [ERROR] [1788842024.617983643] [planner_server]: worldToMap failed: mx,my: 422,43, size_x,size_y: 391,399
[planner_server-5] [ERROR] [1788842024.617986810] [planner_server]: worldToMap failed: mx,my: 423,43, size_x,size_y: 391,399
[planner_server-5] [ERROR] [1788842024.617990768] [planner_server]: worldToMap failed: mx,my: 391,44, size_x,size_y: 391,399
[planner_server-5] [ERROR] [1788842024.617993935] [planner_server]: worldToMap failed: mx,my: 392,44, size_x,size_y: 391,399
[planner_server-5] [ERROR] [1788842024.617997101] [planner_server]: worldToMap failed: mx,my: 393,44, size_x,size_y: 391,399
[planner_server-5] [ERROR] [1788842024.618000185] [planner_server]: worldToMap failed: mx,my: 394,44, size_x,size_y: 391,399
[planner_server-5] [ERROR] [1788842024.618003268] [planner_server]: worldToMap failed: mx,my: 395,44, size_x,size_y: 391,399
[planner_server-5] [ERROR] [1788842024.618006351] [planner_server]: worldToMap failed: mx,my: 396,44, size_x,size_y: 391,399
[planner_server-5] [ERROR] [1788842024.618009477] [planner_server]: worldToMap failed: mx,my: 397,44, size_x,size_y: 391,399
[planner_server-5] [ERROR] [1788842024.618012560] [planner_server]: worldToMap failed: mx,my: 398,44, size_x,size_y: 391,399
[planner_server-5] [ERROR] [1788842024.618015643] [planner_server]: worldToMap failed: mx,my: 399,44, size_x,size_y: 391,399
[planner_server-5] [ERROR] [1788842024.618018768] [planner_server]: worldToMap failed: mx,my: 400,44, size_x,size_y: 391,399
[planner_server-5] [ERROR] [1788842024.618021852] [planner_server]: worldToMap failed: mx,my: 401,44, size_x,size_y: 391,399
[planner_server-5] [ERROR] [1788842024.618024852] [planner_server]: worldToMap failed: mx,my: 402,44, size_x,size_y: 391,399
[planner_server-5] [ERROR] [1788842024.618027935] [planner_server]: worldToMap failed: mx,my: 403,44, size_x,size_y: 391,399
[planner_server-5] [ERROR] [1788842024.618031018] [planner_server]: worldToMap failed: mx,my: 404,44, size_x,size_y: 391,399
[planner_server-5] [ERROR] [1788842024.618034102] [planner_server]: worldToMap failed: mx,my: 405,44, size_x,size_y: 391,399
[planner_server-5] [ERROR] [1788842024.618037102] [planner_server]: worldToMap failed: mx,my: 406,44, size_x,size_y: 391,399
[planner_server-5] [ERROR] [1788842024.618040185] [planner_server]: worldToMap failed: mx,my: 407,44, size_x,size_y: 391,399
[planner_server-5] [ERROR] [1788842024.618043185] [planner_server]: worldToMap failed: mx,my: 408,44, size_x,size_y: 391,399
[planner_server-5] [ERROR] [1788842024.618046269] [planner_server]: worldToMap failed: mx,my: 409,44, size_x,size_y: 391,399
[planner_server-5] [ERROR] [1788842024.618049310] [planner_server]: worldToMap failed: mx,my: 410,44, size_x,size_y: 391,399
[planner_server-5] [ERROR] [1788842024.618052394] [planner_server]: worldToMap failed: mx,my: 411,44, size_x,size_y: 391,399
[planner_server-5] [ERROR] [1788842024.618055435] [planner_server]: worldToMap failed: mx,my: 412,44, size_x,size_y: 391,399
[planner_server-5] [ERROR] [1788842024.618058477] [planner_server]: worldToMap failed: mx,my: 413,44, size_x,size_y: 391,399
[planner_server-5] [ERROR] [1788842024.618061519] [planner_server]: worldToMap failed: mx,my: 414,44, size_x,size_y: 391,399
[planner_server-5] [ERROR] [1788842024.618064560] [planner_server]: worldToMap failed: mx,my: 415,44, size_x,size_y: 391,399
[planner_server-5] [ERROR] [1788842024.618067644] [planner_server]: worldToMap failed: mx,my: 416,44, size_x,size_y: 391,399
[planner_server-5] [ERROR] [1788842024.618070727] [planner_server]: worldToMap failed: mx,my: 417,44, size_x,size_y: 391,399
[planner_server-5] [ERROR] [1788842024.618073810] [planner_server]: worldToMap failed: mx,my: 418,44, size_x,size_y: 391,399
[planner_server-5] [ERROR] [1788842024.618076852] [planner_server]: worldToMap failed: mx,my: 419,44, size_x,size_y: 391,399
[planner_server-5] [ERROR] [1788842024.618079894] [planner_server]: worldToMap failed: mx,my: 420,44, size_x,size_y: 391,399
[planner_server-5] [ERROR] [1788842024.618082977] [planner_server]: worldToMap failed: mx,my: 421,44, size_x,size_y: 391,399
[planner_server-5] [ERROR] [1788842024.618092352] [planner_server]: worldToMap failed: mx,my: 422,44, size_x,size_y: 391,399
[planner_server-5] [ERROR] [1788842024.618101436] [planner_server]: worldToMap failed: mx,my: 423,44, size_x,size_y: 391,399
[planner_server-5] [ERROR] [1788842024.618105269] [planner_server]: worldToMap failed: mx,my: 391,45, size_x,size_y: 391,399
[planner_server-5] [ERROR] [1788842024.618108311] [planner_server]: worldToMap failed: mx,my: 392,45, size_x,size_y: 391,399
[planner_server-5] [ERROR] [1788842024.618111477] [planner_server]: worldToMap failed: mx,my: 393,45, size_x,size_y: 391,399
[planner_server-5] [ERROR] [1788842024.618114602] [planner_server]: worldToMap failed: mx,my: 394,45, size_x,size_y: 391,399
[planner_server-5] [ERROR] [1788842024.618117602] [planner_server]: worldToMap failed: mx,my: 395,45, size_x,size_y: 391,399
[planner_server-5] [ERROR] [1788842024.618120686] [planner_server]: worldToMap failed: mx,my: 396,45, size_x,size_y: 391,399
[planner_server-5] [ERROR] [1788842024.618123769] [planner_server]: worldToMap failed: mx,my: 397,45, size_x,size_y: 391,399
[planner_server-5] [ERROR] [1788842024.618126811] [planner_server]: worldToMap failed: mx,my: 398,45, size_x,size_y: 391,399
[planner_server-5] [ERROR] [1788842024.618129853] [planner_server]: worldToMap failed: mx,my: 399,45, size_x,size_y: 391,399
[planner_server-5] [ERROR] [1788842024.618132894] [planner_server]: worldToMap failed: mx,my: 400,45, size_x,size_y: 391,399
[planner_server-5] [ERROR] [1788842024.618135936] [planner_server]: worldToMap failed: mx,my: 401,45, size_x,size_y: 391,399
[planner_server-5] [ERROR] [1788842024.618138936] [planner_server]: worldToMap failed: mx,my: 402,45, size_x,size_y: 391,399
[planner_server-5] [ERROR] [1788842024.618141978] [planner_server]: worldToMap failed: mx,my: 403,45, size_x,size_y: 391,399
[planner_server-5] [ERROR] [1788842024.618145061] [planner_server]: worldToMap failed: mx,my: 404,45, size_x,size_y: 391,399
[planner_server-5] [ERROR] [1788842024.618148186] [planner_server]: worldToMap failed: mx,my: 405,45, size_x,size_y: 391,399
[planner_server-5] [ERROR] [1788842024.618151228] [planner_server]: worldToMap failed: mx,my: 406,45, size_x,size_y: 391,399
[planner_server-5] [ERROR] [1788842024.618154269] [planner_server]: worldToMap failed: mx,my: 407,45, size_x,size_y: 391,399
[planner_server-5] [ERROR] [1788842024.618157353] [planner_server]: worldToMap failed: mx,my: 408,45, size_x,size_y: 391,399
[planner_server-5] [ERROR] [1788842024.618160395] [planner_server]: worldToMap failed: mx,my: 409,45, size_x,size_y: 391,399
[planner_server-5] [ERROR] [1788842024.618163436] [planner_server]: worldToMap failed: mx,my: 410,45, size_x,size_y: 391,399
[planner_server-5] [ERROR] [1788842024.618166436] [planner_server]: worldToMap failed: mx,my: 411,45, size_x,size_y: 391,399
[planner_server-5] [ERROR] [1788842024.618169561] [planner_server]: worldToMap failed: mx,my: 412,45, size_x,size_y: 391,399
[planner_server-5] [ERROR] [1788842024.618172645] [planner_server]: worldToMap failed: mx,my: 413,45, size_x,size_y: 391,399
[planner_server-5] [ERROR] [1788842024.618175728] [planner_server]: worldToMap failed: mx,my: 414,45, size_x,size_y: 391,399
[planner_server-5] [ERROR] [1788842024.618178770] [planner_server]: worldToMap failed: mx,my: 415,45, size_x,size_y: 391,399
[planner_server-5] [ERROR] [1788842024.618181853] [planner_server]: worldToMap failed: mx,my: 416,45, size_x,size_y: 391,399
[planner_server-5] [ERROR] [1788842024.618184895] [planner_server]: worldToMap failed: mx,my: 417,45, size_x,size_y: 391,399
[planner_server-5] [ERROR] [1788842024.618187978] [planner_server]: worldToMap failed: mx,my: 418,45, size_x,size_y: 391,399
[planner_server-5] [ERROR] [1788842024.618191020] [planner_server]: worldToMap failed: mx,my: 419,45, size_x,size_y: 391,399
[planner_server-5] [ERROR] [1788842024.618194061] [planner_server]: worldToMap failed: mx,my: 420,45, size_x,size_y: 391,399
[planner_server-5] [ERROR] [1788842024.618197103] [planner_server]: worldToMap failed: mx,my: 421,45, size_x,size_y: 391,399
[planner_server-5] [ERROR] [1788842024.618200228] [planner_server]: worldToMap failed: mx,my: 422,45, size_x,size_y: 391,399
[planner_server-5] [ERROR] [1788842024.618203270] [planner_server]: worldToMap failed: mx,my: 423,45, size_x,size_y: 391,399
[planner_server-5] [ERROR] [1788842024.618206853] [planner_server]: worldToMap failed: mx,my: 391,46, size_x,size_y: 391,399
[planner_server-5] [ERROR] [1788842024.618209937] [planner_server]: worldToMap failed: mx,my: 392,46, size_x,size_y: 391,399
[planner_server-5] [ERROR] [1788842024.618212978] [planner_server]: worldToMap failed: mx,my: 393,46, size_x,size_y: 391,399
[planner_server-5] [ERROR] [1788842024.618216020] [planner_server]: worldToMap failed: mx,my: 394,46, size_x,size_y: 391,399
[planner_server-5] [ERROR] [1788842024.618225437] [planner_server]: worldToMap failed: mx,my: 395,46, size_x,size_y: 391,399
[planner_server-5] [ERROR] [1788842024.618234520] [planner_server]: worldToMap failed: mx,my: 396,46, size_x,size_y: 391,399
[planner_server-5] [ERROR] [1788842024.618237729] [planner_server]: worldToMap failed: mx,my: 397,46, size_x,size_y: 391,399
[planner_server-5] [ERROR] [1788842024.618241145] [planner_server]: worldToMap failed: mx,my: 398,46, size_x,size_y: 391,399
[planner_server-5] [ERROR] [1788842024.618244229] [planner_server]: worldToMap failed: mx,my: 399,46, size_x,size_y: 391,399
[planner_server-5] [ERROR] [1788842024.618247312] [planner_server]: worldToMap failed: mx,my: 400,46, size_x,size_y: 391,399
[planner_server-5] [ERROR] [1788842024.618250354] [planner_server]: worldToMap failed: mx,my: 401,46, size_x,size_y: 391,399
[planner_server-5] [ERROR] [1788842024.618253354] [planner_server]: worldToMap failed: mx,my: 402,46, size_x,size_y: 391,399
[planner_server-5] [ERROR] [1788842024.618256395] [planner_server]: worldToMap failed: mx,my: 403,46, size_x,size_y: 391,399
[planner_server-5] [ERROR] [1788842024.618259395] [planner_server]: worldToMap failed: mx,my: 404,46, size_x,size_y: 391,399
[planner_server-5] [ERROR] [1788842024.618262437] [planner_server]: worldToMap failed: mx,my: 405,46, size_x,size_y: 391,399
[planner_server-5] [ERROR] [1788842024.618265520] [planner_server]: worldToMap failed: mx,my: 406,46, size_x,size_y: 391,399
[planner_server-5] [ERROR] [1788842024.618268604] [planner_server]: worldToMap failed: mx,my: 407,46, size_x,size_y: 391,399
[planner_server-5] [ERROR] [1788842024.618271646] [planner_server]: worldToMap failed: mx,my: 408,46, size_x,size_y: 391,399
[planner_server-5] [ERROR] [1788842024.618274687] [planner_server]: worldToMap failed: mx,my: 409,46, size_x,size_y: 391,399
[planner_server-5] [ERROR] [1788842024.618277729] [planner_server]: worldToMap failed: mx,my: 410,46, size_x,size_y: 391,399
[planner_server-5] [ERROR] [1788842024.618280812] [planner_server]: worldToMap failed: mx,my: 411,46, size_x,size_y: 391,399
[planner_server-5] [ERROR] [1788842024.618283937] [planner_server]: worldToMap failed: mx,my: 412,46, size_x,size_y: 391,399
[planner_server-5] [ERROR] [1788842024.618287021] [planner_server]: worldToMap failed: mx,my: 413,46, size_x,size_y: 391,399
[planner_server-5] [ERROR] [1788842024.618290062] [planner_server]: worldToMap failed: mx,my: 414,46, size_x,size_y: 391,399
[planner_server-5] [ERROR] [1788842024.618293104] [planner_server]: worldToMap failed: mx,my: 415,46, size_x,size_y: 391,399
[planner_server-5] [ERROR] [1788842024.618296146] [planner_server]: worldToMap failed: mx,my: 416,46, size_x,size_y: 391,399
[planner_server-5] [ERROR] [1788842024.618299229] [planner_server]: worldToMap failed: mx,my: 417,46, size_x,size_y: 391,399
[planner_server-5] [ERROR] [1788842024.618302229] [planner_server]: worldToMap failed: mx,my: 418,46, size_x,size_y: 391,399
[planner_server-5] [ERROR] [1788842024.618305271] [planner_server]: worldToMap failed: mx,my: 419,46, size_x,size_y: 391,399
[planner_server-5] [ERROR] [1788842024.618308313] [planner_server]: worldToMap failed: mx,my: 420,46, size_x,size_y: 391,399
[planner_server-5] [ERROR] [1788842024.618311396] [planner_server]: worldToMap failed: mx,my: 421,46, size_x,size_y: 391,399
[planner_server-5] [ERROR] [1788842024.618314438] [planner_server]: worldToMap failed: mx,my: 422,46, size_x,size_y: 391,399
[planner_server-5] [ERROR] [1788842024.618317396] [planner_server]: worldToMap failed: mx,my: 423,46, size_x,size_y: 391,399
[planner_server-5] [ERROR] [1788842024.618321188] [planner_server]: worldToMap failed: mx,my: 391,47, size_x,size_y: 391,399
[planner_server-5] [ERROR] [1788842024.618324271] [planner_server]: worldToMap failed: mx,my: 392,47, size_x,size_y: 391,399
[planner_server-5] [ERROR] [1788842024.618327354] [planner_server]: worldToMap failed: mx,my: 393,47, size_x,size_y: 391,399
[planner_server-5] [ERROR] [1788842024.618330396] [planner_server]: worldToMap failed: mx,my: 394,47, size_x,size_y: 391,399
[planner_server-5] [ERROR] [1788842024.618333438] [planner_server]: worldToMap failed: mx,my: 395,47, size_x,size_y: 391,399
[planner_server-5] [ERROR] [1788842024.618336479] [planner_server]: worldToMap failed: mx,my: 396,47, size_x,size_y: 391,399
[planner_server-5] [ERROR] [1788842024.618339604] [planner_server]: worldToMap failed: mx,my: 397,47, size_x,size_y: 391,399
[planner_server-5] [ERROR] [1788842024.618342688] [planner_server]: worldToMap failed: mx,my: 398,47, size_x,size_y: 391,399
[planner_server-5] [ERROR] [1788842024.618345730] [planner_server]: worldToMap failed: mx,my: 399,47, size_x,size_y: 391,399
[planner_server-5] [ERROR] [1788842024.618349980] [planner_server]: worldToMap failed: mx,my: 400,47, size_x,size_y: 391,399
[planner_server-5] [ERROR] [1788842024.618353480] [planner_server]: worldToMap failed: mx,my: 401,47, size_x,size_y: 391,399
[planner_server-5] [ERROR] [1788842024.618356646] [planner_server]: worldToMap failed: mx,my: 402,47, size_x,size_y: 391,399
[planner_server-5] [ERROR] [1788842024.618360105] [planner_server]: worldToMap failed: mx,my: 403,47, size_x,size_y: 391,399
[planner_server-5] [ERROR] [1788842024.618363188] [planner_server]: worldToMap failed: mx,my: 404,47, size_x,size_y: 391,399
[planner_server-5] [ERROR] [1788842024.618366355] [planner_server]: worldToMap failed: mx,my: 405,47, size_x,size_y: 391,399
[planner_server-5] [ERROR] [1788842024.618369438] [planner_server]: worldToMap failed: mx,my: 406,47, size_x,size_y: 391,399
[planner_server-5] [ERROR] [1788842024.618372521] [planner_server]: worldToMap failed: mx,my: 407,47, size_x,size_y: 391,399
[planner_server-5] [ERROR] [1788842024.618375646] [planner_server]: worldToMap failed: mx,my: 408,47, size_x,size_y: 391,399
[planner_server-5] [ERROR] [1788842024.618378730] [planner_server]: worldToMap failed: mx,my: 409,47, size_x,size_y: 391,399
[planner_server-5] [ERROR] [1788842024.618381771] [planner_server]: worldToMap failed: mx,my: 410,47, size_x,size_y: 391,399
[planner_server-5] [ERROR] [1788842024.618384813] [planner_server]: worldToMap failed: mx,my: 411,47, size_x,size_y: 391,399
[planner_server-5] [ERROR] [1788842024.618387938] [planner_server]: worldToMap failed: mx,my: 412,47, size_x,size_y: 391,399
[planner_server-5] [ERROR] [1788842024.618391022] [planner_server]: worldToMap failed: mx,my: 413,47, size_x,size_y: 391,399
[planner_server-5] [ERROR] [1788842024.618394105] [planner_server]: worldToMap failed: mx,my: 414,47, size_x,size_y: 391,399
[planner_server-5] [ERROR] [1788842024.618397188] [planner_server]: worldToMap failed: mx,my: 415,47, size_x,size_y: 391,399
[planner_server-5] [ERROR] [1788842024.618400272] [planner_server]: worldToMap failed: mx,my: 416,47, size_x,size_y: 391,399
[planner_server-5] [ERROR] [1788842024.618403313] [planner_server]: worldToMap failed: mx,my: 417,47, size_x,size_y: 391,399
[planner_server-5] [ERROR] [1788842024.618406355] [planner_server]: worldToMap failed: mx,my: 418,47, size_x,size_y: 391,399
[planner_server-5] [ERROR] [1788842024.618409397] [planner_server]: worldToMap failed: mx,my: 419,47, size_x,size_y: 391,399
[planner_server-5] [ERROR] [1788842024.618412480] [planner_server]: worldToMap failed: mx,my: 420,47, size_x,size_y: 391,399
[planner_server-5] [ERROR] [1788842024.618415563] [planner_server]: worldToMap failed: mx,my: 421,47, size_x,size_y: 391,399
[planner_server-5] [ERROR] [1788842024.618418688] [planner_server]: worldToMap failed: mx,my: 422,47, size_x,size_y: 391,399
[planner_server-5] [ERROR] [1788842024.618421772] [planner_server]: worldToMap failed: mx,my: 423,47, size_x,size_y: 391,399
[planner_server-5] [ERROR] [1788842024.618425355] [planner_server]: worldToMap failed: mx,my: 391,48, size_x,size_y: 391,399
[planner_server-5] [ERROR] [1788842024.618428439] [planner_server]: worldToMap failed: mx,my: 392,48, size_x,size_y: 391,399
[planner_server-5] [ERROR] [1788842024.618431480] [planner_server]: worldToMap failed: mx,my: 393,48, size_x,size_y: 391,399
[planner_server-5] [ERROR] [1788842024.618434605] [planner_server]: worldToMap failed: mx,my: 394,48, size_x,size_y: 391,399
[planner_server-5] [ERROR] [1788842024.618437689] [planner_server]: worldToMap failed: mx,my: 395,48, size_x,size_y: 391,399
[planner_server-5] [ERROR] [1788842024.618440814] [planner_server]: worldToMap failed: mx,my: 396,48, size_x,size_y: 391,399
[planner_server-5] [ERROR] [1788842024.618443855] [planner_server]: worldToMap failed: mx,my: 397,48, size_x,size_y: 391,399
[planner_server-5] [ERROR] [1788842024.618446980] [planner_server]: worldToMap failed: mx,my: 398,48, size_x,size_y: 391,399
[planner_server-5] [ERROR] [1788842024.618450064] [planner_server]: worldToMap failed: mx,my: 399,48, size_x,size_y: 391,399
[planner_server-5] [ERROR] [1788842024.618453105] [planner_server]: worldToMap failed: mx,my: 400,48, size_x,size_y: 391,399
[planner_server-5] [ERROR] [1788842024.618456189] [planner_server]: worldToMap failed: mx,my: 401,48, size_x,size_y: 391,399
[planner_server-5] [ERROR] [1788842024.618459272] [planner_server]: worldToMap failed: mx,my: 402,48, size_x,size_y: 391,399
[planner_server-5] [ERROR] [1788842024.618462397] [planner_server]: worldToMap failed: mx,my: 403,48, size_x,size_y: 391,399
[planner_server-5] [ERROR] [1788842024.618465481] [planner_server]: worldToMap failed: mx,my: 404,48, size_x,size_y: 391,399
[planner_server-5] [ERROR] [1788842024.618468522] [planner_server]: worldToMap failed: mx,my: 405,48, size_x,size_y: 391,399
[planner_server-5] [ERROR] [1788842024.618472564] [planner_server]: worldToMap failed: mx,my: 406,48, size_x,size_y: 391,399
[planner_server-5] [ERROR] [1788842024.618476106] [planner_server]: worldToMap failed: mx,my: 407,48, size_x,size_y: 391,399
[planner_server-5] [ERROR] [1788842024.618479731] [planner_server]: worldToMap failed: mx,my: 408,48, size_x,size_y: 391,399
[planner_server-5] [ERROR] [1788842024.618482814] [planner_server]: worldToMap failed: mx,my: 409,48, size_x,size_y: 391,399
[planner_server-5] [ERROR] [1788842024.618485856] [planner_server]: worldToMap failed: mx,my: 410,48, size_x,size_y: 391,399
[planner_server-5] [ERROR] [1788842024.618488939] [planner_server]: worldToMap failed: mx,my: 411,48, size_x,size_y: 391,399
[planner_server-5] [ERROR] [1788842024.618491981] [planner_server]: worldToMap failed: mx,my: 412,48, size_x,size_y: 391,399
[planner_server-5] [ERROR] [1788842024.618495022] [planner_server]: worldToMap failed: mx,my: 413,48, size_x,size_y: 391,399
[planner_server-5] [ERROR] [1788842024.618498106] [planner_server]: worldToMap failed: mx,my: 414,48, size_x,size_y: 391,399
[planner_server-5] [ERROR] [1788842024.618501189] [planner_server]: worldToMap failed: mx,my: 415,48, size_x,size_y: 391,399
[planner_server-5] [ERROR] [1788842024.618504231] [planner_server]: worldToMap failed: mx,my: 416,48, size_x,size_y: 391,399
[planner_server-5] [ERROR] [1788842024.618507273] [planner_server]: worldToMap failed: mx,my: 417,48, size_x,size_y: 391,399
[planner_server-5] [ERROR] [1788842024.618510356] [planner_server]: worldToMap failed: mx,my: 418,48, size_x,size_y: 391,399
[planner_server-5] [ERROR] [1788842024.618513356] [planner_server]: worldToMap failed: mx,my: 419,48, size_x,size_y: 391,399
[planner_server-5] [ERROR] [1788842024.618516439] [planner_server]: worldToMap failed: mx,my: 420,48, size_x,size_y: 391,399
[planner_server-5] [ERROR] [1788842024.618519439] [planner_server]: worldToMap failed: mx,my: 421,48, size_x,size_y: 391,399
[planner_server-5] [ERROR] [1788842024.618522523] [planner_server]: worldToMap failed: mx,my: 422,48, size_x,size_y: 391,399
[planner_server-5] [ERROR] [1788842024.618525606] [planner_server]: worldToMap failed: mx,my: 423,48, size_x,size_y: 391,399
[planner_server-5] [ERROR] [1788842024.618529273] [planner_server]: worldToMap failed: mx,my: 391,49, size_x,size_y: 391,399
[planner_server-5] [ERROR] [1788842024.618532273] [planner_server]: worldToMap failed: mx,my: 392,49, size_x,size_y: 391,399
[planner_server-5] [ERROR] [1788842024.618535315] [planner_server]: worldToMap failed: mx,my: 393,49, size_x,size_y: 391,399
[planner_server-5] [ERROR] [1788842024.618538315] [planner_server]: worldToMap failed: mx,my: 394,49, size_x,size_y: 391,399
[planner_server-5] [ERROR] [1788842024.618541398] [planner_server]: worldToMap failed: mx,my: 395,49, size_x,size_y: 391,399
[planner_server-5] [ERROR] [1788842024.618544481] [planner_server]: worldToMap failed: mx,my: 396,49, size_x,size_y: 391,399
[planner_server-5] [ERROR] [1788842024.618547523] [planner_server]: worldToMap failed: mx,my: 397,49, size_x,size_y: 391,399
[planner_server-5] [ERROR] [1788842024.618550523] [planner_server]: worldToMap failed: mx,my: 398,49, size_x,size_y: 391,399
[planner_server-5] [ERROR] [1788842024.618553565] [planner_server]: worldToMap failed: mx,my: 399,49, size_x,size_y: 391,399
[planner_server-5] [ERROR] [1788842024.618556648] [planner_server]: worldToMap failed: mx,my: 400,49, size_x,size_y: 391,399
[planner_server-5] [ERROR] [1788842024.618559690] [planner_server]: worldToMap failed: mx,my: 401,49, size_x,size_y: 391,399
[planner_server-5] [ERROR] [1788842024.618562773] [planner_server]: worldToMap failed: mx,my: 402,49, size_x,size_y: 391,399
[planner_server-5] [ERROR] [1788842024.618565815] [planner_server]: worldToMap failed: mx,my: 403,49, size_x,size_y: 391,399
[planner_server-5] [ERROR] [1788842024.618568856] [planner_server]: worldToMap failed: mx,my: 404,49, size_x,size_y: 391,399
[planner_server-5] [ERROR] [1788842024.618571940] [planner_server]: worldToMap failed: mx,my: 405,49, size_x,size_y: 391,399
[planner_server-5] [ERROR] [1788842024.618574940] [planner_server]: worldToMap failed: mx,my: 406,49, size_x,size_y: 391,399
[planner_server-5] [ERROR] [1788842024.618577982] [planner_server]: worldToMap failed: mx,my: 407,49, size_x,size_y: 391,399
[planner_server-5] [ERROR] [1788842024.618581023] [planner_server]: worldToMap failed: mx,my: 408,49, size_x,size_y: 391,399
[planner_server-5] [ERROR] [1788842024.618584065] [planner_server]: worldToMap failed: mx,my: 409,49, size_x,size_y: 391,399
[planner_server-5] [ERROR] [1788842024.618587148] [planner_server]: worldToMap failed: mx,my: 410,49, size_x,size_y: 391,399
[planner_server-5] [ERROR] [1788842024.618590190] [planner_server]: worldToMap failed: mx,my: 411,49, size_x,size_y: 391,399
[planner_server-5] [ERROR] [1788842024.618599315] [planner_server]: worldToMap failed: mx,my: 412,49, size_x,size_y: 391,399
[planner_server-5] [ERROR] [1788842024.618608273] [planner_server]: worldToMap failed: mx,my: 413,49, size_x,size_y: 391,399
[planner_server-5] [ERROR] [1788842024.618611482] [planner_server]: worldToMap failed: mx,my: 414,49, size_x,size_y: 391,399
[planner_server-5] [ERROR] [1788842024.618614607] [planner_server]: worldToMap failed: mx,my: 415,49, size_x,size_y: 391,399
[planner_server-5] [ERROR] [1788842024.618617649] [planner_server]: worldToMap failed: mx,my: 416,49, size_x,size_y: 391,399
[planner_server-5] [ERROR] [1788842024.618620732] [planner_server]: worldToMap failed: mx,my: 417,49, size_x,size_y: 391,399
[planner_server-5] [ERROR] [1788842024.618623774] [planner_server]: worldToMap failed: mx,my: 418,49, size_x,size_y: 391,399
[planner_server-5] [ERROR] [1788842024.618626857] [planner_server]: worldToMap failed: mx,my: 419,49, size_x,size_y: 391,399
[planner_server-5] [ERROR] [1788842024.618629899] [planner_server]: worldToMap failed: mx,my: 420,49, size_x,size_y: 391,399
[planner_server-5] [ERROR] [1788842024.618632899] [planner_server]: worldToMap failed: mx,my: 421,49, size_x,size_y: 391,399
[planner_server-5] [ERROR] [1788842024.618635982] [planner_server]: worldToMap failed: mx,my: 422,49, size_x,size_y: 391,399
[planner_server-5] [ERROR] [1788842024.618639024] [planner_server]: worldToMap failed: mx,my: 423,49, size_x,size_y: 391,399
[controller_server-3] [INFO] [1788842024.629430953] [controller_server]: Received a goal, begin computing control effort.
[controller_server-3] [INFO] [1788842024.936072045] [controller_server]: Reached the goal!
[bt_navigator-7] [INFO] [1788842024.969357381] [bt_navigator]: Goal succeeded
[INFO] [1788842024.969787844] [candidate_explorer]: Recovery move 'forward-left' succeeded.
[INFO] [1788842025.108089069] [candidate_explorer]: Detected 124 frontier cells
[INFO] [1788842025.108440572] [candidate_explorer]: Found 1 frontier clusters after filtering
[INFO] [1788842025.108739075] [candidate_explorer]: Selected frontier cluster: size=119, goal=(-0.27, 0.13), distance=0.60
[INFO] [1788842025.109008410] [candidate_explorer]: Checking global path to frontier (-0.27, 0.13), distance=0.60m
[INFO] [1788842025.111793352] [candidate_explorer]: Nav2 path to frontier is 0.62m (straight-line=0.60m, detour=1.0x)
[INFO] [1788842025.112483858] [candidate_explorer]: Global path accepted. Navigating to frontier (-0.27, 0.13)
[bt_navigator-7] [INFO] [1788842025.112837278] [bt_navigator]: Begin navigating from current location (0.33, 0.03) to (-0.27, 0.13)
[controller_server-3] [INFO] [1788842025.135490812] [controller_server]: Received a goal, begin computing control effort.
[controller_server-3] [INFO] [1788842026.188665977] [controller_server]: Passing new path to controller.
[controller_server-3] [INFO] [1788842026.439940120] [controller_server]: Reached the goal!
[bt_navigator-7] [INFO] [1788842026.474462801] [bt_navigator]: Goal succeeded
[INFO] [1788842026.475233808] [candidate_explorer]: Frontier goal finished: success=True
[INFO] [1788842026.475505394] [candidate_explorer]: Reached frontier. Waiting for the map to expose new frontiers.
[INFO] [1788842026.610445381] [candidate_explorer]: Detected 124 frontier cells
[INFO] [1788842026.610825093] [candidate_explorer]: Found 1 frontier clusters after filtering
[WARN] [1788842026.611082178] [candidate_explorer]: Frontier clusters exist, but none have a usable goal point.
[WARN] [1788842026.611352389] [candidate_explorer]: Frontier clusters exist but have no usable goal. Trying recovery direction 1/8 before checking again.
[INFO] [1788842026.611604391] [candidate_explorer]: Recovery move 1/8: forward, 0.8 m -> (-0.89, 0.21)
[bt_navigator-7] [INFO] [1788842026.612066229] [bt_navigator]: Begin navigating from current location (-0.09, 0.26) to (-0.89, 0.21)
[controller_server-3] [INFO] [1788842026.635914815] [controller_server]: Received a goal, begin computing control effort.
[controller_server-3] [INFO] [1788842027.239750332] [controller_server]: Reached the goal!
[bt_navigator-7] [INFO] [1788842027.272405080] [bt_navigator]: Goal succeeded
[INFO] [1788842027.272813625] [candidate_explorer]: Recovery move 'forward' succeeded.
[INFO] [1788842027.355668151] [candidate_explorer]: Detected 124 frontier cells
[INFO] [1788842027.356048029] [candidate_explorer]: Found 1 frontier clusters after filtering
[INFO] [1788842027.356343282] [candidate_explorer]: Selected frontier cluster: size=119, goal=(-0.07, 0.34), distance=0.60
[INFO] [1788842027.356610826] [candidate_explorer]: Checking global path to frontier (-0.07, 0.34), distance=0.60m
[INFO] [1788842027.359258641] [candidate_explorer]: Nav2 path to frontier is 0.60m (straight-line=0.60m, detour=1.0x)
[INFO] [1788842027.360000773] [candidate_explorer]: Global path accepted. Navigating to frontier (-0.07, 0.34)
[bt_navigator-7] [INFO] [1788842027.360332817] [bt_navigator]: Begin navigating from current location (-0.67, 0.25) to (-0.07, 0.34)
[controller_server-3] [INFO] [1788842027.381809008] [controller_server]: Received a goal, begin computing control effort.
[planner_server-5] [INFO] [1788842028.376890116] [global_costmap.global_costmap]: StaticLayer: Resizing costmap to 470 X 406 at 0.015000 m/pix
[controller_server-3] [INFO] [1788842028.438713289] [controller_server]: Passing new path to controller.
[controller_server-3] [INFO] [1788842028.934421557] [controller_server]: Reached the goal!
[bt_navigator-7] [INFO] [1788842028.972094932] [bt_navigator]: Goal succeeded
[INFO] [1788842028.972778105] [candidate_explorer]: Frontier goal finished: success=True
[INFO] [1788842028.973045149] [candidate_explorer]: Reached frontier. Waiting for the map to expose new frontiers.
[INFO] [1788842029.119132443] [candidate_explorer]: Detected 2523 frontier cells
[INFO] [1788842029.121490464] [candidate_explorer]: Found 85 frontier clusters after filtering
[INFO] [1788842029.122903560] [candidate_explorer]: Selected frontier cluster: size=1138, goal=(-0.37, 1.04), distance=0.60
[INFO] [1788842029.123322480] [candidate_explorer]: Checking global path to frontier (-0.37, 1.04), distance=0.60m
[INFO] [1788842029.126266923] [candidate_explorer]: Nav2 path to frontier is 0.62m (straight-line=0.60m, detour=1.0x)
[INFO] [1788842029.127236307] [candidate_explorer]: Global path accepted. Navigating to frontier (-0.37, 1.04)
[bt_navigator-7] [INFO] [1788842029.127580852] [bt_navigator]: Begin navigating from current location (-0.26, 0.45) to (-0.37, 1.04)
[controller_server-3] [INFO] [1788842029.150506805] [controller_server]: Received a goal, begin computing control effort.
[controller_server-3] [INFO] [1788842030.201488534] [controller_server]: Passing new path to controller.
[planner_server-5] [INFO] [1788842030.378629228] [global_costmap.global_costmap]: StaticLayer: Resizing costmap to 490 X 406 at 0.015000 m/pix
[controller_server-3] [INFO] [1788842030.602748423] [controller_server]: Reached the goal!
[bt_navigator-7] [INFO] [1788842030.638950452] [bt_navigator]: Goal succeeded
[INFO] [1788842030.639469915] [candidate_explorer]: Frontier goal finished: success=True
[INFO] [1788842030.639691917] [candidate_explorer]: Reached frontier. Waiting for the map to expose new frontiers.
[INFO] [1788842030.880217631] [candidate_explorer]: Detected 7190 frontier cells
[INFO] [1788842030.886581479] [candidate_explorer]: Found 205 frontier clusters after filtering
[INFO] [1788842030.890531889] [candidate_explorer]: Selected frontier cluster: size=4074, goal=(-0.46, 1.49), distance=0.60
[INFO] [1788842030.891201354] [candidate_explorer]: Checking global path to frontier (-0.46, 1.49), distance=0.60m
[INFO] [1788842030.893939961] [candidate_explorer]: Nav2 path to frontier is 0.62m (straight-line=0.60m, detour=1.0x)
[INFO] [1788842030.894836261] [candidate_explorer]: Global path accepted. Navigating to frontier (-0.46, 1.49)
[bt_navigator-7] [INFO] [1788842030.895246431] [bt_navigator]: Begin navigating from current location (-0.18, 0.96) to (-0.46, 1.49)
[controller_server-3] [INFO] [1788842030.918376469] [controller_server]: Received a goal, begin computing control effort.
[controller_server-3] [INFO] [1788842031.374174175] [controller_server]: Reached the goal!
[bt_navigator-7] [INFO] [1788842031.405807663] [bt_navigator]: Goal succeeded
[INFO] [1788842031.406388502] [candidate_explorer]: Frontier goal finished: success=True
[INFO] [1788842031.406642212] [candidate_explorer]: Reached frontier. Waiting for the map to expose new frontiers.
[INFO] [1788842031.611543320] [candidate_explorer]: Detected 7190 frontier cells
[INFO] [1788842031.617917418] [candidate_explorer]: Found 205 frontier clusters after filtering
[INFO] [1788842031.622055913] [candidate_explorer]: Selected frontier cluster: size=4074, goal=(-0.94, 1.49), distance=0.60
[INFO] [1788842031.622745586] [candidate_explorer]: Checking global path to frontier (-0.94, 1.49), distance=0.60m
[INFO] [1788842031.626017115] [candidate_explorer]: Nav2 path to frontier is 0.61m (straight-line=0.60m, detour=1.0x)
[INFO] [1788842031.627022957] [candidate_explorer]: Global path accepted. Navigating to frontier (-0.94, 1.49)
[bt_navigator-7] [INFO] [1788842031.627480586] [bt_navigator]: Begin navigating from current location (-0.36, 1.33) to (-0.94, 1.49)
[controller_server-3] [INFO] [1788842031.648057935] [controller_server]: Received a goal, begin computing control effort.
[planner_server-5] [INFO] [1788842032.377742651] [global_costmap.global_costmap]: StaticLayer: Resizing costmap to 498 X 408 at 0.015000 m/pix
[controller_server-3] [INFO] [1788842032.451186218] [controller_server]: Reached the goal!
[bt_navigator-7] [INFO] [1788842032.487817543] [bt_navigator]: Goal succeeded
[INFO] [1788842032.488376339] [candidate_explorer]: Frontier goal finished: success=True
[INFO] [1788842032.488603258] [candidate_explorer]: Reached frontier. Waiting for the map to expose new frontiers.
[INFO] [1788842032.627838783] [candidate_explorer]: Detected 8864 frontier cells
[INFO] [1788842032.636170732] [candidate_explorer]: Found 201 frontier clusters after filtering
[INFO] [1788842032.641181860] [candidate_explorer]: Selected frontier cluster: size=5557, goal=(-1.30, 1.73), distance=0.60
[INFO] [1788842032.641982909] [candidate_explorer]: Checking global path to frontier (-1.30, 1.73), distance=0.60m
[INFO] [1788842032.645084519] [candidate_explorer]: Nav2 path to frontier is 0.62m (straight-line=0.60m, detour=1.0x)
[INFO] [1788842032.646080945] [candidate_explorer]: Global path accepted. Navigating to frontier (-1.30, 1.73)
[bt_navigator-7] [INFO] [1788842032.646484532] [bt_navigator]: Begin navigating from current location (-0.73, 1.56) to (-1.30, 1.73)
[controller_server-3] [INFO] [1788842032.667568135] [controller_server]: Received a goal, begin computing control effort.
[controller_server-3] [INFO] [1788842033.122543458] [controller_server]: Reached the goal!
[bt_navigator-7] [INFO] [1788842033.157812688] [bt_navigator]: Goal succeeded
[INFO] [1788842033.158275567] [candidate_explorer]: Frontier goal finished: success=True
[INFO] [1788842033.158495652] [candidate_explorer]: Reached frontier. Waiting for the map to expose new frontiers.
[INFO] [1788842033.365462402] [candidate_explorer]: Detected 8864 frontier cells
[INFO] [1788842033.373147804] [candidate_explorer]: Found 201 frontier clusters after filtering
[INFO] [1788842033.378341267] [candidate_explorer]: Selected frontier cluster: size=5557, goal=(-1.71, 1.61), distance=0.60
[INFO] [1788842033.379237066] [candidate_explorer]: Checking global path to frontier (-1.71, 1.61), distance=0.60m
[INFO] [1788842033.382120550] [candidate_explorer]: Nav2 path to frontier is 0.60m (straight-line=0.60m, detour=1.0x)
[INFO] [1788842033.383064683] [candidate_explorer]: Global path accepted. Navigating to frontier (-1.71, 1.61)
[bt_navigator-7] [INFO] [1788842033.383422353] [bt_navigator]: Begin navigating from current location (-1.11, 1.64) to (-1.71, 1.61)
[controller_server-3] [INFO] [1788842033.404999336] [controller_server]: Received a goal, begin computing control effort.
[controller_server-3] [INFO] [1788842033.860014868] [controller_server]: Reached the goal!
[bt_navigator-7] [INFO] [1788842033.893953210] [bt_navigator]: Goal succeeded
[INFO] [1788842033.894477423] [candidate_explorer]: Frontier goal finished: success=True
[INFO] [1788842033.894722050] [candidate_explorer]: Reached frontier. Waiting for the map to expose new frontiers.
[INFO] [1788842034.133941545] [candidate_explorer]: Detected 10860 frontier cells
[INFO] [1788842034.143328503] [candidate_explorer]: Found 159 frontier clusters after filtering
[INFO] [1788842034.149221556] [candidate_explorer]: Selected frontier cluster: size=27, goal=(-2.09, 1.54), distance=0.60
[INFO] [1788842034.150038563] [candidate_explorer]: Checking global path to frontier (-2.09, 1.54), distance=0.60m
[INFO] [1788842034.153070256] [candidate_explorer]: Nav2 path to frontier is 0.66m (straight-line=0.60m, detour=1.1x)
[INFO] [1788842034.154042682] [candidate_explorer]: Global path accepted. Navigating to frontier (-2.09, 1.54)
[bt_navigator-7] [INFO] [1788842034.154482435] [bt_navigator]: Begin navigating from current location (-1.51, 1.67) to (-2.09, 1.54)
[controller_server-3] [INFO] [1788842034.177703641] [controller_server]: Received a goal, begin computing control effort.
[planner_server-5] [INFO] [1788842034.379889474] [global_costmap.global_costmap]: StaticLayer: Resizing costmap to 557 X 409 at 0.015000 m/pix
[controller_server-3] [INFO] [1788842034.631721706] [controller_server]: Reached the goal!
[bt_navigator-7] [INFO] [1788842034.664701623] [bt_navigator]: Goal succeeded
[INFO] [1788842034.665418879] [candidate_explorer]: Frontier goal finished: success=True
[INFO] [1788842034.665644340] [candidate_explorer]: Reached frontier. Waiting for the map to expose new frontiers.
[INFO] [1788842034.870096068] [candidate_explorer]: Detected 10860 frontier cells
[INFO] [1788842034.879663528] [candidate_explorer]: Found 159 frontier clusters after filtering
[INFO] [1788842034.885583080] [candidate_explorer]: Selected frontier cluster: size=7248, goal=(-2.47, 1.70), distance=0.60
[INFO] [1788842034.886552839] [candidate_explorer]: Checking global path to frontier (-2.47, 1.70), distance=0.60m
[INFO] [1788842034.889801659] [candidate_explorer]: Nav2 path to frontier is 0.68m (straight-line=0.60m, detour=1.1x)
[INFO] [1788842034.890779626] [candidate_explorer]: Global path accepted. Navigating to frontier (-2.47, 1.70)
[bt_navigator-7] [INFO] [1788842034.891195547] [bt_navigator]: Begin navigating from current location (-1.88, 1.59) to (-2.47, 1.70)
[controller_server-3] [INFO] [1788842034.912623653] [controller_server]: Received a goal, begin computing control effort.
[controller_server-3] [INFO] [1788842035.366231964] [controller_server]: Reached the goal!
[bt_navigator-7] [INFO] [1788842035.403879089] [bt_navigator]: Goal succeeded
[INFO] [1788842035.404573137] [candidate_explorer]: Frontier goal finished: success=True
[INFO] [1788842035.404825098] [candidate_explorer]: Reached frontier. Waiting for the map to expose new frontiers.
[INFO] [1788842035.621023013] [candidate_explorer]: Detected 10860 frontier cells
[INFO] [1788842035.630578265] [candidate_explorer]: Found 159 frontier clusters after filtering
[INFO] [1788842035.636278232] [candidate_explorer]: Selected frontier cluster: size=41, goal=(-2.89, 1.60), distance=0.60
[INFO] [1788842035.637291283] [candidate_explorer]: Checking global path to frontier (-2.89, 1.60), distance=0.60m
[INFO] [1788842035.640238184] [candidate_explorer]: Nav2 path to frontier is 0.62m (straight-line=0.60m, detour=1.0x)
[INFO] [1788842035.641132567] [candidate_explorer]: Global path accepted. Navigating to frontier (-2.89, 1.60)
[bt_navigator-7] [INFO] [1788842035.641492445] [bt_navigator]: Begin navigating from current location (-2.29, 1.63) to (-2.89, 1.60)
[controller_server-3] [INFO] [1788842035.663294430] [controller_server]: Received a goal, begin computing control effort.
[controller_server-3] [INFO] [1788842036.116045316] [controller_server]: Reached the goal!
[bt_navigator-7] [INFO] [1788842036.153825193] [bt_navigator]: Goal succeeded
[INFO] [1788842036.154533282] [candidate_explorer]: Frontier goal finished: success=True
[INFO] [1788842036.154791785] [candidate_explorer]: Reached frontier. Waiting for the map to expose new frontiers.
[planner_server-5] [INFO] [1788842036.380064698] [global_costmap.global_costmap]: StaticLayer: Resizing costmap to 579 X 409 at 0.015000 m/pix
[INFO] [1788842036.386128335] [candidate_explorer]: Detected 10730 frontier cells
[INFO] [1788842036.395330249] [candidate_explorer]: Found 134 frontier clusters after filtering
[INFO] [1788842036.401080550] [candidate_explorer]: Selected frontier cluster: size=5, goal=(-3.20, 1.37), distance=0.61
[INFO] [1788842036.402032684] [candidate_explorer]: Checking global path to frontier (-3.20, 1.37), distance=0.61m
[INFO] [1788842036.404880042] [candidate_explorer]: Nav2 path to frontier is 0.62m (straight-line=0.61m, detour=1.0x)
[INFO] [1788842036.405849968] [candidate_explorer]: Global path accepted. Navigating to frontier (-3.20, 1.37)
[bt_navigator-7] [INFO] [1788842036.406217679] [bt_navigator]: Begin navigating from current location (-2.66, 1.65) to (-3.20, 1.37)
[controller_server-3] [INFO] [1788842036.428508252] [controller_server]: Received a goal, begin computing control effort.
[controller_server-3] [INFO] [1788842036.881551599] [controller_server]: Reached the goal!
[bt_navigator-7] [INFO] [1788842036.918542677] [bt_navigator]: Goal succeeded
[INFO] [1788842036.919325017] [candidate_explorer]: Frontier goal finished: success=True
[INFO] [1788842036.919583728] [candidate_explorer]: Reached frontier. Waiting for the map to expose new frontiers.
[INFO] [1788842037.120545675] [candidate_explorer]: Detected 10730 frontier cells
[INFO] [1788842037.129897008] [candidate_explorer]: Found 134 frontier clusters after filtering
[INFO] [1788842037.135541600] [candidate_explorer]: Selected frontier cluster: size=7569, goal=(-3.59, 1.72), distance=0.60
[INFO] [1788842037.136457691] [candidate_explorer]: Checking global path to frontier (-3.59, 1.72), distance=0.60m
[INFO] [1788842037.139656220] [candidate_explorer]: Nav2 path to frontier is 0.71m (straight-line=0.60m, detour=1.2x)
[INFO] [1788842037.140664187] [candidate_explorer]: Global path accepted. Navigating to frontier (-3.59, 1.72)
[bt_navigator-7] [INFO] [1788842037.141079982] [bt_navigator]: Begin navigating from current location (-3.02, 1.52) to (-3.59, 1.72)
[controller_server-3] [INFO] [1788842037.162614673] [controller_server]: Received a goal, begin computing control effort.
[controller_server-3] [INFO] [1788842038.217763523] [controller_server]: Passing new path to controller.
[planner_server-5] [INFO] [1788842038.376904349] [global_costmap.global_costmap]: StaticLayer: Resizing costmap to 710 X 473 at 0.015000 m/pix
[controller_server-3] [INFO] [1788842038.465038297] [controller_server]: Reached the goal!
[bt_navigator-7] [INFO] [1788842038.501497287] [bt_navigator]: Goal succeeded
[INFO] [1788842038.502217960] [candidate_explorer]: Frontier goal finished: success=True
[INFO] [1788842038.502435378] [candidate_explorer]: Reached frontier. Waiting for the map to expose new frontiers.
[INFO] [1788842038.643291751] [candidate_explorer]: Detected 10510 frontier cells
[INFO] [1788842038.652371040] [candidate_explorer]: Found 146 frontier clusters after filtering
[INFO] [1788842038.658031632] [candidate_explorer]: Selected frontier cluster: size=10, goal=(-4.09, 1.75), distance=0.60
[INFO] [1788842038.658930515] [candidate_explorer]: Checking global path to frontier (-4.09, 1.75), distance=0.60m
[INFO] [1788842038.662215877] [candidate_explorer]: Nav2 path to frontier is 0.62m (straight-line=0.60m, detour=1.0x)
[INFO] [1788842038.663112802] [candidate_explorer]: Global path accepted. Navigating to frontier (-4.09, 1.75)
[bt_navigator-7] [INFO] [1788842038.663527222] [bt_navigator]: Begin navigating from current location (-3.54, 1.50) to (-4.09, 1.75)
[controller_server-3] [INFO] [1788842038.684357532] [controller_server]: Received a goal, begin computing control effort.
[controller_server-3] [INFO] [1788842039.189231214] [controller_server]: Reached the goal!
[bt_navigator-7] [INFO] [1788842039.224648278] [bt_navigator]: Goal succeeded
[INFO] [1788842039.225625078] [candidate_explorer]: Frontier goal finished: success=True
[INFO] [1788842039.225915247] [candidate_explorer]: Reached frontier. Waiting for the map to expose new frontiers.
[INFO] [1788842039.373717599] [candidate_explorer]: Detected 10510 frontier cells
[INFO] [1788842039.383270600] [candidate_explorer]: Found 146 frontier clusters after filtering
[INFO] [1788842039.389007317] [candidate_explorer]: Selected frontier cluster: size=7687, goal=(-3.30, 1.48), distance=0.60
[INFO] [1788842039.389913159] [candidate_explorer]: Checking global path to frontier (-3.30, 1.48), distance=0.60m
[INFO] [1788842039.393239397] [candidate_explorer]: Nav2 path to frontier is 0.63m (straight-line=0.60m, detour=1.0x)
[INFO] [1788842039.394169613] [candidate_explorer]: Global path accepted. Navigating to frontier (-3.30, 1.48)
[bt_navigator-7] [INFO] [1788842039.394592617] [bt_navigator]: Begin navigating from current location (-3.87, 1.66) to (-3.30, 1.48)
[controller_server-3] [INFO] [1788842039.415674720] [controller_server]: Received a goal, begin computing control effort.
[controller_server-3] [INFO] [1788842040.466484115] [controller_server]: Passing new path to controller.
[controller_server-3] [INFO] [1788842041.070361424] [controller_server]: Reached the goal!
[bt_navigator-7] [INFO] [1788842041.098119628] [bt_navigator]: Goal succeeded
[INFO] [1788842041.098563799] [candidate_explorer]: Frontier goal finished: success=True
[INFO] [1788842041.098786551] [candidate_explorer]: Reached frontier. Waiting for the map to expose new frontiers.
[INFO] [1788842041.143468238] [candidate_explorer]: Detected 10510 frontier cells
[INFO] [1788842041.152734570] [candidate_explorer]: Found 146 frontier clusters after filtering
[INFO] [1788842041.158476955] [candidate_explorer]: Selected frontier cluster: size=11, goal=(-2.59, 1.49), distance=0.91
[INFO] [1788842041.159464588] [candidate_explorer]: Checking global path to frontier (-2.59, 1.49), distance=0.91m
[INFO] [1788842041.163828710] [candidate_explorer]: Nav2 path to frontier is 1.08m (straight-line=0.91m, detour=1.2x)
[INFO] [1788842041.165376724] [candidate_explorer]: Global path accepted. Navigating to frontier (-2.59, 1.49)
[bt_navigator-7] [INFO] [1788842041.165764394] [bt_navigator]: Begin navigating from current location (-3.50, 1.39) to (-2.59, 1.49)
[controller_server-3] [INFO] [1788842041.188458179] [controller_server]: Received a goal, begin computing control effort.
[controller_server-3] [INFO] [1788842041.890497524] [controller_server]: Reached the goal!
[bt_navigator-7] [INFO] [1788842041.926435384] [bt_navigator]: Goal succeeded
[INFO] [1788842041.927133391] [candidate_explorer]: Frontier goal finished: success=True
[INFO] [1788842041.927383976] [candidate_explorer]: Reached frontier. Waiting for the map to expose new frontiers.
[INFO] [1788842042.144593484] [candidate_explorer]: Detected 11463 frontier cells
[INFO] [1788842042.154307945] [candidate_explorer]: Found 180 frontier clusters after filtering
[INFO] [1788842042.160204581] [candidate_explorer]: Selected frontier cluster: size=7967, goal=(-2.22, 1.60), distance=0.60
[INFO] [1788842042.161156839] [candidate_explorer]: Checking global path to frontier (-2.22, 1.60), distance=0.60m
[INFO] [1788842042.165051665] [candidate_explorer]: Nav2 path to frontier is 0.80m (straight-line=0.60m, detour=1.3x)
[INFO] [1788842042.166192217] [candidate_explorer]: Global path accepted. Navigating to frontier (-2.22, 1.60)
[bt_navigator-7] [INFO] [1788842042.166564929] [bt_navigator]: Begin navigating from current location (-2.81, 1.48) to (-2.22, 1.60)
[controller_server-3] [INFO] [1788842042.189385256] [controller_server]: Received a goal, begin computing control effort.
[controller_server-3] [INFO] [1788842042.642299894] [controller_server]: Reached the goal!
[bt_navigator-7] [INFO] [1788842042.678263879] [bt_navigator]: Goal succeeded
[INFO] [1788842042.679025261] [candidate_explorer]: Frontier goal finished: success=True
[INFO] [1788842042.679294180] [candidate_explorer]: Reached frontier. Waiting for the map to expose new frontiers.
[INFO] [1788842042.876841181] [candidate_explorer]: Detected 11463 frontier cells
[INFO] [1788842042.887472108] [candidate_explorer]: Found 180 frontier clusters after filtering
[INFO] [1788842042.893521662] [candidate_explorer]: Selected frontier cluster: size=7967, goal=(-1.84, 1.42), distance=0.60
[INFO] [1788842042.894517296] [candidate_explorer]: Checking global path to frontier (-1.84, 1.42), distance=0.60m
[INFO] [1788842042.899429589] [candidate_explorer]: Nav2 path to frontier is 1.33m (straight-line=0.60m, detour=2.2x)
[INFO] [1788842042.901138979] [candidate_explorer]: Global path accepted. Navigating to frontier (-1.84, 1.42)
[bt_navigator-7] [INFO] [1788842042.901524108] [bt_navigator]: Begin navigating from current location (-2.43, 1.55) to (-1.84, 1.42)
[controller_server-3] [INFO] [1788842042.923222008] [controller_server]: Received a goal, begin computing control effort.
[controller_server-3] [INFO] [1788842043.426879638] [controller_server]: Reached the goal!
[bt_navigator-7] [INFO] [1788842043.462155242] [bt_navigator]: Goal succeeded
[INFO] [1788842043.462892457] [candidate_explorer]: Frontier goal finished: success=True
[INFO] [1788842043.463191543] [candidate_explorer]: Reached frontier. Waiting for the map to expose new frontiers.
[INFO] [1788842043.625332063] [candidate_explorer]: Detected 11463 frontier cells
[INFO] [1788842043.635134608] [candidate_explorer]: Found 180 frontier clusters after filtering
[INFO] [1788842043.641069369] [candidate_explorer]: Selected frontier cluster: size=7967, goal=(-1.45, 1.57), distance=0.60
[INFO] [1788842043.642016086] [candidate_explorer]: Checking global path to frontier (-1.45, 1.57), distance=0.60m
[planner_server-5] [ERROR] [1788842043.643516141] [planner_server]: Failed to create a plan from potential when a legal potential was found. This shouldn't happen.
[planner_server-5] [WARN] [1788842043.643585975] [planner_server]: GridBased: failed to create plan with tolerance 0.50.
[planner_server-5] [WARN] [1788842043.643593391] [planner_server]: Planning algorithm GridBased failed to generate a valid path to (-1.45, 1.57)
[planner_server-5] [WARN] [1788842043.643599558] [planner_server]: [compute_path_to_pose] [ActionServer] Aborting handle.
[WARN] [1788842043.644739360] [candidate_explorer]: Path computation failed, status=6
[WARN] [1788842043.644957070] [candidate_explorer]: No global path to frontier (-1.45, 1.57). Blacklisting.
[INFO] [1788842043.894293113] [candidate_explorer]: Detected 12357 frontier cells
[INFO] [1788842043.906839266] [candidate_explorer]: Found 232 frontier clusters after filtering
[INFO] [1788842043.914625085] [candidate_explorer]: Selected frontier cluster: size=8188, goal=(-2.65, 1.48), distance=0.60
[INFO] [1788842043.915624885] [candidate_explorer]: Checking global path to frontier (-2.65, 1.48), distance=0.60m
[INFO] [1788842043.919218834] [candidate_explorer]: Nav2 path to frontier is 0.63m (straight-line=0.60m, detour=1.0x)
[INFO] [1788842043.920117467] [candidate_explorer]: Global path accepted. Navigating to frontier (-2.65, 1.48)
[bt_navigator-7] [INFO] [1788842043.920593179] [bt_navigator]: Begin navigating from current location (-2.05, 1.52) to (-2.65, 1.48)
[controller_server-3] [INFO] [1788842043.942659333] [controller_server]: Received a goal, begin computing control effort.
[controller_server-3] [INFO] [1788842044.994459403] [controller_server]: Passing new path to controller.
[controller_server-3] [INFO] [1788842045.495102089] [controller_server]: Reached the goal!
[bt_navigator-7] [INFO] [1788842045.531900915] [bt_navigator]: Goal succeeded
[INFO] [1788842045.532686672] [candidate_explorer]: Frontier goal finished: success=True
[INFO] [1788842045.532942549] [candidate_explorer]: Reached frontier. Waiting for the map to expose new frontiers.
[INFO] [1788842045.623867813] [candidate_explorer]: Detected 12357 frontier cells
[INFO] [1788842045.634433157] [candidate_explorer]: Found 232 frontier clusters after filtering
[INFO] [1788842045.641956432] [candidate_explorer]: Selected frontier cluster: size=8188, goal=(-3.07, 1.42), distance=0.60
[INFO] [1788842045.642913148] [candidate_explorer]: Checking global path to frontier (-3.07, 1.42), distance=0.60m
[INFO] [1788842045.646347637] [candidate_explorer]: Nav2 path to frontier is 0.62m (straight-line=0.60m, detour=1.0x)
[INFO] [1788842045.647257895] [candidate_explorer]: Global path accepted. Navigating to frontier (-3.07, 1.42)
[bt_navigator-7] [INFO] [1788842045.647641065] [bt_navigator]: Begin navigating from current location (-2.47, 1.35) to (-3.07, 1.42)
[controller_server-3] [INFO] [1788842045.670069722] [controller_server]: Received a goal, begin computing control effort.
[controller_server-3] [INFO] [1788842046.171893544] [controller_server]: Reached the goal!
[bt_navigator-7] [INFO] [1788842046.211073141] [bt_navigator]: Goal succeeded
[INFO] [1788842046.212165943] [candidate_explorer]: Frontier goal finished: success=True
[INFO] [1788842046.212432487] [candidate_explorer]: Reached frontier. Waiting for the map to expose new frontiers.
[INFO] [1788842046.397174332] [candidate_explorer]: Detected 12314 frontier cells
[INFO] [1788842046.407822093] [candidate_explorer]: Found 228 frontier clusters after filtering
[INFO] [1788842046.415288034] [candidate_explorer]: Selected frontier cluster: size=8181, goal=(-3.43, 1.33), distance=0.60
[INFO] [1788842046.416256668] [candidate_explorer]: Checking global path to frontier (-3.43, 1.33), distance=0.60m
[INFO] [1788842046.419590822] [candidate_explorer]: Nav2 path to frontier is 0.61m (straight-line=0.60m, detour=1.0x)
[INFO] [1788842046.420432038] [candidate_explorer]: Global path accepted. Navigating to frontier (-3.43, 1.33)
[bt_navigator-7] [INFO] [1788842046.420863083] [bt_navigator]: Begin navigating from current location (-2.83, 1.40) to (-3.43, 1.33)
[controller_server-3] [INFO] [1788842046.441825811] [controller_server]: Received a goal, begin computing control effort.
[controller_server-3] [INFO] [1788842046.895664915] [controller_server]: Reached the goal!
[bt_navigator-7] [INFO] [1788842046.932190572] [bt_navigator]: Goal succeeded
[INFO] [1788842046.932678993] [candidate_explorer]: Frontier goal finished: success=True
[INFO] [1788842046.932962871] [candidate_explorer]: Reached frontier. Waiting for the map to expose new frontiers.
[INFO] [1788842047.124730445] [candidate_explorer]: Detected 12314 frontier cells
[INFO] [1788842047.135349914] [candidate_explorer]: Found 228 frontier clusters after filtering
[INFO] [1788842047.143026607] [candidate_explorer]: Selected frontier cluster: size=8181, goal=(-3.81, 1.25), distance=0.60
[INFO] [1788842047.143996866] [candidate_explorer]: Checking global path to frontier (-3.81, 1.25), distance=0.60m
[INFO] [1788842047.147324895] [candidate_explorer]: Nav2 path to frontier is 0.62m (straight-line=0.60m, detour=1.0x)
[INFO] [1788842047.148239654] [candidate_explorer]: Global path accepted. Navigating to frontier (-3.81, 1.25)
[bt_navigator-7] [INFO] [1788842047.148699616] [bt_navigator]: Begin navigating from current location (-3.22, 1.39) to (-3.81, 1.25)
[controller_server-3] [INFO] [1788842047.169832220] [controller_server]: Received a goal, begin computing control effort.
[controller_server-3] [INFO] [1788842047.624810793] [controller_server]: Reached the goal!
[bt_navigator-7] [INFO] [1788842047.660490067] [bt_navigator]: Goal succeeded
[INFO] [1788842047.661250491] [candidate_explorer]: Frontier goal finished: success=True
[INFO] [1788842047.661488701] [candidate_explorer]: Reached frontier. Waiting for the map to expose new frontiers.
[INFO] [1788842047.897074122] [candidate_explorer]: Detected 13271 frontier cells
[INFO] [1788842047.908411306] [candidate_explorer]: Found 246 frontier clusters after filtering
[INFO] [1788842047.916770797] [candidate_explorer]: Selected frontier cluster: size=8589, goal=(-4.17, 1.06), distance=0.60
[INFO] [1788842047.917817806] [candidate_explorer]: Checking global path to frontier (-4.17, 1.06), distance=0.60m
[INFO] [1788842047.921373004] [candidate_explorer]: Nav2 path to frontier is 0.61m (straight-line=0.60m, detour=1.0x)
[INFO] [1788842047.922268137] [candidate_explorer]: Global path accepted. Navigating to frontier (-4.17, 1.06)
[bt_navigator-7] [INFO] [1788842047.922641390] [bt_navigator]: Begin navigating from current location (-3.62, 1.32) to (-4.17, 1.06)
[controller_server-3] [INFO] [1788842047.943781078] [controller_server]: Received a goal, begin computing control effort.
[controller_server-3] [INFO] [1788842048.351192854] [controller_server]: Reached the goal!
[bt_navigator-7] [INFO] [1788842048.385571617] [bt_navigator]: Goal succeeded
[INFO] [1788842048.386674002] [candidate_explorer]: Frontier goal finished: success=True
[INFO] [1788842048.387064339] [candidate_explorer]: Reached frontier. Waiting for the map to expose new frontiers.
[INFO] [1788842048.626962881] [candidate_explorer]: Detected 13271 frontier cells
[INFO] [1788842048.638375732] [candidate_explorer]: Found 246 frontier clusters after filtering
[INFO] [1788842048.646425137] [candidate_explorer]: Selected frontier cluster: size=8589, goal=(-4.54, 1.30), distance=0.60
[INFO] [1788842048.647373229] [candidate_explorer]: Checking global path to frontier (-4.54, 1.30), distance=0.60m
[INFO] [1788842048.650919927] [candidate_explorer]: Nav2 path to frontier is 0.62m (straight-line=0.60m, detour=1.0x)
[INFO] [1788842048.651841518] [candidate_explorer]: Global path accepted. Navigating to frontier (-4.54, 1.30)
[bt_navigator-7] [INFO] [1788842048.652230480] [bt_navigator]: Begin navigating from current location (-3.95, 1.18) to (-4.54, 1.30)
[controller_server-3] [INFO] [1788842048.675310560] [controller_server]: Received a goal, begin computing control effort.
[controller_server-3] [INFO] [1788842049.182034758] [controller_server]: Reached the goal!
[bt_navigator-7] [INFO] [1788842049.214051875] [bt_navigator]: Goal succeeded
[INFO] [1788842049.214866632] [candidate_explorer]: Frontier goal finished: success=True
[INFO] [1788842049.215096134] [candidate_explorer]: Reached frontier. Waiting for the map to expose new frontiers.
[INFO] [1788842049.376231312] [candidate_explorer]: Detected 13271 frontier cells
[INFO] [1788842049.389846058] [candidate_explorer]: Found 246 frontier clusters after filtering
[INFO] [1788842049.397481417] [candidate_explorer]: Selected frontier cluster: size=8589, goal=(-4.99, 1.12), distance=0.60
[INFO] [1788842049.398509384] [candidate_explorer]: Checking global path to frontier (-4.99, 1.12), distance=0.60m
[INFO] [1788842049.402078124] [candidate_explorer]: Nav2 path to frontier is 0.60m (straight-line=0.60m, detour=1.0x)
[INFO] [1788842049.402997382] [candidate_explorer]: Global path accepted. Navigating to frontier (-4.99, 1.12)
[bt_navigator-7] [INFO] [1788842049.403418969] [bt_navigator]: Begin navigating from current location (-4.39, 1.16) to (-4.99, 1.12)
[controller_server-3] [INFO] [1788842049.424426156] [controller_server]: Received a goal, begin computing control effort.
[controller_server-3] [INFO] [1788842049.876684330] [controller_server]: Reached the goal!
[bt_navigator-7] [INFO] [1788842049.915484757] [bt_navigator]: Goal succeeded
[INFO] [1788842049.915982553] [candidate_explorer]: Frontier goal finished: success=True
[INFO] [1788842049.916223055] [candidate_explorer]: Reached frontier. Waiting for the map to expose new frontiers.
[INFO] [1788842050.147703398] [candidate_explorer]: Detected 16039 frontier cells
[INFO] [1788842050.161138558] [candidate_explorer]: Found 202 frontier clusters after filtering
[INFO] [1788842050.170954604] [candidate_explorer]: Selected frontier cluster: size=11638, goal=(-5.37, 1.00), distance=0.60
[INFO] [1788842050.172180156] [candidate_explorer]: Checking global path to frontier (-5.37, 1.00), distance=0.60m
[INFO] [1788842050.175809772] [candidate_explorer]: Nav2 path to frontier is 0.61m (straight-line=0.60m, detour=1.0x)
[INFO] [1788842050.176724822] [candidate_explorer]: Global path accepted. Navigating to frontier (-5.37, 1.00)
[bt_navigator-7] [INFO] [1788842050.177223951] [bt_navigator]: Begin navigating from current location (-4.80, 1.21) to (-5.37, 1.00)
[controller_server-3] [INFO] [1788842050.198191012] [controller_server]: Received a goal, begin computing control effort.
[controller_server-3] [INFO] [1788842050.650833106] [controller_server]: Reached the goal!
[bt_navigator-7] [INFO] [1788842050.691505508] [bt_navigator]: Goal succeeded
[INFO] [1788842050.692573851] [candidate_explorer]: Frontier goal finished: success=True
[INFO] [1788842050.692853687] [candidate_explorer]: Reached frontier. Waiting for the map to expose new frontiers.
[INFO] [1788842050.879497174] [candidate_explorer]: Detected 16039 frontier cells
[INFO] [1788842050.894586057] [candidate_explorer]: Found 202 frontier clusters after filtering
[INFO] [1788842050.904565562] [candidate_explorer]: Selected frontier cluster: size=11638, goal=(-5.62, 0.70), distance=0.60
[INFO] [1788842050.905942866] [candidate_explorer]: Checking global path to frontier (-5.62, 0.70), distance=0.60m
[INFO] [1788842050.909644191] [candidate_explorer]: Nav2 path to frontier is 0.61m (straight-line=0.60m, detour=1.0x)
[INFO] [1788842050.910671867] [candidate_explorer]: Global path accepted. Navigating to frontier (-5.62, 0.70)
[bt_navigator-7] [INFO] [1788842050.911114329] [bt_navigator]: Begin navigating from current location (-5.17, 1.09) to (-5.62, 0.70)
[controller_server-3] [INFO] [1788842050.932280100] [controller_server]: Received a goal, begin computing control effort.
[controller_server-3] [INFO] [1788842051.388195098] [controller_server]: Reached the goal!
[bt_navigator-7] [INFO] [1788842051.423270867] [bt_navigator]: Goal succeeded
[INFO] [1788842051.423746329] [candidate_explorer]: Frontier goal finished: success=True
[INFO] [1788842051.423997998] [candidate_explorer]: Reached frontier. Waiting for the map to expose new frontiers.
[INFO] [1788842051.627876555] [candidate_explorer]: Detected 16039 frontier cells
[INFO] [1788842051.641381466] [candidate_explorer]: Found 202 frontier clusters after filtering
[INFO] [1788842051.651021927] [candidate_explorer]: Selected frontier cluster: size=11638, goal=(-6.07, 0.95), distance=0.60
[INFO] [1788842051.652223312] [candidate_explorer]: Checking global path to frontier (-6.07, 0.95), distance=0.60m
[INFO] [1788842051.655954679] [candidate_explorer]: Nav2 path to frontier is 0.61m (straight-line=0.60m, detour=1.0x)
[INFO] [1788842051.656887354] [candidate_explorer]: Global path accepted. Navigating to frontier (-6.07, 0.95)
[bt_navigator-7] [INFO] [1788842051.657312399] [bt_navigator]: Begin navigating from current location (-5.48, 0.86) to (-6.07, 0.95)
[controller_server-3] [INFO] [1788842051.680596647] [controller_server]: Received a goal, begin computing control effort.
[planner_server-5] [INFO] [1788842052.378714875] [global_costmap.global_costmap]: StaticLayer: Resizing costmap to 711 X 473 at 0.015000 m/pix
[controller_server-3] [INFO] [1788842052.731714419] [controller_server]: Passing new path to controller.
[controller_server-3] [INFO] [1788842052.886949128] [controller_server]: Reached the goal!
[bt_navigator-7] [INFO] [1788842052.919582917] [bt_navigator]: Goal succeeded
[INFO] [1788842052.920074921] [candidate_explorer]: Frontier goal finished: success=True
[INFO] [1788842052.920325674] [candidate_explorer]: Reached frontier. Waiting for the map to expose new frontiers.
[INFO] [1788842053.150894842] [candidate_explorer]: Detected 16530 frontier cells
[INFO] [1788842053.164740756] [candidate_explorer]: Found 186 frontier clusters after filtering
[INFO] [1788842053.174740761] [candidate_explorer]: Selected frontier cluster: size=12744, goal=(-6.55, 0.82), distance=0.60
[INFO] [1788842053.176050315] [candidate_explorer]: Checking global path to frontier (-6.55, 0.82), distance=0.60m
[INFO] [1788842053.179659138] [candidate_explorer]: Nav2 path to frontier is 0.61m (straight-line=0.60m, detour=1.0x)
[INFO] [1788842053.180571855] [candidate_explorer]: Global path accepted. Navigating to frontier (-6.55, 0.82)
[bt_navigator-7] [INFO] [1788842053.181096651] [bt_navigator]: Begin navigating from current location (-5.96, 0.76) to (-6.55, 0.82)
[controller_server-3] [INFO] [1788842053.201689000] [controller_server]: Received a goal, begin computing control effort.
[controller_server-3] [INFO] [1788842053.607020925] [controller_server]: Reached the goal!
[bt_navigator-7] [INFO] [1788842053.643499707] [bt_navigator]: Goal succeeded
[INFO] [1788842053.644420965] [candidate_explorer]: Frontier goal finished: success=True
[INFO] [1788842053.644675800] [candidate_explorer]: Reached frontier. Waiting for the map to expose new frontiers.
[INFO] [1788842053.903928347] [candidate_explorer]: Detected 15493 frontier cells
[INFO] [1788842053.917349841] [candidate_explorer]: Found 157 frontier clusters after filtering
[INFO] [1788842053.926918218] [candidate_explorer]: Selected frontier cluster: size=12328, goal=(-6.58, 0.29), distance=0.60
[INFO] [1788842053.928252480] [candidate_explorer]: Checking global path to frontier (-6.58, 0.29), distance=0.60m
[INFO] [1788842053.931960179] [candidate_explorer]: Nav2 path to frontier is 0.64m (straight-line=0.60m, detour=1.1x)
[INFO] [1788842053.932908813] [candidate_explorer]: Global path accepted. Navigating to frontier (-6.58, 0.29)
[bt_navigator-7] [INFO] [1788842053.933336233] [bt_navigator]: Begin navigating from current location (-6.35, 0.84) to (-6.58, 0.29)
[controller_server-3] [INFO] [1788842053.956408187] [controller_server]: Received a goal, begin computing control effort.
[planner_server-5] [INFO] [1788842054.378736263] [global_costmap.global_costmap]: StaticLayer: Resizing costmap to 711 X 473 at 0.015000 m/pix
[controller_server-3] [INFO] [1788842055.008409176] [controller_server]: Passing new path to controller.
[controller_server-3] [INFO] [1788842055.412344005] [controller_server]: Reached the goal!
[bt_navigator-7] [INFO] [1788842055.445393631] [bt_navigator]: Goal succeeded
[INFO] [1788842055.446348014] [candidate_explorer]: Frontier goal finished: success=True
[INFO] [1788842055.446604267] [candidate_explorer]: Reached frontier. Waiting for the map to expose new frontiers.
[INFO] [1788842055.633021627] [candidate_explorer]: Detected 15493 frontier cells
[INFO] [1788842055.646357245] [candidate_explorer]: Found 157 frontier clusters after filtering
[INFO] [1788842055.655692869] [candidate_explorer]: Selected frontier cluster: size=12328, goal=(-7.32, 0.38), distance=0.60
[INFO] [1788842055.656876797] [candidate_explorer]: Checking global path to frontier (-7.32, 0.38), distance=0.60m
[INFO] [1788842055.660480245] [candidate_explorer]: Nav2 path to frontier is 0.60m (straight-line=0.60m, detour=1.0x)
[INFO] [1788842055.661426379] [candidate_explorer]: Global path accepted. Navigating to frontier (-7.32, 0.38)
[bt_navigator-7] [INFO] [1788842055.661786132] [bt_navigator]: Begin navigating from current location (-6.72, 0.42) to (-7.32, 0.38)
[controller_server-3] [INFO] [1788842055.684027579] [controller_server]: Received a goal, begin computing control effort.
[controller_server-3] [INFO] [1788842056.735164143] [controller_server]: Passing new path to controller.
[controller_server-3] [INFO] [1788842057.141418909] [controller_server]: Reached the goal!
[bt_navigator-7] [INFO] [1788842057.173016814] [bt_navigator]: Goal succeeded
[INFO] [1788842057.173464276] [candidate_explorer]: Frontier goal finished: success=True
[INFO] [1788842057.173712362] [candidate_explorer]: Reached frontier. Waiting for the map to expose new frontiers.
[INFO] [1788842057.403889818] [candidate_explorer]: Detected 13549 frontier cells
[INFO] [1788842057.415475504] [candidate_explorer]: Found 169 frontier clusters after filtering
[INFO] [1788842057.423763203] [candidate_explorer]: Selected frontier cluster: size=9672, goal=(-7.78, 0.17), distance=0.60
[INFO] [1788842057.424832879] [candidate_explorer]: Checking global path to frontier (-7.78, 0.17), distance=0.60m
[INFO] [1788842057.428732830] [candidate_explorer]: Nav2 path to frontier is 0.60m (straight-line=0.60m, detour=1.0x)
[INFO] [1788842057.429669713] [candidate_explorer]: Global path accepted. Navigating to frontier (-7.78, 0.17)
[bt_navigator-7] [INFO] [1788842057.430071592] [bt_navigator]: Begin navigating from current location (-7.18, 0.20) to (-7.78, 0.17)
[controller_server-3] [INFO] [1788842057.453325715] [controller_server]: Received a goal, begin computing control effort.
[controller_server-3] [INFO] [1788842057.905353428] [controller_server]: Reached the goal!
[bt_navigator-7] [INFO] [1788842057.943667018] [bt_navigator]: Goal succeeded
[INFO] [1788842057.944120980] [candidate_explorer]: Frontier goal finished: success=True
[INFO] [1788842057.944339149] [candidate_explorer]: Reached frontier. Waiting for the map to expose new frontiers.
[INFO] [1788842058.152494910] [candidate_explorer]: Detected 11837 frontier cells
[INFO] [1788842058.162524249] [candidate_explorer]: Found 163 frontier clusters after filtering
[INFO] [1788842058.169817272] [candidate_explorer]: Selected frontier cluster: size=18, goal=(-8.01, 0.64), distance=0.61
[INFO] [1788842058.170870031] [candidate_explorer]: Checking global path to frontier (-8.01, 0.64), distance=0.61m
[INFO] [1788842058.174792524] [candidate_explorer]: Nav2 path to frontier is 0.62m (straight-line=0.61m, detour=1.0x)
[INFO] [1788842058.175710407] [candidate_explorer]: Global path accepted. Navigating to frontier (-8.01, 0.64)
[bt_navigator-7] [INFO] [1788842058.176125702] [bt_navigator]: Begin navigating from current location (-7.59, 0.20) to (-8.01, 0.64)
[controller_server-3] [INFO] [1788842058.198292691] [controller_server]: Received a goal, begin computing control effort.
[controller_server-3] [INFO] [1788842059.153947783] [controller_server]: Reached the goal!
[bt_navigator-7] [INFO] [1788842059.187318579] [bt_navigator]: Goal succeeded
[INFO] [1788842059.188209795] [candidate_explorer]: Frontier goal finished: success=True
[INFO] [1788842059.188463173] [candidate_explorer]: Reached frontier. Waiting for the map to expose new frontiers.
[INFO] [1788842059.384592535] [candidate_explorer]: Detected 11837 frontier cells
[INFO] [1788842059.394622958] [candidate_explorer]: Found 163 frontier clusters after filtering
[INFO] [1788842059.401951564] [candidate_explorer]: Selected frontier cluster: size=33, goal=(-7.92, 1.03), distance=0.62
[INFO] [1788842059.403058741] [candidate_explorer]: Checking global path to frontier (-7.92, 1.03), distance=0.62m
[INFO] [1788842059.407028484] [candidate_explorer]: Nav2 path to frontier is 0.63m (straight-line=0.62m, detour=1.0x)
[INFO] [1788842059.407951701] [candidate_explorer]: Global path accepted. Navigating to frontier (-7.92, 1.03)
[bt_navigator-7] [INFO] [1788842059.408345913] [bt_navigator]: Begin navigating from current location (-7.99, 0.41) to (-7.92, 1.03)
[controller_server-3] [INFO] [1788842059.431561952] [controller_server]: Received a goal, begin computing control effort.
[controller_server-3] [INFO] [1788842060.134013967] [controller_server]: Reached the goal!
[bt_navigator-7] [INFO] [1788842060.171592300] [bt_navigator]: Goal succeeded
[INFO] [1788842060.172061638] [candidate_explorer]: Frontier goal finished: success=True
[INFO] [1788842060.172274098] [candidate_explorer]: Reached frontier. Waiting for the map to expose new frontiers.
[INFO] [1788842060.406323589] [candidate_explorer]: Detected 11555 frontier cells
[INFO] [1788842060.416147426] [candidate_explorer]: Found 147 frontier clusters after filtering
[INFO] [1788842060.423165780] [candidate_explorer]: Selected frontier cluster: size=8644, goal=(-7.56, -0.11), distance=1.08
[INFO] [1788842060.424059621] [candidate_explorer]: Checking global path to frontier (-7.56, -0.11), distance=1.08m
[INFO] [1788842060.429044290] [candidate_explorer]: Nav2 path to frontier is 1.08m (straight-line=1.08m, detour=1.0x)
[INFO] [1788842060.430333218] [candidate_explorer]: Global path accepted. Navigating to frontier (-7.56, -0.11)
[bt_navigator-7] [INFO] [1788842060.430796556] [bt_navigator]: Begin navigating from current location (-8.05, 0.84) to (-7.56, -0.11)
[controller_server-3] [INFO] [1788842060.451587365] [controller_server]: Received a goal, begin computing control effort.
[controller_server-3] [INFO] [1788842061.502712429] [controller_server]: Passing new path to controller.
[controller_server-3] [INFO] [1788842061.803779846] [controller_server]: Reached the goal!
[bt_navigator-7] [INFO] [1788842061.842541481] [bt_navigator]: Goal succeeded
[INFO] [1788842061.843034652] [candidate_explorer]: Frontier goal finished: success=True
[INFO] [1788842061.843294488] [candidate_explorer]: Reached frontier. Waiting for the map to expose new frontiers.
[INFO] [1788842061.902469304] [candidate_explorer]: Detected 11541 frontier cells
[INFO] [1788842061.912518601] [candidate_explorer]: Found 147 frontier clusters after filtering
[INFO] [1788842061.919624914] [candidate_explorer]: Selected frontier cluster: size=8645, goal=(-7.80, -0.52), distance=0.60
[INFO] [1788842061.920553089] [candidate_explorer]: Checking global path to frontier (-7.80, -0.52), distance=0.60m
[INFO] [1788842061.924653542] [candidate_explorer]: Nav2 path to frontier is 0.68m (straight-line=0.60m, detour=1.1x)
[INFO] [1788842061.925666010] [candidate_explorer]: Global path accepted. Navigating to frontier (-7.80, -0.52)
[bt_navigator-7] [INFO] [1788842061.926213264] [bt_navigator]: Begin navigating from current location (-7.63, 0.06) to (-7.80, -0.52)
[controller_server-3] [INFO] [1788842061.947475286] [controller_server]: Received a goal, begin computing control effort.
[controller_server-3] [INFO] [1788842062.400479842] [controller_server]: Reached the goal!
[bt_navigator-7] [INFO] [1788842062.436504619] [bt_navigator]: Goal succeeded
[INFO] [1788842062.437428919] [candidate_explorer]: Frontier goal finished: success=True
[INFO] [1788842062.437667755] [candidate_explorer]: Reached frontier. Waiting for the map to expose new frontiers.
[INFO] [1788842062.632809650] [candidate_explorer]: Detected 11541 frontier cells
[INFO] [1788842062.642979949] [candidate_explorer]: Found 147 frontier clusters after filtering
[INFO] [1788842062.650206013] [candidate_explorer]: Selected frontier cluster: size=8645, goal=(-7.11, -0.04), distance=0.61
[INFO] [1788842062.651295231] [candidate_explorer]: Checking global path to frontier (-7.11, -0.04), distance=0.61m
[INFO] [1788842062.655329475] [candidate_explorer]: Nav2 path to frontier is 0.61m (straight-line=0.61m, detour=1.0x)
[INFO] [1788842062.656221025] [candidate_explorer]: Global path accepted. Navigating to frontier (-7.11, -0.04)
[bt_navigator-7] [INFO] [1788842062.656625403] [bt_navigator]: Begin navigating from current location (-7.64, -0.33) to (-7.11, -0.04)
[controller_server-3] [INFO] [1788842062.677128293] [controller_server]: Received a goal, begin computing control effort.
[controller_server-3] [INFO] [1788842063.729176240] [controller_server]: Passing new path to controller.
[controller_server-3] [INFO] [1788842064.280140247] [controller_server]: Reached the goal!
[bt_navigator-7] [INFO] [1788842064.319223468] [bt_navigator]: Goal succeeded
[INFO] [1788842064.320249311] [candidate_explorer]: Frontier goal finished: success=True
[INFO] [1788842064.320489355] [candidate_explorer]: Reached frontier. Waiting for the map to expose new frontiers.
[planner_server-5] [INFO] [1788842064.376884896] [global_costmap.global_costmap]: StaticLayer: Resizing costmap to 711 X 474 at 0.015000 m/pix
[INFO] [1788842064.403666467] [candidate_explorer]: Detected 10972 frontier cells
[INFO] [1788842064.413058258] [candidate_explorer]: Found 141 frontier clusters after filtering
[INFO] [1788842064.419922111] [candidate_explorer]: Selected frontier cluster: size=8156, goal=(-6.61, 0.04), distance=0.60
[INFO] [1788842064.420818535] [candidate_explorer]: Checking global path to frontier (-6.61, 0.04), distance=0.60m
[INFO] [1788842064.424926530] [candidate_explorer]: Nav2 path to frontier is 0.62m (straight-line=0.60m, detour=1.0x)
[INFO] [1788842064.425842205] [candidate_explorer]: Global path accepted. Navigating to frontier (-6.61, 0.04)
[bt_navigator-7] [INFO] [1788842064.426375543] [bt_navigator]: Begin navigating from current location (-7.15, -0.24) to (-6.61, 0.04)
[controller_server-3] [INFO] [1788842064.447184894] [controller_server]: Received a goal, begin computing control effort.
[controller_server-3] [INFO] [1788842064.900091240] [controller_server]: Reached the goal!
[bt_navigator-7] [INFO] [1788842064.938228745] [bt_navigator]: Goal succeeded
[INFO] [1788842064.939369463] [candidate_explorer]: Frontier goal finished: success=True
[INFO] [1788842064.939629674] [candidate_explorer]: Reached frontier. Waiting for the map to expose new frontiers.
[INFO] [1788842065.131951878] [candidate_explorer]: Detected 10972 frontier cells
[INFO] [1788842065.146340922] [candidate_explorer]: Found 141 frontier clusters after filtering
[INFO] [1788842065.153223942] [candidate_explorer]: Selected frontier cluster: size=8156, goal=(-6.28, 0.21), distance=0.60
[INFO] [1788842065.154358035] [candidate_explorer]: Checking global path to frontier (-6.28, 0.21), distance=0.60m
[INFO] [1788842065.158954951] [candidate_explorer]: Nav2 path to frontier is 0.62m (straight-line=0.60m, detour=1.0x)
[INFO] [1788842065.159915043] [candidate_explorer]: Global path accepted. Navigating to frontier (-6.28, 0.21)
[bt_navigator-7] [INFO] [1788842065.160333046] [bt_navigator]: Begin navigating from current location (-6.83, -0.05) to (-6.28, 0.21)
[controller_server-3] [INFO] [1788842065.181295899] [controller_server]: Received a goal, begin computing control effort.
[controller_server-3] [INFO] [1788842065.634583165] [controller_server]: Reached the goal!
[bt_navigator-7] [INFO] [1788842065.662998750] [bt_navigator]: Goal succeeded
[INFO] [1788842065.664004717] [candidate_explorer]: Frontier goal finished: success=True
[INFO] [1788842065.664224594] [candidate_explorer]: Reached frontier. Waiting for the map to expose new frontiers.
[INFO] [1788842065.904241805] [candidate_explorer]: Detected 10707 frontier cells
[INFO] [1788842065.913430303] [candidate_explorer]: Found 141 frontier clusters after filtering
[INFO] [1788842065.920086737] [candidate_explorer]: Selected frontier cluster: size=7905, goal=(-5.94, 0.37), distance=0.60
[INFO] [1788842065.920949286] [candidate_explorer]: Checking global path to frontier (-5.94, 0.37), distance=0.60m
[INFO] [1788842065.925007655] [candidate_explorer]: Nav2 path to frontier is 0.62m (straight-line=0.60m, detour=1.0x)
[INFO] [1788842065.925962997] [candidate_explorer]: Global path accepted. Navigating to frontier (-5.94, 0.37)
[bt_navigator-7] [INFO] [1788842065.926431084] [bt_navigator]: Begin navigating from current location (-6.48, 0.11) to (-5.94, 0.37)
[controller_server-3] [INFO] [1788842065.947909358] [controller_server]: Received a goal, begin computing control effort.
[controller_server-3] [INFO] [1788842066.400246824] [controller_server]: Reached the goal!
[bt_navigator-7] [INFO] [1788842066.438367329] [bt_navigator]: Goal succeeded
[INFO] [1788842066.438889375] [candidate_explorer]: Frontier goal finished: success=True
[INFO] [1788842066.439158336] [candidate_explorer]: Reached frontier. Waiting for the map to expose new frontiers.
[INFO] [1788842066.633148888] [candidate_explorer]: Detected 10707 frontier cells
[INFO] [1788842066.642345845] [candidate_explorer]: Found 141 frontier clusters after filtering
[INFO] [1788842066.648950778] [candidate_explorer]: Selected frontier cluster: size=7905, goal=(-5.58, 0.49), distance=0.60
[INFO] [1788842066.649923328] [candidate_explorer]: Checking global path to frontier (-5.58, 0.49), distance=0.60m
[INFO] [1788842066.654204450] [candidate_explorer]: Nav2 path to frontier is 0.65m (straight-line=0.60m, detour=1.1x)
[INFO] [1788842066.655182875] [candidate_explorer]: Global path accepted. Navigating to frontier (-5.58, 0.49)
[bt_navigator-7] [INFO] [1788842066.655648921] [bt_navigator]: Begin navigating from current location (-6.14, 0.28) to (-5.58, 0.49)
[controller_server-3] [INFO] [1788842066.678949461] [controller_server]: Received a goal, begin computing control effort.
[controller_server-3] [INFO] [1788842067.134101744] [controller_server]: Reached the goal!
[bt_navigator-7] [INFO] [1788842067.167220704] [bt_navigator]: Goal succeeded
[INFO] [1788842067.168301172] [candidate_explorer]: Frontier goal finished: success=True
[INFO] [1788842067.168559924] [candidate_explorer]: Reached frontier. Waiting for the map to expose new frontiers.
[INFO] [1788842067.384218668] [candidate_explorer]: Detected 10707 frontier cells
[INFO] [1788842067.393268582] [candidate_explorer]: Found 141 frontier clusters after filtering
[INFO] [1788842067.399879182] [candidate_explorer]: Selected frontier cluster: size=7905, goal=(-5.22, 0.67), distance=0.60
[INFO] [1788842067.400856357] [candidate_explorer]: Checking global path to frontier (-5.22, 0.67), distance=0.60m
[INFO] [1788842067.404981686] [candidate_explorer]: Nav2 path to frontier is 0.63m (straight-line=0.60m, detour=1.0x)
[INFO] [1788842067.405929361] [candidate_explorer]: Global path accepted. Navigating to frontier (-5.22, 0.67)
[bt_navigator-7] [INFO] [1788842067.406368656] [bt_navigator]: Begin navigating from current location (-5.78, 0.44) to (-5.22, 0.67)
[controller_server-3] [INFO] [1788842067.430149075] [controller_server]: Received a goal, begin computing control effort.
[controller_server-3] [INFO] [1788842067.884125223] [controller_server]: Reached the goal!
[bt_navigator-7] [INFO] [1788842067.918901614] [bt_navigator]: Goal succeeded
[INFO] [1788842067.920027458] [candidate_explorer]: Frontier goal finished: success=True
[INFO] [1788842067.920265793] [candidate_explorer]: Reached frontier. Waiting for the map to expose new frontiers.
[INFO] [1788842068.155262042] [candidate_explorer]: Detected 10344 frontier cells
[INFO] [1788842068.164124495] [candidate_explorer]: Found 140 frontier clusters after filtering
[INFO] [1788842068.170686137] [candidate_explorer]: Selected frontier cluster: size=7565, goal=(-4.84, 0.76), distance=0.60
[INFO] [1788842068.171619479] [candidate_explorer]: Checking global path to frontier (-4.84, 0.76), distance=0.60m
[INFO] [1788842068.176061101] [candidate_explorer]: Nav2 path to frontier is 0.72m (straight-line=0.60m, detour=1.2x)
[INFO] [1788842068.177216903] [candidate_explorer]: Global path accepted. Navigating to frontier (-4.84, 0.76)
[bt_navigator-7] [INFO] [1788842068.177659074] [bt_navigator]: Begin navigating from current location (-5.42, 0.59) to (-4.84, 0.76)
[controller_server-3] [INFO] [1788842068.198533925] [controller_server]: Received a goal, begin computing control effort.
[controller_server-3] [INFO] [1788842068.651476814] [controller_server]: Reached the goal!
[bt_navigator-7] [INFO] [1788842068.687909637] [bt_navigator]: Goal succeeded
[INFO] [1788842068.688923604] [candidate_explorer]: Frontier goal finished: success=True
[INFO] [1788842068.689170023] [candidate_explorer]: Reached frontier. Waiting for the map to expose new frontiers.
[INFO] [1788842068.885722848] [candidate_explorer]: Detected 10344 frontier cells
[INFO] [1788842068.894449633] [candidate_explorer]: Found 140 frontier clusters after filtering
[INFO] [1788842068.900944066] [candidate_explorer]: Selected frontier cluster: size=7565, goal=(-5.61, 0.45), distance=0.60
[INFO] [1788842068.901885699] [candidate_explorer]: Checking global path to frontier (-5.61, 0.45), distance=0.60m
[INFO] [1788842068.906222363] [candidate_explorer]: Nav2 path to frontier is 0.62m (straight-line=0.60m, detour=1.0x)
[INFO] [1788842068.907157746] [candidate_explorer]: Global path accepted. Navigating to frontier (-5.61, 0.45)
[bt_navigator-7] [INFO] [1788842068.907547208] [bt_navigator]: Begin navigating from current location (-5.07, 0.70) to (-5.61, 0.45)
[controller_server-3] [INFO] [1788842068.931146417] [controller_server]: Received a goal, begin computing control effort.
[controller_server-3] [INFO] [1788842069.981737476] [controller_server]: Passing new path to controller.
[controller_server-3] [INFO] [1788842070.589091024] [controller_server]: Reached the goal!
[bt_navigator-7] [INFO] [1788842070.620854847] [bt_navigator]: Goal succeeded
[INFO] [1788842070.621876648] [candidate_explorer]: Frontier goal finished: success=True
[INFO] [1788842070.622149734] [candidate_explorer]: Reached frontier. Waiting for the map to expose new frontiers.
[INFO] [1788842070.906832590] [candidate_explorer]: Detected 10240 frontier cells
[INFO] [1788842070.915711918] [candidate_explorer]: Found 138 frontier clusters after filtering
[INFO] [1788842070.922048975] [candidate_explorer]: Selected frontier cluster: size=7490, goal=(-4.96, 0.79), distance=0.61
[INFO] [1788842070.922883649] [candidate_explorer]: Checking global path to frontier (-4.96, 0.79), distance=0.61m
[INFO] [1788842070.927375355] [candidate_explorer]: Nav2 path to frontier is 0.62m (straight-line=0.61m, detour=1.0x)
[INFO] [1788842070.928377156] [candidate_explorer]: Global path accepted. Navigating to frontier (-4.96, 0.79)
[bt_navigator-7] [INFO] [1788842070.928854451] [bt_navigator]: Begin navigating from current location (-5.40, 0.37) to (-4.96, 0.79)
[controller_server-3] [INFO] [1788842070.950997731] [controller_server]: Received a goal, begin computing control effort.
[controller_server-3] [INFO] [1788842072.006185372] [controller_server]: Passing new path to controller.
[controller_server-3] [INFO] [1788842072.254463156] [controller_server]: Reached the goal!
[bt_navigator-7] [INFO] [1788842072.292239365] [bt_navigator]: Goal succeeded
[INFO] [1788842072.292726870] [candidate_explorer]: Frontier goal finished: success=True
[INFO] [1788842072.292954163] [candidate_explorer]: Reached frontier. Waiting for the map to expose new frontiers.
[INFO] [1788842072.403767145] [candidate_explorer]: Detected 10333 frontier cells
[INFO] [1788842072.412816934] [candidate_explorer]: Found 137 frontier clusters after filtering
[INFO] [1788842072.419285533] [candidate_explorer]: Selected frontier cluster: size=7579, goal=(-5.59, 0.34), distance=0.60
[INFO] [1788842072.420160916] [candidate_explorer]: Checking global path to frontier (-5.59, 0.34), distance=0.60m
[INFO] [1788842072.424498329] [candidate_explorer]: Nav2 path to frontier is 0.61m (straight-line=0.60m, detour=1.0x)
[INFO] [1788842072.425470588] [candidate_explorer]: Global path accepted. Navigating to frontier (-5.59, 0.34)
[bt_navigator-7] [INFO] [1788842072.425947884] [bt_navigator]: Begin navigating from current location (-5.20, 0.79) to (-5.59, 0.34)
[controller_server-3] [INFO] [1788842072.447620034] [controller_server]: Received a goal, begin computing control effort.
[controller_server-3] [INFO] [1788842073.498982391] [controller_server]: Passing new path to controller.
[controller_server-3] [INFO] [1788842074.050040024] [controller_server]: Reached the goal!
[bt_navigator-7] [INFO] [1788842074.086237137] [bt_navigator]: Goal succeeded
[INFO] [1788842074.087464648] [candidate_explorer]: Frontier goal finished: success=True
[INFO] [1788842074.087688566] [candidate_explorer]: Reached frontier. Waiting for the map to expose new frontiers.
[INFO] [1788842074.154615826] [candidate_explorer]: Detected 10309 frontier cells
[INFO] [1788842074.163307570] [candidate_explorer]: Found 139 frontier clusters after filtering
[INFO] [1788842074.169624709] [candidate_explorer]: Selected frontier cluster: size=7555, goal=(-5.97, 0.22), distance=0.60
[INFO] [1788842074.170525717] [candidate_explorer]: Checking global path to frontier (-5.97, 0.22), distance=0.60m
[INFO] [1788842074.174877255] [candidate_explorer]: Nav2 path to frontier is 0.61m (straight-line=0.60m, detour=1.0x)
[INFO] [1788842074.175768722] [candidate_explorer]: Global path accepted. Navigating to frontier (-5.97, 0.22)
[bt_navigator-7] [INFO] [1788842074.176241476] [bt_navigator]: Begin navigating from current location (-5.38, 0.34) to (-5.97, 0.22)
[controller_server-3] [INFO] [1788842074.199568391] [controller_server]: Received a goal, begin computing control effort.
[controller_server-3] [INFO] [1788842074.651667063] [controller_server]: Reached the goal!
[bt_navigator-7] [INFO] [1788842074.686551331] [bt_navigator]: Goal succeeded
[INFO] [1788842074.687647841] [candidate_explorer]: Frontier goal finished: success=True
[INFO] [1788842074.687866426] [candidate_explorer]: Reached frontier. Waiting for the map to expose new frontiers.
[INFO] [1788842074.883029864] [candidate_explorer]: Detected 10309 frontier cells
[INFO] [1788842074.891968984] [candidate_explorer]: Found 139 frontier clusters after filtering
[INFO] [1788842074.898513251] [candidate_explorer]: Selected frontier cluster: size=7555, goal=(-6.34, 0.09), distance=0.61
[INFO] [1788842074.899427176] [candidate_explorer]: Checking global path to frontier (-6.34, 0.09), distance=0.61m
[INFO] [1788842074.904060133] [candidate_explorer]: Nav2 path to frontier is 0.61m (straight-line=0.61m, detour=1.0x)
[INFO] [1788842074.904981766] [candidate_explorer]: Global path accepted. Navigating to frontier (-6.34, 0.09)
[bt_navigator-7] [INFO] [1788842074.905384562] [bt_navigator]: Begin navigating from current location (-5.74, 0.20) to (-6.34, 0.09)
[controller_server-3] [INFO] [1788842074.926921711] [controller_server]: Received a goal, begin computing control effort.
[controller_server-3] [INFO] [1788842075.379726265] [controller_server]: Reached the goal!
[bt_navigator-7] [INFO] [1788842075.415976294] [bt_navigator]: Goal succeeded
[INFO] [1788842075.416406548] [candidate_explorer]: Frontier goal finished: success=True
[INFO] [1788842075.416660134] [candidate_explorer]: Reached frontier. Waiting for the map to expose new frontiers.
[INFO] [1788842075.631043617] [candidate_explorer]: Detected 10309 frontier cells
[INFO] [1788842075.641652961] [candidate_explorer]: Found 139 frontier clusters after filtering
[INFO] [1788842075.648699148] [candidate_explorer]: Selected frontier cluster: size=7555, goal=(-6.69, -0.05), distance=0.60
[INFO] [1788842075.649745157] [candidate_explorer]: Checking global path to frontier (-6.69, -0.05), distance=0.60m
[INFO] [1788842075.654641784] [candidate_explorer]: Nav2 path to frontier is 0.60m (straight-line=0.60m, detour=1.0x)
[INFO] [1788842075.655599209] [candidate_explorer]: Global path accepted. Navigating to frontier (-6.69, -0.05)
[bt_navigator-7] [INFO] [1788842075.656140172] [bt_navigator]: Begin navigating from current location (-6.12, 0.15) to (-6.69, -0.05)
[controller_server-3] [INFO] [1788842075.679286961] [controller_server]: Received a goal, begin computing control effort.
[controller_server-3] [INFO] [1788842076.131606885] [controller_server]: Reached the goal!
[bt_navigator-7] [INFO] [1788842076.166567820] [bt_navigator]: Goal succeeded
[INFO] [1788842076.167676580] [candidate_explorer]: Frontier goal finished: success=True
[INFO] [1788842076.167940791] [candidate_explorer]: Reached frontier. Waiting for the map to expose new frontiers.
[INFO] [1788842076.405269560] [candidate_explorer]: Detected 10235 frontier cells
[INFO] [1788842076.414144180] [candidate_explorer]: Found 138 frontier clusters after filtering
[INFO] [1788842076.420470236] [candidate_explorer]: Selected frontier cluster: size=7491, goal=(-7.02, -0.26), distance=0.60
[INFO] [1788842076.421327869] [candidate_explorer]: Checking global path to frontier (-7.02, -0.26), distance=0.60m
[INFO] [1788842076.426319830] [candidate_explorer]: Nav2 path to frontier is 0.60m (straight-line=0.60m, detour=1.0x)
[INFO] [1788842076.427206504] [candidate_explorer]: Global path accepted. Navigating to frontier (-7.02, -0.26)
[bt_navigator-7] [INFO] [1788842076.427676759] [bt_navigator]: Begin navigating from current location (-6.50, 0.04) to (-7.02, -0.26)
[controller_server-3] [INFO] [1788842076.451411052] [controller_server]: Received a goal, begin computing control effort.
[controller_server-3] [INFO] [1788842076.855556758] [controller_server]: Reached the goal!
[bt_navigator-7] [INFO] [1788842076.888005421] [bt_navigator]: Goal succeeded
[INFO] [1788842076.888558176] [candidate_explorer]: Frontier goal finished: success=True
[INFO] [1788842076.888865512] [candidate_explorer]: Reached frontier. Waiting for the map to expose new frontiers.
[INFO] [1788842077.134755107] [candidate_explorer]: Detected 10235 frontier cells
[INFO] [1788842077.143588394] [candidate_explorer]: Found 138 frontier clusters after filtering
[INFO] [1788842077.149946367] [candidate_explorer]: Selected frontier cluster: size=7491, goal=(-6.25, -0.02), distance=0.60
[INFO] [1788842077.150943292] [candidate_explorer]: Checking global path to frontier (-6.25, -0.02), distance=0.60m
[INFO] [1788842077.155374998] [candidate_explorer]: Nav2 path to frontier is 0.62m (straight-line=0.60m, detour=1.0x)
[INFO] [1788842077.156361215] [candidate_explorer]: Global path accepted. Navigating to frontier (-6.25, -0.02)
[bt_navigator-7] [INFO] [1788842077.156791761] [bt_navigator]: Begin navigating from current location (-6.85, -0.13) to (-6.25, -0.02)
[controller_server-3] [INFO] [1788842077.180391803] [controller_server]: Received a goal, begin computing control effort.
[controller_server-3] [INFO] [1788842078.230565442] [controller_server]: Passing new path to controller.
[controller_server-3] [INFO] [1788842078.782600000] [controller_server]: Reached the goal!
[bt_navigator-7] [INFO] [1788842078.819663120] [bt_navigator]: Goal succeeded
[INFO] [1788842078.820212917] [candidate_explorer]: Frontier goal finished: success=True
[INFO] [1788842078.820476419] [candidate_explorer]: Reached frontier. Waiting for the map to expose new frontiers.
[INFO] [1788842078.904886334] [candidate_explorer]: Detected 10218 frontier cells
[INFO] [1788842078.913772246] [candidate_explorer]: Found 138 frontier clusters after filtering
[INFO] [1788842078.920108302] [candidate_explorer]: Selected frontier cluster: size=7474, goal=(-6.97, -0.23), distance=0.61
[INFO] [1788842078.920957309] [candidate_explorer]: Checking global path to frontier (-6.97, -0.23), distance=0.61m
[INFO] [1788842078.925729935] [candidate_explorer]: Nav2 path to frontier is 0.62m (straight-line=0.61m, detour=1.0x)
[INFO] [1788842078.926596484] [candidate_explorer]: Global path accepted. Navigating to frontier (-6.97, -0.23)
[bt_navigator-7] [INFO] [1788842078.927016946] [bt_navigator]: Begin navigating from current location (-6.37, -0.19) to (-6.97, -0.23)
[controller_server-3] [INFO] [1788842078.947382002] [controller_server]: Received a goal, begin computing control effort.
[controller_server-3] [INFO] [1788842080.002129514] [controller_server]: Passing new path to controller.
[controller_server-3] [INFO] [1788842080.600690110] [controller_server]: Reached the goal!
[bt_navigator-7] [INFO] [1788842080.637662437] [bt_navigator]: Goal succeeded
[INFO] [1788842080.638999324] [candidate_explorer]: Frontier goal finished: success=True
[INFO] [1788842080.639287702] [candidate_explorer]: Reached frontier. Waiting for the map to expose new frontiers.
[INFO] [1788842080.904779096] [candidate_explorer]: Detected 10152 frontier cells
[INFO] [1788842080.913608632] [candidate_explorer]: Found 138 frontier clusters after filtering
[INFO] [1788842080.919923480] [candidate_explorer]: Selected frontier cluster: size=7423, goal=(-7.39, -0.48), distance=0.60
[INFO] [1788842080.921853956] [candidate_explorer]: Checking global path to frontier (-7.39, -0.48), distance=0.60m
[INFO] [1788842080.926805291] [candidate_explorer]: Nav2 path to frontier is 0.61m (straight-line=0.60m, detour=1.0x)
[INFO] [1788842080.927970801] [candidate_explorer]: Global path accepted. Navigating to frontier (-7.39, -0.48)
[bt_navigator-7] [INFO] [1788842080.930017736] [bt_navigator]: Begin navigating from current location (-6.80, -0.39) to (-7.39, -0.48)
[controller_server-3] [INFO] [1788842080.953154608] [controller_server]: Received a goal, begin computing control effort.
[controller_server-3] [INFO] [1788842081.407721511] [controller_server]: Reached the goal!
[bt_navigator-7] [INFO] [1788842081.441848230] [bt_navigator]: Goal succeeded
[INFO] [1788842081.443002782] [candidate_explorer]: Frontier goal finished: success=True
[INFO] [1788842081.443267992] [candidate_explorer]: Reached frontier. Waiting for the map to expose new frontiers.
[INFO] [1788842081.634752106] [candidate_explorer]: Detected 10152 frontier cells
[INFO] [1788842081.644049563] [candidate_explorer]: Found 138 frontier clusters after filtering
[INFO] [1788842081.650365577] [candidate_explorer]: Selected frontier cluster: size=7423, goal=(-7.75, -0.63), distance=0.60
[INFO] [1788842081.651402253] [candidate_explorer]: Checking global path to frontier (-7.75, -0.63), distance=0.60m
[INFO] [1788842081.656315463] [candidate_explorer]: Nav2 path to frontier is 0.61m (straight-line=0.60m, detour=1.0x)
[INFO] [1788842081.657088512] [candidate_explorer]: Global path accepted. Navigating to frontier (-7.75, -0.63)
[bt_navigator-7] [INFO] [1788842081.657553516] [bt_navigator]: Begin navigating from current location (-7.19, -0.42) to (-7.75, -0.63)
[controller_server-3] [INFO] [1788842081.680377510] [controller_server]: Received a goal, begin computing control effort.
[controller_server-3] [INFO] [1788842082.133177022] [controller_server]: Reached the goal!
[bt_navigator-7] [INFO] [1788842082.168746629] [bt_navigator]: Goal succeeded
[INFO] [1788842082.169873389] [candidate_explorer]: Frontier goal finished: success=True
[INFO] [1788842082.170184100] [candidate_explorer]: Reached frontier. Waiting for the map to expose new frontiers.
[INFO] [1788842082.404442092] [candidate_explorer]: Detected 10074 frontier cells
[INFO] [1788842082.413346421] [candidate_explorer]: Found 137 frontier clusters after filtering
[INFO] [1788842082.420053481] [candidate_explorer]: Selected frontier cluster: size=7358, goal=(-6.97, -0.41), distance=0.60
[INFO] [1788842082.420906197] [candidate_explorer]: Checking global path to frontier (-6.97, -0.41), distance=0.60m
[INFO] [1788842082.425792948] [candidate_explorer]: Nav2 path to frontier is 0.62m (straight-line=0.60m, detour=1.0x)
[INFO] [1788842082.426658248] [candidate_explorer]: Global path accepted. Navigating to frontier (-6.97, -0.41)
[bt_navigator-7] [INFO] [1788842082.427155377] [bt_navigator]: Begin navigating from current location (-7.56, -0.54) to (-6.97, -0.41)
[controller_server-3] [INFO] [1788842082.449888953] [controller_server]: Received a goal, begin computing control effort.
[controller_server-3] [INFO] [1788842083.500168176] [controller_server]: Passing new path to controller.
[controller_server-3] [INFO] [1788842084.152846418] [controller_server]: Reached the goal!
[bt_navigator-7] [INFO] [1788842084.188096605] [bt_navigator]: Goal succeeded
[INFO] [1788842084.188965530] [candidate_explorer]: Frontier goal finished: success=True
[INFO] [1788842084.189240282] [candidate_explorer]: Reached frontier. Waiting for the map to expose new frontiers.
[INFO] [1788842084.405142029] [candidate_explorer]: Detected 10074 frontier cells
[INFO] [1788842084.413828397] [candidate_explorer]: Found 137 frontier clusters after filtering
[INFO] [1788842084.420307496] [candidate_explorer]: Selected frontier cluster: size=7358, goal=(-6.54, -0.26), distance=0.60
[INFO] [1788842084.421193004] [candidate_explorer]: Checking global path to frontier (-6.54, -0.26), distance=0.60m
[INFO] [1788842084.426074881] [candidate_explorer]: Nav2 path to frontier is 0.61m (straight-line=0.60m, detour=1.0x)
[INFO] [1788842084.426989514] [candidate_explorer]: Global path accepted. Navigating to frontier (-6.54, -0.26)
[bt_navigator-7] [INFO] [1788842084.427477435] [bt_navigator]: Begin navigating from current location (-7.14, -0.26) to (-6.54, -0.26)
[controller_server-3] [INFO] [1788842084.450577723] [controller_server]: Received a goal, begin computing control effort.
[controller_server-3] [INFO] [1788842084.904886248] [controller_server]: Reached the goal!
[bt_navigator-7] [INFO] [1788842084.938306294] [bt_navigator]: Goal succeeded
[INFO] [1788842084.939705557] [candidate_explorer]: Frontier goal finished: success=True
[INFO] [1788842084.939927225] [candidate_explorer]: Reached frontier. Waiting for the map to expose new frontiers.
[INFO] [1788842085.135101622] [candidate_explorer]: Detected 10074 frontier cells
[INFO] [1788842085.144261161] [candidate_explorer]: Found 137 frontier clusters after filtering
[INFO] [1788842085.150734927] [candidate_explorer]: Selected frontier cluster: size=7358, goal=(-7.30, -0.50), distance=0.60
[INFO] [1788842085.151613393] [candidate_explorer]: Checking global path to frontier (-7.30, -0.50), distance=0.60m
[INFO] [1788842085.156386310] [candidate_explorer]: Nav2 path to frontier is 0.60m (straight-line=0.60m, detour=1.0x)
[INFO] [1788842085.157190067] [candidate_explorer]: Global path accepted. Navigating to frontier (-7.30, -0.50)
[bt_navigator-7] [INFO] [1788842085.157573696] [bt_navigator]: Begin navigating from current location (-6.75, -0.25) to (-7.30, -0.50)
[controller_server-3] [INFO] [1788842085.178355963] [controller_server]: Received a goal, begin computing control effort.
[controller_server-3] [INFO] [1788842086.230514078] [controller_server]: Passing new path to controller.
[controller_server-3] [INFO] [1788842086.681821368] [controller_server]: Reached the goal!
[bt_navigator-7] [INFO] [1788842086.719899622] [bt_navigator]: Goal succeeded
[INFO] [1788842086.721197051] [candidate_explorer]: Frontier goal finished: success=True
[INFO] [1788842086.721455803] [candidate_explorer]: Reached frontier. Waiting for the map to expose new frontiers.
[INFO] [1788842086.905458183] [candidate_explorer]: Detected 10074 frontier cells
[INFO] [1788842086.914219636] [candidate_explorer]: Found 137 frontier clusters after filtering
[INFO] [1788842086.920634359] [candidate_explorer]: Selected frontier cluster: size=7358, goal=(-7.71, -0.60), distance=0.60
[INFO] [1788842086.921500409] [candidate_explorer]: Checking global path to frontier (-7.71, -0.60), distance=0.60m
[INFO] [1788842086.926303243] [candidate_explorer]: Nav2 path to frontier is 0.61m (straight-line=0.60m, detour=1.0x)
[INFO] [1788842086.927046375] [candidate_explorer]: Global path accepted. Navigating to frontier (-7.71, -0.60)
[bt_navigator-7] [INFO] [1788842086.927495295] [bt_navigator]: Begin navigating from current location (-7.11, -0.60) to (-7.71, -0.60)
[controller_server-3] [INFO] [1788842086.949343280] [controller_server]: Received a goal, begin computing control effort.
[controller_server-3] [INFO] [1788842087.354454995] [controller_server]: Reached the goal!
[bt_navigator-7] [INFO] [1788842087.387768790] [bt_navigator]: Goal succeeded
[INFO] [1788842087.389007551] [candidate_explorer]: Frontier goal finished: success=True
[INFO] [1788842087.389219220] [candidate_explorer]: Reached frontier. Waiting for the map to expose new frontiers.
[INFO] [1788842087.636102866] [candidate_explorer]: Detected 10074 frontier cells
[INFO] [1788842087.644709275] [candidate_explorer]: Found 137 frontier clusters after filtering
[INFO] [1788842087.651058123] [candidate_explorer]: Selected frontier cluster: size=7358, goal=(-6.94, -0.41), distance=0.61
[INFO] [1788842087.651941798] [candidate_explorer]: Checking global path to frontier (-6.94, -0.41), distance=0.61m
[INFO] [1788842087.656698173] [candidate_explorer]: Nav2 path to frontier is 0.61m (straight-line=0.61m, detour=1.0x)
[INFO] [1788842087.657481055] [candidate_explorer]: Global path accepted. Navigating to frontier (-6.94, -0.41)
[bt_navigator-7] [INFO] [1788842087.657881642] [bt_navigator]: Begin navigating from current location (-7.51, -0.63) to (-6.94, -0.41)
[controller_server-3] [INFO] [1788842087.678487116] [controller_server]: Received a goal, begin computing control effort.
[controller_server-3] [INFO] [1788842088.731314653] [controller_server]: Passing new path to controller.
[controller_server-3] [INFO] [1788842089.237193678] [controller_server]: Reached the goal!
[bt_navigator-7] [INFO] [1788842089.269189586] [bt_navigator]: Goal succeeded
[INFO] [1788842089.270471472] [candidate_explorer]: Frontier goal finished: success=True
[INFO] [1788842089.270716975] [candidate_explorer]: Reached frontier. Waiting for the map to expose new frontiers.
[INFO] [1788842089.405321001] [candidate_explorer]: Detected 10110 frontier cells
[INFO] [1788842089.413964327] [candidate_explorer]: Found 137 frontier clusters after filtering
[INFO] [1788842089.420216799] [candidate_explorer]: Selected frontier cluster: size=7393, goal=(-7.60, -0.68), distance=0.61
[INFO] [1788842089.421085932] [candidate_explorer]: Checking global path to frontier (-7.60, -0.68), distance=0.61m
[INFO] [1788842089.426581647] [candidate_explorer]: Nav2 path to frontier is 0.61m (straight-line=0.61m, detour=1.0x)
[INFO] [1788842089.427385529] [candidate_explorer]: Global path accepted. Navigating to frontier (-7.60, -0.68)
[bt_navigator-7] [INFO] [1788842089.427833992] [bt_navigator]: Begin navigating from current location (-7.13, -0.29) to (-7.60, -0.68)
[controller_server-3] [INFO] [1788842089.450368191] [controller_server]: Received a goal, begin computing control effort.
[controller_server-3] [INFO] [1788842090.503733775] [controller_server]: Passing new path to controller.
[controller_server-3] [INFO] [1788842091.003273368] [controller_server]: Reached the goal!
[bt_navigator-7] [INFO] [1788842091.038134802] [bt_navigator]: Goal succeeded
[INFO] [1788842091.038611556] [candidate_explorer]: Frontier goal finished: success=True
[INFO] [1788842091.038875850] [candidate_explorer]: Reached frontier. Waiting for the map to expose new frontiers.
[INFO] [1788842091.155620176] [candidate_explorer]: Detected 10110 frontier cells
[INFO] [1788842091.164541005] [candidate_explorer]: Found 137 frontier clusters after filtering
[INFO] [1788842091.170902437] [candidate_explorer]: Selected frontier cluster: size=7393, goal=(-6.84, -0.48), distance=0.61
[INFO] [1788842091.171807986] [candidate_explorer]: Checking global path to frontier (-6.84, -0.48), distance=0.61m
[INFO] [1788842091.177211284] [candidate_explorer]: Nav2 path to frontier is 0.61m (straight-line=0.61m, detour=1.0x)
[INFO] [1788842091.177957041] [candidate_explorer]: Global path accepted. Navigating to frontier (-6.84, -0.48)
[bt_navigator-7] [INFO] [1788842091.178395961] [bt_navigator]: Begin navigating from current location (-7.41, -0.71) to (-6.84, -0.48)
[controller_server-3] [INFO] [1788842091.201913295] [controller_server]: Received a goal, begin computing control effort.
[controller_server-3] [INFO] [1788842092.253938158] [controller_server]: Passing new path to controller.
[controller_server-3] [INFO] [1788842092.958199565] [controller_server]: Reached the goal!
[bt_navigator-7] [INFO] [1788842092.988738502] [bt_navigator]: Goal succeeded
[INFO] [1788842092.990035931] [candidate_explorer]: Frontier goal finished: success=True
[INFO] [1788842092.990261724] [candidate_explorer]: Reached frontier. Waiting for the map to expose new frontiers.
[INFO] [1788842093.155629898] [candidate_explorer]: Detected 10060 frontier cells
[INFO] [1788842093.164437143] [candidate_explorer]: Found 137 frontier clusters after filtering
[INFO] [1788842093.170774365] [candidate_explorer]: Selected frontier cluster: size=7343, goal=(-6.43, -0.24), distance=0.60
[INFO] [1788842093.171679040] [candidate_explorer]: Checking global path to frontier (-6.43, -0.24), distance=0.60m
[INFO] [1788842093.176762752] [candidate_explorer]: Nav2 path to frontier is 0.62m (straight-line=0.60m, detour=1.0x)
[INFO] [1788842093.177629551] [candidate_explorer]: Global path accepted. Navigating to frontier (-6.43, -0.24)
[bt_navigator-7] [INFO] [1788842093.178102555] [bt_navigator]: Begin navigating from current location (-7.02, -0.38) to (-6.43, -0.24)
[controller_server-3] [INFO] [1788842093.200326169] [controller_server]: Received a goal, begin computing control effort.
[controller_server-3] [INFO] [1788842093.653589019] [controller_server]: Reached the goal!
[bt_navigator-7] [INFO] [1788842093.688403577] [bt_navigator]: Goal succeeded
[INFO] [1788842093.689849632] [candidate_explorer]: Frontier goal finished: success=True
[INFO] [1788842093.690083592] [candidate_explorer]: Reached frontier. Waiting for the map to expose new frontiers.
[INFO] [1788842093.903984029] [candidate_explorer]: Detected 10060 frontier cells
[INFO] [1788842093.912621105] [candidate_explorer]: Found 137 frontier clusters after filtering
[INFO] [1788842093.918904119] [candidate_explorer]: Selected frontier cluster: size=7343, goal=(-6.12, -0.00), distance=0.61
[INFO] [1788842093.919777586] [candidate_explorer]: Checking global path to frontier (-6.12, -0.00), distance=0.61m
[INFO] [1788842093.925591679] [candidate_explorer]: Nav2 path to frontier is 0.61m (straight-line=0.61m, detour=1.0x)
[INFO] [1788842093.926517770] [candidate_explorer]: Global path accepted. Navigating to frontier (-6.12, -0.00)
[bt_navigator-7] [INFO] [1788842093.926914232] [bt_navigator]: Begin navigating from current location (-6.65, -0.30) to (-6.12, -0.00)
[controller_server-3] [INFO] [1788842093.948180254] [controller_server]: Received a goal, begin computing control effort.
[controller_server-3] [INFO] [1788842094.406578732] [controller_server]: Reached the goal!
[bt_navigator-7] [INFO] [1788842094.437209254] [bt_navigator]: Goal succeeded
[INFO] [1788842094.438639350] [candidate_explorer]: Frontier goal finished: success=True
[INFO] [1788842094.438858518] [candidate_explorer]: Reached frontier. Waiting for the map to expose new frontiers.
[INFO] [1788842094.636125016] [candidate_explorer]: Detected 10060 frontier cells
[INFO] [1788842094.645703351] [candidate_explorer]: Found 137 frontier clusters after filtering
[INFO] [1788842094.653097625] [candidate_explorer]: Selected frontier cluster: size=7343, goal=(-5.77, 0.18), distance=0.60
[INFO] [1788842094.654238885] [candidate_explorer]: Checking global path to frontier (-5.77, 0.18), distance=0.60m
[INFO] [1788842094.660061020] [candidate_explorer]: Nav2 path to frontier is 0.61m (straight-line=0.60m, detour=1.0x)
[INFO] [1788842094.661062946] [candidate_explorer]: Global path accepted. Navigating to frontier (-5.77, 0.18)
[bt_navigator-7] [INFO] [1788842094.661570367] [bt_navigator]: Begin navigating from current location (-6.29, -0.13) to (-5.77, 0.18)
[controller_server-3] [INFO] [1788842094.682365551] [controller_server]: Received a goal, begin computing control effort.
[controller_server-3] [INFO] [1788842095.087116012] [controller_server]: Reached the goal!
[bt_navigator-7] [INFO] [1788842095.124861305] [bt_navigator]: Goal succeeded
[INFO] [1788842095.126139525] [candidate_explorer]: Frontier goal finished: success=True
[INFO] [1788842095.126405944] [candidate_explorer]: Reached frontier. Waiting for the map to expose new frontiers.
[INFO] [1788842095.385110111] [candidate_explorer]: Detected 10060 frontier cells
[INFO] [1788842095.393642437] [candidate_explorer]: Found 137 frontier clusters after filtering
[INFO] [1788842095.399960284] [candidate_explorer]: Selected frontier cluster: size=7343, goal=(-5.44, 0.33), distance=0.60
[INFO] [1788842095.400887584] [candidate_explorer]: Checking global path to frontier (-5.44, 0.33), distance=0.60m
[INFO] [1788842095.406278299] [candidate_explorer]: Nav2 path to frontier is 0.60m (straight-line=0.60m, detour=1.0x)
[INFO] [1788842095.407248474] [candidate_explorer]: Global path accepted. Navigating to frontier (-5.44, 0.33)
[bt_navigator-7] [INFO] [1788842095.407644061] [bt_navigator]: Begin navigating from current location (-5.98, 0.06) to (-5.44, 0.33)
[controller_server-3] [INFO] [1788842095.430111760] [controller_server]: Received a goal, begin computing control effort.
[controller_server-3] [INFO] [1788842095.884946665] [controller_server]: Reached the goal!
[bt_navigator-7] [INFO] [1788842095.918909924] [bt_navigator]: Goal succeeded
[INFO] [1788842095.920121477] [candidate_explorer]: Frontier goal finished: success=True
[INFO] [1788842095.920378104] [candidate_explorer]: Reached frontier. Waiting for the map to expose new frontiers.
[INFO] [1788842096.155375353] [candidate_explorer]: Detected 10017 frontier cells
[INFO] [1788842096.163866137] [candidate_explorer]: Found 137 frontier clusters after filtering
[INFO] [1788842096.170292027] [candidate_explorer]: Selected frontier cluster: size=7301, goal=(-5.08, 0.48), distance=0.60
[INFO] [1788842096.171187576] [candidate_explorer]: Checking global path to frontier (-5.08, 0.48), distance=0.60m
[INFO] [1788842096.176334705] [candidate_explorer]: Nav2 path to frontier is 0.61m (straight-line=0.60m, detour=1.0x)
[INFO] [1788842096.177223213] [candidate_explorer]: Global path accepted. Navigating to frontier (-5.08, 0.48)
[bt_navigator-7] [INFO] [1788842096.177589883] [bt_navigator]: Begin navigating from current location (-5.64, 0.25) to (-5.08, 0.48)
[controller_server-3] [INFO] [1788842096.199740371] [controller_server]: Received a goal, begin computing control effort.
[controller_server-3] [INFO] [1788842096.601619390] [controller_server]: Reached the goal!
[bt_navigator-7] [INFO] [1788842096.637987754] [bt_navigator]: Goal succeeded
[INFO] [1788842096.639468684] [candidate_explorer]: Frontier goal finished: success=True
[INFO] [1788842096.639743145] [candidate_explorer]: Reached frontier. Waiting for the map to expose new frontiers.
[INFO] [1788842096.883319137] [candidate_explorer]: Detected 10017 frontier cells
[INFO] [1788842096.892348467] [candidate_explorer]: Found 137 frontier clusters after filtering
[INFO] [1788842096.898528021] [candidate_explorer]: Selected frontier cluster: size=7301, goal=(-4.78, 0.70), distance=0.60
[INFO] [1788842096.899527405] [candidate_explorer]: Checking global path to frontier (-4.78, 0.70), distance=0.60m
[INFO] [1788842096.904670159] [candidate_explorer]: Nav2 path to frontier is 0.60m (straight-line=0.60m, detour=1.0x)
[INFO] [1788842096.905590542] [candidate_explorer]: Global path accepted. Navigating to frontier (-4.78, 0.70)
[bt_navigator-7] [INFO] [1788842096.906004254] [bt_navigator]: Begin navigating from current location (-5.29, 0.38) to (-4.78, 0.70)
[controller_server-3] [INFO] [1788842096.927443653] [controller_server]: Received a goal, begin computing control effort.
[controller_server-3] [INFO] [1788842097.432238625] [controller_server]: Reached the goal!
[bt_navigator-7] [INFO] [1788842097.469192786] [bt_navigator]: Goal succeeded
[INFO] [1788842097.470586174] [candidate_explorer]: Frontier goal finished: success=True
[INFO] [1788842097.470856509] [candidate_explorer]: Reached frontier. Waiting for the map to expose new frontiers.
[INFO] [1788842097.634215165] [candidate_explorer]: Detected 10017 frontier cells
[INFO] [1788842097.642790033] [candidate_explorer]: Found 137 frontier clusters after filtering
[INFO] [1788842097.649220090] [candidate_explorer]: Selected frontier cluster: size=7301, goal=(-5.49, 0.30), distance=0.60
[INFO] [1788842097.650191640] [candidate_explorer]: Checking global path to frontier (-5.49, 0.30), distance=0.60m
[INFO] [1788842097.655166851] [candidate_explorer]: Nav2 path to frontier is 0.60m (straight-line=0.60m, detour=1.0x)
[INFO] [1788842097.656156734] [candidate_explorer]: Global path accepted. Navigating to frontier (-5.49, 0.30)
[bt_navigator-7] [INFO] [1788842097.656570363] [bt_navigator]: Begin navigating from current location (-4.95, 0.57) to (-5.49, 0.30)
[controller_server-3] [INFO] [1788842097.677925011] [controller_server]: Received a goal, begin computing control effort.
[controller_server-3] [INFO] [1788842098.730196543] [controller_server]: Passing new path to controller.
[controller_server-3] [INFO] [1788842099.331278161] [controller_server]: Reached the goal!
[bt_navigator-7] [INFO] [1788842099.366807684] [bt_navigator]: Goal succeeded
[INFO] [1788842099.367906902] [candidate_explorer]: Frontier goal finished: success=True
[INFO] [1788842099.368118279] [candidate_explorer]: Reached frontier. Waiting for the map to expose new frontiers.
[INFO] [1788842099.654175772] [candidate_explorer]: Detected 10009 frontier cells
[INFO] [1788842099.662690097] [candidate_explorer]: Found 137 frontier clusters after filtering
[INFO] [1788842099.669238280] [candidate_explorer]: Selected frontier cluster: size=7294, goal=(-5.86, 0.12), distance=0.60
[INFO] [1788842099.670142288] [candidate_explorer]: Checking global path to frontier (-5.86, 0.12), distance=0.60m
[INFO] [1788842099.675369918] [candidate_explorer]: Nav2 path to frontier is 0.61m (straight-line=0.60m, detour=1.0x)
[INFO] [1788842099.676225967] [candidate_explorer]: Global path accepted. Navigating to frontier (-5.86, 0.12)
[bt_navigator-7] [INFO] [1788842099.676632054] [bt_navigator]: Begin navigating from current location (-5.27, 0.22) to (-5.86, 0.12)
[controller_server-3] [INFO] [1788842099.699417839] [controller_server]: Received a goal, begin computing control effort.
[controller_server-3] [INFO] [1788842100.101865447] [controller_server]: Reached the goal!
[bt_navigator-7] [INFO] [1788842100.138671815] [bt_navigator]: Goal succeeded
[INFO] [1788842100.140127828] [candidate_explorer]: Frontier goal finished: success=True
[INFO] [1788842100.140382372] [candidate_explorer]: Reached frontier. Waiting for the map to expose new frontiers.
[INFO] [1788842100.404386753] [candidate_explorer]: Detected 10115 frontier cells
[INFO] [1788842100.413024037] [candidate_explorer]: Found 137 frontier clusters after filtering
[INFO] [1788842100.419421552] [candidate_explorer]: Selected frontier cluster: size=7391, goal=(-6.21, -0.08), distance=0.61
[INFO] [1788842100.420275310] [candidate_explorer]: Checking global path to frontier (-6.21, -0.08), distance=0.61m
[INFO] [1788842100.425637316] [candidate_explorer]: Nav2 path to frontier is 0.61m (straight-line=0.61m, detour=1.0x)
[INFO] [1788842100.426599699] [candidate_explorer]: Global path accepted. Navigating to frontier (-6.21, -0.08)
[bt_navigator-7] [INFO] [1788842100.427033120] [bt_navigator]: Begin navigating from current location (-5.64, 0.13) to (-6.21, -0.08)
[controller_server-3] [INFO] [1788842100.450740788] [controller_server]: Received a goal, begin computing control effort.
[controller_server-3] [INFO] [1788842100.904456517] [controller_server]: Reached the goal!
[bt_navigator-7] [INFO] [1788842100.937457101] [bt_navigator]: Goal succeeded
[INFO] [1788842100.938043523] [candidate_explorer]: Frontier goal finished: success=True
[INFO] [1788842100.938319067] [candidate_explorer]: Reached frontier. Waiting for the map to expose new frontiers.
[INFO] [1788842101.134087052] [candidate_explorer]: Detected 10115 frontier cells
[INFO] [1788842101.142898130] [candidate_explorer]: Found 137 frontier clusters after filtering
[INFO] [1788842101.149328062] [candidate_explorer]: Selected frontier cluster: size=7391, goal=(-5.47, 0.24), distance=0.60
[INFO] [1788842101.150213653] [candidate_explorer]: Checking global path to frontier (-5.47, 0.24), distance=0.60m
[INFO] [1788842101.155612451] [candidate_explorer]: Nav2 path to frontier is 0.61m (straight-line=0.60m, detour=1.0x)
[INFO] [1788842101.156546042] [candidate_explorer]: Global path accepted. Navigating to frontier (-5.47, 0.24)
[bt_navigator-7] [INFO] [1788842101.156981255] [bt_navigator]: Begin navigating from current location (-6.03, 0.01) to (-5.47, 0.24)
[controller_server-3] [INFO] [1788842101.178298277] [controller_server]: Received a goal, begin computing control effort.
[controller_server-3] [INFO] [1788842102.229870844] [controller_server]: Passing new path to controller.
[controller_server-3] [INFO] [1788842102.780721225] [controller_server]: Reached the goal!
[bt_navigator-7] [INFO] [1788842102.809648898] [bt_navigator]: Goal succeeded
[INFO] [1788842102.810151236] [candidate_explorer]: Frontier goal finished: success=True
[INFO] [1788842102.810411572] [candidate_explorer]: Reached frontier. Waiting for the map to expose new frontiers.
[INFO] [1788842102.905851251] [candidate_explorer]: Detected 10086 frontier cells
[INFO] [1788842102.914556703] [candidate_explorer]: Found 137 frontier clusters after filtering
[INFO] [1788842102.920723799] [candidate_explorer]: Selected frontier cluster: size=7367, goal=(-5.07, 0.30), distance=0.61
[INFO] [1788842102.921532723] [candidate_explorer]: Checking global path to frontier (-5.07, 0.30), distance=0.61m
[INFO] [1788842102.926980355] [candidate_explorer]: Nav2 path to frontier is 0.63m (straight-line=0.61m, detour=1.0x)
[INFO] [1788842102.927861738] [candidate_explorer]: Global path accepted. Navigating to frontier (-5.07, 0.30)
[bt_navigator-7] [INFO] [1788842102.928294450] [bt_navigator]: Begin navigating from current location (-5.67, 0.34) to (-5.07, 0.30)
[controller_server-3] [INFO] [1788842102.949621722] [controller_server]: Received a goal, begin computing control effort.
[controller_server-3] [INFO] [1788842103.401721770] [controller_server]: Reached the goal!
[bt_navigator-7] [INFO] [1788842103.439620772] [bt_navigator]: Goal succeeded
[INFO] [1788842103.440910700] [candidate_explorer]: Frontier goal finished: success=True
[INFO] [1788842103.441171703] [candidate_explorer]: Reached frontier. Waiting for the map to expose new frontiers.
[INFO] [1788842103.633750367] [candidate_explorer]: Detected 10086 frontier cells
[INFO] [1788842103.642491195] [candidate_explorer]: Found 137 frontier clusters after filtering
[INFO] [1788842103.648901627] [candidate_explorer]: Selected frontier cluster: size=7367, goal=(-4.77, 0.66), distance=0.60
[INFO] [1788842103.649821968] [candidate_explorer]: Checking global path to frontier (-4.77, 0.66), distance=0.60m
[INFO] [1788842103.655208641] [candidate_explorer]: Nav2 path to frontier is 0.61m (straight-line=0.60m, detour=1.0x)
[INFO] [1788842103.656156357] [candidate_explorer]: Global path accepted. Navigating to frontier (-4.77, 0.66)
[bt_navigator-7] [INFO] [1788842103.656500027] [bt_navigator]: Begin navigating from current location (-5.28, 0.34) to (-4.77, 0.66)
[controller_server-3] [INFO] [1788842103.677627839] [controller_server]: Received a goal, begin computing control effort.
[controller_server-3] [INFO] [1788842104.183042943] [controller_server]: Reached the goal!
[bt_navigator-7] [INFO] [1788842104.218545966] [bt_navigator]: Goal succeeded
[INFO] [1788842104.219040887] [candidate_explorer]: Frontier goal finished: success=True
[INFO] [1788842104.219265722] [candidate_explorer]: Reached frontier. Waiting for the map to expose new frontiers.
[INFO] [1788842104.410312873] [candidate_explorer]: Detected 10056 frontier cells
[INFO] [1788842104.418882157] [candidate_explorer]: Found 137 frontier clusters after filtering
[INFO] [1788842104.425277714] [candidate_explorer]: Selected frontier cluster: size=7337, goal=(-5.44, 0.27), distance=0.60
[INFO] [1788842104.426234348] [candidate_explorer]: Checking global path to frontier (-5.44, 0.27), distance=0.60m
[INFO] [1788842104.431568812] [candidate_explorer]: Nav2 path to frontier is 0.60m (straight-line=0.60m, detour=1.0x)
[INFO] [1788842104.432486820] [candidate_explorer]: Global path accepted. Navigating to frontier (-5.44, 0.27)
[bt_navigator-7] [INFO] [1788842104.432823114] [bt_navigator]: Begin navigating from current location (-4.88, 0.47) to (-5.44, 0.27)
[controller_server-3] [INFO] [1788842104.453810509] [controller_server]: Received a goal, begin computing control effort.
[controller_server-3] [INFO] [1788842105.504192774] [controller_server]: Passing new path to controller.
[controller_server-3] [INFO] [1788842106.058271309] [controller_server]: Reached the goal!
[bt_navigator-7] [INFO] [1788842106.094785882] [bt_navigator]: Goal succeeded
[INFO] [1788842106.096157561] [candidate_explorer]: Frontier goal finished: success=True
[INFO] [1788842106.096412188] [candidate_explorer]: Reached frontier. Waiting for the map to expose new frontiers.
[INFO] [1788842106.154662205] [candidate_explorer]: Detected 10075 frontier cells
[INFO] [1788842106.163845869] [candidate_explorer]: Found 137 frontier clusters after filtering
[INFO] [1788842106.170205592] [candidate_explorer]: Selected frontier cluster: size=7344, goal=(-4.75, 0.54), distance=0.61
[INFO] [1788842106.171093058] [candidate_explorer]: Checking global path to frontier (-4.75, 0.54), distance=0.61m
[INFO] [1788842106.176654524] [candidate_explorer]: Nav2 path to frontier is 0.62m (straight-line=0.61m, detour=1.0x)
[INFO] [1788842106.177577658] [candidate_explorer]: Global path accepted. Navigating to frontier (-4.75, 0.54)
[bt_navigator-7] [INFO] [1788842106.178030912] [bt_navigator]: Begin navigating from current location (-5.36, 0.45) to (-4.75, 0.54)
[controller_server-3] [INFO] [1788842106.199601353] [controller_server]: Received a goal, begin computing control effort.
[controller_server-3] [INFO] [1788842107.250273621] [controller_server]: Passing new path to controller.
[controller_server-3] [INFO] [1788842107.753519538] [controller_server]: Reached the goal!
[bt_navigator-7] [INFO] [1788842107.788183387] [bt_navigator]: Goal succeeded
[INFO] [1788842107.789621817] [candidate_explorer]: Frontier goal finished: success=True
[INFO] [1788842107.789869819] [candidate_explorer]: Reached frontier. Waiting for the map to expose new frontiers.
[INFO] [1788842107.903597160] [candidate_explorer]: Detected 10075 frontier cells
[INFO] [1788842107.912304112] [candidate_explorer]: Found 137 frontier clusters after filtering
[INFO] [1788842107.918574417] [candidate_explorer]: Selected frontier cluster: size=7344, goal=(-5.32, 0.19), distance=0.60
[INFO] [1788842107.919444384] [candidate_explorer]: Checking global path to frontier (-5.32, 0.19), distance=0.60m
[INFO] [1788842107.925605521] [candidate_explorer]: Nav2 path to frontier is 0.60m (straight-line=0.60m, detour=1.0x)
[INFO] [1788842107.926537780] [candidate_explorer]: Global path accepted. Navigating to frontier (-5.32, 0.19)
[bt_navigator-7] [INFO] [1788842107.926967284] [bt_navigator]: Begin navigating from current location (-4.96, 0.67) to (-5.32, 0.19)
[controller_server-3] [INFO] [1788842107.948080762] [controller_server]: Received a goal, begin computing control effort.
[controller_server-3] [INFO] [1788842108.999681372] [controller_server]: Passing new path to controller.
[controller_server-3] [INFO] [1788842109.452946722] [controller_server]: Reached the goal!
[bt_navigator-7] [INFO] [1788842109.487567362] [bt_navigator]: Goal succeeded
[INFO] [1788842109.488809789] [candidate_explorer]: Frontier goal finished: success=True
[INFO] [1788842109.489069167] [candidate_explorer]: Reached frontier. Waiting for the map to expose new frontiers.
[INFO] [1788842109.634840958] [candidate_explorer]: Detected 10075 frontier cells
[INFO] [1788842109.643693745] [candidate_explorer]: Found 137 frontier clusters after filtering
[INFO] [1788842109.650063385] [candidate_explorer]: Selected frontier cluster: size=7344, goal=(-4.66, 0.64), distance=0.61
[INFO] [1788842109.651066602] [candidate_explorer]: Checking global path to frontier (-4.66, 0.64), distance=0.61m
[INFO] [1788842109.656569026] [candidate_explorer]: Nav2 path to frontier is 0.60m (straight-line=0.61m, detour=1.0x)
[INFO] [1788842109.657523076] [candidate_explorer]: Global path accepted. Navigating to frontier (-4.66, 0.64)
[bt_navigator-7] [INFO] [1788842109.657986622] [bt_navigator]: Begin navigating from current location (-5.09, 0.21) to (-4.66, 0.64)
[controller_server-3] [INFO] [1788842109.679486979] [controller_server]: Received a goal, begin computing control effort.
[controller_server-3] [INFO] [1788842110.733941280] [controller_server]: Passing new path to controller.
[controller_server-3] [INFO] [1788842111.338112051] [controller_server]: Reached the goal!
[bt_navigator-7] [INFO] [1788842111.369227410] [bt_navigator]: Goal succeeded
[INFO] [1788842111.370585297] [candidate_explorer]: Frontier goal finished: success=True
[INFO] [1788842111.370807382] [candidate_explorer]: Reached frontier. Waiting for the map to expose new frontiers.
[INFO] [1788842111.657436505] [candidate_explorer]: Detected 10125 frontier cells
[INFO] [1788842111.666200166] [candidate_explorer]: Found 137 frontier clusters after filtering
[INFO] [1788842111.672656765] [candidate_explorer]: Selected frontier cluster: size=7399, goal=(-5.19, 0.19), distance=0.60
[INFO] [1788842111.673526439] [candidate_explorer]: Checking global path to frontier (-5.19, 0.19), distance=0.60m
[INFO] [1788842111.679292657] [candidate_explorer]: Nav2 path to frontier is 0.60m (straight-line=0.60m, detour=1.0x)
[INFO] [1788842111.680308416] [candidate_explorer]: Global path accepted. Navigating to frontier (-5.19, 0.19)
[bt_navigator-7] [INFO] [1788842111.680703170] [bt_navigator]: Begin navigating from current location (-4.64, 0.43) to (-5.19, 0.19)
[controller_server-3] [INFO] [1788842111.701321977] [controller_server]: Received a goal, begin computing control effort.
[controller_server-3] [INFO] [1788842112.752757877] [controller_server]: Passing new path to controller.
[controller_server-3] [INFO] [1788842113.255412039] [controller_server]: Reached the goal!
[bt_navigator-7] [INFO] [1788842113.292852871] [bt_navigator]: Goal succeeded
[INFO] [1788842113.293331750] [candidate_explorer]: Frontier goal finished: success=True
[INFO] [1788842113.293560002] [candidate_explorer]: Reached frontier. Waiting for the map to expose new frontiers.
[INFO] [1788842113.406491461] [candidate_explorer]: Detected 10167 frontier cells
[INFO] [1788842113.415192163] [candidate_explorer]: Found 137 frontier clusters after filtering
[INFO] [1788842113.421545886] [candidate_explorer]: Selected frontier cluster: size=7439, goal=(-5.64, 0.07), distance=0.60
[INFO] [1788842113.422407352] [candidate_explorer]: Checking global path to frontier (-5.64, 0.07), distance=0.60m
[INFO] [1788842113.428212779] [candidate_explorer]: Nav2 path to frontier is 0.60m (straight-line=0.60m, detour=1.0x)
[INFO] [1788842113.429135912] [candidate_explorer]: Global path accepted. Navigating to frontier (-5.64, 0.07)
[bt_navigator-7] [INFO] [1788842113.429534166] [bt_navigator]: Begin navigating from current location (-5.12, 0.37) to (-5.64, 0.07)
[controller_server-3] [INFO] [1788842113.451327192] [controller_server]: Received a goal, begin computing control effort.
[controller_server-3] [INFO] [1788842113.856942411] [controller_server]: Reached the goal!
[bt_navigator-7] [INFO] [1788842113.893393109] [bt_navigator]: Goal succeeded
[INFO] [1788842113.894828330] [candidate_explorer]: Frontier goal finished: success=True
[INFO] [1788842113.895089499] [candidate_explorer]: Reached frontier. Waiting for the map to expose new frontiers.
[INFO] [1788842114.161043022] [candidate_explorer]: Detected 10148 frontier cells
[INFO] [1788842114.169766683] [candidate_explorer]: Found 137 frontier clusters after filtering
[INFO] [1788842114.176156406] [candidate_explorer]: Selected frontier cluster: size=7418, goal=(-6.04, -0.03), distance=0.60
[INFO] [1788842114.177038331] [candidate_explorer]: Checking global path to frontier (-6.04, -0.03), distance=0.60m
[INFO] [1788842114.182790173] [candidate_explorer]: Nav2 path to frontier is 0.61m (straight-line=0.60m, detour=1.0x)
[INFO] [1788842114.183778432] [candidate_explorer]: Global path accepted. Navigating to frontier (-6.04, -0.03)
[bt_navigator-7] [INFO] [1788842114.184160935] [bt_navigator]: Begin navigating from current location (-5.47, 0.15) to (-6.04, -0.03)
[controller_server-3] [INFO] [1788842114.205219789] [controller_server]: Received a goal, begin computing control effort.
[controller_server-3] [INFO] [1788842114.659023518] [controller_server]: Reached the goal!
[bt_navigator-7] [INFO] [1788842114.684386368] [bt_navigator]: Goal succeeded
[INFO] [1788842114.685738088] [candidate_explorer]: Frontier goal finished: success=True
[INFO] [1788842114.685949132] [candidate_explorer]: Reached frontier. Waiting for the map to expose new frontiers.
[INFO] [1788842114.884539308] [candidate_explorer]: Detected 10148 frontier cells
[INFO] [1788842114.893033758] [candidate_explorer]: Found 137 frontier clusters after filtering
[INFO] [1788842114.899645609] [candidate_explorer]: Selected frontier cluster: size=7418, goal=(-5.26, 0.16), distance=0.60
[INFO] [1788842114.900615575] [candidate_explorer]: Checking global path to frontier (-5.26, 0.16), distance=0.60m
[INFO] [1788842114.906294792] [candidate_explorer]: Nav2 path to frontier is 0.61m (straight-line=0.60m, detour=1.0x)
[INFO] [1788842114.907198675] [candidate_explorer]: Global path accepted. Navigating to frontier (-5.26, 0.16)
[bt_navigator-7] [INFO] [1788842114.907552762] [bt_navigator]: Begin navigating from current location (-5.84, 0.00) to (-5.26, 0.16)
[controller_server-3] [INFO] [1788842114.928985660] [controller_server]: Received a goal, begin computing control effort.
[controller_server-3] [INFO] [1788842115.979476302] [controller_server]: Passing new path to controller.
[controller_server-3] [INFO] [1788842116.582920482] [controller_server]: Reached the goal!
[bt_navigator-7] [INFO] [1788842116.618541548] [bt_navigator]: Goal succeeded
[INFO] [1788842116.620025311] [candidate_explorer]: Frontier goal finished: success=True
[INFO] [1788842116.620297563] [candidate_explorer]: Reached frontier. Waiting for the map to expose new frontiers.
[INFO] [1788842116.905761384] [candidate_explorer]: Detected 10128 frontier cells
[INFO] [1788842116.914584379] [candidate_explorer]: Found 137 frontier clusters after filtering
[INFO] [1788842116.920909977] [candidate_explorer]: Selected frontier cluster: size=7394, goal=(-4.83, 0.21), distance=0.61
[INFO] [1788842116.921782318] [candidate_explorer]: Checking global path to frontier (-4.83, 0.21), distance=0.61m
[INFO] [1788842116.927950081] [candidate_explorer]: Nav2 path to frontier is 0.64m (straight-line=0.61m, detour=1.0x)
[INFO] [1788842116.928914798] [candidate_explorer]: Global path accepted. Navigating to frontier (-4.83, 0.21)
[bt_navigator-7] [INFO] [1788842116.929336968] [bt_navigator]: Begin navigating from current location (-5.43, 0.28) to (-4.83, 0.21)
[controller_server-3] [INFO] [1788842116.949850733] [controller_server]: Received a goal, begin computing control effort.
[controller_server-3] [INFO] [1788842117.403468586] [controller_server]: Reached the goal!
[bt_navigator-7] [INFO] [1788842117.439888117] [bt_navigator]: Goal succeeded
[INFO] [1788842117.441319380] [candidate_explorer]: Frontier goal finished: success=True
[INFO] [1788842117.441546673] [candidate_explorer]: Reached frontier. Waiting for the map to expose new frontiers.
[INFO] [1788842117.635088180] [candidate_explorer]: Detected 10128 frontier cells
[INFO] [1788842117.643875175] [candidate_explorer]: Found 137 frontier clusters after filtering
[INFO] [1788842117.650278690] [candidate_explorer]: Selected frontier cluster: size=7394, goal=(-4.51, 0.54), distance=0.61
[INFO] [1788842117.651163364] [candidate_explorer]: Checking global path to frontier (-4.51, 0.54), distance=0.61m
[INFO] [1788842117.656962082] [candidate_explorer]: Nav2 path to frontier is 0.61m (straight-line=0.61m, detour=1.0x)
[INFO] [1788842117.657958799] [candidate_explorer]: Global path accepted. Navigating to frontier (-4.51, 0.54)
[bt_navigator-7] [INFO] [1788842117.658397637] [bt_navigator]: Begin navigating from current location (-5.05, 0.26) to (-4.51, 0.54)
[controller_server-3] [INFO] [1788842117.680073954] [controller_server]: Received a goal, begin computing control effort.
[controller_server-3] [INFO] [1788842118.184592341] [controller_server]: Reached the goal!
[bt_navigator-7] [INFO] [1788842118.220847579] [bt_navigator]: Goal succeeded
[INFO] [1788842118.221329541] [candidate_explorer]: Frontier goal finished: success=True
[INFO] [1788842118.221593752] [candidate_explorer]: Reached frontier. Waiting for the map to expose new frontiers.
[INFO] [1788842118.405889968] [candidate_explorer]: Detected 10128 frontier cells
[INFO] [1788842118.414729505] [candidate_explorer]: Found 137 frontier clusters after filtering
[INFO] [1788842118.420963477] [candidate_explorer]: Selected frontier cluster: size=7394, goal=(-5.22, 0.18), distance=0.60
[INFO] [1788842118.421824734] [candidate_explorer]: Checking global path to frontier (-5.22, 0.18), distance=0.60m
[INFO] [1788842118.427776496] [candidate_explorer]: Nav2 path to frontier is 0.61m (straight-line=0.60m, detour=1.0x)
[INFO] [1788842118.428714629] [candidate_explorer]: Global path accepted. Navigating to frontier (-5.22, 0.18)
[bt_navigator-7] [INFO] [1788842118.429158466] [bt_navigator]: Begin navigating from current location (-4.65, 0.37) to (-5.22, 0.18)
[controller_server-3] [INFO] [1788842118.452236171] [controller_server]: Received a goal, begin computing control effort.
[controller_server-3] [INFO] [1788842119.502930231] [controller_server]: Passing new path to controller.
[controller_server-3] [INFO] [1788842120.108869558] [controller_server]: Reached the goal!
[bt_navigator-7] [INFO] [1788842120.141401596] [bt_navigator]: Goal succeeded
[INFO] [1788842120.143036569] [candidate_explorer]: Frontier goal finished: success=True
[INFO] [1788842120.143447614] [candidate_explorer]: Reached frontier. Waiting for the map to expose new frontiers.
[INFO] [1788842120.406677780] [candidate_explorer]: Detected 10139 frontier cells
[INFO] [1788842120.415482442] [candidate_explorer]: Found 138 frontier clusters after filtering
[INFO] [1788842120.421756705] [candidate_explorer]: Selected frontier cluster: size=7408, goal=(-5.64, 0.03), distance=0.61
[INFO] [1788842120.422627880] [candidate_explorer]: Checking global path to frontier (-5.64, 0.03), distance=0.61m
[INFO] [1788842120.428617600] [candidate_explorer]: Nav2 path to frontier is 0.61m (straight-line=0.61m, detour=1.0x)
[INFO] [1788842120.429562858] [candidate_explorer]: Global path accepted. Navigating to frontier (-5.64, 0.03)
[bt_navigator-7] [INFO] [1788842120.429951361] [bt_navigator]: Begin navigating from current location (-5.12, 0.34) to (-5.64, 0.03)
[controller_server-3] [INFO] [1788842120.452652604] [controller_server]: Received a goal, begin computing control effort.
[controller_server-3] [INFO] [1788842120.854744167] [controller_server]: Reached the goal!
[bt_navigator-7] [INFO] [1788842120.892480460] [bt_navigator]: Goal succeeded
[INFO] [1788842120.892960339] [candidate_explorer]: Frontier goal finished: success=True
[INFO] [1788842120.893193424] [candidate_explorer]: Reached frontier. Waiting for the map to expose new frontiers.
[INFO] [1788842121.135770615] [candidate_explorer]: Detected 10139 frontier cells
[INFO] [1788842121.144550860] [candidate_explorer]: Found 138 frontier clusters after filtering
[INFO] [1788842121.151019126] [candidate_explorer]: Selected frontier cluster: size=7408, goal=(-6.04, -0.06), distance=0.61
[INFO] [1788842121.152017134] [candidate_explorer]: Checking global path to frontier (-6.04, -0.06), distance=0.61m
[INFO] [1788842121.158078605] [candidate_explorer]: Nav2 path to frontier is 0.62m (straight-line=0.61m, detour=1.0x)
[INFO] [1788842121.159034697] [candidate_explorer]: Global path accepted. Navigating to frontier (-6.04, -0.06)
[bt_navigator-7] [INFO] [1788842121.159463992] [bt_navigator]: Begin navigating from current location (-5.47, 0.14) to (-6.04, -0.06)
[controller_server-3] [INFO] [1788842121.181227352] [controller_server]: Received a goal, begin computing control effort.
[controller_server-3] [INFO] [1788842121.636197508] [controller_server]: Reached the goal!
[bt_navigator-7] [INFO] [1788842121.670322935] [bt_navigator]: Goal succeeded
[INFO] [1788842121.670815398] [candidate_explorer]: Frontier goal finished: success=True
[INFO] [1788842121.671032608] [candidate_explorer]: Reached frontier. Waiting for the map to expose new frontiers.
[INFO] [1788842121.908054917] [candidate_explorer]: Detected 10137 frontier cells
[INFO] [1788842121.916706494] [candidate_explorer]: Found 138 frontier clusters after filtering
[INFO] [1788842121.922968632] [candidate_explorer]: Selected frontier cluster: size=7406, goal=(-6.40, -0.23), distance=0.61
[INFO] [1788842121.923773014] [candidate_explorer]: Checking global path to frontier (-6.40, -0.23), distance=0.61m
[INFO] [1788842121.929958111] [candidate_explorer]: Nav2 path to frontier is 0.61m (straight-line=0.61m, detour=1.0x)
[INFO] [1788842121.930843535] [candidate_explorer]: Global path accepted. Navigating to frontier (-6.40, -0.23)
[bt_navigator-7] [INFO] [1788842121.931391207] [bt_navigator]: Begin navigating from current location (-5.84, -0.02) to (-6.40, -0.23)
[controller_server-3] [INFO] [1788842121.953547112] [controller_server]: Received a goal, begin computing control effort.
[controller_server-3] [INFO] [1788842122.406311748] [controller_server]: Reached the goal!
[bt_navigator-7] [INFO] [1788842122.442458902] [bt_navigator]: Goal succeeded
[INFO] [1788842122.444014166] [candidate_explorer]: Frontier goal finished: success=True
[INFO] [1788842122.444262835] [candidate_explorer]: Reached frontier. Waiting for the map to expose new frontiers.
[INFO] [1788842122.636909167] [candidate_explorer]: Detected 10137 frontier cells
[INFO] [1788842122.645691286] [candidate_explorer]: Found 138 frontier clusters after filtering
[INFO] [1788842122.652208636] [candidate_explorer]: Selected frontier cluster: size=7406, goal=(-5.65, 0.03), distance=0.60
[INFO] [1788842122.653188103] [candidate_explorer]: Checking global path to frontier (-5.65, 0.03), distance=0.60m
[INFO] [1788842122.659052280] [candidate_explorer]: Nav2 path to frontier is 0.61m (straight-line=0.60m, detour=1.0x)
[INFO] [1788842122.659970871] [candidate_explorer]: Global path accepted. Navigating to frontier (-5.65, 0.03)
[bt_navigator-7] [INFO] [1788842122.660376208] [bt_navigator]: Begin navigating from current location (-6.23, -0.15) to (-5.65, 0.03)
[controller_server-3] [INFO] [1788842122.681746814] [controller_server]: Received a goal, begin computing control effort.
[controller_server-3] [INFO] [1788842123.734206765] [controller_server]: Passing new path to controller.
[controller_server-3] [INFO] [1788842124.335234174] [controller_server]: Reached the goal!
[bt_navigator-7] [INFO] [1788842124.370717738] [bt_navigator]: Goal succeeded
[INFO] [1788842124.372268043] [candidate_explorer]: Frontier goal finished: success=True
[INFO] [1788842124.372529004] [candidate_explorer]: Reached frontier. Waiting for the map to expose new frontiers.
[INFO] [1788842124.656821606] [candidate_explorer]: Detected 10122 frontier cells
[INFO] [1788842124.665449766] [candidate_explorer]: Found 138 frontier clusters after filtering
[INFO] [1788842124.671805239] [candidate_explorer]: Selected frontier cluster: size=7393, goal=(-6.34, -0.20), distance=0.60
[INFO] [1788842124.672657330] [candidate_explorer]: Checking global path to frontier (-6.34, -0.20), distance=0.60m
[INFO] [1788842124.679020386] [candidate_explorer]: Nav2 path to frontier is 0.61m (straight-line=0.60m, detour=1.0x)
[INFO] [1788842124.679880769] [candidate_explorer]: Global path accepted. Navigating to frontier (-6.34, -0.20)
[bt_navigator-7] [INFO] [1788842124.680513150] [bt_navigator]: Begin navigating from current location (-5.84, 0.13) to (-6.34, -0.20)
[controller_server-3] [INFO] [1788842124.703625979] [controller_server]: Received a goal, begin computing control effort.
[controller_server-3] [INFO] [1788842125.754765502] [controller_server]: Passing new path to controller.
[controller_server-3] [INFO] [1788842126.306526974] [controller_server]: Reached the goal!
[bt_navigator-7] [INFO] [1788842126.343805513] [bt_navigator]: Goal succeeded
[INFO] [1788842126.345197275] [candidate_explorer]: Frontier goal finished: success=True
[INFO] [1788842126.345406860] [candidate_explorer]: Reached frontier. Waiting for the map to expose new frontiers.
[INFO] [1788842126.407715371] [candidate_explorer]: Detected 10111 frontier cells
[INFO] [1788842126.416424740] [candidate_explorer]: Found 138 frontier clusters after filtering
[INFO] [1788842126.422672920] [candidate_explorer]: Selected frontier cluster: size=7385, goal=(-5.62, 0.03), distance=0.61
[INFO] [1788842126.423703304] [candidate_explorer]: Checking global path to frontier (-5.62, 0.03), distance=0.61m
[INFO] [1788842126.429824525] [candidate_explorer]: Nav2 path to frontier is 0.61m (straight-line=0.61m, detour=1.0x)
[INFO] [1788842126.430789158] [candidate_explorer]: Global path accepted. Navigating to frontier (-5.62, 0.03)
[bt_navigator-7] [INFO] [1788842126.431193954] [bt_navigator]: Begin navigating from current location (-6.17, -0.24) to (-5.62, 0.03)
[controller_server-3] [INFO] [1788842126.454723204] [controller_server]: Received a goal, begin computing control effort.
[controller_server-3] [INFO] [1788842127.504821884] [controller_server]: Passing new path to controller.
[controller_server-3] [INFO] [1788842128.158046588] [controller_server]: Reached the goal!
[bt_navigator-7] [INFO] [1788842128.193471152] [bt_navigator]: Goal succeeded
[INFO] [1788842128.194957582] [candidate_explorer]: Frontier goal finished: success=True
[INFO] [1788842128.195242835] [candidate_explorer]: Reached frontier. Waiting for the map to expose new frontiers.
[INFO] [1788842128.405457947] [candidate_explorer]: Detected 10111 frontier cells
[INFO] [1788842128.414274317] [candidate_explorer]: Found 138 frontier clusters after filtering
[INFO] [1788842128.420490539] [candidate_explorer]: Selected frontier cluster: size=7385, goal=(-6.30, -0.24), distance=0.61
[INFO] [1788842128.421328588] [candidate_explorer]: Checking global path to frontier (-6.30, -0.24), distance=0.61m
[INFO] [1788842128.427605644] [candidate_explorer]: Nav2 path to frontier is 0.60m (straight-line=0.61m, detour=1.0x)
[INFO] [1788842128.428535402] [candidate_explorer]: Global path accepted. Navigating to frontier (-6.30, -0.24)
[bt_navigator-7] [INFO] [1788842128.428999448] [bt_navigator]: Begin navigating from current location (-5.81, 0.11) to (-6.30, -0.24)
[controller_server-3] [INFO] [1788842128.451895442] [controller_server]: Received a goal, begin computing control effort.
[controller_server-3] [INFO] [1788842129.505107733] [controller_server]: Passing new path to controller.
[controller_server-3] [INFO] [1788842129.906523581] [controller_server]: Reached the goal!
[bt_navigator-7] [INFO] [1788842129.940716259] [bt_navigator]: Goal succeeded
[INFO] [1788842129.942287648] [candidate_explorer]: Frontier goal finished: success=True
[INFO] [1788842129.942544484] [candidate_explorer]: Reached frontier. Waiting for the map to expose new frontiers.
[INFO] [1788842130.157311595] [candidate_explorer]: Detected 10085 frontier cells
[INFO] [1788842130.166057464] [candidate_explorer]: Found 138 frontier clusters after filtering
[INFO] [1788842130.172493730] [candidate_explorer]: Selected frontier cluster: size=7360, goal=(-6.70, -0.41), distance=0.61
[INFO] [1788842130.173375446] [candidate_explorer]: Checking global path to frontier (-6.70, -0.41), distance=0.61m
[INFO] [1788842130.179681752] [candidate_explorer]: Nav2 path to frontier is 0.61m (straight-line=0.61m, detour=1.0x)
[INFO] [1788842130.180457383] [candidate_explorer]: Global path accepted. Navigating to frontier (-6.70, -0.41)
[bt_navigator-7] [INFO] [1788842130.180980721] [bt_navigator]: Begin navigating from current location (-6.11, -0.27) to (-6.70, -0.41)
[controller_server-3] [INFO] [1788842130.204192344] [controller_server]: Received a goal, begin computing control effort.
[controller_server-3] [INFO] [1788842130.659067083] [controller_server]: Reached the goal!
[bt_navigator-7] [INFO] [1788842130.691649413] [bt_navigator]: Goal succeeded
[INFO] [1788842130.692085000] [candidate_explorer]: Frontier goal finished: success=True
[INFO] [1788842130.692314211] [candidate_explorer]: Reached frontier. Waiting for the map to expose new frontiers.
[INFO] [1788842130.884613123] [candidate_explorer]: Detected 10085 frontier cells
[INFO] [1788842130.893143698] [candidate_explorer]: Found 138 frontier clusters after filtering
[INFO] [1788842130.899588797] [candidate_explorer]: Selected frontier cluster: size=7360, goal=(-5.94, -0.17), distance=0.61
[INFO] [1788842130.900520264] [candidate_explorer]: Checking global path to frontier (-5.94, -0.17), distance=0.61m
[INFO] [1788842130.906734152] [candidate_explorer]: Nav2 path to frontier is 0.62m (straight-line=0.61m, detour=1.0x)
[INFO] [1788842130.907661285] [candidate_explorer]: Global path accepted. Navigating to frontier (-5.94, -0.17)
[bt_navigator-7] [INFO] [1788842130.908047997] [bt_navigator]: Begin navigating from current location (-6.51, -0.38) to (-5.94, -0.17)
[controller_server-3] [INFO] [1788842130.930778990] [controller_server]: Received a goal, begin computing control effort.
[controller_server-3] [INFO] [1788842131.981995305] [controller_server]: Passing new path to controller.
[controller_server-3] [INFO] [1788842132.536178674] [controller_server]: Reached the goal!
[bt_navigator-7] [INFO] [1788842132.568810796] [bt_navigator]: Goal succeeded
[INFO] [1788842132.570356143] [candidate_explorer]: Frontier goal finished: success=True
[INFO] [1788842132.570575562] [candidate_explorer]: Reached frontier. Waiting for the map to expose new frontiers.
[INFO] [1788842132.655214978] [candidate_explorer]: Detected 10085 frontier cells
[INFO] [1788842132.664394643] [candidate_explorer]: Found 138 frontier clusters after filtering
[INFO] [1788842132.670873242] [candidate_explorer]: Selected frontier cluster: size=7360, goal=(-5.53, 0.06), distance=0.61
[INFO] [1788842132.671748167] [candidate_explorer]: Checking global path to frontier (-5.53, 0.06), distance=0.61m
[INFO] [1788842132.678220391] [candidate_explorer]: Nav2 path to frontier is 0.63m (straight-line=0.61m, detour=1.0x)
[INFO] [1788842132.679158816] [candidate_explorer]: Global path accepted. Navigating to frontier (-5.53, 0.06)
[bt_navigator-7] [INFO] [1788842132.679585986] [bt_navigator]: Begin navigating from current location (-6.14, -0.06) to (-5.53, 0.06)
[controller_server-3] [INFO] [1788842132.702072060] [controller_server]: Received a goal, begin computing control effort.
[controller_server-3] [INFO] [1788842133.105850388] [controller_server]: Reached the goal!
[INFO] [1788842133.142413295] [candidate_explorer]: Frontier goal finished: success=True
[INFO] [1788842133.142621006] [candidate_explorer]: Reached frontier. Waiting for the map to expose new frontiers.
[bt_navigator-7] [INFO] [1788842133.142785257] [bt_navigator]: Goal succeeded
[INFO] [1788842133.388043722] [candidate_explorer]: Detected 10085 frontier cells
[INFO] [1788842133.396640340] [candidate_explorer]: Found 138 frontier clusters after filtering
[INFO] [1788842133.403090772] [candidate_explorer]: Selected frontier cluster: size=7360, goal=(-5.17, 0.18), distance=0.61
[INFO] [1788842133.403913029] [candidate_explorer]: Checking global path to frontier (-5.17, 0.18), distance=0.61m
[INFO] [1788842133.410317586] [candidate_explorer]: Nav2 path to frontier is 0.62m (straight-line=0.61m, detour=1.0x)
[INFO] [1788842133.411283886] [candidate_explorer]: Global path accepted. Navigating to frontier (-5.17, 0.18)
[bt_navigator-7] [INFO] [1788842133.411676973] [bt_navigator]: Begin navigating from current location (-5.76, 0.01) to (-5.17, 0.18)
[controller_server-3] [INFO] [1788842133.433920962] [controller_server]: Received a goal, begin computing control effort.
[controller_server-3] [INFO] [1788842133.886896559] [controller_server]: Reached the goal!
[bt_navigator-7] [INFO] [1788842133.923925679] [bt_navigator]: Goal succeeded
[INFO] [1788842133.925418608] [candidate_explorer]: Frontier goal finished: success=True
[INFO] [1788842133.925670069] [candidate_explorer]: Reached frontier. Waiting for the map to expose new frontiers.
[INFO] [1788842134.155538147] [candidate_explorer]: Detected 10085 frontier cells
[INFO] [1788842134.164100348] [candidate_explorer]: Found 138 frontier clusters after filtering
[INFO] [1788842134.170804074] [candidate_explorer]: Selected frontier cluster: size=7360, goal=(-5.92, -0.15), distance=0.60
[INFO] [1788842134.171636248] [candidate_explorer]: Checking global path to frontier (-5.92, -0.15), distance=0.60m
[INFO] [1788842134.178737603] [candidate_explorer]: Nav2 path to frontier is 0.60m (straight-line=0.60m, detour=1.0x)
[INFO] [1788842134.179625194] [candidate_explorer]: Global path accepted. Navigating to frontier (-5.92, -0.15)
[bt_navigator-7] [INFO] [1788842134.180126532] [bt_navigator]: Begin navigating from current location (-5.38, 0.10) to (-5.92, -0.15)
[controller_server-3] [INFO] [1788842134.203406947] [controller_server]: Received a goal, begin computing control effort.
[controller_server-3] [INFO] [1788842135.253830004] [controller_server]: Passing new path to controller.
[controller_server-3] [INFO] [1788842135.805694686] [controller_server]: Reached the goal!
[bt_navigator-7] [INFO] [1788842135.843241894] [bt_navigator]: Goal succeeded
[INFO] [1788842135.843705606] [candidate_explorer]: Frontier goal finished: success=True
[INFO] [1788842135.843955775] [candidate_explorer]: Reached frontier. Waiting for the map to expose new frontiers.
[INFO] [1788842135.904858981] [candidate_explorer]: Detected 10147 frontier cells
[INFO] [1788842135.913441891] [candidate_explorer]: Found 139 frontier clusters after filtering
[INFO] [1788842135.919872448] [candidate_explorer]: Selected frontier cluster: size=7417, goal=(-5.23, 0.12), distance=0.60
[INFO] [1788842135.920726413] [candidate_explorer]: Checking global path to frontier (-5.23, 0.12), distance=0.60m
[INFO] [1788842135.927185637] [candidate_explorer]: Nav2 path to frontier is 0.61m (straight-line=0.60m, detour=1.0x)
[INFO] [1788842135.928115771] [candidate_explorer]: Global path accepted. Navigating to frontier (-5.23, 0.12)
[bt_navigator-7] [INFO] [1788842135.928571941] [bt_navigator]: Begin navigating from current location (-5.73, -0.22) to (-5.23, 0.12)
[controller_server-3] [INFO] [1788842135.951339851] [controller_server]: Received a goal, begin computing control effort.
[controller_server-3] [INFO] [1788842137.001577616] [controller_server]: Passing new path to controller.
[controller_server-3] [INFO] [1788842137.456631856] [controller_server]: Reached the goal!
[bt_navigator-7] [INFO] [1788842137.491539249] [bt_navigator]: Goal succeeded
[INFO] [1788842137.492004795] [candidate_explorer]: Frontier goal finished: success=True
[INFO] [1788842137.492252047] [candidate_explorer]: Reached frontier. Waiting for the map to expose new frontiers.
[INFO] [1788842137.636308448] [candidate_explorer]: Detected 10147 frontier cells
[INFO] [1788842137.645335320] [candidate_explorer]: Found 139 frontier clusters after filtering
[INFO] [1788842137.651827169] [candidate_explorer]: Selected frontier cluster: size=6, goal=(-4.14, 0.72), distance=1.43
[INFO] [1788842137.652845428] [candidate_explorer]: Checking global path to frontier (-4.14, 0.72), distance=1.43m
[INFO] [1788842137.660564580] [candidate_explorer]: Nav2 path to frontier is 1.44m (straight-line=1.43m, detour=1.0x)
[INFO] [1788842137.662519264] [candidate_explorer]: Global path accepted. Navigating to frontier (-4.14, 0.72)
[bt_navigator-7] [INFO] [1788842137.662904392] [bt_navigator]: Begin navigating from current location (-5.46, 0.16) to (-4.14, 0.72)
[controller_server-3] [INFO] [1788842137.684159455] [controller_server]: Received a goal, begin computing control effort.
[controller_server-3] [INFO] [1788842138.734907558] [controller_server]: Passing new path to controller.
[controller_server-3] [INFO] [1788842138.840882497] [controller_server]: Reached the goal!
[bt_navigator-7] [INFO] [1788842138.875096008] [bt_navigator]: Goal succeeded
[INFO] [1788842138.875591471] [candidate_explorer]: Frontier goal finished: success=True
[INFO] [1788842138.875844890] [candidate_explorer]: Reached frontier. Waiting for the map to expose new frontiers.
[INFO] [1788842139.157950514] [candidate_explorer]: Detected 10147 frontier cells
[INFO] [1788842139.166727509] [candidate_explorer]: Found 139 frontier clusters after filtering
[INFO] [1788842139.173132191] [candidate_explorer]: Selected frontier cluster: size=7417, goal=(-3.87, 1.02), distance=0.61
[INFO] [1788842139.173962865] [candidate_explorer]: Checking global path to frontier (-3.87, 1.02), distance=0.61m
[INFO] [1788842139.180655049] [candidate_explorer]: Nav2 path to frontier is 0.61m (straight-line=0.61m, detour=1.0x)
[INFO] [1788842139.181644183] [candidate_explorer]: Global path accepted. Navigating to frontier (-3.87, 1.02)
[bt_navigator-7] [INFO] [1788842139.182096478] [bt_navigator]: Begin navigating from current location (-4.35, 0.65) to (-3.87, 1.02)
[controller_server-3] [INFO] [1788842139.205241725] [controller_server]: Received a goal, begin computing control effort.
[controller_server-3] [INFO] [1788842139.658559242] [controller_server]: Reached the goal!
[bt_navigator-7] [INFO] [1788842139.695298359] [bt_navigator]: Goal succeeded
[INFO] [1788842139.695808739] [candidate_explorer]: Frontier goal finished: success=True
[INFO] [1788842139.696042241] [candidate_explorer]: Reached frontier. Waiting for the map to expose new frontiers.
[INFO] [1788842139.908805751] [candidate_explorer]: Detected 10112 frontier cells
[INFO] [1788842139.917372243] [candidate_explorer]: Found 138 frontier clusters after filtering
[INFO] [1788842139.923696050] [candidate_explorer]: Selected frontier cluster: size=7388, goal=(-3.48, 1.20), distance=0.61
[INFO] [1788842139.924579932] [candidate_explorer]: Checking global path to frontier (-3.48, 1.20), distance=0.61m
[INFO] [1788842139.931225158] [candidate_explorer]: Nav2 path to frontier is 0.61m (straight-line=0.61m, detour=1.0x)
[INFO] [1788842139.932190458] [candidate_explorer]: Global path accepted. Navigating to frontier (-3.48, 1.20)
[bt_navigator-7] [INFO] [1788842139.932611087] [bt_navigator]: Begin navigating from current location (-4.00, 0.88) to (-3.48, 1.20)
[controller_server-3] [INFO] [1788842139.953935734] [controller_server]: Received a goal, begin computing control effort.
[controller_server-3] [INFO] [1788842140.458365412] [controller_server]: Reached the goal!
[bt_navigator-7] [INFO] [1788842140.484839605] [bt_navigator]: Goal succeeded
[INFO] [1788842140.485289026] [candidate_explorer]: Frontier goal finished: success=True
[INFO] [1788842140.485547403] [candidate_explorer]: Reached frontier. Waiting for the map to expose new frontiers.
[INFO] [1788842140.636812053] [candidate_explorer]: Detected 10112 frontier cells
[INFO] [1788842140.645509717] [candidate_explorer]: Found 138 frontier clusters after filtering
[INFO] [1788842140.651969885] [candidate_explorer]: Selected frontier cluster: size=7388, goal=(-3.12, 1.39), distance=0.60
[INFO] [1788842140.653039177] [candidate_explorer]: Checking global path to frontier (-3.12, 1.39), distance=0.60m
[INFO] [1788842140.659712502] [candidate_explorer]: Nav2 path to frontier is 0.63m (straight-line=0.60m, detour=1.0x)
[INFO] [1788842140.660697131] [candidate_explorer]: Global path accepted. Navigating to frontier (-3.12, 1.39)
[bt_navigator-7] [INFO] [1788842140.661140489] [bt_navigator]: Begin navigating from current location (-3.65, 1.10) to (-3.12, 1.39)
[controller_server-3] [INFO] [1788842140.683730909] [controller_server]: Received a goal, begin computing control effort.
[controller_server-3] [INFO] [1788842141.185898523] [controller_server]: Reached the goal!
[bt_navigator-7] [INFO] [1788842141.221371571] [bt_navigator]: Goal succeeded
[INFO] [1788842141.223005133] [candidate_explorer]: Frontier goal finished: success=True
[INFO] [1788842141.223282247] [candidate_explorer]: Reached frontier. Waiting for the map to expose new frontiers.
[INFO] [1788842141.386740645] [candidate_explorer]: Detected 10112 frontier cells
[INFO] [1788842141.395434768] [candidate_explorer]: Found 138 frontier clusters after filtering
[INFO] [1788842141.401810938] [candidate_explorer]: Selected frontier cluster: size=7388, goal=(-3.84, 0.99), distance=0.60
[INFO] [1788842141.402721570] [candidate_explorer]: Checking global path to frontier (-3.84, 0.99), distance=0.60m
[INFO] [1788842141.409441311] [candidate_explorer]: Nav2 path to frontier is 0.61m (straight-line=0.60m, detour=1.0x)
[INFO] [1788842141.410362025] [candidate_explorer]: Global path accepted. Navigating to frontier (-3.84, 0.99)
[bt_navigator-7] [INFO] [1788842141.410761260] [bt_navigator]: Begin navigating from current location (-3.31, 1.27) to (-3.84, 0.99)
[controller_server-3] [INFO] [1788842141.434617547] [controller_server]: Received a goal, begin computing control effort.
[controller_server-3] [INFO] [1788842142.487184165] [controller_server]: Passing new path to controller.
[controller_server-3] [INFO] [1788842143.137017246] [controller_server]: Reached the goal!
[bt_navigator-7] [INFO] [1788842143.171010267] [bt_navigator]: Goal succeeded
[INFO] [1788842143.172631788] [candidate_explorer]: Frontier goal finished: success=True
[INFO] [1788842143.172855738] [candidate_explorer]: Reached frontier. Waiting for the map to expose new frontiers.
[INFO] [1788842143.412276953] [candidate_explorer]: Detected 10058 frontier cells
[INFO] [1788842143.420830332] [candidate_explorer]: Found 138 frontier clusters after filtering
[INFO] [1788842143.427256959] [candidate_explorer]: Selected frontier cluster: size=7338, goal=(-4.21, 0.67), distance=0.61
[INFO] [1788842143.428150299] [candidate_explorer]: Checking global path to frontier (-4.21, 0.67), distance=0.61m
[INFO] [1788842143.434736253] [candidate_explorer]: Nav2 path to frontier is 0.61m (straight-line=0.61m, detour=1.0x)
[INFO] [1788842143.435686591] [candidate_explorer]: Global path accepted. Navigating to frontier (-4.21, 0.67)
[bt_navigator-7] [INFO] [1788842143.436146657] [bt_navigator]: Begin navigating from current location (-3.65, 0.90) to (-4.21, 0.67)
[controller_server-3] [INFO] [1788842143.459444966] [controller_server]: Received a goal, begin computing control effort.
[controller_server-3] [INFO] [1788842143.911206693] [controller_server]: Reached the goal!
[bt_navigator-7] [INFO] [1788842143.946533413] [bt_navigator]: Goal succeeded
[INFO] [1788842143.948198932] [candidate_explorer]: Frontier goal finished: success=True
[INFO] [1788842143.948445506] [candidate_explorer]: Reached frontier. Waiting for the map to expose new frontiers.
[INFO] [1788842144.158523438] [candidate_explorer]: Detected 10123 frontier cells
[INFO] [1788842144.167310640] [candidate_explorer]: Found 137 frontier clusters after filtering
[INFO] [1788842144.173873762] [candidate_explorer]: Selected frontier cluster: size=7416, goal=(-3.45, 0.97), distance=0.60
[INFO] [1788842144.174845183] [candidate_explorer]: Checking global path to frontier (-3.45, 0.97), distance=0.60m
[INFO] [1788842144.181547799] [candidate_explorer]: Nav2 path to frontier is 0.60m (straight-line=0.60m, detour=1.0x)
[INFO] [1788842144.182582092] [candidate_explorer]: Global path accepted. Navigating to frontier (-3.45, 0.97)
[bt_navigator-7] [INFO] [1788842144.182955620] [bt_navigator]: Begin navigating from current location (-4.02, 0.77) to (-3.45, 0.97)
[controller_server-3] [INFO] [1788842144.206644872] [controller_server]: Received a goal, begin computing control effort.
[controller_server-3] [INFO] [1788842145.257204775] [controller_server]: Passing new path to controller.
[controller_server-3] [INFO] [1788842145.911982166] [controller_server]: Reached the goal!
[bt_navigator-7] [INFO] [1788842145.943322873] [bt_navigator]: Goal succeeded
[INFO] [1788842145.945179801] [candidate_explorer]: Frontier goal finished: success=True
[INFO] [1788842145.945453499] [candidate_explorer]: Reached frontier. Waiting for the map to expose new frontiers.
[INFO] [1788842146.157397359] [candidate_explorer]: Detected 10123 frontier cells
[INFO] [1788842146.166127980] [candidate_explorer]: Found 137 frontier clusters after filtering
[INFO] [1788842146.172546482] [candidate_explorer]: Selected frontier cluster: size=7416, goal=(-4.11, 0.72), distance=0.60
[INFO] [1788842146.173464988] [candidate_explorer]: Checking global path to frontier (-4.11, 0.72), distance=0.60m
[INFO] [1788842146.180316391] [candidate_explorer]: Nav2 path to frontier is 0.60m (straight-line=0.60m, detour=1.0x)
[INFO] [1788842146.181274145] [candidate_explorer]: Global path accepted. Navigating to frontier (-4.11, 0.72)
[bt_navigator-7] [INFO] [1788842146.181702254] [bt_navigator]: Begin navigating from current location (-3.62, 1.07) to (-4.11, 0.72)
[controller_server-3] [INFO] [1788842146.202408204] [controller_server]: Received a goal, begin computing control effort.
[controller_server-3] [INFO] [1788842147.255731168] [controller_server]: Passing new path to controller.
[controller_server-3] [INFO] [1788842147.759321770] [controller_server]: Reached the goal!
[bt_navigator-7] [INFO] [1788842147.793360872] [bt_navigator]: Goal succeeded
[INFO] [1788842147.794964644] [candidate_explorer]: Frontier goal finished: success=True
[INFO] [1788842147.795172469] [candidate_explorer]: Reached frontier. Waiting for the map to expose new frontiers.
[INFO] [1788842147.908393307] [candidate_explorer]: Detected 10049 frontier cells
[INFO] [1788842147.916977350] [candidate_explorer]: Found 137 frontier clusters after filtering
[INFO] [1788842147.923132696] [candidate_explorer]: Selected frontier cluster: size=7339, goal=(-3.39, 1.02), distance=0.60
[INFO] [1788842147.924026745] [candidate_explorer]: Checking global path to frontier (-3.39, 1.02), distance=0.60m
[INFO] [1788842147.930897188] [candidate_explorer]: Nav2 path to frontier is 0.60m (straight-line=0.60m, detour=1.0x)
[INFO] [1788842147.931833443] [candidate_explorer]: Global path accepted. Navigating to frontier (-3.39, 1.02)
[bt_navigator-7] [INFO] [1788842147.932246303] [bt_navigator]: Begin navigating from current location (-3.89, 0.69) to (-3.39, 1.02)
[controller_server-3] [INFO] [1788842147.953913799] [controller_server]: Received a goal, begin computing control effort.
[controller_server-3] [INFO] [1788842149.006667077] [controller_server]: Passing new path to controller.
[controller_server-3] [INFO] [1788842149.659016852] [controller_server]: Reached the goal!
[bt_navigator-7] [INFO] [1788842149.694961798] [bt_navigator]: Goal succeeded
[INFO] [1788842149.696468907] [candidate_explorer]: Frontier goal finished: success=True
[INFO] [1788842149.696707147] [candidate_explorer]: Reached frontier. Waiting for the map to expose new frontiers.
[INFO] [1788842149.907774208] [candidate_explorer]: Detected 10065 frontier cells
[INFO] [1788842149.916437290] [candidate_explorer]: Found 138 frontier clusters after filtering
[INFO] [1788842149.922703507] [candidate_explorer]: Selected frontier cluster: size=7341, goal=(-4.02, 0.66), distance=0.60
[INFO] [1788842149.923571015] [candidate_explorer]: Checking global path to frontier (-4.02, 0.66), distance=0.60m
[INFO] [1788842149.930645617] [candidate_explorer]: Nav2 path to frontier is 0.61m (straight-line=0.60m, detour=1.0x)
[INFO] [1788842149.931591580] [candidate_explorer]: Global path accepted. Navigating to frontier (-4.02, 0.66)
[bt_navigator-7] [INFO] [1788842149.931978357] [bt_navigator]: Begin navigating from current location (-3.45, 0.84) to (-4.02, 0.66)
[controller_server-3] [INFO] [1788842149.953251786] [controller_server]: Received a goal, begin computing control effort.
[controller_server-3] [INFO] [1788842151.005642827] [controller_server]: Passing new path to controller.
[controller_server-3] [INFO] [1788842151.507283337] [controller_server]: Reached the goal!
[bt_navigator-7] [INFO] [1788842151.543603143] [bt_navigator]: Goal succeeded
[INFO] [1788842151.545227039] [candidate_explorer]: Frontier goal finished: success=True
[INFO] [1788842151.545439489] [candidate_explorer]: Reached frontier. Waiting for the map to expose new frontiers.
[INFO] [1788842151.637097826] [candidate_explorer]: Detected 10065 frontier cells
[INFO] [1788842151.645520751] [candidate_explorer]: Found 138 frontier clusters after filtering
[INFO] [1788842151.652051165] [candidate_explorer]: Selected frontier cluster: size=7341, goal=(-4.44, 0.51), distance=0.61
[INFO] [1788842151.652990296] [candidate_explorer]: Checking global path to frontier (-4.44, 0.51), distance=0.61m
[INFO] [1788842151.659716411] [candidate_explorer]: Nav2 path to frontier is 0.60m (straight-line=0.61m, detour=1.0x)
[INFO] [1788842151.660694415] [candidate_explorer]: Global path accepted. Navigating to frontier (-4.44, 0.51)
[bt_navigator-7] [INFO] [1788842151.661045818] [bt_navigator]: Begin navigating from current location (-3.92, 0.82) to (-4.44, 0.51)
[controller_server-3] [INFO] [1788842151.682489157] [controller_server]: Received a goal, begin computing control effort.
[controller_server-3] [INFO] [1788842152.135069436] [controller_server]: Reached the goal!
[bt_navigator-7] [INFO] [1788842152.173489411] [bt_navigator]: Goal succeeded
[INFO] [1788842152.173937561] [candidate_explorer]: Frontier goal finished: success=True
[INFO] [1788842152.174190634] [candidate_explorer]: Reached frontier. Waiting for the map to expose new frontiers.
[INFO] [1788842152.405820484] [candidate_explorer]: Detected 10049 frontier cells
[INFO] [1788842152.414478608] [candidate_explorer]: Found 137 frontier clusters after filtering
[INFO] [1788842152.420652787] [candidate_explorer]: Selected frontier cluster: size=7335, goal=(-4.74, 0.24), distance=0.60
[INFO] [1788842152.421508337] [candidate_explorer]: Checking global path to frontier (-4.74, 0.24), distance=0.60m
[INFO] [1788842152.428523774] [candidate_explorer]: Nav2 path to frontier is 0.61m (straight-line=0.60m, detour=1.0x)
[INFO] [1788842152.429440864] [candidate_explorer]: Global path accepted. Navigating to frontier (-4.74, 0.24)
[bt_navigator-7] [INFO] [1788842152.429844598] [bt_navigator]: Begin navigating from current location (-4.27, 0.62) to (-4.74, 0.24)
[controller_server-3] [INFO] [1788842152.453791257] [controller_server]: Received a goal, begin computing control effort.
[controller_server-3] [INFO] [1788842152.907061718] [controller_server]: Reached the goal!
[bt_navigator-7] [INFO] [1788842152.940261603] [bt_navigator]: Goal succeeded
[INFO] [1788842152.941866166] [candidate_explorer]: Frontier goal finished: success=True
[INFO] [1788842152.942090449] [candidate_explorer]: Reached frontier. Waiting for the map to expose new frontiers.
[INFO] [1788842153.135046542] [candidate_explorer]: Detected 10049 frontier cells
[INFO] [1788842153.143604087] [candidate_explorer]: Found 137 frontier clusters after filtering
[INFO] [1788842153.150283079] [candidate_explorer]: Selected frontier cluster: size=7335, goal=(-5.13, 0.12), distance=0.60
[INFO] [1788842153.151214960] [candidate_explorer]: Checking global path to frontier (-5.13, 0.12), distance=0.60m
[INFO] [1788842153.158133401] [candidate_explorer]: Nav2 path to frontier is 0.60m (straight-line=0.60m, detour=1.0x)
[INFO] [1788842153.159033491] [candidate_explorer]: Global path accepted. Navigating to frontier (-5.13, 0.12)
[bt_navigator-7] [INFO] [1788842153.159377228] [bt_navigator]: Begin navigating from current location (-4.59, 0.38) to (-5.13, 0.12)
[controller_server-3] [INFO] [1788842153.181426002] [controller_server]: Received a goal, begin computing control effort.
[controller_server-3] [INFO] [1788842153.636146490] [controller_server]: Reached the goal!
[bt_navigator-7] [INFO] [1788842153.671136723] [bt_navigator]: Goal succeeded
[INFO] [1788842153.671603996] [candidate_explorer]: Frontier goal finished: success=True
[INFO] [1788842153.671862278] [candidate_explorer]: Reached frontier. Waiting for the map to expose new frontiers.
[INFO] [1788842153.907278148] [candidate_explorer]: Detected 10042 frontier cells
[INFO] [1788842153.915856026] [candidate_explorer]: Found 137 frontier clusters after filtering
[INFO] [1788842153.922130075] [candidate_explorer]: Selected frontier cluster: size=7328, goal=(-4.41, 0.49), distance=0.60
[INFO] [1788842153.922959335] [candidate_explorer]: Checking global path to frontier (-4.41, 0.49), distance=0.60m
[INFO] [1788842153.930122517] [candidate_explorer]: Nav2 path to frontier is 0.61m (straight-line=0.60m, detour=1.0x)
[INFO] [1788842153.931046481] [candidate_explorer]: Global path accepted. Navigating to frontier (-4.41, 0.49)
[bt_navigator-7] [INFO] [1788842153.931496714] [bt_navigator]: Begin navigating from current location (-4.93, 0.18) to (-4.41, 0.49)
[controller_server-3] [INFO] [1788842153.953716314] [controller_server]: Received a goal, begin computing control effort.
[controller_server-3] [INFO] [1788842155.003926773] [controller_server]: Passing new path to controller.
[controller_server-3] [INFO] [1788842155.608556307] [controller_server]: Reached the goal!
[bt_navigator-7] [INFO] [1788842155.643578039] [bt_navigator]: Goal succeeded
[INFO] [1788842155.644043812] [candidate_explorer]: Frontier goal finished: success=True
[INFO] [1788842155.644267262] [candidate_explorer]: Reached frontier. Waiting for the map to expose new frontiers.
[INFO] [1788842155.907696135] [candidate_explorer]: Detected 10042 frontier cells
[INFO] [1788842155.916369133] [candidate_explorer]: Found 137 frontier clusters after filtering
[INFO] [1788842155.922639683] [candidate_explorer]: Selected frontier cluster: size=7328, goal=(-5.04, 0.15), distance=0.60
[INFO] [1788842155.923488192] [candidate_explorer]: Checking global path to frontier (-5.04, 0.15), distance=0.60m
[INFO] [1788842155.930602625] [candidate_explorer]: Nav2 path to frontier is 0.61m (straight-line=0.60m, detour=1.0x)
[INFO] [1788842155.931549589] [candidate_explorer]: Global path accepted. Navigating to frontier (-5.04, 0.15)
[bt_navigator-7] [INFO] [1788842155.931970531] [bt_navigator]: Begin navigating from current location (-4.59, 0.55) to (-5.04, 0.15)
[controller_server-3] [INFO] [1788842155.954720403] [controller_server]: Received a goal, begin computing control effort.
[controller_server-3] [INFO] [1788842157.005057065] [controller_server]: Passing new path to controller.
[controller_server-3] [INFO] [1788842157.508898615] [controller_server]: Reached the goal!
[bt_navigator-7] [INFO] [1788842157.543556986] [bt_navigator]: Goal succeeded
[INFO] [1788842157.545413664] [candidate_explorer]: Frontier goal finished: success=True
[INFO] [1788842157.545623864] [candidate_explorer]: Reached frontier. Waiting for the map to expose new frontiers.
[INFO] [1788842157.636247074] [candidate_explorer]: Detected 10042 frontier cells
[INFO] [1788842157.644651250] [candidate_explorer]: Found 137 frontier clusters after filtering
[INFO] [1788842157.650933924] [candidate_explorer]: Selected frontier cluster: size=7328, goal=(-5.40, -0.11), distance=0.60
[INFO] [1788842157.651864680] [candidate_explorer]: Checking global path to frontier (-5.40, -0.11), distance=0.60m
[INFO] [1788842157.658955823] [candidate_explorer]: Nav2 path to frontier is 0.61m (straight-line=0.60m, detour=1.0x)
[INFO] [1788842157.659926327] [candidate_explorer]: Global path accepted. Navigating to frontier (-5.40, -0.11)
[bt_navigator-7] [INFO] [1788842157.660465139] [bt_navigator]: Begin navigating from current location (-4.85, 0.13) to (-5.40, -0.11)
[controller_server-3] [INFO] [1788842157.682150719] [controller_server]: Received a goal, begin computing control effort.
[controller_server-3] [INFO] [1788842158.088800271] [controller_server]: Reached the goal!
[bt_navigator-7] [INFO] [1788842158.123844376] [bt_navigator]: Goal succeeded
[INFO] [1788842158.124295401] [candidate_explorer]: Frontier goal finished: success=True
[INFO] [1788842158.124542058] [candidate_explorer]: Reached frontier. Waiting for the map to expose new frontiers.
[INFO] [1788842158.407707710] [candidate_explorer]: Detected 10032 frontier cells
[INFO] [1788842158.416387083] [candidate_explorer]: Found 137 frontier clusters after filtering
[INFO] [1788842158.422607385] [candidate_explorer]: Selected frontier cluster: size=7318, goal=(-5.74, -0.24), distance=0.61
[INFO] [1788842158.423443894] [candidate_explorer]: Checking global path to frontier (-5.74, -0.24), distance=0.61m
[INFO] [1788842158.430634825] [candidate_explorer]: Nav2 path to frontier is 0.62m (straight-line=0.61m, detour=1.0x)
[INFO] [1788842158.431555623] [candidate_explorer]: Global path accepted. Navigating to frontier (-5.74, -0.24)
[bt_navigator-7] [INFO] [1788842158.431947399] [bt_navigator]: Begin navigating from current location (-5.17, -0.02) to (-5.74, -0.24)
[controller_server-3] [INFO] [1788842158.455250541] [controller_server]: Received a goal, begin computing control effort.
[controller_server-3] [INFO] [1788842158.907325215] [controller_server]: Reached the goal!
[bt_navigator-7] [INFO] [1788842158.945143464] [bt_navigator]: Goal succeeded
[INFO] [1788842158.946915395] [candidate_explorer]: Frontier goal finished: success=True
[INFO] [1788842158.947168802] [candidate_explorer]: Reached frontier. Waiting for the map to expose new frontiers.
[INFO] [1788842159.134290329] [candidate_explorer]: Detected 10032 frontier cells
[INFO] [1788842159.142883872] [candidate_explorer]: Found 137 frontier clusters after filtering
[INFO] [1788842159.149269125] [candidate_explorer]: Selected frontier cluster: size=7318, goal=(-5.05, 0.15), distance=0.60
[INFO] [1788842159.150223963] [candidate_explorer]: Checking global path to frontier (-5.05, 0.15), distance=0.60m
[INFO] [1788842159.157404186] [candidate_explorer]: Nav2 path to frontier is 0.61m (straight-line=0.60m, detour=1.0x)
[INFO] [1788842159.158356733] [candidate_explorer]: Global path accepted. Navigating to frontier (-5.05, 0.15)
[bt_navigator-7] [INFO] [1788842159.158743218] [bt_navigator]: Begin navigating from current location (-5.56, -0.17) to (-5.05, 0.15)
[controller_server-3] [INFO] [1788842159.180187848] [controller_server]: Received a goal, begin computing control effort.
[controller_server-3] [INFO] [1788842160.233072037] [controller_server]: Passing new path to controller.
[controller_server-3] [INFO] [1788842160.782301252] [controller_server]: Reached the goal!
[bt_navigator-7] [INFO] [1788842160.819033959] [bt_navigator]: Goal succeeded
[INFO] [1788842160.820729519] [candidate_explorer]: Frontier goal finished: success=True
[INFO] [1788842160.820985175] [candidate_explorer]: Reached frontier. Waiting for the map to expose new frontiers.
[INFO] [1788842160.906134805] [candidate_explorer]: Detected 9993 frontier cells
[INFO] [1788842160.914723599] [candidate_explorer]: Found 137 frontier clusters after filtering
[INFO] [1788842160.920899110] [candidate_explorer]: Selected frontier cluster: size=7278, goal=(-4.65, 0.27), distance=0.61
[INFO] [1788842160.921754494] [candidate_explorer]: Checking global path to frontier (-4.65, 0.27), distance=0.61m
[INFO] [1788842160.929049420] [candidate_explorer]: Nav2 path to frontier is 0.62m (straight-line=0.61m, detour=1.0x)
[INFO] [1788842160.929998717] [candidate_explorer]: Global path accepted. Navigating to frontier (-4.65, 0.27)
[bt_navigator-7] [INFO] [1788842160.930362453] [bt_navigator]: Begin navigating from current location (-5.25, 0.21) to (-4.65, 0.27)
[controller_server-3] [INFO] [1788842160.951623757] [controller_server]: Received a goal, begin computing control effort.
[controller_server-3] [INFO] [1788842161.405672771] [controller_server]: Reached the goal!
[bt_navigator-7] [INFO] [1788842161.442418436] [bt_navigator]: Goal succeeded
[INFO] [1788842161.442755798] [candidate_explorer]: Frontier goal finished: success=True
[INFO] [1788842161.443003372] [candidate_explorer]: Reached frontier. Waiting for the map to expose new frontiers.
[INFO] [1788842161.636062419] [candidate_explorer]: Detected 9993 frontier cells
[INFO] [1788842161.645245482] [candidate_explorer]: Found 137 frontier clusters after filtering
[INFO] [1788842161.651717565] [candidate_explorer]: Selected frontier cluster: size=7278, goal=(-5.34, -0.08), distance=0.61
[INFO] [1788842161.652674820] [candidate_explorer]: Checking global path to frontier (-5.34, -0.08), distance=0.61m
[INFO] [1788842161.660182822] [candidate_explorer]: Nav2 path to frontier is 0.62m (straight-line=0.61m, detour=1.0x)
[INFO] [1788842161.661109786] [candidate_explorer]: Global path accepted. Navigating to frontier (-5.34, -0.08)
[bt_navigator-7] [INFO] [1788842161.661575434] [bt_navigator]: Begin navigating from current location (-4.84, 0.27) to (-5.34, -0.08)
[controller_server-3] [INFO] [1788842161.683510463] [controller_server]: Received a goal, begin computing control effort.
[controller_server-3] [INFO] [1788842162.741792693] [controller_server]: Passing new path to controller.
[controller_server-3] [INFO] [1788842163.189582699] [controller_server]: Reached the goal!
[bt_navigator-7] [INFO] [1788842163.224699385] [bt_navigator]: Goal succeeded
[INFO] [1788842163.226486816] [candidate_explorer]: Frontier goal finished: success=True
[INFO] [1788842163.226694058] [candidate_explorer]: Reached frontier. Waiting for the map to expose new frontiers.
[INFO] [1788842163.407467288] [candidate_explorer]: Detected 9993 frontier cells
[INFO] [1788842163.416060498] [candidate_explorer]: Found 137 frontier clusters after filtering
[INFO] [1788842163.422354421] [candidate_explorer]: Selected frontier cluster: size=7278, goal=(-5.74, -0.24), distance=0.61
[INFO] [1788842163.423203222] [candidate_explorer]: Checking global path to frontier (-5.74, -0.24), distance=0.61m
[INFO] [1788842163.430624561] [candidate_explorer]: Nav2 path to frontier is 0.62m (straight-line=0.61m, detour=1.0x)
[INFO] [1788842163.431504652] [candidate_explorer]: Global path accepted. Navigating to frontier (-5.74, -0.24)
[bt_navigator-7] [INFO] [1788842163.431917136] [bt_navigator]: Begin navigating from current location (-5.14, -0.15) to (-5.74, -0.24)
[controller_server-3] [INFO] [1788842163.452666751] [controller_server]: Received a goal, begin computing control effort.
[controller_server-3] [INFO] [1788842163.906584645] [controller_server]: Reached the goal!
[bt_navigator-7] [INFO] [1788842163.942477343] [bt_navigator]: Goal succeeded
[INFO] [1788842163.944259274] [candidate_explorer]: Frontier goal finished: success=True
[INFO] [1788842163.944514515] [candidate_explorer]: Reached frontier. Waiting for the map to expose new frontiers.
[INFO] [1788842164.156888775] [candidate_explorer]: Detected 10105 frontier cells
[INFO] [1788842164.165547649] [candidate_explorer]: Found 137 frontier clusters after filtering
[INFO] [1788842164.171958818] [candidate_explorer]: Selected frontier cluster: size=7392, goal=(-6.15, -0.30), distance=0.61
[INFO] [1788842164.172844242] [candidate_explorer]: Checking global path to frontier (-6.15, -0.30), distance=0.61m
[INFO] [1788842164.180451698] [candidate_explorer]: Nav2 path to frontier is 0.62m (straight-line=0.61m, detour=1.0x)
[INFO] [1788842164.181313332] [candidate_explorer]: Global path accepted. Navigating to frontier (-6.15, -0.30)
[bt_navigator-7] [INFO] [1788842164.181701483] [bt_navigator]: Begin navigating from current location (-5.55, -0.23) to (-6.15, -0.30)
[controller_server-3] [INFO] [1788842164.203431978] [controller_server]: Received a goal, begin computing control effort.
[controller_server-3] [INFO] [1788842164.656308746] [controller_server]: Reached the goal!
[bt_navigator-7] [INFO] [1788842164.694259406] [bt_navigator]: Goal succeeded
[INFO] [1788842164.696124584] [candidate_explorer]: Frontier goal finished: success=True
[INFO] [1788842164.696388990] [candidate_explorer]: Reached frontier. Waiting for the map to expose new frontiers.
[INFO] [1788842164.886099458] [candidate_explorer]: Detected 10105 frontier cells
[INFO] [1788842164.894640379] [candidate_explorer]: Found 137 frontier clusters after filtering
[INFO] [1788842164.901105962] [candidate_explorer]: Selected frontier cluster: size=7392, goal=(-5.35, -0.18), distance=0.60
[INFO] [1788842164.901964387] [candidate_explorer]: Checking global path to frontier (-5.35, -0.18), distance=0.60m
[INFO] [1788842164.909378726] [candidate_explorer]: Nav2 path to frontier is 0.61m (straight-line=0.60m, detour=1.0x)
[INFO] [1788842164.910193861] [candidate_explorer]: Global path accepted. Navigating to frontier (-5.35, -0.18)
[bt_navigator-7] [INFO] [1788842164.910596846] [bt_navigator]: Begin navigating from current location (-5.95, -0.26) to (-5.35, -0.18)
[controller_server-3] [INFO] [1788842164.934360637] [controller_server]: Received a goal, begin computing control effort.
[controller_server-3] [INFO] [1788842165.987202869] [controller_server]: Passing new path to controller.
[planner_server-5] [INFO] [1788842166.378829959] [global_costmap.global_costmap]: StaticLayer: Resizing costmap to 711 X 475 at 0.015000 m/pix
[controller_server-3] [INFO] [1788842166.436669435] [controller_server]: Reached the goal!
[bt_navigator-7] [INFO] [1788842166.472061777] [bt_navigator]: Goal succeeded
[INFO] [1788842166.472575507] [candidate_explorer]: Frontier goal finished: success=True
[INFO] [1788842166.472801415] [candidate_explorer]: Reached frontier. Waiting for the map to expose new frontiers.
[INFO] [1788842166.655922929] [candidate_explorer]: Detected 10156 frontier cells
[INFO] [1788842166.664810920] [candidate_explorer]: Found 145 frontier clusters after filtering
[INFO] [1788842166.671275462] [candidate_explorer]: Selected frontier cluster: size=7392, goal=(-4.95, -0.03), distance=0.60
[INFO] [1788842166.672125137] [candidate_explorer]: Checking global path to frontier (-4.95, -0.03), distance=0.60m
[INFO] [1788842166.679609515] [candidate_explorer]: Nav2 path to frontier is 0.62m (straight-line=0.60m, detour=1.0x)
[INFO] [1788842166.680616310] [candidate_explorer]: Global path accepted. Navigating to frontier (-4.95, -0.03)
[bt_navigator-7] [INFO] [1788842166.680991337] [bt_navigator]: Begin navigating from current location (-5.55, -0.07) to (-4.95, -0.03)
[controller_server-3] [INFO] [1788842166.704527220] [controller_server]: Received a goal, begin computing control effort.
[controller_server-3] [INFO] [1788842167.156627726] [controller_server]: Reached the goal!
[bt_navigator-7] [INFO] [1788842167.192629461] [bt_navigator]: Goal succeeded
[INFO] [1788842167.194450224] [candidate_explorer]: Frontier goal finished: success=True
[INFO] [1788842167.194698131] [candidate_explorer]: Reached frontier. Waiting for the map to expose new frontiers.
[INFO] [1788842167.387533062] [candidate_explorer]: Detected 10156 frontier cells
[INFO] [1788842167.396115481] [candidate_explorer]: Found 145 frontier clusters after filtering
[INFO] [1788842167.402632104] [candidate_explorer]: Selected frontier cluster: size=7392, goal=(-4.60, 0.22), distance=0.60
[INFO] [1788842167.403521403] [candidate_explorer]: Checking global path to frontier (-4.60, 0.22), distance=0.60m
[INFO] [1788842167.411009947] [candidate_explorer]: Nav2 path to frontier is 0.63m (straight-line=0.60m, detour=1.0x)
[INFO] [1788842167.411961577] [candidate_explorer]: Global path accepted. Navigating to frontier (-4.60, 0.22)
[bt_navigator-7] [INFO] [1788842167.412369728] [bt_navigator]: Begin navigating from current location (-5.15, -0.04) to (-4.60, 0.22)
[controller_server-3] [INFO] [1788842167.434235718] [controller_server]: Received a goal, begin computing control effort.
[controller_server-3] [INFO] [1788842167.887426473] [controller_server]: Reached the goal!
[bt_navigator-7] [INFO] [1788842167.915488598] [bt_navigator]: Goal succeeded
[INFO] [1788842167.917294987] [candidate_explorer]: Frontier goal finished: success=True
[INFO] [1788842167.917567060] [candidate_explorer]: Reached frontier. Waiting for the map to expose new frontiers.
[INFO] [1788842168.156202514] [candidate_explorer]: Detected 10118 frontier cells
[INFO] [1788842168.165010132] [candidate_explorer]: Found 145 frontier clusters after filtering
[INFO] [1788842168.171515423] [candidate_explorer]: Selected frontier cluster: size=7354, goal=(-4.30, 0.46), distance=0.60
[INFO] [1788842168.172352849] [candidate_explorer]: Checking global path to frontier (-4.30, 0.46), distance=0.60m
[INFO] [1788842168.180435620] [candidate_explorer]: Nav2 path to frontier is 0.65m (straight-line=0.60m, detour=1.1x)
[INFO] [1788842168.181430290] [candidate_explorer]: Global path accepted. Navigating to frontier (-4.30, 0.46)
[bt_navigator-7] [INFO] [1788842168.181826692] [bt_navigator]: Begin navigating from current location (-4.78, 0.09) to (-4.30, 0.46)
[controller_server-3] [INFO] [1788842168.203382776] [controller_server]: Received a goal, begin computing control effort.
[controller_server-3] [INFO] [1788842168.656290959] [controller_server]: Reached the goal!
[bt_navigator-7] [INFO] [1788842168.683286292] [bt_navigator]: Goal succeeded
[INFO] [1788842168.685081514] [candidate_explorer]: Frontier goal finished: success=True
[INFO] [1788842168.685345046] [candidate_explorer]: Reached frontier. Waiting for the map to expose new frontiers.
[INFO] [1788842168.886283622] [candidate_explorer]: Detected 10118 frontier cells
[INFO] [1788842168.895142947] [candidate_explorer]: Found 145 frontier clusters after filtering
[INFO] [1788842168.901808398] [candidate_explorer]: Selected frontier cluster: size=7354, goal=(-3.93, 0.64), distance=0.60
[INFO] [1788842168.902721030] [candidate_explorer]: Checking global path to frontier (-3.93, 0.64), distance=0.60m
[INFO] [1788842168.910193116] [candidate_explorer]: Nav2 path to frontier is 0.65m (straight-line=0.60m, detour=1.1x)
[INFO] [1788842168.911152787] [candidate_explorer]: Global path accepted. Navigating to frontier (-3.93, 0.64)
[bt_navigator-7] [INFO] [1788842168.911596270] [bt_navigator]: Begin navigating from current location (-4.45, 0.35) to (-3.93, 0.64)
[controller_server-3] [INFO] [1788842168.934811291] [controller_server]: Received a goal, begin computing control effort.
[controller_server-3] [INFO] [1788842169.387111414] [controller_server]: Reached the goal!
[bt_navigator-7] [INFO] [1788842169.426154574] [bt_navigator]: Goal succeeded
[INFO] [1788842169.426640221] [candidate_explorer]: Frontier goal finished: success=True
[INFO] [1788842169.426871838] [candidate_explorer]: Reached frontier. Waiting for the map to expose new frontiers.
[INFO] [1788842169.637441709] [candidate_explorer]: Detected 10118 frontier cells
[INFO] [1788842169.646055668] [candidate_explorer]: Found 145 frontier clusters after filtering
[INFO] [1788842169.653053648] [candidate_explorer]: Selected frontier cluster: size=7354, goal=(-4.63, 0.21), distance=0.61
[INFO] [1788842169.654124732] [candidate_explorer]: Checking global path to frontier (-4.63, 0.21), distance=0.61m
[INFO] [1788842169.661114628] [candidate_explorer]: Nav2 path to frontier is 0.62m (straight-line=0.61m, detour=1.0x)
[INFO] [1788842169.662385913] [candidate_explorer]: Global path accepted. Navigating to frontier (-4.63, 0.21)
[bt_navigator-7] [INFO] [1788842169.662864852] [bt_navigator]: Begin navigating from current location (-4.14, 0.55) to (-4.63, 0.21)
[controller_server-3] [INFO] [1788842169.683622259] [controller_server]: Received a goal, begin computing control effort.
[controller_server-3] [INFO] [1788842170.733805094] [controller_server]: Passing new path to controller.
[controller_server-3] [INFO] [1788842171.285893699] [controller_server]: Reached the goal!
[bt_navigator-7] [INFO] [1788842171.325201681] [bt_navigator]: Goal succeeded
[INFO] [1788842171.327371306] [candidate_explorer]: Frontier goal finished: success=True
[INFO] [1788842171.327649837] [candidate_explorer]: Reached frontier. Waiting for the map to expose new frontiers.
[INFO] [1788842171.407140060] [candidate_explorer]: Detected 10104 frontier cells
[INFO] [1788842171.415886097] [candidate_explorer]: Found 145 frontier clusters after filtering
[INFO] [1788842171.422263851] [candidate_explorer]: Selected frontier cluster: size=7344, goal=(-4.03, 0.60), distance=0.60
[INFO] [1788842171.423112985] [candidate_explorer]: Checking global path to frontier (-4.03, 0.60), distance=0.60m
[INFO] [1788842171.430773814] [candidate_explorer]: Nav2 path to frontier is 0.60m (straight-line=0.60m, detour=1.0x)
[INFO] [1788842171.431696570] [candidate_explorer]: Global path accepted. Navigating to frontier (-4.03, 0.60)
[bt_navigator-7] [INFO] [1788842171.432093805] [bt_navigator]: Begin navigating from current location (-4.42, 0.14) to (-4.03, 0.60)
[controller_server-3] [INFO] [1788842171.453120243] [controller_server]: Received a goal, begin computing control effort.
[controller_server-3] [INFO] [1788842172.504886934] [controller_server]: Passing new path to controller.
[controller_server-3] [INFO] [1788842173.006393991] [controller_server]: Reached the goal!
[bt_navigator-7] [INFO] [1788842173.043408895] [bt_navigator]: Goal succeeded
[INFO] [1788842173.045255157] [candidate_explorer]: Frontier goal finished: success=True
[INFO] [1788842173.045526688] [candidate_explorer]: Reached frontier. Waiting for the map to expose new frontiers.
[INFO] [1788842173.155672603] [candidate_explorer]: Detected 10148 frontier cells
[INFO] [1788842173.164490763] [candidate_explorer]: Found 148 frontier clusters after filtering
[INFO] [1788842173.170989928] [candidate_explorer]: Selected frontier cluster: size=5, goal=(-3.28, 1.03), distance=1.06
[INFO] [1788842173.171862561] [candidate_explorer]: Checking global path to frontier (-3.28, 1.03), distance=1.06m
[INFO] [1788842173.180638139] [candidate_explorer]: Nav2 path to frontier is 1.12m (straight-line=1.06m, detour=1.1x)
[INFO] [1788842173.182134790] [candidate_explorer]: Global path accepted. Navigating to frontier (-3.28, 1.03)
[bt_navigator-7] [INFO] [1788842173.182561857] [bt_navigator]: Begin navigating from current location (-4.23, 0.56) to (-3.28, 1.03)
[controller_server-3] [INFO] [1788842173.205453681] [controller_server]: Received a goal, begin computing control effort.
[controller_server-3] [INFO] [1788842174.059872698] [controller_server]: Reached the goal!
[bt_navigator-7] [INFO] [1788842174.093261451] [bt_navigator]: Goal succeeded
[INFO] [1788842174.095164669] [candidate_explorer]: Frontier goal finished: success=True
[INFO] [1788842174.095426617] [candidate_explorer]: Reached frontier. Waiting for the map to expose new frontiers.
[INFO] [1788842174.158637302] [candidate_explorer]: Detected 10148 frontier cells
[INFO] [1788842174.172399146] [candidate_explorer]: Found 148 frontier clusters after filtering
[INFO] [1788842174.179086679] [candidate_explorer]: Selected frontier cluster: size=7377, goal=(-2.97, 1.27), distance=0.61
[INFO] [1788842174.180371838] [candidate_explorer]: Checking global path to frontier (-2.97, 1.27), distance=0.61m
[INFO] [1788842174.188339822] [candidate_explorer]: Nav2 path to frontier is 0.63m (straight-line=0.61m, detour=1.0x)
[INFO] [1788842174.189323493] [candidate_explorer]: Global path accepted. Navigating to frontier (-2.97, 1.27)
[bt_navigator-7] [INFO] [1788842174.189740893] [bt_navigator]: Begin navigating from current location (-3.48, 0.97) to (-2.97, 1.27)
[controller_server-3] [INFO] [1788842174.211918329] [controller_server]: Received a goal, begin computing control effort.
[controller_server-3] [INFO] [1788842174.664179953] [controller_server]: Reached the goal!
[bt_navigator-7] [INFO] [1788842174.699908199] [bt_navigator]: Goal succeeded
[INFO] [1788842174.701674048] [candidate_explorer]: Frontier goal finished: success=True
[INFO] [1788842174.701911664] [candidate_explorer]: Reached frontier. Waiting for the map to expose new frontiers.
[INFO] [1788842174.887626536] [candidate_explorer]: Detected 10148 frontier cells
[INFO] [1788842174.896259203] [candidate_explorer]: Found 148 frontier clusters after filtering
[INFO] [1788842174.902966444] [candidate_explorer]: Selected frontier cluster: size=7377, goal=(-2.55, 1.36), distance=0.61
[INFO] [1788842174.903840410] [candidate_explorer]: Checking global path to frontier (-2.55, 1.36), distance=0.61m
[INFO] [1788842174.911839518] [candidate_explorer]: Nav2 path to frontier is 0.81m (straight-line=0.61m, detour=1.3x)
[INFO] [1788842174.912949684] [candidate_explorer]: Global path accepted. Navigating to frontier (-2.55, 1.36)
[bt_navigator-7] [INFO] [1788842174.913367709] [bt_navigator]: Begin navigating from current location (-3.12, 1.15) to (-2.55, 1.36)
[controller_server-3] [INFO] [1788842174.935638933] [controller_server]: Received a goal, begin computing control effort.
[controller_server-3] [INFO] [1788842175.389921771] [controller_server]: Reached the goal!
[bt_navigator-7] [INFO] [1788842175.424252446] [bt_navigator]: Goal succeeded
[INFO] [1788842175.426245827] [candidate_explorer]: Frontier goal finished: success=True
[INFO] [1788842175.426492318] [candidate_explorer]: Reached frontier. Waiting for the map to expose new frontiers.
[INFO] [1788842175.635304298] [candidate_explorer]: Detected 10148 frontier cells
[INFO] [1788842175.644191497] [candidate_explorer]: Found 148 frontier clusters after filtering
[INFO] [1788842175.650766160] [candidate_explorer]: Selected frontier cluster: size=15, goal=(-2.17, 1.17), distance=0.60
[INFO] [1788842175.651755997] [candidate_explorer]: Checking global path to frontier (-2.17, 1.17), distance=0.60m
[INFO] [1788842175.659701815] [candidate_explorer]: Nav2 path to frontier is 0.72m (straight-line=0.60m, detour=1.2x)
[INFO] [1788842175.660746858] [candidate_explorer]: Global path accepted. Navigating to frontier (-2.17, 1.17)
[bt_navigator-7] [INFO] [1788842175.661329377] [bt_navigator]: Begin navigating from current location (-2.76, 1.32) to (-2.17, 1.17)
[controller_server-3] [INFO] [1788842175.682138616] [controller_server]: Received a goal, begin computing control effort.
[controller_server-3] [INFO] [1788842176.184334688] [controller_server]: Reached the goal!
[bt_navigator-7] [INFO] [1788842176.225623135] [bt_navigator]: Goal succeeded
[INFO] [1788842176.227437149] [candidate_explorer]: Frontier goal finished: success=True
[INFO] [1788842176.227694847] [candidate_explorer]: Reached frontier. Waiting for the map to expose new frontiers.
[INFO] [1788842176.408128007] [candidate_explorer]: Detected 10131 frontier cells
[INFO] [1788842176.416879044] [candidate_explorer]: Found 147 frontier clusters after filtering
[INFO] [1788842176.423205175] [candidate_explorer]: Selected frontier cluster: size=7369, goal=(-2.97, 1.29), distance=0.61
[INFO] [1788842176.424109973] [candidate_explorer]: Checking global path to frontier (-2.97, 1.29), distance=0.61m
[INFO] [1788842176.432209952] [candidate_explorer]: Nav2 path to frontier is 0.62m (straight-line=0.61m, detour=1.0x)
[INFO] [1788842176.433103293] [candidate_explorer]: Global path accepted. Navigating to frontier (-2.97, 1.29)
[bt_navigator-7] [INFO] [1788842176.433580733] [bt_navigator]: Begin navigating from current location (-2.36, 1.31) to (-2.97, 1.29)
[controller_server-3] [INFO] [1788842176.455640131] [controller_server]: Received a goal, begin computing control effort.
[controller_server-3] [INFO] [1788842177.508329661] [controller_server]: Passing new path to controller.
[controller_server-3] [INFO] [1788842177.908168434] [controller_server]: Reached the goal!
[bt_navigator-7] [INFO] [1788842177.945389622] [bt_navigator]: Goal succeeded
[INFO] [1788842177.945889145] [candidate_explorer]: Frontier goal finished: success=True
[INFO] [1788842177.946151926] [candidate_explorer]: Reached frontier. Waiting for the map to expose new frontiers.
[INFO] [1788842178.157542058] [candidate_explorer]: Detected 10090 frontier cells
[INFO] [1788842178.166290845] [candidate_explorer]: Found 146 frontier clusters after filtering
[INFO] [1788842178.172737929] [candidate_explorer]: Selected frontier cluster: size=7354, goal=(-3.37, 0.97), distance=0.61
[INFO] [1788842178.173616979] [candidate_explorer]: Checking global path to frontier (-3.37, 0.97), distance=0.61m
[INFO] [1788842178.181535881] [candidate_explorer]: Nav2 path to frontier is 0.62m (straight-line=0.61m, detour=1.0x)
[INFO] [1788842178.182583674] [candidate_explorer]: Global path accepted. Navigating to frontier (-3.37, 0.97)
[bt_navigator-7] [INFO] [1788842178.183025532] [bt_navigator]: Begin navigating from current location (-2.80, 1.17) to (-3.37, 0.97)
[controller_server-3] [INFO] [1788842178.204035679] [controller_server]: Received a goal, begin computing control effort.
[controller_server-3] [INFO] [1788842178.706857269] [controller_server]: Reached the goal!
[bt_navigator-7] [INFO] [1788842178.744967381] [bt_navigator]: Goal succeeded
[INFO] [1788842178.745454487] [candidate_explorer]: Frontier goal finished: success=True
[INFO] [1788842178.745753892] [candidate_explorer]: Reached frontier. Waiting for the map to expose new frontiers.
[INFO] [1788842178.888077982] [candidate_explorer]: Detected 10090 frontier cells
[INFO] [1788842178.896595236] [candidate_explorer]: Found 146 frontier clusters after filtering
[INFO] [1788842178.903128776] [candidate_explorer]: Selected frontier cluster: size=7354, goal=(-3.64, 0.67), distance=0.61
[INFO] [1788842178.904006075] [candidate_explorer]: Checking global path to frontier (-3.64, 0.67), distance=0.61m
[INFO] [1788842178.911935352] [candidate_explorer]: Nav2 path to frontier is 0.62m (straight-line=0.61m, detour=1.0x)
[INFO] [1788842178.912836568] [candidate_explorer]: Global path accepted. Navigating to frontier (-3.64, 0.67)
[bt_navigator-7] [INFO] [1788842178.913512333] [bt_navigator]: Begin navigating from current location (-3.22, 1.11) to (-3.64, 0.67)
[controller_server-3] [INFO] [1788842178.935465069] [controller_server]: Received a goal, begin computing control effort.
[controller_server-3] [INFO] [1788842179.387649988] [controller_server]: Reached the goal!
[bt_navigator-7] [INFO] [1788842179.425090626] [bt_navigator]: Goal succeeded
[INFO] [1788842179.427168338] [candidate_explorer]: Frontier goal finished: success=True
[INFO] [1788842179.427419620] [candidate_explorer]: Reached frontier. Waiting for the map to expose new frontiers.
[INFO] [1788842179.638717213] [candidate_explorer]: Detected 10090 frontier cells
[INFO] [1788842179.647382295] [candidate_explorer]: Found 146 frontier clusters after filtering
[INFO] [1788842179.653852337] [candidate_explorer]: Selected frontier cluster: size=7354, goal=(-4.03, 0.55), distance=0.60
[INFO] [1788842179.654715887] [candidate_explorer]: Checking global path to frontier (-4.03, 0.55), distance=0.60m
[INFO] [1788842179.662689329] [candidate_explorer]: Nav2 path to frontier is 0.60m (straight-line=0.60m, detour=1.0x)
[INFO] [1788842179.663604836] [candidate_explorer]: Global path accepted. Navigating to frontier (-4.03, 0.55)
[bt_navigator-7] [INFO] [1788842179.664060610] [bt_navigator]: Begin navigating from current location (-3.51, 0.86) to (-4.03, 0.55)
[controller_server-3] [INFO] [1788842179.684334202] [controller_server]: Received a goal, begin computing control effort.
[controller_server-3] [INFO] [1788842180.136531621] [controller_server]: Reached the goal!
[bt_navigator-7] [INFO] [1788842180.174418575] [bt_navigator]: Goal succeeded
[INFO] [1788842180.174817310] [candidate_explorer]: Frontier goal finished: success=True
[INFO] [1788842180.175069967] [candidate_explorer]: Reached frontier. Waiting for the map to expose new frontiers.
[INFO] [1788842180.408696115] [candidate_explorer]: Detected 10090 frontier cells
[INFO] [1788842180.417254784] [candidate_explorer]: Found 146 frontier clusters after filtering
[INFO] [1788842180.423560457] [candidate_explorer]: Selected frontier cluster: size=7354, goal=(-3.37, 1.00), distance=0.61
[INFO] [1788842180.424443548] [candidate_explorer]: Checking global path to frontier (-3.37, 1.00), distance=0.61m
[INFO] [1788842180.433363496] [candidate_explorer]: Nav2 path to frontier is 0.61m (straight-line=0.61m, detour=1.0x)
[INFO] [1788842180.434341500] [candidate_explorer]: Global path accepted. Navigating to frontier (-3.37, 1.00)
[bt_navigator-7] [INFO] [1788842180.434828106] [bt_navigator]: Begin navigating from current location (-3.85, 0.62) to (-3.37, 1.00)
[controller_server-3] [INFO] [1788842180.456269487] [controller_server]: Received a goal, begin computing control effort.
[controller_server-3] [INFO] [1788842181.509452664] [controller_server]: Passing new path to controller.
[controller_server-3] [INFO] [1788842181.960132516] [controller_server]: Reached the goal!
[bt_navigator-7] [INFO] [1788842181.996000757] [bt_navigator]: Goal succeeded
[INFO] [1788842181.996478280] [candidate_explorer]: Frontier goal finished: success=True
[INFO] [1788842181.996726687] [candidate_explorer]: Reached frontier. Waiting for the map to expose new frontiers.
[INFO] [1788842182.156605515] [candidate_explorer]: Detected 10085 frontier cells
[INFO] [1788842182.165407592] [candidate_explorer]: Found 146 frontier clusters after filtering
[INFO] [1788842182.171829761] [candidate_explorer]: Selected frontier cluster: size=7349, goal=(-3.00, 1.18), distance=0.60
[INFO] [1788842182.172682145] [candidate_explorer]: Checking global path to frontier (-3.00, 1.18), distance=0.60m
[INFO] [1788842182.180823080] [candidate_explorer]: Nav2 path to frontier is 0.61m (straight-line=0.60m, detour=1.0x)
[INFO] [1788842182.181899205] [candidate_explorer]: Global path accepted. Navigating to frontier (-3.00, 1.18)
[bt_navigator-7] [INFO] [1788842182.182366479] [bt_navigator]: Begin navigating from current location (-3.58, 1.03) to (-3.00, 1.18)
[controller_server-3] [INFO] [1788842182.204406128] [controller_server]: Received a goal, begin computing control effort.
[controller_server-3] [INFO] [1788842182.656880870] [controller_server]: Reached the goal!
[bt_navigator-7] [INFO] [1788842182.684070903] [bt_navigator]: Goal succeeded
[INFO] [1788842182.686246361] [candidate_explorer]: Frontier goal finished: success=True
[INFO] [1788842182.686475602] [candidate_explorer]: Reached frontier. Waiting for the map to expose new frontiers.
[INFO] [1788842182.889137071] [candidate_explorer]: Detected 10085 frontier cells
[INFO] [1788842182.897744113] [candidate_explorer]: Found 146 frontier clusters after filtering
[INFO] [1788842182.904202739] [candidate_explorer]: Selected frontier cluster: size=7349, goal=(-2.58, 1.15), distance=0.61
[INFO] [1788842182.905063289] [candidate_explorer]: Checking global path to frontier (-2.58, 1.15), distance=0.61m
[INFO] [1788842182.913035898] [candidate_explorer]: Nav2 path to frontier is 0.61m (straight-line=0.61m, detour=1.0x)
[INFO] [1788842182.913887782] [candidate_explorer]: Global path accepted. Navigating to frontier (-2.58, 1.15)
[bt_navigator-7] [INFO] [1788842182.914270559] [bt_navigator]: Begin navigating from current location (-3.19, 1.15) to (-2.58, 1.15)
[controller_server-3] [INFO] [1788842182.936833354] [controller_server]: Received a goal, begin computing control effort.
[controller_server-3] [INFO] [1788842183.390400095] [controller_server]: Reached the goal!
[bt_navigator-7] [INFO] [1788842183.424449739] [bt_navigator]: Goal succeeded
[INFO] [1788842183.426381040] [candidate_explorer]: Frontier goal finished: success=True
[INFO] [1788842183.426603198] [candidate_explorer]: Reached frontier. Waiting for the map to expose new frontiers.
[INFO] [1788842183.638812798] [candidate_explorer]: Detected 10085 frontier cells
[INFO] [1788842183.647365176] [candidate_explorer]: Found 146 frontier clusters after filtering
[INFO] [1788842183.653984087] [candidate_explorer]: Selected frontier cluster: size=15, goal=(-2.20, 1.18), distance=0.60
[INFO] [1788842183.654909593] [candidate_explorer]: Checking global path to frontier (-2.20, 1.18), distance=0.60m
[INFO] [1788842183.662767039] [candidate_explorer]: Nav2 path to frontier is 0.61m (straight-line=0.60m, detour=1.0x)
[INFO] [1788842183.663783917] [candidate_explorer]: Global path accepted. Navigating to frontier (-2.20, 1.18)
[bt_navigator-7] [INFO] [1788842183.664317313] [bt_navigator]: Begin navigating from current location (-2.81, 1.17) to (-2.20, 1.18)
[controller_server-3] [INFO] [1788842183.685596783] [controller_server]: Received a goal, begin computing control effort.
[controller_server-3] [INFO] [1788842184.089408570] [controller_server]: Reached the goal!
[bt_navigator-7] [INFO] [1788842184.126066530] [bt_navigator]: Goal succeeded
[INFO] [1788842184.128172365] [candidate_explorer]: Frontier goal finished: success=True
[INFO] [1788842184.128423855] [candidate_explorer]: Reached frontier. Waiting for the map to expose new frontiers.
[INFO] [1788842184.408718369] [candidate_explorer]: Detected 10081 frontier cells
[INFO] [1788842184.417363743] [candidate_explorer]: Found 146 frontier clusters after filtering
[INFO] [1788842184.423631460] [candidate_explorer]: Selected frontier cluster: size=7345, goal=(-3.03, 1.17), distance=0.61
[INFO] [1788842184.424455511] [candidate_explorer]: Checking global path to frontier (-3.03, 1.17), distance=0.61m
[INFO] [1788842184.432461035] [candidate_explorer]: Nav2 path to frontier is 0.61m (straight-line=0.61m, detour=1.0x)
[INFO] [1788842184.433428040] [candidate_explorer]: Global path accepted. Navigating to frontier (-3.03, 1.17)
[bt_navigator-7] [INFO] [1788842184.433886397] [bt_navigator]: Begin navigating from current location (-2.42, 1.18) to (-3.03, 1.17)
[controller_server-3] [INFO] [1788842184.455967878] [controller_server]: Received a goal, begin computing control effort.
[controller_server-3] [INFO] [1788842185.509212803] [controller_server]: Passing new path to controller.
[controller_server-3] [INFO] [1788842185.958755116] [controller_server]: Reached the goal!
[bt_navigator-7] [INFO] [1788842185.997427456] [bt_navigator]: Goal succeeded
[INFO] [1788842185.999391131] [candidate_explorer]: Frontier goal finished: success=True
[INFO] [1788842185.999658329] [candidate_explorer]: Reached frontier. Waiting for the map to expose new frontiers.
[INFO] [1788842186.156149163] [candidate_explorer]: Detected 10103 frontier cells
[INFO] [1788842186.165592048] [candidate_explorer]: Found 145 frontier clusters after filtering
[INFO] [1788842186.172010634] [candidate_explorer]: Selected frontier cluster: size=7379, goal=(-2.32, 1.32), distance=0.61
[INFO] [1788842186.172918973] [candidate_explorer]: Checking global path to frontier (-2.32, 1.32), distance=0.61m
[INFO] [1788842186.181603138] [candidate_explorer]: Nav2 path to frontier is 0.61m (straight-line=0.61m, detour=1.0x)
[INFO] [1788842186.182610183] [candidate_explorer]: Global path accepted. Navigating to frontier (-2.32, 1.32)
[bt_navigator-7] [INFO] [1788842186.183077623] [bt_navigator]: Begin navigating from current location (-2.87, 1.06) to (-2.32, 1.32)
[controller_server-3] [INFO] [1788842186.205177145] [controller_server]: Received a goal, begin computing control effort.
[controller_server-3] [INFO] [1788842187.255306690] [controller_server]: Passing new path to controller.
[controller_server-3] [INFO] [1788842187.707461236] [controller_server]: Reached the goal!
[bt_navigator-7] [INFO] [1788842187.744498597] [bt_navigator]: Goal succeeded
[INFO] [1788842187.746433106] [candidate_explorer]: Frontier goal finished: success=True
[INFO] [1788842187.746689096] [candidate_explorer]: Reached frontier. Waiting for the map to expose new frontiers.
[INFO] [1788842187.908488434] [candidate_explorer]: Detected 10102 frontier cells
[INFO] [1788842187.917222305] [candidate_explorer]: Found 145 frontier clusters after filtering
[INFO] [1788842187.923685222] [candidate_explorer]: Selected frontier cluster: size=7378, goal=(-3.04, 1.11), distance=0.60
[INFO] [1788842187.924657226] [candidate_explorer]: Checking global path to frontier (-3.04, 1.11), distance=0.60m
[INFO] [1788842187.934076029] [candidate_explorer]: Nav2 path to frontier is 0.60m (straight-line=0.60m, detour=1.0x)
[INFO] [1788842187.935024368] [candidate_explorer]: Global path accepted. Navigating to frontier (-3.04, 1.11)
[bt_navigator-7] [INFO] [1788842187.935611887] [bt_navigator]: Begin navigating from current location (-2.51, 1.38) to (-3.04, 1.11)
[controller_server-3] [INFO] [1788842187.959402218] [controller_server]: Received a goal, begin computing control effort.
[controller_server-3] [INFO] [1788842189.012230451] [controller_server]: Passing new path to controller.
[controller_server-3] [INFO] [1788842189.562269676] [controller_server]: Reached the goal!
[bt_navigator-7] [INFO] [1788842189.596145702] [bt_navigator]: Goal succeeded
[INFO] [1788842189.598393198] [candidate_explorer]: Frontier goal finished: success=True
[INFO] [1788842189.598710519] [candidate_explorer]: Reached frontier. Waiting for the map to expose new frontiers.
[INFO] [1788842189.642347335] [candidate_explorer]: Detected 10102 frontier cells
[INFO] [1788842189.650839674] [candidate_explorer]: Found 145 frontier clusters after filtering
[INFO] [1788842189.657168721] [candidate_explorer]: Selected frontier cluster: size=7378, goal=(-2.32, 1.32), distance=0.60
[INFO] [1788842189.658021063] [candidate_explorer]: Checking global path to frontier (-2.32, 1.32), distance=0.60m
[INFO] [1788842189.666852764] [candidate_explorer]: Nav2 path to frontier is 0.61m (straight-line=0.60m, detour=1.0x)
[INFO] [1788842189.667908515] [candidate_explorer]: Global path accepted. Navigating to frontier (-2.32, 1.32)
[bt_navigator-7] [INFO] [1788842189.668467868] [bt_navigator]: Begin navigating from current location (-2.86, 1.04) to (-2.32, 1.32)
[controller_server-3] [INFO] [1788842189.690412354] [controller_server]: Received a goal, begin computing control effort.
[controller_server-3] [INFO] [1788842190.742345538] [controller_server]: Passing new path to controller.
[controller_server-3] [INFO] [1788842191.395256251] [controller_server]: Reached the goal!
[bt_navigator-7] [INFO] [1788842191.428971199] [bt_navigator]: Goal succeeded
[INFO] [1788842191.429560218] [candidate_explorer]: Frontier goal finished: success=True
[INFO] [1788842191.429830999] [candidate_explorer]: Reached frontier. Waiting for the map to expose new frontiers.
[INFO] [1788842191.661219025] [candidate_explorer]: Detected 10093 frontier cells
[INFO] [1788842191.670110599] [candidate_explorer]: Found 145 frontier clusters after filtering
[INFO] [1788842191.676823590] [candidate_explorer]: Selected frontier cluster: size=7369, goal=(-3.04, 1.11), distance=0.60
[INFO] [1788842191.677801052] [candidate_explorer]: Checking global path to frontier (-3.04, 1.11), distance=0.60m
[INFO] [1788842191.686191686] [candidate_explorer]: Nav2 path to frontier is 0.60m (straight-line=0.60m, detour=1.0x)
[INFO] [1788842191.687148608] [candidate_explorer]: Global path accepted. Navigating to frontier (-3.04, 1.11)
[bt_navigator-7] [INFO] [1788842191.687578300] [bt_navigator]: Begin navigating from current location (-2.52, 1.42) to (-3.04, 1.11)
[controller_server-3] [INFO] [1788842191.710283631] [controller_server]: Received a goal, begin computing control effort.
[controller_server-3] [INFO] [1788842192.761413596] [controller_server]: Passing new path to controller.
[controller_server-3] [INFO] [1788842193.263724122] [controller_server]: Reached the goal!
[bt_navigator-7] [INFO] [1788842193.298200916] [bt_navigator]: Goal succeeded
[INFO] [1788842193.300208631] [candidate_explorer]: Frontier goal finished: success=True
[INFO] [1788842193.300488328] [candidate_explorer]: Reached frontier. Waiting for the map to expose new frontiers.
[INFO] [1788842193.407643108] [candidate_explorer]: Detected 10044 frontier cells
[INFO] [1788842193.416259567] [candidate_explorer]: Found 146 frontier clusters after filtering
[INFO] [1788842193.422611530] [candidate_explorer]: Selected frontier cluster: size=7309, goal=(-2.29, 1.33), distance=0.61
[INFO] [1788842193.423439540] [candidate_explorer]: Checking global path to frontier (-2.29, 1.33), distance=0.61m
[INFO] [1788842193.431903047] [candidate_explorer]: Nav2 path to frontier is 0.61m (straight-line=0.61m, detour=1.0x)
[INFO] [1788842193.432905466] [candidate_explorer]: Global path accepted. Navigating to frontier (-2.29, 1.33)
[bt_navigator-7] [INFO] [1788842193.433313617] [bt_navigator]: Begin navigating from current location (-2.85, 1.07) to (-2.29, 1.33)
[controller_server-3] [INFO] [1788842193.455141358] [controller_server]: Received a goal, begin computing control effort.
[controller_server-3] [INFO] [1788842194.505239238] [controller_server]: Passing new path to controller.
[controller_server-3] [INFO] [1788842195.058835617] [controller_server]: Reached the goal!
[bt_navigator-7] [INFO] [1788842195.093745186] [bt_navigator]: Goal succeeded
[INFO] [1788842195.094244125] [candidate_explorer]: Frontier goal finished: success=True
[INFO] [1788842195.094471658] [candidate_explorer]: Reached frontier. Waiting for the map to expose new frontiers.
[INFO] [1788842195.156611884] [candidate_explorer]: Detected 10044 frontier cells
[INFO] [1788842195.165400837] [candidate_explorer]: Found 146 frontier clusters after filtering
[INFO] [1788842195.171788090] [candidate_explorer]: Selected frontier cluster: size=7309, goal=(-2.92, 0.99), distance=0.61
[INFO] [1788842195.172658057] [candidate_explorer]: Checking global path to frontier (-2.92, 0.99), distance=0.61m
[INFO] [1788842195.181215685] [candidate_explorer]: Nav2 path to frontier is 0.61m (straight-line=0.61m, detour=1.0x)
[INFO] [1788842195.182149565] [candidate_explorer]: Global path accepted. Navigating to frontier (-2.92, 0.99)
[bt_navigator-7] [INFO] [1788842195.182613964] [bt_navigator]: Begin navigating from current location (-2.48, 1.41) to (-2.92, 0.99)
[controller_server-3] [INFO] [1788842195.205841609] [controller_server]: Received a goal, begin computing control effort.
[controller_server-3] [INFO] [1788842196.003182371] [local_costmap.local_costmap]: Message Filter dropping message: frame 'base_link' at time 805.300 for reason 'the timestamp on the message is earlier than all the data in the transform cache'
[controller_server-3] [INFO] [1788842196.256294392] [controller_server]: Passing new path to controller.
[controller_server-3] [INFO] [1788842196.660858399] [controller_server]: Reached the goal!
[bt_navigator-7] [INFO] [1788842196.694861628] [bt_navigator]: Goal succeeded
[INFO] [1788842196.696978047] [candidate_explorer]: Frontier goal finished: success=True
[INFO] [1788842196.697200621] [candidate_explorer]: Reached frontier. Waiting for the map to expose new frontiers.
[INFO] [1788842196.907834740] [candidate_explorer]: Detected 10044 frontier cells
[INFO] [1788842196.916501906] [candidate_explorer]: Found 146 frontier clusters after filtering
[INFO] [1788842196.922779997] [candidate_explorer]: Selected frontier cluster: size=7309, goal=(-3.31, 0.91), distance=0.60
[INFO] [1788842196.923677962] [candidate_explorer]: Checking global path to frontier (-3.31, 0.91), distance=0.60m
[INFO] [1788842196.932344211] [candidate_explorer]: Nav2 path to frontier is 0.62m (straight-line=0.60m, detour=1.0x)
[INFO] [1788842196.933306465] [candidate_explorer]: Global path accepted. Navigating to frontier (-3.31, 0.91)
[bt_navigator-7] [INFO] [1788842196.933718241] [bt_navigator]: Begin navigating from current location (-2.71, 0.97) to (-3.31, 0.91)
[controller_server-3] [INFO] [1788842196.954413526] [controller_server]: Received a goal, begin computing control effort.
[controller_server-3] [INFO] [1788842197.407632488] [controller_server]: Reached the goal!
[bt_navigator-7] [INFO] [1788842197.445792432] [bt_navigator]: Goal succeeded
[INFO] [1788842197.447873268] [candidate_explorer]: Frontier goal finished: success=True
[INFO] [1788842197.448108842] [candidate_explorer]: Reached frontier. Waiting for the map to expose new frontiers.
[INFO] [1788842197.636829807] [candidate_explorer]: Detected 10044 frontier cells
[INFO] [1788842197.645458849] [candidate_explorer]: Found 146 frontier clusters after filtering
[INFO] [1788842197.652193756] [candidate_explorer]: Selected frontier cluster: size=7309, goal=(-3.69, 0.66), distance=0.61
[INFO] [1788842197.653043806] [candidate_explorer]: Checking global path to frontier (-3.69, 0.66), distance=0.61m
[INFO] [1788842197.661239657] [candidate_explorer]: Nav2 path to frontier is 0.61m (straight-line=0.61m, detour=1.0x)
[INFO] [1788842197.662172871] [candidate_explorer]: Global path accepted. Navigating to frontier (-3.69, 0.66)
[bt_navigator-7] [INFO] [1788842197.662640728] [bt_navigator]: Begin navigating from current location (-3.12, 0.87) to (-3.69, 0.66)
[controller_server-3] [INFO] [1788842197.684274684] [controller_server]: Received a goal, begin computing control effort.
[controller_server-3] [INFO] [1788842198.138933550] [controller_server]: Reached the goal!
[bt_navigator-7] [INFO] [1788842198.173223101] [bt_navigator]: Goal succeeded
[INFO] [1788842198.173659292] [candidate_explorer]: Frontier goal finished: success=True
[INFO] [1788842198.173871951] [candidate_explorer]: Reached frontier. Waiting for the map to expose new frontiers.
[INFO] [1788842198.407415144] [candidate_explorer]: Detected 10019 frontier cells
[INFO] [1788842198.416099725] [candidate_explorer]: Found 145 frontier clusters after filtering
[INFO] [1788842198.422338734] [candidate_explorer]: Selected frontier cluster: size=7306, goal=(-4.06, 0.54), distance=0.61
[INFO] [1788842198.423163786] [candidate_explorer]: Checking global path to frontier (-4.06, 0.54), distance=0.61m
[INFO] [1788842198.431595960] [candidate_explorer]: Nav2 path to frontier is 0.61m (straight-line=0.61m, detour=1.0x)
[INFO] [1788842198.432540924] [candidate_explorer]: Global path accepted. Navigating to frontier (-4.06, 0.54)
[bt_navigator-7] [INFO] [1788842198.433040071] [bt_navigator]: Begin navigating from current location (-3.52, 0.80) to (-4.06, 0.54)
[controller_server-3] [INFO] [1788842198.455148634] [controller_server]: Received a goal, begin computing control effort.
[controller_server-3] [INFO] [1788842198.906886196] [controller_server]: Reached the goal!
[bt_navigator-7] [INFO] [1788842198.946146389] [bt_navigator]: Goal succeeded
[INFO] [1788842198.946580830] [candidate_explorer]: Frontier goal finished: success=True
[INFO] [1788842198.946829071] [candidate_explorer]: Reached frontier. Waiting for the map to expose new frontiers.
[INFO] [1788842199.139689584] [candidate_explorer]: Detected 10019 frontier cells
[INFO] [1788842199.153477469] [candidate_explorer]: Found 145 frontier clusters after filtering
[INFO] [1788842199.159828057] [candidate_explorer]: Selected frontier cluster: size=7306, goal=(-3.31, 0.88), distance=0.61
[INFO] [1788842199.160718981] [candidate_explorer]: Checking global path to frontier (-3.31, 0.88), distance=0.61m
[INFO] [1788842199.169286608] [candidate_explorer]: Nav2 path to frontier is 0.61m (straight-line=0.61m, detour=1.0x)
[INFO] [1788842199.170154450] [candidate_explorer]: Global path accepted. Navigating to frontier (-3.31, 0.88)
[bt_navigator-7] [INFO] [1788842199.170554101] [bt_navigator]: Begin navigating from current location (-3.87, 0.63) to (-3.31, 0.88)
[controller_server-3] [INFO] [1788842199.192240347] [controller_server]: Received a goal, begin computing control effort.
[controller_server-3] [INFO] [1788842200.244178698] [controller_server]: Passing new path to controller.
[controller_server-3] [INFO] [1788842200.894966284] [controller_server]: Reached the goal!
[bt_navigator-7] [INFO] [1788842200.932315425] [bt_navigator]: Goal succeeded
[INFO] [1788842200.934510299] [candidate_explorer]: Frontier goal finished: success=True
[INFO] [1788842200.934726665] [candidate_explorer]: Reached frontier. Waiting for the map to expose new frontiers.
[INFO] [1788842201.156375317] [candidate_explorer]: Detected 10019 frontier cells
[INFO] [1788842201.165203435] [candidate_explorer]: Found 145 frontier clusters after filtering
[INFO] [1788842201.171740849] [candidate_explorer]: Selected frontier cluster: size=7306, goal=(-2.89, 0.93), distance=0.61
[INFO] [1788842201.172653897] [candidate_explorer]: Checking global path to frontier (-2.89, 0.93), distance=0.61m
[INFO] [1788842201.181572136] [candidate_explorer]: Nav2 path to frontier is 0.63m (straight-line=0.61m, detour=1.0x)
[INFO] [1788842201.182505934] [candidate_explorer]: Global path accepted. Navigating to frontier (-2.89, 0.93)
[bt_navigator-7] [INFO] [1788842201.182915668] [bt_navigator]: Begin navigating from current location (-3.51, 0.99) to (-2.89, 0.93)
[controller_server-3] [INFO] [1788842201.205360718] [controller_server]: Received a goal, begin computing control effort.
[controller_server-3] [INFO] [1788842201.658327482] [controller_server]: Reached the goal!
[bt_navigator-7] [INFO] [1788842201.693192386] [bt_navigator]: Goal succeeded
[INFO] [1788842201.693679576] [candidate_explorer]: Frontier goal finished: success=True
[INFO] [1788842201.693902567] [candidate_explorer]: Reached frontier. Waiting for the map to expose new frontiers.
[INFO] [1788842201.906318534] [candidate_explorer]: Detected 10019 frontier cells
[INFO] [1788842201.914857079] [candidate_explorer]: Found 145 frontier clusters after filtering
[INFO] [1788842201.921365703] [candidate_explorer]: Selected frontier cluster: size=7306, goal=(-2.50, 1.14), distance=0.61
[INFO] [1788842201.922240794] [candidate_explorer]: Checking global path to frontier (-2.50, 1.14), distance=0.61m
[INFO] [1788842201.931054496] [candidate_explorer]: Nav2 path to frontier is 0.62m (straight-line=0.61m, detour=1.0x)
[INFO] [1788842201.932032250] [candidate_explorer]: Global path accepted. Navigating to frontier (-2.50, 1.14)
[bt_navigator-7] [INFO] [1788842201.932447984] [bt_navigator]: Begin navigating from current location (-3.09, 0.98) to (-2.50, 1.14)
[controller_server-3] [INFO] [1788842201.955069485] [controller_server]: Received a goal, begin computing control effort.
[controller_server-3] [INFO] [1788842202.457813828] [controller_server]: Reached the goal!
[bt_navigator-7] [INFO] [1788842202.493455369] [bt_navigator]: Goal succeeded
[INFO] [1788842202.495529622] [candidate_explorer]: Frontier goal finished: success=True
[INFO] [1788842202.495785612] [candidate_explorer]: Reached frontier. Waiting for the map to expose new frontiers.
[INFO] [1788842202.638373608] [candidate_explorer]: Detected 10019 frontier cells
[INFO] [1788842202.646907862] [candidate_explorer]: Found 145 frontier clusters after filtering
[INFO] [1788842202.653553438] [candidate_explorer]: Selected frontier cluster: size=7306, goal=(-3.24, 0.90), distance=0.61
[INFO] [1788842202.654466487] [candidate_explorer]: Checking global path to frontier (-3.24, 0.90), distance=0.61m
[INFO] [1788842202.663058072] [candidate_explorer]: Nav2 path to frontier is 0.62m (straight-line=0.61m, detour=1.0x)
[INFO] [1788842202.663976369] [candidate_explorer]: Global path accepted. Navigating to frontier (-3.24, 0.90)
[bt_navigator-7] [INFO] [1788842202.664420894] [bt_navigator]: Begin navigating from current location (-2.65, 1.06) to (-3.24, 0.90)
[controller_server-3] [INFO] [1788842202.687370716] [controller_server]: Received a goal, begin computing control effort.
[controller_server-3] [INFO] [1788842203.738983121] [controller_server]: Passing new path to controller.
[controller_server-3] [INFO] [1788842204.289448205] [controller_server]: Reached the goal!
[bt_navigator-7] [INFO] [1788842204.325220949] [bt_navigator]: Goal succeeded
[INFO] [1788842204.327277328] [candidate_explorer]: Frontier goal finished: success=True
[INFO] [1788842204.327540151] [candidate_explorer]: Reached frontier. Waiting for the map to expose new frontiers.
[INFO] [1788842204.407568978] [candidate_explorer]: Detected 10012 frontier cells
[INFO] [1788842204.416409387] [candidate_explorer]: Found 145 frontier clusters after filtering
[INFO] [1788842204.422701727] [candidate_explorer]: Selected frontier cluster: size=7299, goal=(-2.55, 1.12), distance=0.60
[INFO] [1788842204.423558486] [candidate_explorer]: Checking global path to frontier (-2.55, 1.12), distance=0.60m
[INFO] [1788842204.432388562] [candidate_explorer]: Nav2 path to frontier is 0.61m (straight-line=0.60m, detour=1.0x)
[INFO] [1788842204.433345900] [candidate_explorer]: Global path accepted. Navigating to frontier (-2.55, 1.12)
[bt_navigator-7] [INFO] [1788842204.433842464] [bt_navigator]: Begin navigating from current location (-3.15, 1.11) to (-2.55, 1.12)
[controller_server-3] [INFO] [1788842204.457264435] [controller_server]: Received a goal, begin computing control effort.
[controller_server-3] [INFO] [1788842205.507777007] [controller_server]: Passing new path to controller.
[controller_server-3] [INFO] [1788842205.809302825] [controller_server]: Reached the goal!
[bt_navigator-7] [INFO] [1788842205.847392855] [bt_navigator]: Goal succeeded
[INFO] [1788842205.849622186] [candidate_explorer]: Frontier goal finished: success=True
[INFO] [1788842205.849854843] [candidate_explorer]: Reached frontier. Waiting for the map to expose new frontiers.
[INFO] [1788842205.909914275] [candidate_explorer]: Detected 10011 frontier cells
[INFO] [1788842205.918487986] [candidate_explorer]: Found 145 frontier clusters after filtering
[INFO] [1788842205.924967944] [candidate_explorer]: Selected frontier cluster: size=15, goal=(-2.13, 1.14), distance=0.61
[INFO] [1788842205.925926240] [candidate_explorer]: Checking global path to frontier (-2.13, 1.14), distance=0.61m
[INFO] [1788842205.935509828] [candidate_explorer]: Nav2 path to frontier is 0.64m (straight-line=0.61m, detour=1.0x)
[INFO] [1788842205.936603745] [candidate_explorer]: Global path accepted. Navigating to frontier (-2.13, 1.14)
[bt_navigator-7] [INFO] [1788842205.937105267] [bt_navigator]: Begin navigating from current location (-2.72, 1.00) to (-2.13, 1.14)
[controller_server-3] [INFO] [1788842205.960362202] [controller_server]: Received a goal, begin computing control effort.
[controller_server-3] [INFO] [1788842206.413507043] [controller_server]: Reached the goal!
[bt_navigator-7] [INFO] [1788842206.450416035] [bt_navigator]: Goal succeeded
[INFO] [1788842206.450889892] [candidate_explorer]: Frontier goal finished: success=True
[INFO] [1788842206.451122341] [candidate_explorer]: Reached frontier. Waiting for the map to expose new frontiers.
[INFO] [1788842206.636001412] [candidate_explorer]: Detected 10011 frontier cells
[INFO] [1788842206.644553374] [candidate_explorer]: Found 145 frontier clusters after filtering
[INFO] [1788842206.651025041] [candidate_explorer]: Selected frontier cluster: size=7299, goal=(-2.92, 0.93), distance=0.61
[INFO] [1788842206.651874091] [candidate_explorer]: Checking global path to frontier (-2.92, 0.93), distance=0.61m
[INFO] [1788842206.660519549] [candidate_explorer]: Nav2 path to frontier is 0.62m (straight-line=0.61m, detour=1.0x)
[INFO] [1788842206.661477346] [candidate_explorer]: Global path accepted. Navigating to frontier (-2.92, 0.93)
[bt_navigator-7] [INFO] [1788842206.661839832] [bt_navigator]: Begin navigating from current location (-2.33, 1.09) to (-2.92, 0.93)
[controller_server-3] [INFO] [1788842206.685182306] [controller_server]: Received a goal, begin computing control effort.
[controller_server-3] [INFO] [1788842207.735987283] [controller_server]: Passing new path to controller.
[controller_server-3] [INFO] [1788842208.338024501] [controller_server]: Reached the goal!
[bt_navigator-7] [INFO] [1788842208.372174474] [bt_navigator]: Goal succeeded
[INFO] [1788842208.372584333] [candidate_explorer]: Frontier goal finished: success=True
[INFO] [1788842208.372824699] [candidate_explorer]: Reached frontier. Waiting for the map to expose new frontiers.
[INFO] [1788842208.656816903] [candidate_explorer]: Detected 10158 frontier cells
[INFO] [1788842208.665607189] [candidate_explorer]: Found 141 frontier clusters after filtering
[INFO] [1788842208.672223725] [candidate_explorer]: Selected frontier cluster: size=7480, goal=(-2.31, 1.23), distance=0.61
[INFO] [1788842208.673116565] [candidate_explorer]: Checking global path to frontier (-2.31, 1.23), distance=0.61m
[INFO] [1788842208.681919017] [candidate_explorer]: Nav2 path to frontier is 0.60m (straight-line=0.61m, detour=1.0x)
[INFO] [1788842208.682852940] [candidate_explorer]: Global path accepted. Navigating to frontier (-2.31, 1.23)
[bt_navigator-7] [INFO] [1788842208.683274257] [bt_navigator]: Begin navigating from current location (-2.74, 0.80) to (-2.31, 1.23)
[controller_server-3] [INFO] [1788842208.704348443] [controller_server]: Received a goal, begin computing control effort.
[controller_server-3] [INFO] [1788842209.756198922] [controller_server]: Passing new path to controller.
[controller_server-3] [INFO] [1788842210.210281476] [controller_server]: Reached the goal!
[bt_navigator-7] [INFO] [1788842210.243815015] [bt_navigator]: Goal succeeded
[INFO] [1788842210.246078636] [candidate_explorer]: Frontier goal finished: success=True
[INFO] [1788842210.246349959] [candidate_explorer]: Reached frontier. Waiting for the map to expose new frontiers.
[INFO] [1788842210.407665148] [candidate_explorer]: Detected 10158 frontier cells
[INFO] [1788842210.417383815] [candidate_explorer]: Found 141 frontier clusters after filtering
[INFO] [1788842210.423782901] [candidate_explorer]: Selected frontier cluster: size=7480, goal=(-2.86, 0.78), distance=0.60
[INFO] [1788842210.424645284] [candidate_explorer]: Checking global path to frontier (-2.86, 0.78), distance=0.60m
[INFO] [1788842210.434632566] [candidate_explorer]: Nav2 path to frontier is 0.61m (straight-line=0.60m, detour=1.0x)
[INFO] [1788842210.435670942] [candidate_explorer]: Global path accepted. Navigating to frontier (-2.86, 0.78)
[bt_navigator-7] [INFO] [1788842210.436222379] [bt_navigator]: Begin navigating from current location (-2.50, 1.26) to (-2.86, 0.78)
[controller_server-3] [INFO] [1788842210.459540562] [controller_server]: Received a goal, begin computing control effort.
[controller_server-3] [INFO] [1788842211.509885308] [controller_server]: Passing new path to controller.
[controller_server-3] [INFO] [1788842211.963501838] [controller_server]: Reached the goal!
[bt_navigator-7] [INFO] [1788842211.998005006] [bt_navigator]: Goal succeeded
[INFO] [1788842211.998491654] [candidate_explorer]: Frontier goal finished: success=True
[INFO] [1788842211.998705146] [candidate_explorer]: Reached frontier. Waiting for the map to expose new frontiers.
[INFO] [1788842212.157990372] [candidate_explorer]: Detected 10085 frontier cells
[INFO] [1788842212.166815990] [candidate_explorer]: Found 140 frontier clusters after filtering
[INFO] [1788842212.173250325] [candidate_explorer]: Selected frontier cluster: size=7421, goal=(-2.17, 1.17), distance=0.60
[INFO] [1788842212.174122874] [candidate_explorer]: Checking global path to frontier (-2.17, 1.17), distance=0.60m
[INFO] [1788842212.183235439] [candidate_explorer]: Nav2 path to frontier is 0.61m (straight-line=0.60m, detour=1.0x)
[INFO] [1788842212.184150946] [candidate_explorer]: Global path accepted. Navigating to frontier (-2.17, 1.17)
[bt_navigator-7] [INFO] [1788842212.184653343] [bt_navigator]: Begin navigating from current location (-2.66, 0.81) to (-2.17, 1.17)
[controller_server-3] [INFO] [1788842212.205473789] [controller_server]: Received a goal, begin computing control effort.
[controller_server-3] [INFO] [1788842213.256367763] [controller_server]: Passing new path to controller.
[controller_server-3] [INFO] [1788842213.712315412] [controller_server]: Reached the goal!
[bt_navigator-7] [INFO] [1788842213.746982657] [bt_navigator]: Goal succeeded
[INFO] [1788842213.749155948] [candidate_explorer]: Frontier goal finished: success=True
[INFO] [1788842213.749414314] [candidate_explorer]: Reached frontier. Waiting for the map to expose new frontiers.
[INFO] [1788842213.907985901] [candidate_explorer]: Detected 9999 frontier cells
[INFO] [1788842213.916495155] [candidate_explorer]: Found 137 frontier clusters after filtering
[INFO] [1788842213.922823994] [candidate_explorer]: Selected frontier cluster: size=7398, goal=(-2.77, 0.81), distance=0.60
[INFO] [1788842213.923740501] [candidate_explorer]: Checking global path to frontier (-2.77, 0.81), distance=0.60m
[INFO] [1788842213.932910105] [candidate_explorer]: Nav2 path to frontier is 0.61m (straight-line=0.60m, detour=1.0x)
[INFO] [1788842213.933914275] [candidate_explorer]: Global path accepted. Navigating to frontier (-2.77, 0.81)
[bt_navigator-7] [INFO] [1788842213.934361924] [bt_navigator]: Begin navigating from current location (-2.20, 0.99) to (-2.77, 0.81)
[controller_server-3] [INFO] [1788842213.957171085] [controller_server]: Received a goal, begin computing control effort.
[controller_server-3] [INFO] [1788842215.009354676] [controller_server]: Passing new path to controller.
[controller_server-3] [INFO] [1788842215.413323915] [controller_server]: Reached the goal!
[bt_navigator-7] [INFO] [1788842215.445028524] [bt_navigator]: Goal succeeded
[INFO] [1788842215.447225773] [candidate_explorer]: Frontier goal finished: success=True
[INFO] [1788842215.447512054] [candidate_explorer]: Reached frontier. Waiting for the map to expose new frontiers.
[INFO] [1788842215.639488018] [candidate_explorer]: Detected 9999 frontier cells
[INFO] [1788842215.647996523] [candidate_explorer]: Found 137 frontier clusters after filtering
[INFO] [1788842215.654606309] [candidate_explorer]: Selected frontier cluster: size=7398, goal=(-3.27, 0.87), distance=0.61
[INFO] [1788842215.655490067] [candidate_explorer]: Checking global path to frontier (-3.27, 0.87), distance=0.61m
[INFO] [1788842215.664553800] [candidate_explorer]: Nav2 path to frontier is 0.63m (straight-line=0.61m, detour=1.0x)
[INFO] [1788842215.665496264] [candidate_explorer]: Global path accepted. Navigating to frontier (-3.27, 0.87)
[bt_navigator-7] [INFO] [1788842215.665937038] [bt_navigator]: Begin navigating from current location (-2.67, 0.97) to (-3.27, 0.87)
[controller_server-3] [INFO] [1788842215.689262221] [controller_server]: Received a goal, begin computing control effort.
[controller_server-3] [INFO] [1788842216.145412529] [controller_server]: Reached the goal!
[bt_navigator-7] [INFO] [1788842216.176359585] [bt_navigator]: Goal succeeded
[INFO] [1788842216.178580290] [candidate_explorer]: Frontier goal finished: success=True
[INFO] [1788842216.178810198] [candidate_explorer]: Reached frontier. Waiting for the map to expose new frontiers.
[INFO] [1788842216.409361340] [candidate_explorer]: Detected 9999 frontier cells
[INFO] [1788842216.418033964] [candidate_explorer]: Found 137 frontier clusters after filtering
[INFO] [1788842216.424360261] [candidate_explorer]: Selected frontier cluster: size=7398, goal=(-2.46, 1.00), distance=0.60
[INFO] [1788842216.425199395] [candidate_explorer]: Checking global path to frontier (-2.46, 1.00), distance=0.60m
[INFO] [1788842216.434376041] [candidate_explorer]: Nav2 path to frontier is 0.62m (straight-line=0.60m, detour=1.0x)
[INFO] [1788842216.435383419] [candidate_explorer]: Global path accepted. Navigating to frontier (-2.46, 1.00)
[bt_navigator-7] [INFO] [1788842216.435827985] [bt_navigator]: Begin navigating from current location (-3.05, 0.86) to (-2.46, 1.00)
[controller_server-3] [INFO] [1788842216.456773926] [controller_server]: Received a goal, begin computing control effort.
[controller_server-3] [INFO] [1788842217.510241801] [controller_server]: Passing new path to controller.
[controller_server-3] [INFO] [1788842218.112337142] [controller_server]: Reached the goal!
[bt_navigator-7] [INFO] [1788842218.146165961] [bt_navigator]: Goal succeeded
[INFO] [1788842218.148461539] [candidate_explorer]: Frontier goal finished: success=True
[INFO] [1788842218.148750903] [candidate_explorer]: Reached frontier. Waiting for the map to expose new frontiers.
[INFO] [1788842218.415158410] [candidate_explorer]: Detected 9995 frontier cells
[INFO] [1788842218.423823409] [candidate_explorer]: Found 137 frontier clusters after filtering
[INFO] [1788842218.432217043] [candidate_explorer]: Selected frontier cluster: size=7398, goal=(-3.16, 0.82), distance=0.60
[INFO] [1788842218.434049264] [candidate_explorer]: Checking global path to frontier (-3.16, 0.82), distance=0.60m
[INFO] [1788842218.445390701] [candidate_explorer]: Nav2 path to frontier is 0.60m (straight-line=0.60m, detour=1.0x)
[INFO] [1788842218.446434120] [candidate_explorer]: Global path accepted. Navigating to frontier (-3.16, 0.82)
[bt_navigator-7] [INFO] [1788842218.447034721] [bt_navigator]: Begin navigating from current location (-2.63, 1.11) to (-3.16, 0.82)
[controller_server-3] [INFO] [1788842218.469608100] [controller_server]: Received a goal, begin computing control effort.
[controller_server-3] [INFO] [1788842219.521026012] [controller_server]: Passing new path to controller.
[controller_server-3] [INFO] [1788842220.024542075] [controller_server]: Reached the goal!
[bt_navigator-7] [INFO] [1788842220.059739716] [bt_navigator]: Goal succeeded
[INFO] [1788842220.060132534] [candidate_explorer]: Frontier goal finished: success=True
[INFO] [1788842220.060345693] [candidate_explorer]: Reached frontier. Waiting for the map to expose new frontiers.
[INFO] [1788842220.161293338] [candidate_explorer]: Detected 10016 frontier cells
[INFO] [1788842220.169927504] [candidate_explorer]: Found 139 frontier clusters after filtering
[INFO] [1788842220.176467460] [candidate_explorer]: Selected frontier cluster: size=7388, goal=(-3.55, 0.64), distance=0.60
[INFO] [1788842220.177367800] [candidate_explorer]: Checking global path to frontier (-3.55, 0.64), distance=0.60m
[INFO] [1788842220.186576320] [candidate_explorer]: Nav2 path to frontier is 0.61m (straight-line=0.60m, detour=1.0x)
[INFO] [1788842220.187505534] [candidate_explorer]: Global path accepted. Navigating to frontier (-3.55, 0.64)
[bt_navigator-7] [INFO] [1788842220.187894977] [bt_navigator]: Begin navigating from current location (-2.96, 0.75) to (-3.55, 0.64)
[controller_server-3] [INFO] [1788842220.212041837] [controller_server]: Received a goal, begin computing control effort.
[controller_server-3] [INFO] [1788842220.664934645] [controller_server]: Reached the goal!
[bt_navigator-7] [INFO] [1788842220.699420773] [bt_navigator]: Goal succeeded
[INFO] [1788842220.701607271] [candidate_explorer]: Frontier goal finished: success=True
[INFO] [1788842220.701858595] [candidate_explorer]: Reached frontier. Waiting for the map to expose new frontiers.
[INFO] [1788842220.888125155] [candidate_explorer]: Detected 10016 frontier cells
[INFO] [1788842220.896694282] [candidate_explorer]: Found 139 frontier clusters after filtering
[INFO] [1788842220.903265529] [candidate_explorer]: Selected frontier cluster: size=7388, goal=(-3.94, 0.54), distance=0.60
[INFO] [1788842220.904097121] [candidate_explorer]: Checking global path to frontier (-3.94, 0.54), distance=0.60m
[INFO] [1788842220.913416428] [candidate_explorer]: Nav2 path to frontier is 0.62m (straight-line=0.60m, detour=1.0x)
[INFO] [1788842220.914370433] [candidate_explorer]: Global path accepted. Navigating to frontier (-3.94, 0.54)
[bt_navigator-7] [INFO] [1788842220.914809291] [bt_navigator]: Begin navigating from current location (-3.36, 0.67) to (-3.94, 0.54)
[controller_server-3] [INFO] [1788842220.937222884] [controller_server]: Received a goal, begin computing control effort.
[controller_server-3] [INFO] [1788842221.390656797] [controller_server]: Reached the goal!
[bt_navigator-7] [INFO] [1788842221.425551450] [bt_navigator]: Goal succeeded
[INFO] [1788842221.427863236] [candidate_explorer]: Frontier goal finished: success=True
[INFO] [1788842221.428140850] [candidate_explorer]: Reached frontier. Waiting for the map to expose new frontiers.
[INFO] [1788842221.637216362] [candidate_explorer]: Detected 10016 frontier cells
[INFO] [1788842221.645596081] [candidate_explorer]: Found 139 frontier clusters after filtering
[INFO] [1788842221.652129537] [candidate_explorer]: Selected frontier cluster: size=7388, goal=(-4.20, 0.22), distance=0.61
[INFO] [1788842221.653073292] [candidate_explorer]: Checking global path to frontier (-4.20, 0.22), distance=0.61m
[INFO] [1788842221.662604174] [candidate_explorer]: Nav2 path to frontier is 0.61m (straight-line=0.61m, detour=1.0x)
[INFO] [1788842221.663564137] [candidate_explorer]: Global path accepted. Navigating to frontier (-4.20, 0.22)
[bt_navigator-7] [INFO] [1788842221.664057618] [bt_navigator]: Begin navigating from current location (-3.73, 0.61) to (-4.20, 0.22)
[controller_server-3] [INFO] [1788842221.685661576] [controller_server]: Received a goal, begin computing control effort.
[controller_server-3] [INFO] [1788842222.189499709] [controller_server]: Reached the goal!
[bt_navigator-7] [INFO] [1788842222.224463610] [bt_navigator]: Goal succeeded
[INFO] [1788842222.226754980] [candidate_explorer]: Frontier goal finished: success=True
[INFO] [1788842222.226984429] [candidate_explorer]: Reached frontier. Waiting for the map to expose new frontiers.
[INFO] [1788842222.411035366] [candidate_explorer]: Detected 9939 frontier cells
[INFO] [1788842222.419480456] [candidate_explorer]: Found 138 frontier clusters after filtering
[INFO] [1788842222.425734715] [candidate_explorer]: Selected frontier cluster: size=7320, goal=(-4.63, 0.15), distance=0.61
[INFO] [1788842222.426652638] [candidate_explorer]: Checking global path to frontier (-4.63, 0.15), distance=0.61m
[INFO] [1788842222.435829242] [candidate_explorer]: Nav2 path to frontier is 0.61m (straight-line=0.61m, detour=1.0x)
[INFO] [1788842222.436847661] [candidate_explorer]: Global path accepted. Navigating to frontier (-4.63, 0.15)
[bt_navigator-7] [INFO] [1788842222.437462554] [bt_navigator]: Begin navigating from current location (-4.08, 0.41) to (-4.63, 0.15)
[controller_server-3] [INFO] [1788842222.458187212] [controller_server]: Received a goal, begin computing control effort.
[controller_server-3] [INFO] [1788842222.962103218] [controller_server]: Reached the goal!
[bt_navigator-7] [INFO] [1788842222.999276908] [bt_navigator]: Goal succeeded
[INFO] [1788842223.001565403] [candidate_explorer]: Frontier goal finished: success=True
[INFO] [1788842223.001832684] [candidate_explorer]: Reached frontier. Waiting for the map to expose new frontiers.
[INFO] [1788842223.142359468] [candidate_explorer]: Detected 9939 frontier cells
[INFO] [1788842223.152090967] [candidate_explorer]: Found 138 frontier clusters after filtering
[INFO] [1788842223.158872997] [candidate_explorer]: Selected frontier cluster: size=7320, goal=(-3.91, 0.48), distance=0.60
[INFO] [1788842223.159792753] [candidate_explorer]: Checking global path to frontier (-3.91, 0.48), distance=0.60m
[INFO] [1788842223.169260638] [candidate_explorer]: Nav2 path to frontier is 0.60m (straight-line=0.60m, detour=1.0x)
[INFO] [1788842223.170241350] [candidate_explorer]: Global path accepted. Navigating to frontier (-3.91, 0.48)
[bt_navigator-7] [INFO] [1788842223.170714665] [bt_navigator]: Begin navigating from current location (-4.44, 0.18) to (-3.91, 0.48)
[controller_server-3] [INFO] [1788842223.192357663] [controller_server]: Received a goal, begin computing control effort.
[controller_server-3] [INFO] [1788842224.243529959] [controller_server]: Passing new path to controller.
[controller_server-3] [INFO] [1788842224.945121168] [controller_server]: Reached the goal!
[bt_navigator-7] [INFO] [1788842224.974112007] [bt_navigator]: Goal succeeded
[INFO] [1788842224.976442125] [candidate_explorer]: Frontier goal finished: success=True
[INFO] [1788842224.976749697] [candidate_explorer]: Reached frontier. Waiting for the map to expose new frontiers.
[INFO] [1788842225.159019494] [candidate_explorer]: Detected 9930 frontier cells
[INFO] [1788842225.168215472] [candidate_explorer]: Found 138 frontier clusters after filtering
[INFO] [1788842225.174662182] [candidate_explorer]: Selected frontier cluster: size=7312, goal=(-3.52, 0.63), distance=0.61
[INFO] [1788842225.175476192] [candidate_explorer]: Checking global path to frontier (-3.52, 0.63), distance=0.61m
[INFO] [1788842225.184815915] [candidate_explorer]: Nav2 path to frontier is 0.62m (straight-line=0.61m, detour=1.0x)
[INFO] [1788842225.185786794] [candidate_explorer]: Global path accepted. Navigating to frontier (-3.52, 0.63)
[bt_navigator-7] [INFO] [1788842225.186247609] [bt_navigator]: Begin navigating from current location (-4.13, 0.56) to (-3.52, 0.63)
[controller_server-3] [INFO] [1788842225.209214806] [controller_server]: Received a goal, begin computing control effort.
[controller_server-3] [INFO] [1788842225.664969796] [controller_server]: Reached the goal!
[bt_navigator-7] [INFO] [1788842225.697174719] [bt_navigator]: Goal succeeded
[INFO] [1788842225.697647451] [candidate_explorer]: Frontier goal finished: success=True
[INFO] [1788842225.697910774] [candidate_explorer]: Reached frontier. Waiting for the map to expose new frontiers.
[INFO] [1788842225.908558684] [candidate_explorer]: Detected 9930 frontier cells
[INFO] [1788842225.917041857] [candidate_explorer]: Found 138 frontier clusters after filtering
[INFO] [1788842225.923296865] [candidate_explorer]: Selected frontier cluster: size=7312, goal=(-3.12, 0.69), distance=0.61
[INFO] [1788842225.924167248] [candidate_explorer]: Checking global path to frontier (-3.12, 0.69), distance=0.61m
[INFO] [1788842225.933744004] [candidate_explorer]: Nav2 path to frontier is 0.63m (straight-line=0.61m, detour=1.0x)
[INFO] [1788842225.934680218] [candidate_explorer]: Global path accepted. Navigating to frontier (-3.12, 0.69)
[bt_navigator-7] [INFO] [1788842225.935100160] [bt_navigator]: Begin navigating from current location (-3.73, 0.62) to (-3.12, 0.69)
[controller_server-3] [INFO] [1788842225.957299261] [controller_server]: Received a goal, begin computing control effort.
[controller_server-3] [INFO] [1788842226.411951127] [controller_server]: Reached the goal!
[bt_navigator-7] [INFO] [1788842226.445300631] [bt_navigator]: Goal succeeded
[INFO] [1788842226.447808284] [candidate_explorer]: Frontier goal finished: success=True
[INFO] [1788842226.448080232] [candidate_explorer]: Reached frontier. Waiting for the map to expose new frontiers.
[INFO] [1788842226.638644834] [candidate_explorer]: Detected 9930 frontier cells
[INFO] [1788842226.646889433] [candidate_explorer]: Found 138 frontier clusters after filtering
[INFO] [1788842226.653504719] [candidate_explorer]: Selected frontier cluster: size=7312, goal=(-3.88, 0.48), distance=0.60
[INFO] [1788842226.654429975] [candidate_explorer]: Checking global path to frontier (-3.88, 0.48), distance=0.60m
[INFO] [1788842226.663871444] [candidate_explorer]: Nav2 path to frontier is 0.60m (straight-line=0.60m, detour=1.0x)
[INFO] [1788842226.664788867] [candidate_explorer]: Global path accepted. Navigating to frontier (-3.88, 0.48)
[bt_navigator-7] [INFO] [1788842226.665207517] [bt_navigator]: Begin navigating from current location (-3.32, 0.67) to (-3.88, 0.48)
[controller_server-3] [INFO] [1788842226.687410910] [controller_server]: Received a goal, begin computing control effort.
[controller_server-3] [INFO] [1788842227.738044644] [controller_server]: Passing new path to controller.
[controller_server-3] [INFO] [1788842228.190584091] [controller_server]: Reached the goal!
[bt_navigator-7] [INFO] [1788842228.225447037] [bt_navigator]: Goal succeeded
[INFO] [1788842228.227576580] [candidate_explorer]: Frontier goal finished: success=True
[INFO] [1788842228.227823695] [candidate_explorer]: Reached frontier. Waiting for the map to expose new frontiers.
[INFO] [1788842228.409500515] [candidate_explorer]: Detected 9942 frontier cells
[INFO] [1788842228.418078309] [candidate_explorer]: Found 138 frontier clusters after filtering
[INFO] [1788842228.424299278] [candidate_explorer]: Selected frontier cluster: size=7337, goal=(-4.26, 0.21), distance=0.60
[INFO] [1788842228.425180285] [candidate_explorer]: Checking global path to frontier (-4.26, 0.21), distance=0.60m
[INFO] [1788842228.434677377] [candidate_explorer]: Nav2 path to frontier is 0.61m (straight-line=0.60m, detour=1.0x)
[INFO] [1788842228.435611091] [candidate_explorer]: Global path accepted. Navigating to frontier (-4.26, 0.21)
[bt_navigator-7] [INFO] [1788842228.436202818] [bt_navigator]: Begin navigating from current location (-3.68, 0.37) to (-4.26, 0.21)
[controller_server-3] [INFO] [1788842228.457653532] [controller_server]: Received a goal, begin computing control effort.
[controller_server-3] [INFO] [1788842228.910303058] [controller_server]: Reached the goal!
[bt_navigator-7] [INFO] [1788842228.936527587] [bt_navigator]: Goal succeeded
[INFO] [1788842228.936951113] [candidate_explorer]: Frontier goal finished: success=True
[INFO] [1788842228.937216311] [candidate_explorer]: Reached frontier. Waiting for the map to expose new frontiers.
[INFO] [1788842229.136415121] [candidate_explorer]: Detected 9942 frontier cells
[INFO] [1788842229.144814338] [candidate_explorer]: Found 138 frontier clusters after filtering
[INFO] [1788842229.151286380] [candidate_explorer]: Selected frontier cluster: size=7337, goal=(-4.65, 0.10), distance=0.61
[INFO] [1788842229.152177554] [candidate_explorer]: Checking global path to frontier (-4.65, 0.10), distance=0.61m
[INFO] [1788842229.161537318] [candidate_explorer]: Nav2 path to frontier is 0.63m (straight-line=0.61m, detour=1.0x)
[INFO] [1788842229.162540696] [candidate_explorer]: Global path accepted. Navigating to frontier (-4.65, 0.10)
[bt_navigator-7] [INFO] [1788842229.162990054] [bt_navigator]: Begin navigating from current location (-4.06, 0.28) to (-4.65, 0.10)
[controller_server-3] [INFO] [1788842229.184320938] [controller_server]: Received a goal, begin computing control effort.
[controller_server-3] [INFO] [1788842229.639107924] [controller_server]: Reached the goal!
[bt_navigator-7] [INFO] [1788842229.673739254] [bt_navigator]: Goal succeeded
[INFO] [1788842229.674132155] [candidate_explorer]: Frontier goal finished: success=True
[INFO] [1788842229.674349730] [candidate_explorer]: Reached frontier. Waiting for the map to expose new frontiers.
[INFO] [1788842229.909406823] [candidate_explorer]: Detected 9895 frontier cells
[INFO] [1788842229.917892037] [candidate_explorer]: Found 138 frontier clusters after filtering
[INFO] [1788842229.924177878] [candidate_explorer]: Selected frontier cluster: size=7291, goal=(-3.85, 0.31), distance=0.61
[INFO] [1788842229.925034470] [candidate_explorer]: Checking global path to frontier (-3.85, 0.31), distance=0.61m
[INFO] [1788842229.934734220] [candidate_explorer]: Nav2 path to frontier is 0.62m (straight-line=0.61m, detour=1.0x)
[INFO] [1788842229.935706058] [candidate_explorer]: Global path accepted. Navigating to frontier (-3.85, 0.31)
[bt_navigator-7] [INFO] [1788842229.936137666] [bt_navigator]: Begin navigating from current location (-4.45, 0.18) to (-3.85, 0.31)
[controller_server-3] [INFO] [1788842229.957608587] [controller_server]: Received a goal, begin computing control effort.
[controller_server-3] [INFO] [1788842231.008267737] [controller_server]: Passing new path to controller.
[controller_server-3] [INFO] [1788842231.611569864] [controller_server]: Reached the goal!
[bt_navigator-7] [INFO] [1788842231.646421352] [bt_navigator]: Goal succeeded
[INFO] [1788842231.648749887] [candidate_explorer]: Frontier goal finished: success=True
[INFO] [1788842231.649015711] [candidate_explorer]: Reached frontier. Waiting for the map to expose new frontiers.
[INFO] [1788842231.907713349] [candidate_explorer]: Detected 9895 frontier cells
[INFO] [1788842231.916241103] [candidate_explorer]: Found 138 frontier clusters after filtering
[INFO] [1788842231.922519027] [candidate_explorer]: Selected frontier cluster: size=15, goal=(-3.15, 0.81), distance=0.95
[INFO] [1788842231.923517031] [candidate_explorer]: Checking global path to frontier (-3.15, 0.81), distance=0.95m
[INFO] [1788842231.934278324] [candidate_explorer]: Nav2 path to frontier is 0.95m (straight-line=0.95m, detour=1.0x)
[INFO] [1788842231.935632813] [candidate_explorer]: Global path accepted. Navigating to frontier (-3.15, 0.81)
[bt_navigator-7] [INFO] [1788842231.936163626] [bt_navigator]: Begin navigating from current location (-4.02, 0.43) to (-3.15, 0.81)
[controller_server-3] [INFO] [1788842231.959226944] [controller_server]: Received a goal, begin computing control effort.
[controller_server-3] [INFO] [1788842232.713373501] [controller_server]: Reached the goal!
[bt_navigator-7] [INFO] [1788842232.746858631] [bt_navigator]: Goal succeeded
[INFO] [1788842232.749117026] [candidate_explorer]: Frontier goal finished: success=True
[INFO] [1788842232.749333069] [candidate_explorer]: Reached frontier. Waiting for the map to expose new frontiers.
[INFO] [1788842232.888373135] [candidate_explorer]: Detected 9895 frontier cells
[INFO] [1788842232.896835293] [candidate_explorer]: Found 138 frontier clusters after filtering
[INFO] [1788842232.903460643] [candidate_explorer]: Selected frontier cluster: size=7291, goal=(-2.73, 0.78), distance=0.60
[INFO] [1788842232.904450902] [candidate_explorer]: Checking global path to frontier (-2.73, 0.78), distance=0.60m
[INFO] [1788842232.914008278] [candidate_explorer]: Nav2 path to frontier is 0.61m (straight-line=0.60m, detour=1.0x)
[INFO] [1788842232.914876119] [candidate_explorer]: Global path accepted. Navigating to frontier (-2.73, 0.78)
[bt_navigator-7] [INFO] [1788842232.915272498] [bt_navigator]: Begin navigating from current location (-3.33, 0.70) to (-2.73, 0.78)
[controller_server-3] [INFO] [1788842232.936286309] [controller_server]: Received a goal, begin computing control effort.
[controller_server-3] [INFO] [1788842233.389424491] [controller_server]: Reached the goal!
[bt_navigator-7] [INFO] [1788842233.425616020] [bt_navigator]: Goal succeeded
[INFO] [1788842233.428052458] [candidate_explorer]: Frontier goal finished: success=True
[INFO] [1788842233.428264585] [candidate_explorer]: Reached frontier. Waiting for the map to expose new frontiers.
[INFO] [1788842233.636883558] [candidate_explorer]: Detected 9895 frontier cells
[INFO] [1788842233.645149465] [candidate_explorer]: Found 138 frontier clusters after filtering
[INFO] [1788842233.651648314] [candidate_explorer]: Selected frontier cluster: size=7291, goal=(-2.37, 1.00), distance=0.60
[INFO] [1788842233.652522114] [candidate_explorer]: Checking global path to frontier (-2.37, 1.00), distance=0.60m
[INFO] [1788842233.662092198] [candidate_explorer]: Nav2 path to frontier is 0.60m (straight-line=0.60m, detour=1.0x)
[INFO] [1788842233.663101416] [candidate_explorer]: Global path accepted. Navigating to frontier (-2.37, 1.00)
[bt_navigator-7] [INFO] [1788842233.663663504] [bt_navigator]: Begin navigating from current location (-2.94, 0.81) to (-2.37, 1.00)
[controller_server-3] [INFO] [1788842233.685399655] [controller_server]: Received a goal, begin computing control effort.
[controller_server-3] [INFO] [1788842234.190371004] [controller_server]: Reached the goal!
[bt_navigator-7] [INFO] [1788842234.225323272] [bt_navigator]: Goal succeeded
[INFO] [1788842234.227572792] [candidate_explorer]: Frontier goal finished: success=True
[INFO] [1788842234.227779336] [candidate_explorer]: Reached frontier. Waiting for the map to expose new frontiers.
[INFO] [1788842234.409092817] [candidate_explorer]: Detected 9880 frontier cells
[INFO] [1788842234.417538767] [candidate_explorer]: Found 137 frontier clusters after filtering
[INFO] [1788842234.423792364] [candidate_explorer]: Selected frontier cluster: size=7291, goal=(-3.12, 0.69), distance=0.60
[INFO] [1788842234.424699872] [candidate_explorer]: Checking global path to frontier (-3.12, 0.69), distance=0.60m
[INFO] [1788842234.434733586] [candidate_explorer]: Nav2 path to frontier is 0.60m (straight-line=0.60m, detour=1.0x)
[INFO] [1788842234.435674178] [candidate_explorer]: Global path accepted. Navigating to frontier (-3.12, 0.69)
[bt_navigator-7] [INFO] [1788842234.436189932] [bt_navigator]: Begin navigating from current location (-2.55, 0.89) to (-3.12, 0.69)
[controller_server-3] [INFO] [1788842234.459511847] [controller_server]: Received a goal, begin computing control effort.
[controller_server-3] [INFO] [1788842235.511638419] [controller_server]: Passing new path to controller.
[controller_server-3] [INFO] [1788842235.961845950] [controller_server]: Reached the goal!
[bt_navigator-7] [INFO] [1788842235.998079188] [bt_navigator]: Goal succeeded
[INFO] [1788842235.998527775] [candidate_explorer]: Frontier goal finished: success=True
[INFO] [1788842235.998748486] [candidate_explorer]: Reached frontier. Waiting for the map to expose new frontiers.
[INFO] [1788842236.159992164] [candidate_explorer]: Detected 9880 frontier cells
[INFO] [1788842236.168427031] [candidate_explorer]: Found 137 frontier clusters after filtering
[INFO] [1788842236.174880546] [candidate_explorer]: Selected frontier cluster: size=7291, goal=(-3.42, 0.42), distance=0.60
[INFO] [1788842236.175819554] [candidate_explorer]: Checking global path to frontier (-3.42, 0.42), distance=0.60m
[INFO] [1788842236.185202846] [candidate_explorer]: Nav2 path to frontier is 0.61m (straight-line=0.60m, detour=1.0x)
[INFO] [1788842236.186118646] [candidate_explorer]: Global path accepted. Navigating to frontier (-3.42, 0.42)
[bt_navigator-7] [INFO] [1788842236.186557733] [bt_navigator]: Begin navigating from current location (-3.01, 0.86) to (-3.42, 0.42)
[controller_server-3] [INFO] [1788842236.209120016] [controller_server]: Received a goal, begin computing control effort.
[controller_server-3] [INFO] [1788842236.664109589] [controller_server]: Reached the goal!
[bt_navigator-7] [INFO] [1788842236.697094923] [bt_navigator]: Goal succeeded
[INFO] [1788842236.699335651] [candidate_explorer]: Frontier goal finished: success=True
[INFO] [1788842236.699568570] [candidate_explorer]: Reached frontier. Waiting for the map to expose new frontiers.
[INFO] [1788842236.889516711] [candidate_explorer]: Detected 9880 frontier cells
[INFO] [1788842236.897964703] [candidate_explorer]: Found 137 frontier clusters after filtering
[INFO] [1788842236.904468677] [candidate_explorer]: Selected frontier cluster: size=7291, goal=(-3.84, 0.31), distance=0.60
[INFO] [1788842236.905359352] [candidate_explorer]: Checking global path to frontier (-3.84, 0.31), distance=0.60m
[INFO] [1788842236.915064938] [candidate_explorer]: Nav2 path to frontier is 0.60m (straight-line=0.60m, detour=1.0x)
[INFO] [1788842236.915968571] [candidate_explorer]: Global path accepted. Navigating to frontier (-3.84, 0.31)
[bt_navigator-7] [INFO] [1788842236.916383950] [bt_navigator]: Begin navigating from current location (-3.31, 0.59) to (-3.84, 0.31)
[controller_server-3] [INFO] [1788842236.937447844] [controller_server]: Received a goal, begin computing control effort.
[controller_server-3] [INFO] [1788842237.393102215] [controller_server]: Reached the goal!
[bt_navigator-7] [INFO] [1788842237.428993783] [bt_navigator]: Goal succeeded
[INFO] [1788842237.431263512] [candidate_explorer]: Frontier goal finished: success=True
[INFO] [1788842237.431475430] [candidate_explorer]: Reached frontier. Waiting for the map to expose new frontiers.
[INFO] [1788842237.638161303] [candidate_explorer]: Detected 9880 frontier cells
[INFO] [1788842237.646492752] [candidate_explorer]: Found 137 frontier clusters after filtering
[INFO] [1788842237.652994935] [candidate_explorer]: Selected frontier cluster: size=7291, goal=(-4.20, 0.22), distance=0.60
[INFO] [1788842237.653888692] [candidate_explorer]: Checking global path to frontier (-4.20, 0.22), distance=0.60m
[INFO] [1788842237.663669529] [candidate_explorer]: Nav2 path to frontier is 0.60m (straight-line=0.60m, detour=1.0x)
[INFO] [1788842237.664658705] [candidate_explorer]: Global path accepted. Navigating to frontier (-4.20, 0.22)
[bt_navigator-7] [INFO] [1788842237.665132084] [bt_navigator]: Begin navigating from current location (-3.61, 0.36) to (-4.20, 0.22)
[controller_server-3] [INFO] [1788842237.686582399] [controller_server]: Received a goal, begin computing control effort.
[controller_server-3] [INFO] [1788842238.139241076] [controller_server]: Reached the goal!
[bt_navigator-7] [INFO] [1788842238.175413438] [bt_navigator]: Goal succeeded
[INFO] [1788842238.177805335] [candidate_explorer]: Frontier goal finished: success=True
[INFO] [1788842238.178063170] [candidate_explorer]: Reached frontier. Waiting for the map to expose new frontiers.
[INFO] [1788842238.410093643] [candidate_explorer]: Detected 9880 frontier cells
[INFO] [1788842238.418682511] [candidate_explorer]: Found 137 frontier clusters after filtering
[INFO] [1788842238.425195360] [candidate_explorer]: Selected frontier cluster: size=7291, goal=(-4.57, 0.13), distance=0.61
[INFO] [1788842238.426425454] [candidate_explorer]: Checking global path to frontier (-4.57, 0.13), distance=0.61m
[INFO] [1788842238.436181457] [candidate_explorer]: Nav2 path to frontier is 0.61m (straight-line=0.61m, detour=1.0x)
[INFO] [1788842238.437121132] [candidate_explorer]: Global path accepted. Navigating to frontier (-4.57, 0.13)
[bt_navigator-7] [INFO] [1788842238.437547928] [bt_navigator]: Begin navigating from current location (-3.98, 0.26) to (-4.57, 0.13)
[controller_server-3] [INFO] [1788842238.458378904] [controller_server]: Received a goal, begin computing control effort.
[controller_server-3] [INFO] [1788842238.912951432] [controller_server]: Reached the goal!
[bt_navigator-7] [INFO] [1788842238.950345221] [bt_navigator]: Goal succeeded
[INFO] [1788842238.952914036] [candidate_explorer]: Frontier goal finished: success=True
[INFO] [1788842238.953173455] [candidate_explorer]: Reached frontier. Waiting for the map to expose new frontiers.
[INFO] [1788842239.138011176] [candidate_explorer]: Detected 9880 frontier cells
[INFO] [1788842239.146438750] [candidate_explorer]: Found 137 frontier clusters after filtering
[INFO] [1788842239.152957183] [candidate_explorer]: Selected frontier cluster: size=7291, goal=(-4.95, -0.03), distance=0.60
[INFO] [1788842239.153885066] [candidate_explorer]: Checking global path to frontier (-4.95, -0.03), distance=0.60m
[INFO] [1788842239.163468068] [candidate_explorer]: Nav2 path to frontier is 0.61m (straight-line=0.60m, detour=1.0x)
[INFO] [1788842239.164523744] [candidate_explorer]: Global path accepted. Navigating to frontier (-4.95, -0.03)
[bt_navigator-7] [INFO] [1788842239.165007457] [bt_navigator]: Begin navigating from current location (-4.39, 0.19) to (-4.95, -0.03)
[controller_server-3] [INFO] [1788842239.188203871] [controller_server]: Received a goal, begin computing control effort.
[controller_server-3] [INFO] [1788842239.648232322] [controller_server]: Reached the goal!
[bt_navigator-7] [INFO] [1788842239.686924748] [bt_navigator]: Goal succeeded
[INFO] [1788842239.687415419] [candidate_explorer]: Frontier goal finished: success=True
[INFO] [1788842239.687630462] [candidate_explorer]: Reached frontier. Waiting for the map to expose new frontiers.
[INFO] [1788842239.909113091] [candidate_explorer]: Detected 9868 frontier cells
[INFO] [1788842239.917594542] [candidate_explorer]: Found 137 frontier clusters after filtering
[INFO] [1788842239.923817513] [candidate_explorer]: Selected frontier cluster: size=7279, goal=(-4.17, 0.22), distance=0.61
[INFO] [1788842239.924611812] [candidate_explorer]: Checking global path to frontier (-4.17, 0.22), distance=0.61m
[INFO] [1788842239.934681318] [candidate_explorer]: Nav2 path to frontier is 0.62m (straight-line=0.61m, detour=1.0x)
[INFO] [1788842239.935652243] [candidate_explorer]: Global path accepted. Navigating to frontier (-4.17, 0.22)
[bt_navigator-7] [INFO] [1788842239.936189623] [bt_navigator]: Begin navigating from current location (-4.76, 0.07) to (-4.17, 0.22)
[controller_server-3] [INFO] [1788842239.959576247] [controller_server]: Received a goal, begin computing control effort.
[controller_server-3] [INFO] [1788842241.010049638] [controller_server]: Passing new path to controller.
[controller_server-3] [INFO] [1788842241.711970066] [controller_server]: Reached the goal!
[bt_navigator-7] [INFO] [1788842241.747122210] [bt_navigator]: Goal succeeded
[INFO] [1788842241.747591548] [candidate_explorer]: Frontier goal finished: success=True
[INFO] [1788842241.747814675] [candidate_explorer]: Reached frontier. Waiting for the map to expose new frontiers.
[INFO] [1788842241.909666609] [candidate_explorer]: Detected 9868 frontier cells
[INFO] [1788842241.918239685] [candidate_explorer]: Found 137 frontier clusters after filtering
[INFO] [1788842241.924468782] [candidate_explorer]: Selected frontier cluster: size=7279, goal=(-3.72, 0.34), distance=0.61
[INFO] [1788842241.925437332] [candidate_explorer]: Checking global path to frontier (-3.72, 0.34), distance=0.61m
[INFO] [1788842241.935354503] [candidate_explorer]: Nav2 path to frontier is 0.61m (straight-line=0.61m, detour=1.0x)
[INFO] [1788842241.936396346] [candidate_explorer]: Global path accepted. Navigating to frontier (-3.72, 0.34)
[bt_navigator-7] [INFO] [1788842241.936874725] [bt_navigator]: Begin navigating from current location (-4.33, 0.34) to (-3.72, 0.34)
[controller_server-3] [INFO] [1788842241.957406115] [controller_server]: Received a goal, begin computing control effort.
[controller_server-3] [INFO] [1788842242.415259422] [controller_server]: Reached the goal!
[bt_navigator-7] [INFO] [1788842242.447583667] [bt_navigator]: Goal succeeded
[INFO] [1788842242.448029629] [candidate_explorer]: Frontier goal finished: success=True
[INFO] [1788842242.448290256] [candidate_explorer]: Reached frontier. Waiting for the map to expose new frontiers.
[INFO] [1788842242.640428084] [candidate_explorer]: Detected 9868 frontier cells
[INFO] [1788842242.648768533] [candidate_explorer]: Found 137 frontier clusters after filtering
[INFO] [1788842242.655261299] [candidate_explorer]: Selected frontier cluster: size=7279, goal=(-4.50, 0.13), distance=0.61
[INFO] [1788842242.656174557] [candidate_explorer]: Checking global path to frontier (-4.50, 0.13), distance=0.61m
[INFO] [1788842242.666069269] [candidate_explorer]: Nav2 path to frontier is 0.62m (straight-line=0.61m, detour=1.0x)
[INFO] [1788842242.666922985] [candidate_explorer]: Global path accepted. Navigating to frontier (-4.50, 0.13)
[bt_navigator-7] [INFO] [1788842242.667361739] [bt_navigator]: Begin navigating from current location (-3.93, 0.35) to (-4.50, 0.13)
[controller_server-3] [INFO] [1788842242.689233308] [controller_server]: Received a goal, begin computing control effort.
[controller_server-3] [INFO] [1788842243.740460997] [controller_server]: Passing new path to controller.
[controller_server-3] [INFO] [1788842244.398538495] [controller_server]: Reached the goal!
[bt_navigator-7] [INFO] [1788842244.431113367] [bt_navigator]: Goal succeeded
[INFO] [1788842244.431585788] [candidate_explorer]: Frontier goal finished: success=True
[INFO] [1788842244.431815373] [candidate_explorer]: Reached frontier. Waiting for the map to expose new frontiers.
[INFO] [1788842244.657209662] [candidate_explorer]: Detected 9975 frontier cells
[INFO] [1788842244.665891072] [candidate_explorer]: Found 137 frontier clusters after filtering
[INFO] [1788842244.672215378] [candidate_explorer]: Selected frontier cluster: size=7376, goal=(-4.92, -0.03), distance=0.60
[INFO] [1788842244.673067094] [candidate_explorer]: Checking global path to frontier (-4.92, -0.03), distance=0.60m
[INFO] [1788842244.683184975] [candidate_explorer]: Nav2 path to frontier is 0.62m (straight-line=0.60m, detour=1.0x)
[INFO] [1788842244.684193651] [candidate_explorer]: Global path accepted. Navigating to frontier (-4.92, -0.03)
[bt_navigator-7] [INFO] [1788842244.684643863] [bt_navigator]: Begin navigating from current location (-4.32, 0.01) to (-4.92, -0.03)
[controller_server-3] [INFO] [1788842244.705944594] [controller_server]: Received a goal, begin computing control effort.
[controller_server-3] [INFO] [1788842245.159278985] [controller_server]: Reached the goal!
[bt_navigator-7] [INFO] [1788842245.186336642] [bt_navigator]: Goal succeeded
[INFO] [1788842245.188902331] [candidate_explorer]: Frontier goal finished: success=True
[INFO] [1788842245.189176834] [candidate_explorer]: Reached frontier. Waiting for the map to expose new frontiers.
[INFO] [1788842245.387562466] [candidate_explorer]: Detected 9975 frontier cells
[INFO] [1788842245.396048250] [candidate_explorer]: Found 137 frontier clusters after filtering
[INFO] [1788842245.402489015] [candidate_explorer]: Selected frontier cluster: size=7376, goal=(-5.29, -0.18), distance=0.60
[INFO] [1788842245.403500191] [candidate_explorer]: Checking global path to frontier (-5.29, -0.18), distance=0.60m
[INFO] [1788842245.413577197] [candidate_explorer]: Nav2 path to frontier is 0.61m (straight-line=0.60m, detour=1.0x)
[INFO] [1788842245.414515414] [candidate_explorer]: Global path accepted. Navigating to frontier (-5.29, -0.18)
[bt_navigator-7] [INFO] [1788842245.414906792] [bt_navigator]: Begin navigating from current location (-4.71, -0.03) to (-5.29, -0.18)
[controller_server-3] [INFO] [1788842245.437217698] [controller_server]: Received a goal, begin computing control effort.
[controller_server-3] [INFO] [1788842245.842629498] [controller_server]: Reached the goal!
[bt_navigator-7] [INFO] [1788842245.875658999] [bt_navigator]: Goal succeeded
[INFO] [1788842245.876062170] [candidate_explorer]: Frontier goal finished: success=True
[INFO] [1788842245.876301922] [candidate_explorer]: Reached frontier. Waiting for the map to expose new frontiers.
[INFO] [1788842246.160374439] [candidate_explorer]: Detected 9946 frontier cells
[INFO] [1788842246.168931140] [candidate_explorer]: Found 137 frontier clusters after filtering
[INFO] [1788842246.175392530] [candidate_explorer]: Selected frontier cluster: size=7352, goal=(-5.65, -0.24), distance=0.60
[INFO] [1788842246.176267288] [candidate_explorer]: Checking global path to frontier (-5.65, -0.24), distance=0.60m
[INFO] [1788842246.186402544] [candidate_explorer]: Nav2 path to frontier is 0.60m (straight-line=0.60m, detour=1.0x)
[INFO] [1788842246.187293386] [candidate_explorer]: Global path accepted. Navigating to frontier (-5.65, -0.24)
[bt_navigator-7] [INFO] [1788842246.187728015] [bt_navigator]: Begin navigating from current location (-5.07, -0.09) to (-5.65, -0.24)
[controller_server-3] [INFO] [1788842246.211282765] [controller_server]: Received a goal, begin computing control effort.
[controller_server-3] [INFO] [1788842246.664213445] [controller_server]: Reached the goal!
[bt_navigator-7] [INFO] [1788842246.698058703] [bt_navigator]: Goal succeeded
[INFO] [1788842246.700421849] [candidate_explorer]: Frontier goal finished: success=True
[INFO] [1788842246.700666601] [candidate_explorer]: Reached frontier. Waiting for the map to expose new frontiers.
[INFO] [1788842246.885048860] [candidate_explorer]: Detected 9946 frontier cells
[INFO] [1788842246.893731645] [candidate_explorer]: Found 137 frontier clusters after filtering
[INFO] [1788842246.900120702] [candidate_explorer]: Selected frontier cluster: size=7352, goal=(-6.04, -0.33), distance=0.61
[INFO] [1788842246.900943584] [candidate_explorer]: Checking global path to frontier (-6.04, -0.33), distance=0.61m
[INFO] [1788842246.911299217] [candidate_explorer]: Nav2 path to frontier is 0.62m (straight-line=0.61m, detour=1.0x)
[INFO] [1788842246.912190934] [candidate_explorer]: Global path accepted. Navigating to frontier (-6.04, -0.33)
[bt_navigator-7] [INFO] [1788842246.912601187] [bt_navigator]: Begin navigating from current location (-5.45, -0.18) to (-6.04, -0.33)
[controller_server-3] [INFO] [1788842246.933558373] [controller_server]: Received a goal, begin computing control effort.
[controller_server-3] [INFO] [1788842247.391416555] [controller_server]: Reached the goal!
[bt_navigator-7] [INFO] [1788842247.425210646] [bt_navigator]: Goal succeeded
[INFO] [1788842247.425636066] [candidate_explorer]: Frontier goal finished: success=True
[INFO] [1788842247.425842110] [candidate_explorer]: Reached frontier. Waiting for the map to expose new frontiers.
[INFO] [1788842247.640661013] [candidate_explorer]: Detected 9946 frontier cells
[INFO] [1788842247.649216047] [candidate_explorer]: Found 137 frontier clusters after filtering
[INFO] [1788842247.655762064] [candidate_explorer]: Selected frontier cluster: size=7352, goal=(-6.45, -0.42), distance=0.60
[INFO] [1788842247.656655322] [candidate_explorer]: Checking global path to frontier (-6.45, -0.42), distance=0.60m
[INFO] [1788842247.666883496] [candidate_explorer]: Nav2 path to frontier is 0.61m (straight-line=0.60m, detour=1.0x)
[INFO] [1788842247.667699586] [candidate_explorer]: Global path accepted. Navigating to frontier (-6.45, -0.42)
[bt_navigator-7] [INFO] [1788842247.668093798] [bt_navigator]: Begin navigating from current location (-5.87, -0.27) to (-6.45, -0.42)
[controller_server-3] [INFO] [1788842247.689667072] [controller_server]: Received a goal, begin computing control effort.
[controller_server-3] [INFO] [1788842248.141978372] [controller_server]: Reached the goal!
[bt_navigator-7] [INFO] [1788842248.171539467] [bt_navigator]: Goal succeeded
[INFO] [1788842248.171929804] [candidate_explorer]: Frontier goal finished: success=True
[INFO] [1788842248.172196764] [candidate_explorer]: Reached frontier. Waiting for the map to expose new frontiers.
[INFO] [1788842248.410507126] [candidate_explorer]: Detected 9917 frontier cells
[INFO] [1788842248.419383163] [candidate_explorer]: Found 137 frontier clusters after filtering
[INFO] [1788842248.425832762] [candidate_explorer]: Selected frontier cluster: size=7323, goal=(-6.81, -0.51), distance=0.61
[INFO] [1788842248.426757978] [candidate_explorer]: Checking global path to frontier (-6.81, -0.51), distance=0.61m
[INFO] [1788842248.441587693] [candidate_explorer]: Nav2 path to frontier is 0.62m (straight-line=0.61m, detour=1.0x)
[INFO] [1788842248.442429826] [candidate_explorer]: Global path accepted. Navigating to frontier (-6.81, -0.51)
[bt_navigator-7] [INFO] [1788842248.442924288] [bt_navigator]: Begin navigating from current location (-6.22, -0.36) to (-6.81, -0.51)
[controller_server-3] [INFO] [1788842248.465743407] [controller_server]: Received a goal, begin computing control effort.
[controller_server-3] [INFO] [1788842248.919039924] [controller_server]: Reached the goal!
[bt_navigator-7] [INFO] [1788842248.953945816] [bt_navigator]: Goal succeeded
[INFO] [1788842248.954511821] [candidate_explorer]: Frontier goal finished: success=True
[INFO] [1788842248.954798907] [candidate_explorer]: Reached frontier. Waiting for the map to expose new frontiers.
[INFO] [1788842249.136159514] [candidate_explorer]: Detected 9917 frontier cells
[INFO] [1788842249.144461171] [candidate_explorer]: Found 137 frontier clusters after filtering
[INFO] [1788842249.151001062] [candidate_explorer]: Selected frontier cluster: size=7323, goal=(-7.20, -0.63), distance=0.61
[INFO] [1788842249.151892820] [candidate_explorer]: Checking global path to frontier (-7.20, -0.63), distance=0.61m
[INFO] [1788842249.162034327] [candidate_explorer]: Nav2 path to frontier is 0.62m (straight-line=0.61m, detour=1.0x)
[INFO] [1788842249.162819959] [candidate_explorer]: Global path accepted. Navigating to frontier (-7.20, -0.63)
[bt_navigator-7] [INFO] [1788842249.163332380] [bt_navigator]: Begin navigating from current location (-6.62, -0.45) to (-7.20, -0.63)
[controller_server-3] [INFO] [1788842249.186305208] [controller_server]: Received a goal, begin computing control effort.
[controller_server-3] [INFO] [1788842249.638580257] [controller_server]: Reached the goal!
[bt_navigator-7] [INFO] [1788842249.675450292] [bt_navigator]: Goal succeeded
[INFO] [1788842249.679294951] [candidate_explorer]: Frontier goal finished: success=True
[INFO] [1788842249.679834123] [candidate_explorer]: Reached frontier. Waiting for the map to expose new frontiers.
[INFO] [1788842249.908994570] [candidate_explorer]: Detected 9917 frontier cells
[INFO] [1788842249.917587688] [candidate_explorer]: Found 137 frontier clusters after filtering
[INFO] [1788842249.923880535] [candidate_explorer]: Selected frontier cluster: size=7323, goal=(-6.40, -0.44), distance=0.60
[INFO] [1788842249.924828460] [candidate_explorer]: Checking global path to frontier (-6.40, -0.44), distance=0.60m
[INFO] [1788842249.935255011] [candidate_explorer]: Nav2 path to frontier is 0.62m (straight-line=0.60m, detour=1.0x)
[INFO] [1788842249.936281645] [candidate_explorer]: Global path accepted. Navigating to frontier (-6.40, -0.44)
[bt_navigator-7] [INFO] [1788842249.936708732] [bt_navigator]: Begin navigating from current location (-6.99, -0.56) to (-6.40, -0.44)
[controller_server-3] [INFO] [1788842249.959262265] [controller_server]: Received a goal, begin computing control effort.
[controller_server-3] [INFO] [1788842251.012156719] [controller_server]: Passing new path to controller.
[controller_server-3] [INFO] [1788842251.511526602] [controller_server]: Reached the goal!
[bt_navigator-7] [INFO] [1788842251.548897684] [bt_navigator]: Goal succeeded
[INFO] [1788842251.551348080] [candidate_explorer]: Frontier goal finished: success=True
[INFO] [1788842251.551612583] [candidate_explorer]: Reached frontier. Waiting for the map to expose new frontiers.
[INFO] [1788842251.639902698] [candidate_explorer]: Detected 9917 frontier cells
[INFO] [1788842251.648443316] [candidate_explorer]: Found 137 frontier clusters after filtering
[INFO] [1788842251.654953373] [candidate_explorer]: Selected frontier cluster: size=7323, goal=(-6.00, -0.33), distance=0.60
[INFO] [1788842251.655856715] [candidate_explorer]: Checking global path to frontier (-6.00, -0.33), distance=0.60m
[INFO] [1788842251.666090972] [candidate_explorer]: Nav2 path to frontier is 0.61m (straight-line=0.60m, detour=1.0x)
[INFO] [1788842251.666883146] [candidate_explorer]: Global path accepted. Navigating to frontier (-6.00, -0.33)
[bt_navigator-7] [INFO] [1788842251.667337233] [bt_navigator]: Begin navigating from current location (-6.55, -0.59) to (-6.00, -0.33)
[controller_server-3] [INFO] [1788842251.688499004] [controller_server]: Received a goal, begin computing control effort.
[controller_server-3] [INFO] [1788842252.144423127] [controller_server]: Reached the goal!
[bt_navigator-7] [INFO] [1788842252.180293320] [bt_navigator]: Goal succeeded
[INFO] [1788842252.182932135] [candidate_explorer]: Frontier goal finished: success=True
[INFO] [1788842252.183210679] [candidate_explorer]: Reached frontier. Waiting for the map to expose new frontiers.
[INFO] [1788842252.408213548] [candidate_explorer]: Detected 9929 frontier cells
[INFO] [1788842252.417388379] [candidate_explorer]: Found 137 frontier clusters after filtering
[INFO] [1788842252.423687601] [candidate_explorer]: Selected frontier cluster: size=7333, goal=(-5.64, -0.26), distance=0.60
[INFO] [1788842252.424602484] [candidate_explorer]: Checking global path to frontier (-5.64, -0.26), distance=0.60m
[INFO] [1788842252.434943076] [candidate_explorer]: Nav2 path to frontier is 0.61m (straight-line=0.60m, detour=1.0x)
[INFO] [1788842252.435762917] [candidate_explorer]: Global path accepted. Navigating to frontier (-5.64, -0.26)
[bt_navigator-7] [INFO] [1788842252.436286463] [bt_navigator]: Begin navigating from current location (-6.21, -0.44) to (-5.64, -0.26)
[controller_server-3] [INFO] [1788842252.458997289] [controller_server]: Received a goal, begin computing control effort.
[controller_server-3] [INFO] [1788842252.911371381] [controller_server]: Reached the goal!
[bt_navigator-7] [INFO] [1788842252.950353434] [bt_navigator]: Goal succeeded
[INFO] [1788842252.952988374] [candidate_explorer]: Frontier goal finished: success=True
[INFO] [1788842252.953210626] [candidate_explorer]: Reached frontier. Waiting for the map to expose new frontiers.
[INFO] [1788842253.136171414] [candidate_explorer]: Detected 9929 frontier cells
[INFO] [1788842253.144771740] [candidate_explorer]: Found 137 frontier clusters after filtering
[INFO] [1788842253.151306423] [candidate_explorer]: Selected frontier cluster: size=7333, goal=(-5.26, -0.17), distance=0.60
[INFO] [1788842253.152234307] [candidate_explorer]: Checking global path to frontier (-5.26, -0.17), distance=0.60m
[INFO] [1788842253.162681024] [candidate_explorer]: Nav2 path to frontier is 0.60m (straight-line=0.60m, detour=1.0x)
[INFO] [1788842253.163660908] [candidate_explorer]: Global path accepted. Navigating to frontier (-5.26, -0.17)
[bt_navigator-7] [INFO] [1788842253.164048161] [bt_navigator]: Begin navigating from current location (-5.84, -0.32) to (-5.26, -0.17)
[controller_server-3] [INFO] [1788842253.185891813] [controller_server]: Received a goal, begin computing control effort.
[controller_server-3] [INFO] [1788842253.638864077] [controller_server]: Reached the goal!
[bt_navigator-7] [INFO] [1788842253.674763853] [bt_navigator]: Goal succeeded
[INFO] [1788842253.677394793] [candidate_explorer]: Frontier goal finished: success=True
[INFO] [1788842253.677631920] [candidate_explorer]: Reached frontier. Waiting for the map to expose new frontiers.
[INFO] [1788842253.909790186] [candidate_explorer]: Detected 9901 frontier cells
[INFO] [1788842253.918297678] [candidate_explorer]: Found 137 frontier clusters after filtering
[INFO] [1788842253.924499399] [candidate_explorer]: Selected frontier cluster: size=7306, goal=(-4.89, -0.05), distance=0.60
[INFO] [1788842253.925346407] [candidate_explorer]: Checking global path to frontier (-4.89, -0.05), distance=0.60m
[INFO] [1788842253.935751416] [candidate_explorer]: Nav2 path to frontier is 0.61m (straight-line=0.60m, detour=1.0x)
[INFO] [1788842253.936668799] [candidate_explorer]: Global path accepted. Navigating to frontier (-4.89, -0.05)
[bt_navigator-7] [INFO] [1788842253.937198678] [bt_navigator]: Begin navigating from current location (-5.47, -0.21) to (-4.89, -0.05)
[controller_server-3] [INFO] [1788842253.958934204] [controller_server]: Received a goal, begin computing control effort.
[controller_server-3] [INFO] [1788842254.414855869] [controller_server]: Reached the goal!
[bt_navigator-7] [INFO] [1788842254.448078247] [bt_navigator]: Goal succeeded
[INFO] [1788842254.448491709] [candidate_explorer]: Frontier goal finished: success=True
[INFO] [1788842254.448736627] [candidate_explorer]: Reached frontier. Waiting for the map to expose new frontiers.
[INFO] [1788842254.639995197] [candidate_explorer]: Detected 9901 frontier cells
[INFO] [1788842254.648354980] [candidate_explorer]: Found 137 frontier clusters after filtering
[INFO] [1788842254.654882079] [candidate_explorer]: Selected frontier cluster: size=7306, goal=(-5.67, -0.26), distance=0.61
[INFO] [1788842254.655785837] [candidate_explorer]: Checking global path to frontier (-5.67, -0.26), distance=0.61m
[INFO] [1788842254.666208513] [candidate_explorer]: Nav2 path to frontier is 0.62m (straight-line=0.61m, detour=1.0x)
[INFO] [1788842254.667110146] [candidate_explorer]: Global path accepted. Navigating to frontier (-5.67, -0.26)
[bt_navigator-7] [INFO] [1788842254.667518358] [bt_navigator]: Begin navigating from current location (-5.08, -0.11) to (-5.67, -0.26)
[controller_server-3] [INFO] [1788842254.689950556] [controller_server]: Received a goal, begin computing control effort.
[controller_server-3] [INFO] [1788842255.742399715] [controller_server]: Passing new path to controller.
[controller_server-3] [INFO] [1788842256.492014357] [controller_server]: Reached the goal!
[bt_navigator-7] [INFO] [1788842256.528919434] [bt_navigator]: Goal succeeded
[INFO] [1788842256.531539999] [candidate_explorer]: Frontier goal finished: success=True
[INFO] [1788842256.531799418] [candidate_explorer]: Reached frontier. Waiting for the map to expose new frontiers.
[INFO] [1788842256.662648202] [candidate_explorer]: Detected 9991 frontier cells
[INFO] [1788842256.671919868] [candidate_explorer]: Found 137 frontier clusters after filtering
[INFO] [1788842256.678511884] [candidate_explorer]: Selected frontier cluster: size=7383, goal=(-4.93, -0.15), distance=0.60
[INFO] [1788842256.679429059] [candidate_explorer]: Checking global path to frontier (-4.93, -0.15), distance=0.60m
[INFO] [1788842256.689711442] [candidate_explorer]: Nav2 path to frontier is 0.61m (straight-line=0.60m, detour=1.0x)
[INFO] [1788842256.690643408] [candidate_explorer]: Global path accepted. Navigating to frontier (-4.93, -0.15)
[bt_navigator-7] [INFO] [1788842256.691122996] [bt_navigator]: Begin navigating from current location (-5.49, -0.39) to (-4.93, -0.15)
[controller_server-3] [INFO] [1788842256.713857197] [controller_server]: Received a goal, begin computing control effort.
[controller_server-3] [INFO] [1788842257.767176280] [controller_server]: Passing new path to controller.
[controller_server-3] [INFO] [1788842258.316152353] [controller_server]: Reached the goal!
[bt_navigator-7] [INFO] [1788842258.352000796] [bt_navigator]: Goal succeeded
[INFO] [1788842258.354607110] [candidate_explorer]: Frontier goal finished: success=True
[INFO] [1788842258.354956988] [candidate_explorer]: Reached frontier. Waiting for the map to expose new frontiers.
[INFO] [1788842258.661998376] [candidate_explorer]: Detected 10010 frontier cells
[INFO] [1788842258.670741411] [candidate_explorer]: Found 139 frontier clusters after filtering
[INFO] [1788842258.677280803] [candidate_explorer]: Selected frontier cluster: size=7390, goal=(-4.53, -0.05), distance=0.60
[INFO] [1788842258.678279478] [candidate_explorer]: Checking global path to frontier (-4.53, -0.05), distance=0.60m
[INFO] [1788842258.688575861] [candidate_explorer]: Nav2 path to frontier is 0.61m (straight-line=0.60m, detour=1.0x)
[INFO] [1788842258.689464161] [candidate_explorer]: Global path accepted. Navigating to frontier (-4.53, -0.05)
[bt_navigator-7] [INFO] [1788842258.689911165] [bt_navigator]: Begin navigating from current location (-5.13, -0.08) to (-4.53, -0.05)
[controller_server-3] [INFO] [1788842258.713173829] [controller_server]: Received a goal, begin computing control effort.
[controller_server-3] [INFO] [1788842259.165328169] [controller_server]: Reached the goal!
[bt_navigator-7] [INFO] [1788842259.200203519] [bt_navigator]: Goal succeeded
[INFO] [1788842259.200647107] [candidate_explorer]: Frontier goal finished: success=True
[INFO] [1788842259.200887067] [candidate_explorer]: Reached frontier. Waiting for the map to expose new frontiers.
[INFO] [1788842259.389313320] [candidate_explorer]: Detected 10010 frontier cells
[INFO] [1788842259.397881771] [candidate_explorer]: Found 139 frontier clusters after filtering
[INFO] [1788842259.404439204] [candidate_explorer]: Selected frontier cluster: size=7390, goal=(-4.15, 0.06), distance=0.60
[INFO] [1788842259.405398337] [candidate_explorer]: Checking global path to frontier (-4.15, 0.06), distance=0.60m
[INFO] [1788842259.415498052] [candidate_explorer]: Nav2 path to frontier is 0.60m (straight-line=0.60m, detour=1.0x)
[INFO] [1788842259.416497269] [candidate_explorer]: Global path accepted. Navigating to frontier (-4.15, 0.06)
[bt_navigator-7] [INFO] [1788842259.416921190] [bt_navigator]: Begin navigating from current location (-4.75, -0.03) to (-4.15, 0.06)
[controller_server-3] [INFO] [1788842259.440300397] [controller_server]: Received a goal, begin computing control effort.
[controller_server-3] [INFO] [1788842259.893534038] [controller_server]: Reached the goal!
[bt_navigator-7] [INFO] [1788842259.930188987] [bt_navigator]: Goal succeeded
[INFO] [1788842259.932567925] [candidate_explorer]: Frontier goal finished: success=True
[INFO] [1788842259.932907761] [candidate_explorer]: Reached frontier. Waiting for the map to expose new frontiers.
[INFO] [1788842260.158052090] [candidate_explorer]: Detected 9998 frontier cells
[INFO] [1788842260.166757083] [candidate_explorer]: Found 139 frontier clusters after filtering
[INFO] [1788842260.173172307] [candidate_explorer]: Selected frontier cluster: size=7378, goal=(-4.95, -0.14), distance=0.60
[INFO] [1788842260.174053106] [candidate_explorer]: Checking global path to frontier (-4.95, -0.14), distance=0.60m
[INFO] [1788842260.184317781] [candidate_explorer]: Nav2 path to frontier is 0.62m (straight-line=0.60m, detour=1.0x)
[INFO] [1788842260.185313040] [candidate_explorer]: Global path accepted. Navigating to frontier (-4.95, -0.14)
[bt_navigator-7] [INFO] [1788842260.185728002] [bt_navigator]: Begin navigating from current location (-4.36, 0.01) to (-4.95, -0.14)
[controller_server-3] [INFO] [1788842260.207582862] [controller_server]: Received a goal, begin computing control effort.
[planner_server-5] [ERROR] [1788842261.220195751] [planner_server]: Failed to create a plan from potential when a legal potential was found. This shouldn't happen.
[planner_server-5] [WARN] [1788842261.220373294] [planner_server]: GridBased: failed to create plan with tolerance 0.50.
[planner_server-5] [WARN] [1788842261.220388294] [planner_server]: Planning algorithm GridBased failed to generate a valid path to (-4.95, -0.14)
[planner_server-5] [WARN] [1788842261.220404336] [planner_server]: [compute_path_to_pose] [ActionServer] Aborting handle.
[controller_server-3] [INFO] [1788842261.258024003] [controller_server]: Goal was canceled. Stopping the robot.
[controller_server-3] [INFO] [1788842261.258076336] [controller_server]: [follow_path] [ActionServer] Client requested to cancel the goal. Cancelling.
[controller_server-3] [INFO] [1788842261.260631026] [local_costmap.local_costmap]: Received request to clear entirely the local_costmap
[planner_server-5] [INFO] [1788842261.261519450] [global_costmap.global_costmap]: Received request to clear entirely the global_costmap
[bt_navigator-7] [WARN] [1788842261.263136006] [BehaviorTreeEngine]: Behavior Tree tick rate 100.00 was exceeded!
[planner_server-5] [WARN] [1788842261.384793376] [planner_server]: Planner loop missed its desired rate of 20.0000 Hz. Current loop rate is 2.0000 Hz
[controller_server-3] [INFO] [1788842261.406400817] [controller_server]: Received a goal, begin computing control effort.
[controller_server-3] [INFO] [1788842261.759961742] [controller_server]: Reached the goal!
[bt_navigator-7] [INFO] [1788842261.794917885] [bt_navigator]: Goal succeeded
[INFO] [1788842261.795412472] [candidate_explorer]: Frontier goal finished: success=True
[INFO] [1788842261.795657391] [candidate_explorer]: Reached frontier. Waiting for the map to expose new frontiers.
[INFO] [1788842261.911005497] [candidate_explorer]: Detected 10034 frontier cells
[INFO] [1788842261.919529655] [candidate_explorer]: Found 139 frontier clusters after filtering
[INFO] [1788842261.926007296] [candidate_explorer]: Selected frontier cluster: size=7417, goal=(-5.35, -0.39), distance=0.61
[INFO] [1788842261.926941513] [candidate_explorer]: Checking global path to frontier (-5.35, -0.39), distance=0.61m
[INFO] [1788842261.937023685] [candidate_explorer]: Nav2 path to frontier is 0.62m (straight-line=0.61m, detour=1.0x)
[INFO] [1788842261.937942110] [candidate_explorer]: Global path accepted. Navigating to frontier (-5.35, -0.39)
[bt_navigator-7] [INFO] [1788842261.938469532] [bt_navigator]: Begin navigating from current location (-4.76, -0.24) to (-5.35, -0.39)
[controller_server-3] [INFO] [1788842261.962042532] [controller_server]: Received a goal, begin computing control effort.
[controller_server-3] [INFO] [1788842262.416323391] [controller_server]: Reached the goal!
[bt_navigator-7] [INFO] [1788842262.449485393] [bt_navigator]: Goal succeeded
[INFO] [1788842262.451863289] [candidate_explorer]: Frontier goal finished: success=True
[INFO] [1788842262.452117416] [candidate_explorer]: Reached frontier. Waiting for the map to expose new frontiers.
[INFO] [1788842262.641747846] [candidate_explorer]: Detected 10034 frontier cells
[INFO] [1788842262.650999678] [candidate_explorer]: Found 139 frontier clusters after filtering
[INFO] [1788842262.657401318] [candidate_explorer]: Selected frontier cluster: size=7417, goal=(-4.59, -0.15), distance=0.60
[INFO] [1788842262.658281118] [candidate_explorer]: Checking global path to frontier (-4.59, -0.15), distance=0.60m
[INFO] [1788842262.668724960] [candidate_explorer]: Nav2 path to frontier is 0.61m (straight-line=0.60m, detour=1.0x)
[INFO] [1788842262.669597968] [candidate_explorer]: Global path accepted. Navigating to frontier (-4.59, -0.15)
[bt_navigator-7] [INFO] [1788842262.670043722] [bt_navigator]: Begin navigating from current location (-5.16, -0.33) to (-4.59, -0.15)
[controller_server-3] [INFO] [1788842262.692531005] [controller_server]: Received a goal, begin computing control effort.
[controller_server-3] [INFO] [1788842263.744713369] [controller_server]: Passing new path to controller.
[controller_server-3] [INFO] [1788842264.395832055] [controller_server]: Reached the goal!
[bt_navigator-7] [INFO] [1788842264.421554325] [bt_navigator]: Goal succeeded
[INFO] [1788842264.421959036] [candidate_explorer]: Frontier goal finished: success=True
[INFO] [1788842264.422235872] [candidate_explorer]: Reached frontier. Waiting for the map to expose new frontiers.
[INFO] [1788842264.658791927] [candidate_explorer]: Detected 9998 frontier cells
[INFO] [1788842264.667439503] [candidate_explorer]: Found 138 frontier clusters after filtering
[INFO] [1788842264.673878519] [candidate_explorer]: Selected frontier cluster: size=7390, goal=(-4.17, 0.04), distance=0.60
[INFO] [1788842264.674768401] [candidate_explorer]: Checking global path to frontier (-4.17, 0.04), distance=0.60m
[INFO] [1788842264.685137910] [candidate_explorer]: Nav2 path to frontier is 0.62m (straight-line=0.60m, detour=1.0x)
[INFO] [1788842264.686117669] [candidate_explorer]: Global path accepted. Navigating to frontier (-4.17, 0.04)
[bt_navigator-7] [INFO] [1788842264.686542756] [bt_navigator]: Begin navigating from current location (-4.77, -0.01) to (-4.17, 0.04)
[controller_server-3] [INFO] [1788842264.707716652] [controller_server]: Received a goal, begin computing control effort.
[controller_server-3] [INFO] [1788842265.162012802] [controller_server]: Reached the goal!
[bt_navigator-7] [INFO] [1788842265.198475750] [bt_navigator]: Goal succeeded
[INFO] [1788842265.200849646] [candidate_explorer]: Frontier goal finished: success=True
[INFO] [1788842265.201113065] [candidate_explorer]: Reached frontier. Waiting for the map to expose new frontiers.
[INFO] [1788842265.389467734] [candidate_explorer]: Detected 9998 frontier cells
[INFO] [1788842265.397763974] [candidate_explorer]: Found 138 frontier clusters after filtering
[INFO] [1788842265.404491409] [candidate_explorer]: Selected frontier cluster: size=7390, goal=(-3.82, 0.25), distance=0.61
[INFO] [1788842265.405401334] [candidate_explorer]: Checking global path to frontier (-3.82, 0.25), distance=0.61m
[INFO] [1788842265.415696091] [candidate_explorer]: Nav2 path to frontier is 0.64m (straight-line=0.61m, detour=1.1x)
[INFO] [1788842265.416619683] [candidate_explorer]: Global path accepted. Navigating to frontier (-3.82, 0.25)
[bt_navigator-7] [INFO] [1788842265.417091020] [bt_navigator]: Begin navigating from current location (-4.39, 0.03) to (-3.82, 0.25)
[controller_server-3] [INFO] [1788842265.440145516] [controller_server]: Received a goal, begin computing control effort.
[controller_server-3] [INFO] [1788842265.892989404] [controller_server]: Reached the goal!
[bt_navigator-7] [INFO] [1788842265.927327041] [bt_navigator]: Goal succeeded
[INFO] [1788842265.929700479] [candidate_explorer]: Frontier goal finished: success=True
[INFO] [1788842265.929953023] [candidate_explorer]: Reached frontier. Waiting for the map to expose new frontiers.
[INFO] [1788842266.160943653] [candidate_explorer]: Detected 9998 frontier cells
[INFO] [1788842266.169677147] [candidate_explorer]: Found 138 frontier clusters after filtering
[INFO] [1788842266.176208163] [candidate_explorer]: Selected frontier cluster: size=7390, goal=(-3.48, 0.40), distance=0.61
[INFO] [1788842266.177260673] [candidate_explorer]: Checking global path to frontier (-3.48, 0.40), distance=0.61m
[INFO] [1788842266.187394346] [candidate_explorer]: Nav2 path to frontier is 0.66m (straight-line=0.61m, detour=1.1x)
[INFO] [1788842266.188401938] [candidate_explorer]: Global path accepted. Navigating to frontier (-3.48, 0.40)
[bt_navigator-7] [INFO] [1788842266.188856317] [bt_navigator]: Begin navigating from current location (-4.03, 0.13) to (-3.48, 0.40)
[controller_server-3] [INFO] [1788842266.211670311] [controller_server]: Received a goal, begin computing control effort.
[controller_server-3] [INFO] [1788842266.670516876] [controller_server]: Reached the goal!
[bt_navigator-7] [INFO] [1788842266.699313465] [bt_navigator]: Goal succeeded
[INFO] [1788842266.699773969] [candidate_explorer]: Frontier goal finished: success=True
[INFO] [1788842266.700004263] [candidate_explorer]: Reached frontier. Waiting for the map to expose new frontiers.
[INFO] [1788842266.888801810] [candidate_explorer]: Detected 9998 frontier cells
[INFO] [1788842266.897462179] [candidate_explorer]: Found 138 frontier clusters after filtering
[INFO] [1788842266.904131863] [candidate_explorer]: Selected frontier cluster: size=7390, goal=(-3.15, 0.67), distance=0.61
[INFO] [1788842266.905007787] [candidate_explorer]: Checking global path to frontier (-3.15, 0.67), distance=0.61m
[INFO] [1788842266.915578548] [candidate_explorer]: Nav2 path to frontier is 0.78m (straight-line=0.61m, detour=1.3x)
[INFO] [1788842266.916649182] [candidate_explorer]: Global path accepted. Navigating to frontier (-3.15, 0.67)
[bt_navigator-7] [INFO] [1788842266.917104145] [bt_navigator]: Begin navigating from current location (-3.65, 0.33) to (-3.15, 0.67)
[controller_server-3] [INFO] [1788842266.939700011] [controller_server]: Received a goal, begin computing control effort.
[controller_server-3] [INFO] [1788842267.390894343] [controller_server]: Reached the goal!
[bt_navigator-7] [INFO] [1788842267.427355249] [bt_navigator]: Goal succeeded
[INFO] [1788842267.430091857] [candidate_explorer]: Frontier goal finished: success=True
[INFO] [1788842267.430307150] [candidate_explorer]: Reached frontier. Waiting for the map to expose new frontiers.
[INFO] [1788842267.640263302] [candidate_explorer]: Detected 9998 frontier cells
[INFO] [1788842267.648878545] [candidate_explorer]: Found 138 frontier clusters after filtering
[INFO] [1788842267.655371394] [candidate_explorer]: Selected frontier cluster: size=7390, goal=(-2.79, 0.76), distance=0.60
[INFO] [1788842267.656224152] [candidate_explorer]: Checking global path to frontier (-2.79, 0.76), distance=0.60m
[INFO] [1788842267.666489784] [candidate_explorer]: Nav2 path to frontier is 0.66m (straight-line=0.60m, detour=1.1x)
[INFO] [1788842267.667463001] [candidate_explorer]: Global path accepted. Navigating to frontier (-2.79, 0.76)
[bt_navigator-7] [INFO] [1788842267.667841380] [bt_navigator]: Begin navigating from current location (-3.35, 0.54) to (-2.79, 0.76)
[controller_server-3] [INFO] [1788842267.689619323] [controller_server]: Received a goal, begin computing control effort.
[controller_server-3] [INFO] [1788842268.150687033] [controller_server]: Reached the goal!
[bt_navigator-7] [INFO] [1788842268.188714287] [bt_navigator]: Goal succeeded
[INFO] [1788842268.189221291] [candidate_explorer]: Frontier goal finished: success=True
[INFO] [1788842268.189446793] [candidate_explorer]: Reached frontier. Waiting for the map to expose new frontiers.
[INFO] [1788842268.410964506] [candidate_explorer]: Detected 9994 frontier cells
[INFO] [1788842268.419396914] [candidate_explorer]: Found 138 frontier clusters after filtering
[INFO] [1788842268.425895013] [candidate_explorer]: Selected frontier cluster: size=7386, goal=(-3.52, 0.39), distance=0.60
[INFO] [1788842268.426755729] [candidate_explorer]: Checking global path to frontier (-3.52, 0.39), distance=0.60m
[INFO] [1788842268.437046654] [candidate_explorer]: Nav2 path to frontier is 0.61m (straight-line=0.60m, detour=1.0x)
[INFO] [1788842268.437993620] [candidate_explorer]: Global path accepted. Navigating to frontier (-3.52, 0.39)
[bt_navigator-7] [INFO] [1788842268.438418916] [bt_navigator]: Begin navigating from current location (-3.01, 0.70) to (-3.52, 0.39)
[controller_server-3] [INFO] [1788842268.460917073] [controller_server]: Received a goal, begin computing control effort.
[controller_server-3] [INFO] [1788842269.512286131] [controller_server]: Passing new path to controller.
[controller_server-3] [INFO] [1788842270.013815028] [controller_server]: Reached the goal!
[bt_navigator-7] [INFO] [1788842270.050054336] [bt_navigator]: Goal succeeded
[INFO] [1788842270.052503986] [candidate_explorer]: Frontier goal finished: success=True
[INFO] [1788842270.052723564] [candidate_explorer]: Reached frontier. Waiting for the map to expose new frontiers.
[INFO] [1788842270.160287013] [candidate_explorer]: Detected 10031 frontier cells
[INFO] [1788842270.169034556] [candidate_explorer]: Found 138 frontier clusters after filtering
[INFO] [1788842270.175587859] [candidate_explorer]: Selected frontier cluster: size=7422, goal=(-3.91, 0.16), distance=0.61
[INFO] [1788842270.176530628] [candidate_explorer]: Checking global path to frontier (-3.91, 0.16), distance=0.61m
[INFO] [1788842270.186722303] [candidate_explorer]: Nav2 path to frontier is 0.61m (straight-line=0.61m, detour=1.0x)
[INFO] [1788842270.187757987] [candidate_explorer]: Global path accepted. Navigating to frontier (-3.91, 0.16)
[bt_navigator-7] [INFO] [1788842270.188178935] [bt_navigator]: Begin navigating from current location (-3.33, 0.34) to (-3.91, 0.16)
[controller_server-3] [INFO] [1788842270.209431723] [controller_server]: Received a goal, begin computing control effort.
[controller_server-3] [INFO] [1788842270.665051501] [controller_server]: Reached the goal!
[bt_navigator-7] [INFO] [1788842270.698523916] [bt_navigator]: Goal succeeded
[INFO] [1788842270.699171900] [candidate_explorer]: Frontier goal finished: success=True
[INFO] [1788842270.699445102] [candidate_explorer]: Reached frontier. Waiting for the map to expose new frontiers.
[INFO] [1788842270.888489660] [candidate_explorer]: Detected 10031 frontier cells
[INFO] [1788842270.897153830] [candidate_explorer]: Found 138 frontier clusters after filtering
[INFO] [1788842270.903813255] [candidate_explorer]: Selected frontier cluster: size=7422, goal=(-4.29, -0.02), distance=0.60
[INFO] [1788842270.904788024] [candidate_explorer]: Checking global path to frontier (-4.29, -0.02), distance=0.60m
[INFO] [1788842270.915216652] [candidate_explorer]: Nav2 path to frontier is 0.62m (straight-line=0.60m, detour=1.0x)
[INFO] [1788842270.916222211] [candidate_explorer]: Global path accepted. Navigating to frontier (-4.29, -0.02)
[bt_navigator-7] [INFO] [1788842270.916646784] [bt_navigator]: Begin navigating from current location (-3.73, 0.21) to (-4.29, -0.02)
[controller_server-3] [INFO] [1788842270.940765671] [controller_server]: Received a goal, begin computing control effort.
[controller_server-3] [INFO] [1788842271.393589432] [controller_server]: Reached the goal!
[bt_navigator-7] [INFO] [1788842271.428153237] [bt_navigator]: Goal succeeded
[INFO] [1788842271.428614601] [candidate_explorer]: Frontier goal finished: success=True
[INFO] [1788842271.428894511] [candidate_explorer]: Reached frontier. Waiting for the map to expose new frontiers.
[INFO] [1788842271.640875984] [candidate_explorer]: Detected 10031 frontier cells
[INFO] [1788842271.649598944] [candidate_explorer]: Found 138 frontier clusters after filtering
[INFO] [1788842271.656118831] [candidate_explorer]: Selected frontier cluster: size=7422, goal=(-4.63, -0.18), distance=0.60
[INFO] [1788842271.656959519] [candidate_explorer]: Checking global path to frontier (-4.63, -0.18), distance=0.60m
[INFO] [1788842271.667319607] [candidate_explorer]: Nav2 path to frontier is 0.62m (straight-line=0.60m, detour=1.0x)
[INFO] [1788842271.668221627] [candidate_explorer]: Global path accepted. Navigating to frontier (-4.63, -0.18)
[bt_navigator-7] [INFO] [1788842271.668640659] [bt_navigator]: Begin navigating from current location (-4.09, 0.08) to (-4.63, -0.18)
[controller_server-3] [INFO] [1788842271.692071603] [controller_server]: Received a goal, begin computing control effort.
[controller_server-3] [INFO] [1788842272.144404460] [controller_server]: Reached the goal!
[bt_navigator-7] [INFO] [1788842272.171527108] [bt_navigator]: Goal succeeded
[INFO] [1788842272.173825220] [candidate_explorer]: Frontier goal finished: success=True
[INFO] [1788842272.174065715] [candidate_explorer]: Reached frontier. Waiting for the map to expose new frontiers.
[INFO] [1788842272.412695347] [candidate_explorer]: Detected 10031 frontier cells
[INFO] [1788842272.421202479] [candidate_explorer]: Found 138 frontier clusters after filtering
[INFO] [1788842272.427708574] [candidate_explorer]: Selected frontier cluster: size=7422, goal=(-4.99, -0.29), distance=0.60
[INFO] [1788842272.428627053] [candidate_explorer]: Checking global path to frontier (-4.99, -0.29), distance=0.60m
[INFO] [1788842272.439050764] [candidate_explorer]: Nav2 path to frontier is 0.60m (straight-line=0.60m, detour=1.0x)
[INFO] [1788842272.439883536] [candidate_explorer]: Global path accepted. Navigating to frontier (-4.99, -0.29)
[bt_navigator-7] [INFO] [1788842272.440343025] [bt_navigator]: Begin navigating from current location (-4.43, -0.08) to (-4.99, -0.29)
[controller_server-3] [INFO] [1788842272.463206483] [controller_server]: Received a goal, begin computing control effort.
[controller_server-3] [INFO] [1788842272.919248292] [controller_server]: Reached the goal!
[bt_navigator-7] [INFO] [1788842272.951466487] [bt_navigator]: Goal succeeded
[INFO] [1788842272.953782432] [candidate_explorer]: Frontier goal finished: success=True
[INFO] [1788842272.954012968] [candidate_explorer]: Reached frontier. Waiting for the map to expose new frontiers.
[INFO] [1788842273.138346971] [candidate_explorer]: Detected 10031 frontier cells
[INFO] [1788842273.146822812] [candidate_explorer]: Found 138 frontier clusters after filtering
[INFO] [1788842273.153409906] [candidate_explorer]: Selected frontier cluster: size=7422, goal=(-4.21, -0.00), distance=0.60
[INFO] [1788842273.154315593] [candidate_explorer]: Checking global path to frontier (-4.21, -0.00), distance=0.60m
[INFO] [1788842273.164453686] [candidate_explorer]: Nav2 path to frontier is 0.61m (straight-line=0.60m, detour=1.0x)
[INFO] [1788842273.165496661] [candidate_explorer]: Global path accepted. Navigating to frontier (-4.21, -0.00)
[bt_navigator-7] [INFO] [1788842273.165962067] [bt_navigator]: Begin navigating from current location (-4.78, -0.21) to (-4.21, -0.00)
[controller_server-3] [INFO] [1788842273.188478616] [controller_server]: Received a goal, begin computing control effort.
[controller_server-3] [INFO] [1788842274.241593766] [controller_server]: Passing new path to controller.
[controller_server-3] [INFO] [1788842274.746364212] [controller_server]: Reached the goal!
[bt_navigator-7] [INFO] [1788842274.776546205] [bt_navigator]: Goal succeeded
[INFO] [1788842274.779128393] [candidate_explorer]: Frontier goal finished: success=True
[INFO] [1788842274.779396345] [candidate_explorer]: Reached frontier. Waiting for the map to expose new frontiers.
[INFO] [1788842274.911050557] [candidate_explorer]: Detected 10012 frontier cells
[INFO] [1788842274.919462399] [candidate_explorer]: Found 137 frontier clusters after filtering
[INFO] [1788842274.926002119] [candidate_explorer]: Selected frontier cluster: size=7419, goal=(-4.90, -0.27), distance=0.60
[INFO] [1788842274.926900222] [candidate_explorer]: Checking global path to frontier (-4.90, -0.27), distance=0.60m
[INFO] [1788842274.937029982] [candidate_explorer]: Nav2 path to frontier is 0.60m (straight-line=0.60m, detour=1.0x)
[INFO] [1788842274.938016250] [candidate_explorer]: Global path accepted. Navigating to frontier (-4.90, -0.27)
[bt_navigator-7] [INFO] [1788842274.938518905] [bt_navigator]: Begin navigating from current location (-4.43, 0.10) to (-4.90, -0.27)
[controller_server-3] [INFO] [1788842274.959696153] [controller_server]: Received a goal, begin computing control effort.
[controller_server-3] [INFO] [1788842276.012931009] [controller_server]: Passing new path to controller.
[controller_server-3] [INFO] [1788842276.464729086] [controller_server]: Reached the goal!
[bt_navigator-7] [INFO] [1788842276.501355176] [bt_navigator]: Goal succeeded
[INFO] [1788842276.503794201] [candidate_explorer]: Frontier goal finished: success=True
[INFO] [1788842276.504055028] [candidate_explorer]: Reached frontier. Waiting for the map to expose new frontiers.
[INFO] [1788842276.661580126] [candidate_explorer]: Detected 10012 frontier cells
[INFO] [1788842276.670112132] [candidate_explorer]: Found 137 frontier clusters after filtering
[INFO] [1788842276.676692184] [candidate_explorer]: Selected frontier cluster: size=7419, goal=(-4.18, 0.03), distance=0.60
[INFO] [1788842276.677544997] [candidate_explorer]: Checking global path to frontier (-4.18, 0.03), distance=0.60m
[INFO] [1788842276.687592676] [candidate_explorer]: Nav2 path to frontier is 0.61m (straight-line=0.60m, detour=1.0x)
[INFO] [1788842276.688503904] [candidate_explorer]: Global path accepted. Navigating to frontier (-4.18, 0.03)
[bt_navigator-7] [INFO] [1788842276.688920602] [bt_navigator]: Begin navigating from current location (-4.70, -0.28) to (-4.18, 0.03)
[controller_server-3] [INFO] [1788842276.711353071] [controller_server]: Received a goal, begin computing control effort.
[controller_server-3] [INFO] [1788842277.761490583] [controller_server]: Passing new path to controller.
[controller_server-3] [INFO] [1788842278.315517569] [controller_server]: Reached the goal!
[bt_navigator-7] [INFO] [1788842278.349903295] [bt_navigator]: Goal succeeded
[INFO] [1788842278.350372868] [candidate_explorer]: Frontier goal finished: success=True
[INFO] [1788842278.350640403] [candidate_explorer]: Reached frontier. Waiting for the map to expose new frontiers.
[INFO] [1788842278.412256817] [candidate_explorer]: Detected 9966 frontier cells
[INFO] [1788842278.421368767] [candidate_explorer]: Found 138 frontier clusters after filtering
[INFO] [1788842278.427894196] [candidate_explorer]: Selected frontier cluster: size=7359, goal=(-4.87, -0.27), distance=0.60
[INFO] [1788842278.428759925] [candidate_explorer]: Checking global path to frontier (-4.87, -0.27), distance=0.60m
[INFO] [1788842278.439092305] [candidate_explorer]: Nav2 path to frontier is 0.60m (straight-line=0.60m, detour=1.0x)
[INFO] [1788842278.439982826] [candidate_explorer]: Global path accepted. Navigating to frontier (-4.87, -0.27)
[bt_navigator-7] [INFO] [1788842278.440455481] [bt_navigator]: Begin navigating from current location (-4.39, 0.08) to (-4.87, -0.27)
[controller_server-3] [INFO] [1788842278.462195924] [controller_server]: Received a goal, begin computing control effort.
[controller_server-3] [INFO] [1788842279.512484016] [controller_server]: Passing new path to controller.
[controller_server-3] [INFO] [1788842280.124340631] [controller_server]: Reached the goal!
[bt_navigator-7] [INFO] [1788842280.162210608] [bt_navigator]: Goal succeeded
[INFO] [1788842280.162583391] [candidate_explorer]: Frontier goal finished: success=True
[INFO] [1788842280.162815219] [candidate_explorer]: Reached frontier. Waiting for the map to expose new frontiers.
[INFO] [1788842280.411327700] [candidate_explorer]: Detected 9953 frontier cells
[INFO] [1788842280.419661961] [candidate_explorer]: Found 138 frontier clusters after filtering
[INFO] [1788842280.426396176] [candidate_explorer]: Selected frontier cluster: size=7344, goal=(-5.26, -0.38), distance=0.60
[INFO] [1788842280.427340112] [candidate_explorer]: Checking global path to frontier (-5.26, -0.38), distance=0.60m
[INFO] [1788842280.437718408] [candidate_explorer]: Nav2 path to frontier is 0.61m (straight-line=0.60m, detour=1.0x)
[INFO] [1788842280.438573971] [candidate_explorer]: Global path accepted. Navigating to frontier (-5.26, -0.38)
[bt_navigator-7] [INFO] [1788842280.438966961] [bt_navigator]: Begin navigating from current location (-4.67, -0.31) to (-5.26, -0.38)
[controller_server-3] [INFO] [1788842280.462114787] [controller_server]: Received a goal, begin computing control effort.
[controller_server-3] [INFO] [1788842280.914708721] [controller_server]: Reached the goal!
[bt_navigator-7] [INFO] [1788842280.950568037] [bt_navigator]: Goal succeeded
[INFO] [1788842280.953053353] [candidate_explorer]: Frontier goal finished: success=True
[INFO] [1788842280.953307514] [candidate_explorer]: Reached frontier. Waiting for the map to expose new frontiers.
[INFO] [1788842281.138309835] [candidate_explorer]: Detected 9953 frontier cells
[INFO] [1788842281.146695094] [candidate_explorer]: Found 138 frontier clusters after filtering
[INFO] [1788842281.153330353] [candidate_explorer]: Selected frontier cluster: size=7344, goal=(-4.47, -0.21), distance=0.61
[INFO] [1788842281.154258498] [candidate_explorer]: Checking global path to frontier (-4.47, -0.21), distance=0.61m
[INFO] [1788842281.164369592] [candidate_explorer]: Nav2 path to frontier is 0.63m (straight-line=0.61m, detour=1.0x)
[INFO] [1788842281.165246946] [candidate_explorer]: Global path accepted. Navigating to frontier (-4.47, -0.21)
[bt_navigator-7] [INFO] [1788842281.165641020] [bt_navigator]: Begin navigating from current location (-5.06, -0.39) to (-4.47, -0.21)
[controller_server-3] [INFO] [1788842281.188306524] [controller_server]: Received a goal, begin computing control effort.
[controller_server-3] [INFO] [1788842282.239787255] [controller_server]: Passing new path to controller.
[controller_server-3] [INFO] [1788842282.844332293] [controller_server]: Reached the goal!
[bt_navigator-7] [INFO] [1788842282.875899003] [bt_navigator]: Goal succeeded
[INFO] [1788842282.878634813] [candidate_explorer]: Frontier goal finished: success=True
[INFO] [1788842282.878903598] [candidate_explorer]: Reached frontier. Waiting for the map to expose new frontiers.
[INFO] [1788842283.172676131] [candidate_explorer]: Detected 9953 frontier cells
[INFO] [1788842283.181361383] [candidate_explorer]: Found 138 frontier clusters after filtering
[INFO] [1788842283.187743732] [candidate_explorer]: Selected frontier cluster: size=7347, goal=(-5.20, -0.36), distance=0.62
[INFO] [1788842283.188594129] [candidate_explorer]: Checking global path to frontier (-5.20, -0.36), distance=0.62m
[INFO] [1788842283.198625724] [candidate_explorer]: Nav2 path to frontier is 0.62m (straight-line=0.62m, detour=1.0x)
[INFO] [1788842283.199560785] [candidate_explorer]: Global path accepted. Navigating to frontier (-5.20, -0.36)
[bt_navigator-7] [INFO] [1788842283.199993900] [bt_navigator]: Begin navigating from current location (-4.66, -0.08) to (-5.20, -0.36)
[controller_server-3] [INFO] [1788842283.223309889] [controller_server]: Received a goal, begin computing control effort.
[controller_server-3] [INFO] [1788842284.273955389] [controller_server]: Passing new path to controller.
[controller_server-3] [INFO] [1788842284.877129126] [controller_server]: Reached the goal!
[bt_navigator-7] [INFO] [1788842284.910764287] [bt_navigator]: Goal succeeded
[INFO] [1788842284.911244692] [candidate_explorer]: Frontier goal finished: success=True
[INFO] [1788842284.911496186] [candidate_explorer]: Reached frontier. Waiting for the map to expose new frontiers.
[INFO] [1788842285.171122863] [candidate_explorer]: Detected 9953 frontier cells
[INFO] [1788842285.180433559] [candidate_explorer]: Found 138 frontier clusters after filtering
[INFO] [1788842285.186781075] [candidate_explorer]: Selected frontier cluster: size=7347, goal=(-5.61, -0.44), distance=0.61
[INFO] [1788842285.187657179] [candidate_explorer]: Checking global path to frontier (-5.61, -0.44), distance=0.61m
[INFO] [1788842285.197928644] [candidate_explorer]: Nav2 path to frontier is 0.62m (straight-line=0.61m, detour=1.0x)
[INFO] [1788842285.198670459] [candidate_explorer]: Global path accepted. Navigating to frontier (-5.61, -0.44)
[bt_navigator-7] [INFO] [1788842285.199077200] [bt_navigator]: Begin navigating from current location (-5.00, -0.45) to (-5.61, -0.44)
[controller_server-3] [INFO] [1788842285.222374564] [controller_server]: Received a goal, begin computing control effort.
[controller_server-3] [INFO] [1788842285.676599584] [controller_server]: Reached the goal!
[bt_navigator-7] [INFO] [1788842285.709524094] [bt_navigator]: Goal succeeded
[INFO] [1788842285.709993458] [candidate_explorer]: Frontier goal finished: success=True
[INFO] [1788842285.710252452] [candidate_explorer]: Reached frontier. Waiting for the map to expose new frontiers.
[INFO] [1788842285.922758413] [candidate_explorer]: Detected 9955 frontier cells
[INFO] [1788842285.931542621] [candidate_explorer]: Found 137 frontier clusters after filtering
[INFO] [1788842285.938142631] [candidate_explorer]: Selected frontier cluster: size=7352, goal=(-6.01, -0.51), distance=0.60
[INFO] [1788842285.939034277] [candidate_explorer]: Checking global path to frontier (-6.01, -0.51), distance=0.60m
[INFO] [1788842285.949212452] [candidate_explorer]: Nav2 path to frontier is 0.62m (straight-line=0.60m, detour=1.0x)
[INFO] [1788842285.950001891] [candidate_explorer]: Global path accepted. Navigating to frontier (-6.01, -0.51)
[bt_navigator-7] [INFO] [1788842285.950448173] [bt_navigator]: Begin navigating from current location (-5.41, -0.47) to (-6.01, -0.51)
[controller_server-3] [INFO] [1788842285.971273304] [controller_server]: Received a goal, begin computing control effort.
[controller_server-3] [INFO] [1788842286.426011436] [controller_server]: Reached the goal!
[bt_navigator-7] [INFO] [1788842286.463726292] [bt_navigator]: Goal succeeded
[INFO] [1788842286.466304272] [candidate_explorer]: Frontier goal finished: success=True
[INFO] [1788842286.466568558] [candidate_explorer]: Reached frontier. Waiting for the map to expose new frontiers.
[INFO] [1788842286.651171263] [candidate_explorer]: Detected 9955 frontier cells
[INFO] [1788842286.659627188] [candidate_explorer]: Found 137 frontier clusters after filtering
[INFO] [1788842286.666317904] [candidate_explorer]: Selected frontier cluster: size=7352, goal=(-5.20, -0.47), distance=0.61
[INFO] [1788842286.667209091] [candidate_explorer]: Checking global path to frontier (-5.20, -0.47), distance=0.61m
[INFO] [1788842286.677450182] [candidate_explorer]: Nav2 path to frontier is 0.61m (straight-line=0.61m, detour=1.0x)
[INFO] [1788842286.678275037] [candidate_explorer]: Global path accepted. Navigating to frontier (-5.20, -0.47)
[bt_navigator-7] [INFO] [1788842286.678663319] [bt_navigator]: Begin navigating from current location (-5.81, -0.48) to (-5.20, -0.47)
[controller_server-3] [INFO] [1788842286.701365823] [controller_server]: Received a goal, begin computing control effort.
[controller_server-3] [INFO] [1788842287.752648975] [controller_server]: Passing new path to controller.
[controller_server-3] [INFO] [1788842288.304458055] [controller_server]: Reached the goal!
[bt_navigator-7] [INFO] [1788842288.340393078] [bt_navigator]: Goal succeeded
[INFO] [1788842288.340820943] [candidate_explorer]: Frontier goal finished: success=True
[INFO] [1788842288.341085812] [candidate_explorer]: Reached frontier. Waiting for the map to expose new frontiers.
[INFO] [1788842288.422164764] [candidate_explorer]: Detected 9924 frontier cells
[INFO] [1788842288.430830183] [candidate_explorer]: Found 137 frontier clusters after filtering
[INFO] [1788842288.437448860] [candidate_explorer]: Selected frontier cluster: size=7330, goal=(-5.94, -0.53), distance=0.61
[INFO] [1788842288.438302298] [candidate_explorer]: Checking global path to frontier (-5.94, -0.53), distance=0.61m
[INFO] [1788842288.448274645] [candidate_explorer]: Nav2 path to frontier is 0.61m (straight-line=0.61m, detour=1.0x)
[INFO] [1788842288.449043585] [candidate_explorer]: Global path accepted. Navigating to frontier (-5.94, -0.53)
[bt_navigator-7] [INFO] [1788842288.449498282] [bt_navigator]: Begin navigating from current location (-5.36, -0.35) to (-5.94, -0.53)
[controller_server-3] [INFO] [1788842288.471602175] [controller_server]: Received a goal, begin computing control effort.
[controller_server-3] [INFO] [1788842289.522010472] [controller_server]: Passing new path to controller.
[controller_server-3] [INFO] [1788842290.031068567] [controller_server]: Reached the goal!
[bt_navigator-7] [INFO] [1788842290.060572367] [bt_navigator]: Goal succeeded
[INFO] [1788842290.061030606] [candidate_explorer]: Frontier goal finished: success=True
[INFO] [1788842290.061252351] [candidate_explorer]: Reached frontier. Waiting for the map to expose new frontiers.
[INFO] [1788842290.174294753] [candidate_explorer]: Detected 9846 frontier cells
[INFO] [1788842290.182901799] [candidate_explorer]: Found 135 frontier clusters after filtering
[INFO] [1788842290.189351771] [candidate_explorer]: Selected frontier cluster: size=7202, goal=(-6.36, -0.64), distance=0.60
[INFO] [1788842290.190192751] [candidate_explorer]: Checking global path to frontier (-6.36, -0.64), distance=0.60m
[INFO] [1788842290.200199056] [candidate_explorer]: Nav2 path to frontier is 0.61m (straight-line=0.60m, detour=1.0x)
[INFO] [1788842290.201035744] [candidate_explorer]: Global path accepted. Navigating to frontier (-6.36, -0.64)
[bt_navigator-7] [INFO] [1788842290.201445235] [bt_navigator]: Begin navigating from current location (-5.76, -0.64) to (-6.36, -0.64)
[controller_server-3] [INFO] [1788842290.225127256] [controller_server]: Received a goal, begin computing control effort.
[planner_server-5] [INFO] [1788842290.378205876] [global_costmap.global_costmap]: StaticLayer: Resizing costmap to 732 X 482 at 0.015000 m/pix
[controller_server-3] [INFO] [1788842290.678128638] [controller_server]: Reached the goal!
[bt_navigator-7] [INFO] [1788842290.712653403] [bt_navigator]: Goal succeeded
[INFO] [1788842290.715063262] [candidate_explorer]: Frontier goal finished: success=True
[INFO] [1788842290.715326256] [candidate_explorer]: Reached frontier. Waiting for the map to expose new frontiers.
[INFO] [1788842290.904095821] [candidate_explorer]: Detected 9846 frontier cells
[INFO] [1788842290.913554805] [candidate_explorer]: Found 135 frontier clusters after filtering
[INFO] [1788842290.920321186] [candidate_explorer]: Selected frontier cluster: size=7202, goal=(-5.55, -0.60), distance=0.60
[INFO] [1788842290.921282622] [candidate_explorer]: Checking global path to frontier (-5.55, -0.60), distance=0.60m
[INFO] [1788842290.931706916] [candidate_explorer]: Nav2 path to frontier is 0.61m (straight-line=0.60m, detour=1.0x)
[INFO] [1788842290.932525605] [candidate_explorer]: Global path accepted. Navigating to frontier (-5.55, -0.60)
[bt_navigator-7] [INFO] [1788842290.932969886] [bt_navigator]: Begin navigating from current location (-6.15, -0.66) to (-5.55, -0.60)
[controller_server-3] [INFO] [1788842290.954571666] [controller_server]: Received a goal, begin computing control effort.
[controller_server-3] [INFO] [1788842292.005299789] [controller_server]: Passing new path to controller.
[controller_server-3] [INFO] [1788842292.558304758] [controller_server]: Reached the goal!
[bt_navigator-7] [INFO] [1788842292.583477494] [bt_navigator]: Goal succeeded
[INFO] [1788842292.585896187] [candidate_explorer]: Frontier goal finished: success=True
[INFO] [1788842292.586157722] [candidate_explorer]: Reached frontier. Waiting for the map to expose new frontiers.
[INFO] [1788842292.673844643] [candidate_explorer]: Detected 9846 frontier cells
[INFO] [1788842292.682365316] [candidate_explorer]: Found 135 frontier clusters after filtering
[INFO] [1788842292.688606418] [candidate_explorer]: Selected frontier cluster: size=7202, goal=(-6.28, -0.67), distance=0.60
[INFO] [1788842292.689461898] [candidate_explorer]: Checking global path to frontier (-6.28, -0.67), distance=0.60m
[INFO] [1788842292.699468410] [candidate_explorer]: Nav2 path to frontier is 0.61m (straight-line=0.60m, detour=1.0x)
[INFO] [1788842292.700279141] [candidate_explorer]: Global path accepted. Navigating to frontier (-6.28, -0.67)
[bt_navigator-7] [INFO] [1788842292.700749213] [bt_navigator]: Begin navigating from current location (-5.71, -0.49) to (-6.28, -0.67)
[controller_server-3] [INFO] [1788842292.723775001] [controller_server]: Received a goal, begin computing control effort.
[controller_server-3] [INFO] [1788842293.774118966] [controller_server]: Passing new path to controller.
[controller_server-3] [INFO] [1788842294.385457677] [controller_server]: Reached the goal!
[bt_navigator-7] [INFO] [1788842294.423850558] [bt_navigator]: Goal succeeded
[INFO] [1788842294.426202752] [candidate_explorer]: Frontier goal finished: success=True
[INFO] [1788842294.426417122] [candidate_explorer]: Reached frontier. Waiting for the map to expose new frontiers.
[INFO] [1788842294.672691365] [candidate_explorer]: Detected 9901 frontier cells
[INFO] [1788842294.681296286] [candidate_explorer]: Found 136 frontier clusters after filtering
[INFO] [1788842294.687749258] [candidate_explorer]: Selected frontier cluster: size=9, goal=(-7.53, -0.84), distance=1.43
[INFO] [1788842294.688666861] [candidate_explorer]: Checking global path to frontier (-7.53, -0.84), distance=1.43m
[INFO] [1788842294.700281169] [candidate_explorer]: Nav2 path to frontier is 1.43m (straight-line=1.43m, detour=1.0x)
[INFO] [1788842294.701669636] [candidate_explorer]: Global path accepted. Navigating to frontier (-7.53, -0.84)
[bt_navigator-7] [INFO] [1788842294.702106126] [bt_navigator]: Begin navigating from current location (-6.10, -0.78) to (-7.53, -0.84)
[controller_server-3] [INFO] [1788842294.724417680] [controller_server]: Received a goal, begin computing control effort.
[controller_server-3] [INFO] [1788842295.775741289] [controller_server]: Passing new path to controller.
[controller_server-3] [INFO] [1788842295.877905950] [controller_server]: Reached the goal!
[bt_navigator-7] [INFO] [1788842295.912668917] [bt_navigator]: Goal succeeded
[INFO] [1788842295.915095401] [candidate_explorer]: Frontier goal finished: success=True
[INFO] [1788842295.915317938] [candidate_explorer]: Reached frontier. Waiting for the map to expose new frontiers.
[INFO] [1788842296.175851134] [candidate_explorer]: Detected 9833 frontier cells
[INFO] [1788842296.184627509] [candidate_explorer]: Found 137 frontier clusters after filtering
[INFO] [1788842296.191172146] [candidate_explorer]: Selected frontier cluster: size=7, goal=(-7.92, -0.91), distance=0.61
[INFO] [1788842296.192082833] [candidate_explorer]: Checking global path to frontier (-7.92, -0.91), distance=0.61m
[INFO] [1788842296.202202176] [candidate_explorer]: Nav2 path to frontier is 0.61m (straight-line=0.61m, detour=1.0x)
[INFO] [1788842296.202921159] [candidate_explorer]: Global path accepted. Navigating to frontier (-7.92, -0.91)
[bt_navigator-7] [INFO] [1788842296.203418730] [bt_navigator]: Begin navigating from current location (-7.32, -0.81) to (-7.92, -0.91)
[controller_server-3] [INFO] [1788842296.224698267] [controller_server]: Received a goal, begin computing control effort.
[controller_server-3] [INFO] [1788842296.678531713] [controller_server]: Reached the goal!
[bt_navigator-7] [INFO] [1788842296.717573412] [bt_navigator]: Goal succeeded
[INFO] [1788842296.718063317] [candidate_explorer]: Frontier goal finished: success=True
[INFO] [1788842296.718293978] [candidate_explorer]: Reached frontier. Waiting for the map to expose new frontiers.
[INFO] [1788842296.901438760] [candidate_explorer]: Detected 9833 frontier cells
[INFO] [1788842296.910015473] [candidate_explorer]: Found 137 frontier clusters after filtering
[INFO] [1788842296.916440738] [candidate_explorer]: Selected frontier cluster: size=7178, goal=(-7.12, -0.81), distance=0.60
[INFO] [1788842296.917293634] [candidate_explorer]: Checking global path to frontier (-7.12, -0.81), distance=0.60m
[INFO] [1788842296.927195441] [candidate_explorer]: Nav2 path to frontier is 0.61m (straight-line=0.60m, detour=1.0x)
[INFO] [1788842296.927869467] [candidate_explorer]: Global path accepted. Navigating to frontier (-7.12, -0.81)
[bt_navigator-7] [INFO] [1788842296.928270207] [bt_navigator]: Begin navigating from current location (-7.72, -0.87) to (-7.12, -0.81)
[controller_server-3] [INFO] [1788842296.950343850] [controller_server]: Received a goal, begin computing control effort.
[controller_server-3] [INFO] [1788842298.002393901] [controller_server]: Passing new path to controller.
[controller_server-3] [INFO] [1788842298.452381521] [controller_server]: Reached the goal!
[bt_navigator-7] [INFO] [1788842298.491441220] [bt_navigator]: Goal succeeded
[INFO] [1788842298.493984951] [candidate_explorer]: Frontier goal finished: success=True
[INFO] [1788842298.494214570] [candidate_explorer]: Reached frontier. Waiting for the map to expose new frontiers.
[INFO] [1788842298.677123399] [candidate_explorer]: Detected 9826 frontier cells
[INFO] [1788842298.685708446] [candidate_explorer]: Found 136 frontier clusters after filtering
[INFO] [1788842298.692092086] [candidate_explorer]: Selected frontier cluster: size=7178, goal=(-7.89, -0.90), distance=0.60
[INFO] [1788842298.692970524] [candidate_explorer]: Checking global path to frontier (-7.89, -0.90), distance=0.60m
[INFO] [1788842298.703114950] [candidate_explorer]: Nav2 path to frontier is 0.61m (straight-line=0.60m, detour=1.0x)
[INFO] [1788842298.703763851] [candidate_explorer]: Global path accepted. Navigating to frontier (-7.89, -0.90)
[bt_navigator-7] [INFO] [1788842298.704216174] [bt_navigator]: Begin navigating from current location (-7.32, -0.71) to (-7.89, -0.90)
[controller_server-3] [INFO] [1788842298.725436587] [controller_server]: Received a goal, begin computing control effort.
[controller_server-3] [INFO] [1788842299.776400038] [controller_server]: Passing new path to controller.
[planner_server-5] [INFO] [1788842300.379796145] [global_costmap.global_costmap]: StaticLayer: Resizing costmap to 970 X 508 at 0.015000 m/pix
[controller_server-3] [INFO] [1788842300.380573585] [controller_server]: Reached the goal!
[bt_navigator-7] [INFO] [1788842300.417507709] [bt_navigator]: Goal succeeded
[INFO] [1788842300.419795030] [candidate_explorer]: Frontier goal finished: success=True
[INFO] [1788842300.420054941] [candidate_explorer]: Reached frontier. Waiting for the map to expose new frontiers.
[INFO] [1788842300.682169391] [candidate_explorer]: Detected 9945 frontier cells
[INFO] [1788842300.690839227] [candidate_explorer]: Found 123 frontier clusters after filtering
[INFO] [1788842300.697194243] [candidate_explorer]: Selected frontier cluster: size=7561, goal=(-7.14, -0.81), distance=0.61
[INFO] [1788842300.698066348] [candidate_explorer]: Checking global path to frontier (-7.14, -0.81), distance=0.61m
[INFO] [1788842300.708269522] [candidate_explorer]: Nav2 path to frontier is 0.62m (straight-line=0.61m, detour=1.0x)
[INFO] [1788842300.709092211] [candidate_explorer]: Global path accepted. Navigating to frontier (-7.14, -0.81)
[bt_navigator-7] [INFO] [1788842300.709558700] [bt_navigator]: Begin navigating from current location (-7.71, -1.01) to (-7.14, -0.81)
[controller_server-3] [INFO] [1788842300.731551845] [controller_server]: Received a goal, begin computing control effort.
[controller_server-3] [INFO] [1788842301.782491714] [controller_server]: Passing new path to controller.
[controller_server-3] [INFO] [1788842302.483959245] [controller_server]: Reached the goal!
[bt_navigator-7] [INFO] [1788842302.523008985] [bt_navigator]: Goal succeeded
[INFO] [1788842302.523501599] [candidate_explorer]: Frontier goal finished: success=True
[INFO] [1788842302.523795925] [candidate_explorer]: Reached frontier. Waiting for the map to expose new frontiers.
[INFO] [1788842302.683045482] [candidate_explorer]: Detected 9945 frontier cells
[INFO] [1788842302.692582797] [candidate_explorer]: Found 123 frontier clusters after filtering
[INFO] [1788842302.699050686] [candidate_explorer]: Selected frontier cluster: size=7561, goal=(-7.81, -1.01), distance=0.61
[INFO] [1788842302.699941123] [candidate_explorer]: Checking global path to frontier (-7.81, -1.01), distance=0.61m
[INFO] [1788842302.710185963] [candidate_explorer]: Nav2 path to frontier is 0.61m (straight-line=0.61m, detour=1.0x)
[INFO] [1788842302.711052109] [candidate_explorer]: Global path accepted. Navigating to frontier (-7.81, -1.01)
[bt_navigator-7] [INFO] [1788842302.711446433] [bt_navigator]: Begin navigating from current location (-7.30, -0.68) to (-7.81, -1.01)
[controller_server-3] [INFO] [1788842302.732035570] [controller_server]: Received a goal, begin computing control effort.
[controller_server-3] [INFO] [1788842303.783896458] [controller_server]: Passing new path to controller.
[planner_server-5] [INFO] [1788842304.377189138] [global_costmap.global_costmap]: StaticLayer: Resizing costmap to 971 X 510 at 0.015000 m/pix
[controller_server-3] [INFO] [1788842304.436045076] [controller_server]: Reached the goal!
[bt_navigator-7] [INFO] [1788842304.474196754] [bt_navigator]: Goal succeeded
[INFO] [1788842304.474612953] [candidate_explorer]: Frontier goal finished: success=True
[INFO] [1788842304.474857989] [candidate_explorer]: Reached frontier. Waiting for the map to expose new frontiers.
[INFO] [1788842304.683270796] [candidate_explorer]: Detected 9863 frontier cells
[INFO] [1788842304.691729596] [candidate_explorer]: Found 117 frontier clusters after filtering
[INFO] [1788842304.698204400] [candidate_explorer]: Selected frontier cluster: size=7226, goal=(-7.05, -0.82), distance=0.61
[INFO] [1788842304.699020131] [candidate_explorer]: Checking global path to frontier (-7.05, -0.82), distance=0.61m
[INFO] [1788842304.709285679] [candidate_explorer]: Nav2 path to frontier is 0.64m (straight-line=0.61m, detour=1.1x)
[INFO] [1788842304.710153742] [candidate_explorer]: Global path accepted. Navigating to frontier (-7.05, -0.82)
[bt_navigator-7] [INFO] [1788842304.710616398] [bt_navigator]: Begin navigating from current location (-7.61, -1.07) to (-7.05, -0.82)
[controller_server-3] [INFO] [1788842304.733608102] [controller_server]: Received a goal, begin computing control effort.
[controller_server-3] [INFO] [1788842305.785061417] [controller_server]: Passing new path to controller.
[controller_server-3] [INFO] [1788842306.438097722] [controller_server]: Reached the goal!
[bt_navigator-7] [INFO] [1788842306.473284887] [bt_navigator]: Goal succeeded
[INFO] [1788842306.474101451] [candidate_explorer]: Frontier goal finished: success=True
[INFO] [1788842306.474396486] [candidate_explorer]: Reached frontier. Waiting for the map to expose new frontiers.
[INFO] [1788842306.684684707] [candidate_explorer]: Detected 9863 frontier cells
[INFO] [1788842306.693388334] [candidate_explorer]: Found 117 frontier clusters after filtering
[INFO] [1788842306.699684310] [candidate_explorer]: Selected frontier cluster: size=7226, goal=(-7.73, -1.06), distance=0.60
[INFO] [1788842306.700563539] [candidate_explorer]: Checking global path to frontier (-7.73, -1.06), distance=0.60m
[INFO] [1788842306.711318659] [candidate_explorer]: Nav2 path to frontier is 0.60m (straight-line=0.60m, detour=1.0x)
[INFO] [1788842306.712200972] [candidate_explorer]: Global path accepted. Navigating to frontier (-7.73, -1.06)
[bt_navigator-7] [INFO] [1788842306.712668335] [bt_navigator]: Begin navigating from current location (-7.24, -0.71) to (-7.73, -1.06)
[controller_server-3] [INFO] [1788842306.734651772] [controller_server]: Received a goal, begin computing control effort.
[controller_server-3] [INFO] [1788842307.785507060] [controller_server]: Passing new path to controller.
[controller_server-3] [INFO] [1788842308.340862764] [controller_server]: Reached the goal!
[bt_navigator-7] [INFO] [1788842308.374370511] [bt_navigator]: Goal succeeded
[INFO] [1788842308.376697789] [candidate_explorer]: Frontier goal finished: success=True
[INFO] [1788842308.376968533] [candidate_explorer]: Reached frontier. Waiting for the map to expose new frontiers.
[INFO] [1788842308.684790150] [candidate_explorer]: Detected 9858 frontier cells
[INFO] [1788842308.693327864] [candidate_explorer]: Found 117 frontier clusters after filtering
[INFO] [1788842308.699761045] [candidate_explorer]: Selected frontier cluster: size=7225, goal=(-6.99, -0.82), distance=0.60
[INFO] [1788842308.700654898] [candidate_explorer]: Checking global path to frontier (-6.99, -0.82), distance=0.60m
[INFO] [1788842308.710684036] [candidate_explorer]: Nav2 path to frontier is 0.62m (straight-line=0.60m, detour=1.0x)
[INFO] [1788842308.711532390] [candidate_explorer]: Global path accepted. Navigating to frontier (-6.99, -0.82)
[bt_navigator-7] [INFO] [1788842308.711952047] [bt_navigator]: Begin navigating from current location (-7.52, -1.12) to (-6.99, -0.82)
[controller_server-3] [INFO] [1788842308.732500518] [controller_server]: Received a goal, begin computing control effort.
[controller_server-3] [INFO] [1788842309.785096597] [controller_server]: Passing new path to controller.
[controller_server-3] [INFO] [1788842310.334778978] [controller_server]: Reached the goal!
[bt_navigator-7] [INFO] [1788842310.365807784] [bt_navigator]: Goal succeeded
[INFO] [1788842310.368345724] [candidate_explorer]: Frontier goal finished: success=True
[INFO] [1788842310.368602385] [candidate_explorer]: Reached frontier. Waiting for the map to expose new frontiers.
[INFO] [1788842310.685259875] [candidate_explorer]: Detected 9891 frontier cells
[INFO] [1788842310.693764798] [candidate_explorer]: Found 118 frontier clusters after filtering
[INFO] [1788842310.700581470] [candidate_explorer]: Selected frontier cluster: size=7242, goal=(-7.67, -1.12), distance=0.60
[INFO] [1788842310.701437075] [candidate_explorer]: Checking global path to frontier (-7.67, -1.12), distance=0.60m
[INFO] [1788842310.711439129] [candidate_explorer]: Nav2 path to frontier is 0.60m (straight-line=0.60m, detour=1.0x)
[INFO] [1788842310.712273984] [candidate_explorer]: Global path accepted. Navigating to frontier (-7.67, -1.12)
[bt_navigator-7] [INFO] [1788842310.712709391] [bt_navigator]: Begin navigating from current location (-7.21, -0.73) to (-7.67, -1.12)
[controller_server-3] [INFO] [1788842310.735914424] [controller_server]: Received a goal, begin computing control effort.
[controller_server-3] [INFO] [1788842311.787312948] [controller_server]: Passing new path to controller.
[controller_server-3] [INFO] [1788842312.438519046] [controller_server]: Reached the goal!
[INFO] [1788842312.473804209] [candidate_explorer]: Frontier goal finished: success=True
[INFO] [1788842312.474068953] [candidate_explorer]: Reached frontier. Waiting for the map to expose new frontiers.
[bt_navigator-7] [INFO] [1788842312.474106452] [bt_navigator]: Goal succeeded
[INFO] [1788842312.681821235] [candidate_explorer]: Detected 9892 frontier cells
[INFO] [1788842312.690819021] [candidate_explorer]: Found 117 frontier clusters after filtering
[INFO] [1788842312.697186787] [candidate_explorer]: Selected frontier cluster: size=7249, goal=(-6.95, -0.84), distance=0.60
[INFO] [1788842312.698060974] [candidate_explorer]: Checking global path to frontier (-6.95, -0.84), distance=0.60m
[INFO] [1788842312.715072988] [candidate_explorer]: Nav2 path to frontier is 0.61m (straight-line=0.60m, detour=1.0x)
[INFO] [1788842312.715939217] [candidate_explorer]: Global path accepted. Navigating to frontier (-6.95, -0.84)
[bt_navigator-7] [INFO] [1788842312.716531203] [bt_navigator]: Begin navigating from current location (-7.45, -1.16) to (-6.95, -0.84)
[controller_server-3] [INFO] [1788842312.739084168] [controller_server]: Received a goal, begin computing control effort.
[controller_server-3] [INFO] [1788842313.791528793] [controller_server]: Passing new path to controller.
[controller_server-3] [INFO] [1788842314.343236751] [controller_server]: Reached the goal!
[bt_navigator-7] [INFO] [1788842314.377325025] [bt_navigator]: Goal succeeded
[INFO] [1788842314.380121959] [candidate_explorer]: Frontier goal finished: success=True
[INFO] [1788842314.380580782] [candidate_explorer]: Reached frontier. Waiting for the map to expose new frontiers.
[INFO] [1788842314.684302954] [candidate_explorer]: Detected 9892 frontier cells
[INFO] [1788842314.692760003] [candidate_explorer]: Found 117 frontier clusters after filtering
[INFO] [1788842314.699077478] [candidate_explorer]: Selected frontier cluster: size=7249, goal=(-7.64, -1.12), distance=0.60
[INFO] [1788842314.699965291] [candidate_explorer]: Checking global path to frontier (-7.64, -1.12), distance=0.60m
[INFO] [1788842314.710378085] [candidate_explorer]: Nav2 path to frontier is 0.60m (straight-line=0.60m, detour=1.0x)
[INFO] [1788842314.711318188] [candidate_explorer]: Global path accepted. Navigating to frontier (-7.64, -1.12)
[bt_navigator-7] [INFO] [1788842314.711737387] [bt_navigator]: Begin navigating from current location (-7.16, -0.75) to (-7.64, -1.12)
[controller_server-3] [INFO] [1788842314.732644557] [controller_server]: Received a goal, begin computing control effort.
[controller_server-3] [INFO] [1788842315.786373985] [controller_server]: Passing new path to controller.
[controller_server-3] [INFO] [1788842316.387044823] [controller_server]: Reached the goal!
[bt_navigator-7] [INFO] [1788842316.426127730] [bt_navigator]: Goal succeeded
[INFO] [1788842316.428495048] [candidate_explorer]: Frontier goal finished: success=True
[INFO] [1788842316.428716585] [candidate_explorer]: Reached frontier. Waiting for the map to expose new frontiers.
[INFO] [1788842316.684498186] [candidate_explorer]: Detected 9927 frontier cells
[INFO] [1788842316.693011067] [candidate_explorer]: Found 121 frontier clusters after filtering
[INFO] [1788842316.699437540] [candidate_explorer]: Selected frontier cluster: size=7245, goal=(-8.04, -1.11), distance=0.61
[INFO] [1788842316.700365934] [candidate_explorer]: Checking global path to frontier (-8.04, -1.11), distance=0.61m
[INFO] [1788842316.710221784] [candidate_explorer]: Nav2 path to frontier is 0.62m (straight-line=0.61m, detour=1.0x)
[INFO] [1788842316.711066556] [candidate_explorer]: Global path accepted. Navigating to frontier (-8.04, -1.11)
[bt_navigator-7] [INFO] [1788842316.711536336] [bt_navigator]: Begin navigating from current location (-7.44, -1.16) to (-8.04, -1.11)
[controller_server-3] [INFO] [1788842316.733365527] [controller_server]: Received a goal, begin computing control effort.
[controller_server-3] [INFO] [1788842317.236047564] [controller_server]: Reached the goal!
[bt_navigator-7] [INFO] [1788842317.272177540] [bt_navigator]: Goal succeeded
[INFO] [1788842317.274650523] [candidate_explorer]: Frontier goal finished: success=True
[INFO] [1788842317.274901767] [candidate_explorer]: Reached frontier. Waiting for the map to expose new frontiers.
[INFO] [1788842317.407600037] [candidate_explorer]: Detected 9927 frontier cells
[INFO] [1788842317.416157793] [candidate_explorer]: Found 121 frontier clusters after filtering
[INFO] [1788842317.422460643] [candidate_explorer]: Selected frontier cluster: size=7245, goal=(-7.25, -1.03), distance=0.61
[INFO] [1788842317.423289665] [candidate_explorer]: Checking global path to frontier (-7.25, -1.03), distance=0.61m
[INFO] [1788842317.433353468] [candidate_explorer]: Nav2 path to frontier is 0.61m (straight-line=0.61m, detour=1.0x)
[INFO] [1788842317.434126325] [candidate_explorer]: Global path accepted. Navigating to frontier (-7.25, -1.03)
[bt_navigator-7] [INFO] [1788842317.434632604] [bt_navigator]: Begin navigating from current location (-7.83, -1.20) to (-7.25, -1.03)
[controller_server-3] [INFO] [1788842317.457203986] [controller_server]: Received a goal, begin computing control effort.
[planner_server-5] [INFO] [1788842318.377653907] [global_costmap.global_costmap]: StaticLayer: Resizing costmap to 972 X 510 at 0.015000 m/pix
[controller_server-3] [INFO] [1788842318.510015268] [controller_server]: Passing new path to controller.
[controller_server-3] [INFO] [1788842319.011065469] [controller_server]: Reached the goal!
[bt_navigator-7] [INFO] [1788842319.045524610] [bt_navigator]: Goal succeeded
[INFO] [1788842319.048071341] [candidate_explorer]: Frontier goal finished: success=True
[INFO] [1788842319.048377793] [candidate_explorer]: Reached frontier. Waiting for the map to expose new frontiers.
[INFO] [1788842319.182810729] [candidate_explorer]: Detected 10045 frontier cells
[INFO] [1788842319.191695644] [candidate_explorer]: Found 133 frontier clusters after filtering
[INFO] [1788842319.198185365] [candidate_explorer]: Selected frontier cluster: size=7785, goal=(-7.97, -1.12), distance=0.60
[INFO] [1788842319.199082635] [candidate_explorer]: Checking global path to frontier (-7.97, -1.12), distance=0.60m
[INFO] [1788842319.209194687] [candidate_explorer]: Nav2 path to frontier is 0.62m (straight-line=0.60m, detour=1.0x)
[INFO] [1788842319.209956377] [candidate_explorer]: Global path accepted. Navigating to frontier (-7.97, -1.12)
[bt_navigator-7] [INFO] [1788842319.210386367] [bt_navigator]: Begin navigating from current location (-7.40, -0.93) to (-7.97, -1.12)
[controller_server-3] [INFO] [1788842319.232397637] [controller_server]: Received a goal, begin computing control effort.
[controller_server-3] [INFO] [1788842320.282984847] [controller_server]: Passing new path to controller.
[controller_server-3] [INFO] [1788842320.837434282] [controller_server]: Reached the goal!
[INFO] [1788842320.874417404] [candidate_explorer]: Frontier goal finished: success=True
[INFO] [1788842320.874656440] [candidate_explorer]: Reached frontier. Waiting for the map to expose new frontiers.
[bt_navigator-7] [INFO] [1788842320.874857644] [bt_navigator]: Goal succeeded
[INFO] [1788842321.185990640] [candidate_explorer]: Detected 10045 frontier cells
[INFO] [1788842321.196484725] [candidate_explorer]: Found 133 frontier clusters after filtering
[INFO] [1788842321.203500100] [candidate_explorer]: Selected frontier cluster: size=7785, goal=(-7.24, -1.03), distance=0.60
[INFO] [1788842321.204591658] [candidate_explorer]: Checking global path to frontier (-7.24, -1.03), distance=0.60m
[INFO] [1788842321.229383320] [candidate_explorer]: Nav2 path to frontier is 0.63m (straight-line=0.60m, detour=1.1x)
[INFO] [1788842321.231685723] [candidate_explorer]: Global path accepted. Navigating to frontier (-7.24, -1.03)
[bt_navigator-7] [INFO] [1788842321.232980109] [bt_navigator]: Begin navigating from current location (-7.80, -1.26) to (-7.24, -1.03)
[controller_server-3] [INFO] [1788842321.255227998] [controller_server]: Received a goal, begin computing control effort.
[controller_server-3] [INFO] [1788842322.306954557] [controller_server]: Passing new path to controller.
[controller_server-3] [INFO] [1788842322.910253833] [controller_server]: Reached the goal!
[bt_navigator-7] [INFO] [1788842322.944248276] [bt_navigator]: Goal succeeded
[INFO] [1788842322.946552097] [candidate_explorer]: Frontier goal finished: success=True
[INFO] [1788842322.946808966] [candidate_explorer]: Reached frontier. Waiting for the map to expose new frontiers.
[INFO] [1788842323.184051506] [candidate_explorer]: Detected 10179 frontier cells
[INFO] [1788842323.192945295] [candidate_explorer]: Found 141 frontier clusters after filtering
[INFO] [1788842323.199461391] [candidate_explorer]: Selected frontier cluster: size=7779, goal=(-7.93, -1.26), distance=0.61
[INFO] [1788842323.200328620] [candidate_explorer]: Checking global path to frontier (-7.93, -1.26), distance=0.61m
[INFO] [1788842323.210398548] [candidate_explorer]: Nav2 path to frontier is 0.61m (straight-line=0.61m, detour=1.0x)
[INFO] [1788842323.211287944] [candidate_explorer]: Global path accepted. Navigating to frontier (-7.93, -1.26)
[bt_navigator-7] [INFO] [1788842323.211747516] [bt_navigator]: Begin navigating from current location (-7.42, -0.94) to (-7.93, -1.26)
[controller_server-3] [INFO] [1788842323.232539315] [controller_server]: Received a goal, begin computing control effort.
[controller_server-3] [INFO] [1788842324.285459011] [controller_server]: Passing new path to controller.
[controller_server-3] [INFO] [1788842324.786221094] [controller_server]: Reached the goal!
[bt_navigator-7] [INFO] [1788842324.825666908] [bt_navigator]: Goal succeeded
[INFO] [1788842324.826028858] [candidate_explorer]: Frontier goal finished: success=True
[INFO] [1788842324.826246895] [candidate_explorer]: Reached frontier. Waiting for the map to expose new frontiers.
[INFO] [1788842324.931175823] [candidate_explorer]: Detected 10179 frontier cells
[INFO] [1788842324.940006280] [candidate_explorer]: Found 141 frontier clusters after filtering
[INFO] [1788842324.946491626] [candidate_explorer]: Selected frontier cluster: size=7779, goal=(-7.18, -1.03), distance=0.60
[INFO] [1788842324.947378647] [candidate_explorer]: Checking global path to frontier (-7.18, -1.03), distance=0.60m
[INFO] [1788842324.957377952] [candidate_explorer]: Nav2 path to frontier is 0.62m (straight-line=0.60m, detour=1.0x)
[INFO] [1788842324.958182724] [candidate_explorer]: Global path accepted. Navigating to frontier (-7.18, -1.03)
[bt_navigator-7] [INFO] [1788842324.958639672] [bt_navigator]: Begin navigating from current location (-7.70, -1.33) to (-7.18, -1.03)
[controller_server-3] [INFO] [1788842324.979575508] [controller_server]: Received a goal, begin computing control effort.
[controller_server-3] [INFO] [1788842326.031819263] [controller_server]: Passing new path to controller.
[planner_server-5] [INFO] [1788842326.377864056] [global_costmap.global_costmap]: StaticLayer: Resizing costmap to 972 X 510 at 0.015000 m/pix
[controller_server-3] [INFO] [1788842326.682689327] [controller_server]: Reached the goal!
[bt_navigator-7] [INFO] [1788842326.711370230] [bt_navigator]: Goal succeeded
[INFO] [1788842326.713585803] [candidate_explorer]: Frontier goal finished: success=True
[INFO] [1788842326.713840755] [candidate_explorer]: Reached frontier. Waiting for the map to expose new frontiers.
[INFO] [1788842326.934231445] [candidate_explorer]: Detected 10572 frontier cells
[INFO] [1788842326.943232982] [candidate_explorer]: Found 138 frontier clusters after filtering
[INFO] [1788842326.950177525] [candidate_explorer]: Selected frontier cluster: size=7584, goal=(-7.87, -1.30), distance=0.60
[INFO] [1788842326.951128961] [candidate_explorer]: Checking global path to frontier (-7.87, -1.30), distance=0.60m
[INFO] [1788842326.960815606] [candidate_explorer]: Nav2 path to frontier is 0.60m (straight-line=0.60m, detour=1.0x)
[INFO] [1788842326.961584338] [candidate_explorer]: Global path accepted. Navigating to frontier (-7.87, -1.30)
[bt_navigator-7] [INFO] [1788842326.961968162] [bt_navigator]: Begin navigating from current location (-7.39, -0.95) to (-7.87, -1.30)
[controller_server-3] [INFO] [1788842326.983689772] [controller_server]: Received a goal, begin computing control effort.
[controller_server-3] [INFO] [1788842328.034558059] [controller_server]: Passing new path to controller.
[planner_server-5] [INFO] [1788842328.378877060] [global_costmap.global_costmap]: StaticLayer: Resizing costmap to 972 X 510 at 0.015000 m/pix
[controller_server-3] [INFO] [1788842328.636172542] [controller_server]: Reached the goal!
[bt_navigator-7] [INFO] [1788842328.672184771] [bt_navigator]: Goal succeeded
[INFO] [1788842328.674473342] [candidate_explorer]: Frontier goal finished: success=True
[INFO] [1788842328.674722919] [candidate_explorer]: Reached frontier. Waiting for the map to expose new frontiers.
[INFO] [1788842328.933216456] [candidate_explorer]: Detected 10831 frontier cells
[INFO] [1788842328.942488152] [candidate_explorer]: Found 146 frontier clusters after filtering
[INFO] [1788842328.949677899] [candidate_explorer]: Selected frontier cluster: size=7070, goal=(-7.16, -1.02), distance=0.60
[INFO] [1788842328.950662042] [candidate_explorer]: Checking global path to frontier (-7.16, -1.02), distance=0.60m
[INFO] [1788842328.960293189] [candidate_explorer]: Nav2 path to frontier is 0.65m (straight-line=0.60m, detour=1.1x)
[INFO] [1788842328.961154085] [candidate_explorer]: Global path accepted. Navigating to frontier (-7.16, -1.02)
[bt_navigator-7] [INFO] [1788842328.961564825] [bt_navigator]: Begin navigating from current location (-7.66, -1.35) to (-7.16, -1.02)
[controller_server-3] [INFO] [1788842328.984656027] [controller_server]: Received a goal, begin computing control effort.
[controller_server-3] [INFO] [1788842330.034986035] [controller_server]: Passing new path to controller.
[planner_server-5] [INFO] [1788842330.384011925] [global_costmap.global_costmap]: StaticLayer: Resizing costmap to 973 X 510 at 0.015000 m/pix
[controller_server-3] [INFO] [1788842330.640955915] [controller_server]: Reached the goal!
[bt_navigator-7] [INFO] [1788842330.674751738] [bt_navigator]: Goal succeeded
[INFO] [1788842330.677147265] [candidate_explorer]: Frontier goal finished: success=True
[INFO] [1788842330.677405800] [candidate_explorer]: Reached frontier. Waiting for the map to expose new frontiers.
[INFO] [1788842330.939713246] [candidate_explorer]: Detected 11067 frontier cells
[INFO] [1788842330.949322227] [candidate_explorer]: Found 129 frontier clusters after filtering
[INFO] [1788842330.956473891] [candidate_explorer]: Selected frontier cluster: size=7362, goal=(-7.82, -1.35), distance=0.60
[INFO] [1788842330.957462492] [candidate_explorer]: Checking global path to frontier (-7.82, -1.35), distance=0.60m
[INFO] [1788842330.967669458] [candidate_explorer]: Nav2 path to frontier is 0.61m (straight-line=0.60m, detour=1.0x)
[INFO] [1788842330.968452898] [candidate_explorer]: Global path accepted. Navigating to frontier (-7.82, -1.35)
[bt_navigator-7] [INFO] [1788842330.968843597] [bt_navigator]: Begin navigating from current location (-7.37, -0.95) to (-7.82, -1.35)
[controller_server-3] [INFO] [1788842330.991423312] [controller_server]: Received a goal, begin computing control effort.
[controller_server-3] [INFO] [1788842332.044559461] [controller_server]: Passing new path to controller.
[controller_server-3] [INFO] [1788842332.545726410] [controller_server]: Reached the goal!
[bt_navigator-7] [INFO] [1788842332.580454878] [bt_navigator]: Goal succeeded
[INFO] [1788842332.581050530] [candidate_explorer]: Frontier goal finished: success=True
[INFO] [1788842332.581331857] [candidate_explorer]: Reached frontier. Waiting for the map to expose new frontiers.
[INFO] [1788842332.689952114] [candidate_explorer]: Detected 11196 frontier cells
[INFO] [1788842332.701634212] [candidate_explorer]: Found 130 frontier clusters after filtering
[INFO] [1788842332.709793185] [candidate_explorer]: Selected frontier cluster: size=7366, goal=(-7.11, -1.02), distance=0.60
[INFO] [1788842332.711009531] [candidate_explorer]: Checking global path to frontier (-7.11, -1.02), distance=0.60m
[INFO] [1788842332.722846167] [candidate_explorer]: Nav2 path to frontier is 0.63m (straight-line=0.60m, detour=1.0x)
[INFO] [1788842332.723730605] [candidate_explorer]: Global path accepted. Navigating to frontier (-7.11, -1.02)
[bt_navigator-7] [INFO] [1788842332.724569293] [bt_navigator]: Begin navigating from current location (-7.59, -1.39) to (-7.11, -1.02)
[controller_server-3] [INFO] [1788842332.747859283] [controller_server]: Received a goal, begin computing control effort.
[controller_server-3] [INFO] [1788842333.800898935] [controller_server]: Passing new path to controller.
[controller_server-3] [INFO] [1788842334.403069779] [controller_server]: Reached the goal!
[bt_navigator-7] [INFO] [1788842334.435938916] [bt_navigator]: Goal succeeded
[INFO] [1788842334.438229779] [candidate_explorer]: Frontier goal finished: success=True
[INFO] [1788842334.438491772] [candidate_explorer]: Reached frontier. Waiting for the map to expose new frontiers.
[INFO] [1788842334.684647393] [candidate_explorer]: Detected 11375 frontier cells
[INFO] [1788842334.694391579] [candidate_explorer]: Found 128 frontier clusters after filtering
[INFO] [1788842334.701921650] [candidate_explorer]: Selected frontier cluster: size=7365, goal=(-7.74, -1.38), distance=0.60
[INFO] [1788842334.703034957] [candidate_explorer]: Checking global path to frontier (-7.74, -1.38), distance=0.60m
[INFO] [1788842334.712757018] [candidate_explorer]: Nav2 path to frontier is 0.61m (straight-line=0.60m, detour=1.0x)
[INFO] [1788842334.713570040] [candidate_explorer]: Global path accepted. Navigating to frontier (-7.74, -1.38)
[bt_navigator-7] [INFO] [1788842334.714017113] [bt_navigator]: Begin navigating from current location (-7.31, -0.96) to (-7.74, -1.38)
[controller_server-3] [INFO] [1788842334.736217378] [controller_server]: Received a goal, begin computing control effort.
[controller_server-3] [INFO] [1788842335.787364034] [controller_server]: Passing new path to controller.
[controller_server-3] [INFO] [1788842336.343377056] [controller_server]: Reached the goal!
[bt_navigator-7] [INFO] [1788842336.375705123] [bt_navigator]: Goal succeeded
[INFO] [1788842336.378032276] [candidate_explorer]: Frontier goal finished: success=True
[INFO] [1788842336.378349977] [candidate_explorer]: Reached frontier. Waiting for the map to expose new frontiers.
[INFO] [1788842336.685441277] [candidate_explorer]: Detected 11447 frontier cells
[INFO] [1788842336.695856572] [candidate_explorer]: Found 125 frontier clusters after filtering
[INFO] [1788842336.703730719] [candidate_explorer]: Selected frontier cluster: size=7370, goal=(-8.13, -1.36), distance=0.61
[INFO] [1788842336.704865108] [candidate_explorer]: Checking global path to frontier (-8.13, -1.36), distance=0.61m
[INFO] [1788842336.714799373] [candidate_explorer]: Nav2 path to frontier is 0.62m (straight-line=0.61m, detour=1.0x)
[INFO] [1788842336.715454107] [candidate_explorer]: Global path accepted. Navigating to frontier (-8.13, -1.36)
[bt_navigator-7] [INFO] [1788842336.715886472] [bt_navigator]: Begin navigating from current location (-7.52, -1.38) to (-8.13, -1.36)
[controller_server-3] [INFO] [1788842336.737644164] [controller_server]: Received a goal, begin computing control effort.
[controller_server-3] [INFO] [1788842337.240097957] [controller_server]: Reached the goal!
[bt_navigator-7] [INFO] [1788842337.276897084] [bt_navigator]: Goal succeeded
[INFO] [1788842337.277350365] [candidate_explorer]: Frontier goal finished: success=True
[INFO] [1788842337.277599526] [candidate_explorer]: Reached frontier. Waiting for the map to expose new frontiers.
[INFO] [1788842337.409095616] [candidate_explorer]: Detected 11447 frontier cells
[INFO] [1788842337.418752345] [candidate_explorer]: Found 125 frontier clusters after filtering
[INFO] [1788842337.426037839] [candidate_explorer]: Selected frontier cluster: size=7370, goal=(-7.35, -1.24), distance=0.60
[INFO] [1788842337.427035732] [candidate_explorer]: Checking global path to frontier (-7.35, -1.24), distance=0.60m
[INFO] [1788842337.437252490] [candidate_explorer]: Nav2 path to frontier is 0.71m (straight-line=0.60m, detour=1.2x)
[INFO] [1788842337.438017805] [candidate_explorer]: Global path accepted. Navigating to frontier (-7.35, -1.24)
[bt_navigator-7] [INFO] [1788842337.438469544] [bt_navigator]: Begin navigating from current location (-7.92, -1.46) to (-7.35, -1.24)
[controller_server-3] [INFO] [1788842337.461772908] [controller_server]: Received a goal, begin computing control effort.
[controller_server-3] [INFO] [1788842338.513192390] [controller_server]: Passing new path to controller.
[controller_server-3] [INFO] [1788842339.114226970] [controller_server]: Reached the goal!
[bt_navigator-7] [INFO] [1788842339.149369637] [bt_navigator]: Goal succeeded
[INFO] [1788842339.149861458] [candidate_explorer]: Frontier goal finished: success=True
[INFO] [1788842339.150109161] [candidate_explorer]: Reached frontier. Waiting for the map to expose new frontiers.
[INFO] [1788842339.436538576] [candidate_explorer]: Detected 11577 frontier cells
[INFO] [1788842339.446163515] [candidate_explorer]: Found 127 frontier clusters after filtering
[INFO] [1788842339.453776918] [candidate_explorer]: Selected frontier cluster: size=7370, goal=(-8.06, -1.44), distance=0.60
[INFO] [1788842339.454734936] [candidate_explorer]: Checking global path to frontier (-8.06, -1.44), distance=0.60m
[INFO] [1788842339.464618702] [candidate_explorer]: Nav2 path to frontier is 0.61m (straight-line=0.60m, detour=1.0x)
[INFO] [1788842339.465303769] [candidate_explorer]: Global path accepted. Navigating to frontier (-8.06, -1.44)
[bt_navigator-7] [INFO] [1788842339.465636886] [bt_navigator]: Begin navigating from current location (-7.53, -1.14) to (-8.06, -1.44)
[controller_server-3] [INFO] [1788842339.487117335] [controller_server]: Received a goal, begin computing control effort.
[planner_server-5] [WARN] [1788842340.488293676] [planner_server]: Cannot create a plan: the robot's start position is off the global costmap. Planning will always fail, are you sure the robot has been properly localized?
[planner_server-5] [WARN] [1788842340.488346799] [planner_server]: GridBased: failed to create plan with tolerance 0.50.
[planner_server-5] [WARN] [1788842340.488355924] [planner_server]: Planning algorithm GridBased failed to generate a valid path to (-8.06, -1.44)
[planner_server-5] [WARN] [1788842340.488364007] [planner_server]: [compute_path_to_pose] [ActionServer] Aborting handle.
[bt_navigator-7] [ERROR] [1788842340.523099017] [bt_navigator_navigate_to_pose_rclcpp_node]: Failed to get result for follow_path in node halt!
[bt_navigator-7] [WARN] [1788842340.527584702] [BehaviorTreeEngine]: Behavior Tree tick rate 100.00 was exceeded!
[behavior_server-6] [INFO] [1788842340.528113023] [behavior_server]: Running backup
[behavior_server-6] [INFO] [1788842340.529322994] [behavior_server]: DriveOnHeading: no acceleration or deceleration limits set
[controller_server-3] [INFO] [1788842340.537389511] [controller_server]: Goal was canceled. Stopping the robot.
[controller_server-3] [INFO] [1788842340.537422135] [controller_server]: [follow_path] [ActionServer] Client requested to cancel the goal. Cancelling.
[planner_server-5] [WARN] [1788842341.380236481] [nav2_costmap_2d]: Robot is out of bounds of the costmap!
[planner_server-5] [WARN] [1788842341.381166209] [global_costmap.global_costmap]: Sensor origin at (-7.60, -1.54) is out of map bounds (-13.08, -1.52) to (1.51, 6.12). The costmap cannot raytrace for it.
[behavior_server-6] [INFO] [1788842342.030914925] [behavior_server]: backup completed successfully
[planner_server-5] [WARN] [1788842342.049563358] [planner_server]: Cannot create a plan: the robot's start position is off the global costmap. Planning will always fail, are you sure the robot has been properly localized?
[planner_server-5] [WARN] [1788842342.049594732] [planner_server]: GridBased: failed to create plan with tolerance 0.50.
[planner_server-5] [WARN] [1788842342.049599607] [planner_server]: Planning algorithm GridBased failed to generate a valid path to (-8.06, -1.44)
[planner_server-5] [WARN] [1788842342.049604857] [planner_server]: [compute_path_to_pose] [ActionServer] Aborting handle.
[behavior_server-6] [INFO] [1788842342.070456904] [behavior_server]: Running spin
[behavior_server-6] [INFO] [1788842342.070501028] [behavior_server]: Turning 1.57 for spin behavior.
[planner_server-5] [WARN] [1788842342.378794009] [nav2_costmap_2d]: Robot is out of bounds of the costmap!
[planner_server-5] [INFO] [1788842342.378812008] [global_costmap.global_costmap]: StaticLayer: Resizing costmap to 973 X 511 at 0.015000 m/pix
[planner_server-5] [WARN] [1788842342.379984730] [global_costmap.global_costmap]: Sensor origin at (-7.33, -1.55) is out of map bounds (-13.08, -1.53) to (1.51, 6.12). The costmap cannot raytrace for it.
[behavior_server-6] [INFO] [1788842342.476286572] [behavior_server]: spin completed successfully
[planner_server-5] [WARN] [1788842342.500703493] [planner_server]: Cannot create a plan: the robot's start position is off the global costmap. Planning will always fail, are you sure the robot has been properly localized?
[planner_server-5] [WARN] [1788842342.500732867] [planner_server]: GridBased: failed to create plan with tolerance 0.50.
[planner_server-5] [WARN] [1788842342.500738200] [planner_server]: Planning algorithm GridBased failed to generate a valid path to (-8.06, -1.44)
[planner_server-5] [WARN] [1788842342.500743658] [planner_server]: [compute_path_to_pose] [ActionServer] Aborting handle.
[behavior_server-6] [INFO] [1788842342.520699393] [behavior_server]: Running spin
[behavior_server-6] [INFO] [1788842342.520745601] [behavior_server]: Turning -1.57 for spin behavior.
[behavior_server-6] [INFO] [1788842342.925079845] [behavior_server]: spin completed successfully
[planner_server-5] [WARN] [1788842342.948221921] [planner_server]: Cannot create a plan: the robot's start position is off the global costmap. Planning will always fail, are you sure the robot has been properly localized?
[planner_server-5] [WARN] [1788842342.948248046] [planner_server]: GridBased: failed to create plan with tolerance 0.50.
[planner_server-5] [WARN] [1788842342.948252962] [planner_server]: Planning algorithm GridBased failed to generate a valid path to (-8.06, -1.44)
[planner_server-5] [WARN] [1788842342.948258337] [planner_server]: [compute_path_to_pose] [ActionServer] Aborting handle.
[controller_server-3] [INFO] [1788842342.970464602] [local_costmap.local_costmap]: Received request to clear entirely the local_costmap
[planner_server-5] [INFO] [1788842342.970940674] [global_costmap.global_costmap]: Received request to clear entirely the global_costmap
[planner_server-5] [WARN] [1788842343.378496342] [nav2_costmap_2d]: Robot is out of bounds of the costmap!
[planner_server-5] [WARN] [1788842343.378518675] [global_costmap.global_costmap]: Sensor origin at (-7.33, -1.55) is out of map bounds (-13.08, -1.53) to (1.51, 6.12). The costmap cannot raytrace for it.
[planner_server-5] [WARN] [1788842343.381675559] [planner_server]: Cannot create a plan: the robot's start position is off the global costmap. Planning will always fail, are you sure the robot has been properly localized?
[planner_server-5] [WARN] [1788842343.381895303] [planner_server]: GridBased: failed to create plan with tolerance 0.50.
[planner_server-5] [WARN] [1788842343.381902220] [planner_server]: Planning algorithm GridBased failed to generate a valid path to (-8.06, -1.44)
[planner_server-5] [WARN] [1788842343.381909428] [planner_server]: [compute_path_to_pose] [ActionServer] Aborting handle.
[behavior_server-6] [INFO] [1788842343.382359584] [behavior_server]: Running backup
[planner_server-5] [WARN] [1788842344.385017139] [nav2_costmap_2d]: Robot is out of bounds of the costmap!
[planner_server-5] [INFO] [1788842344.385035889] [global_costmap.global_costmap]: StaticLayer: Resizing costmap to 974 X 512 at 0.015000 m/pix
[planner_server-5] [WARN] [1788842344.386196111] [global_costmap.global_costmap]: Sensor origin at (-6.95, -1.56) is out of map bounds (-13.08, -1.55) to (1.52, 6.13). The costmap cannot raytrace for it.
[behavior_server-6] [INFO] [1788842344.684047923] [behavior_server]: backup completed successfully
[planner_server-5] [WARN] [1788842344.709215576] [planner_server]: Cannot create a plan: the robot's start position is off the global costmap. Planning will always fail, are you sure the robot has been properly localized?
[planner_server-5] [WARN] [1788842344.709243825] [planner_server]: GridBased: failed to create plan with tolerance 0.50.
[planner_server-5] [WARN] [1788842344.709249158] [planner_server]: Planning algorithm GridBased failed to generate a valid path to (-8.06, -1.44)
[planner_server-5] [WARN] [1788842344.709255033] [planner_server]: [compute_path_to_pose] [ActionServer] Aborting handle.
[behavior_server-6] [INFO] [1788842344.730196870] [behavior_server]: Running spin
[behavior_server-6] [INFO] [1788842344.730232994] [behavior_server]: Turning 1.57 for spin behavior.
[behavior_server-6] [INFO] [1788842345.130568917] [behavior_server]: spin completed successfully
[planner_server-5] [WARN] [1788842345.158298676] [planner_server]: Cannot create a plan: the robot's start position is off the global costmap. Planning will always fail, are you sure the robot has been properly localized?
[planner_server-5] [WARN] [1788842345.158321550] [planner_server]: GridBased: failed to create plan with tolerance 0.50.
[planner_server-5] [WARN] [1788842345.158325800] [planner_server]: Planning algorithm GridBased failed to generate a valid path to (-8.06, -1.44)
[planner_server-5] [WARN] [1788842345.158330675] [planner_server]: [compute_path_to_pose] [ActionServer] Aborting handle.
[bt_navigator-7] [WARN] [1788842345.187683104] [bt_navigator]: [navigate_to_pose] [ActionServer] Aborting handle.
[bt_navigator-7] [ERROR] [1788842345.188538417] [bt_navigator]: Goal failed
[INFO] [1788842345.189963508] [candidate_explorer]: Frontier goal finished: success=False
[WARN] [1788842345.190209836] [candidate_explorer]: Blacklisting failed frontier (-8.06, -1.44)
[planner_server-5] [WARN] [1788842345.385722824] [nav2_costmap_2d]: Robot is out of bounds of the costmap!
[planner_server-5] [WARN] [1788842345.385745615] [global_costmap.global_costmap]: Sensor origin at (-6.81, -1.56) is out of map bounds (-13.08, -1.55) to (1.52, 6.13). The costmap cannot raytrace for it.
[INFO] [1788842345.437820380] [candidate_explorer]: Detected 11245 frontier cells
[INFO] [1788842345.447459943] [candidate_explorer]: Found 157 frontier clusters after filtering
[INFO] [1788842345.455585084] [candidate_explorer]: Selected frontier cluster: size=7242, goal=(-7.06, -1.01), distance=0.60
[INFO] [1788842345.456602935] [candidate_explorer]: Checking global path to frontier (-7.06, -1.01), distance=0.60m
[planner_server-5] [WARN] [1788842345.457219378] [planner_server]: Cannot create a plan: the robot's start position is off the global costmap. Planning will always fail, are you sure the robot has been properly localized?
[planner_server-5] [WARN] [1788842345.457245795] [planner_server]: GridBased: failed to create plan with tolerance 0.50.
[planner_server-5] [WARN] [1788842345.457251711] [planner_server]: Planning algorithm GridBased failed to generate a valid path to (-7.06, -1.01)
[planner_server-5] [WARN] [1788842345.457256836] [planner_server]: [compute_path_to_pose] [ActionServer] Aborting handle.
[WARN] [1788842345.465460516] [candidate_explorer]: Path computation failed, status=6
[WARN] [1788842345.465709427] [candidate_explorer]: No global path to frontier (-7.06, -1.01). Blacklisting.
[INFO] [1788842345.659570163] [candidate_explorer]: Detected 11245 frontier cells
[INFO] [1788842345.669321098] [candidate_explorer]: Found 157 frontier clusters after filtering
[INFO] [1788842345.678062599] [candidate_explorer]: Selected frontier cluster: size=7242, goal=(-6.28, -0.80), distance=0.93
[INFO] [1788842345.679053451] [candidate_explorer]: Checking global path to frontier (-6.28, -0.80), distance=0.93m
[planner_server-5] [WARN] [1788842345.679643937] [planner_server]: Cannot create a plan: the robot's start position is off the global costmap. Planning will always fail, are you sure the robot has been properly localized?
[planner_server-5] [WARN] [1788842345.679669145] [planner_server]: GridBased: failed to create plan with tolerance 0.50.
[planner_server-5] [WARN] [1788842345.679688061] [planner_server]: Planning algorithm GridBased failed to generate a valid path to (-6.28, -0.80)
[planner_server-5] [WARN] [1788842345.679701144] [planner_server]: [compute_path_to_pose] [ActionServer] Aborting handle.
[WARN] [1788842345.684010250] [candidate_explorer]: Path computation failed, status=6
[WARN] [1788842345.684225203] [candidate_explorer]: No global path to frontier (-6.28, -0.80). Blacklisting.
[INFO] [1788842345.938464632] [candidate_explorer]: Detected 11245 frontier cells
[INFO] [1788842345.948356439] [candidate_explorer]: Found 157 frontier clusters after filtering
[INFO] [1788842345.957746883] [candidate_explorer]: Selected frontier cluster: size=7242, goal=(-5.50, -0.58), distance=1.64
[INFO] [1788842345.958730902] [candidate_explorer]: Checking global path to frontier (-5.50, -0.58), distance=1.64m
[planner_server-5] [WARN] [1788842345.959278222] [planner_server]: Cannot create a plan: the robot's start position is off the global costmap. Planning will always fail, are you sure the robot has been properly localized?
[planner_server-5] [WARN] [1788842345.959302680] [planner_server]: GridBased: failed to create plan with tolerance 0.50.
[planner_server-5] [WARN] [1788842345.959308471] [planner_server]: Planning algorithm GridBased failed to generate a valid path to (-5.50, -0.58)
[planner_server-5] [WARN] [1788842345.959313513] [planner_server]: [compute_path_to_pose] [ActionServer] Aborting handle.
[WARN] [1788842345.964258062] [candidate_explorer]: Path computation failed, status=6
[WARN] [1788842345.964499932] [candidate_explorer]: No global path to frontier (-5.50, -0.58). Blacklisting.
[INFO] [1788842346.161063353] [candidate_explorer]: Detected 11245 frontier cells
[INFO] [1788842346.170783415] [candidate_explorer]: Found 157 frontier clusters after filtering
[INFO] [1788842346.181528785] [candidate_explorer]: Selected frontier cluster: size=7242, goal=(-4.74, -0.34), distance=2.41
[INFO] [1788842346.183077665] [candidate_explorer]: Checking global path to frontier (-4.74, -0.34), distance=2.41m
[planner_server-5] [WARN] [1788842346.183810314] [planner_server]: Cannot create a plan: the robot's start position is off the global costmap. Planning will always fail, are you sure the robot has been properly localized?
[planner_server-5] [WARN] [1788842346.183847938] [planner_server]: GridBased: failed to create plan with tolerance 0.50.
[planner_server-5] [WARN] [1788842346.183970977] [planner_server]: Planning algorithm GridBased failed to generate a valid path to (-4.74, -0.34)
[planner_server-5] [WARN] [1788842346.183983268] [planner_server]: [compute_path_to_pose] [ActionServer] Aborting handle.
[WARN] [1788842346.192598564] [candidate_explorer]: Path computation failed, status=6
[WARN] [1788842346.192906640] [candidate_explorer]: No global path to frontier (-4.74, -0.34). Blacklisting.
[planner_server-5] [WARN] [1788842346.377208602] [nav2_costmap_2d]: Robot is out of bounds of the costmap!
[planner_server-5] [WARN] [1788842346.378194329] [global_costmap.global_costmap]: Sensor origin at (-6.81, -1.56) is out of map bounds (-13.08, -1.55) to (1.52, 6.13). The costmap cannot raytrace for it.
[INFO] [1788842346.409965076] [candidate_explorer]: Detected 11245 frontier cells
[INFO] [1788842346.419626513] [candidate_explorer]: Found 157 frontier clusters after filtering
[INFO] [1788842346.430321301] [candidate_explorer]: Selected frontier cluster: size=7242, goal=(-4.06, 0.11), distance=3.22
[INFO] [1788842346.431318736] [candidate_explorer]: Checking global path to frontier (-4.06, 0.11), distance=3.22m
[planner_server-5] [WARN] [1788842346.431821391] [planner_server]: Cannot create a plan: the robot's start position is off the global costmap. Planning will always fail, are you sure the robot has been properly localized?
[planner_server-5] [WARN] [1788842346.431848723] [planner_server]: GridBased: failed to create plan with tolerance 0.50.
[planner_server-5] [WARN] [1788842346.431855182] [planner_server]: Planning algorithm GridBased failed to generate a valid path to (-4.06, 0.11)
[planner_server-5] [WARN] [1788842346.431870098] [planner_server]: [compute_path_to_pose] [ActionServer] Aborting handle.
[WARN] [1788842346.436679734] [candidate_explorer]: Path computation failed, status=6
[WARN] [1788842346.436908145] [candidate_explorer]: No global path to frontier (-4.06, 0.11). Blacklisting.
[INFO] [1788842346.659210915] [candidate_explorer]: Detected 11245 frontier cells
[INFO] [1788842346.668950350] [candidate_explorer]: Found 157 frontier clusters after filtering
[INFO] [1788842346.680282457] [candidate_explorer]: Selected frontier cluster: size=585, goal=(-9.78, -1.33), distance=2.97
[INFO] [1788842346.681293266] [candidate_explorer]: Checking global path to frontier (-9.78, -1.33), distance=2.97m
[planner_server-5] [WARN] [1788842346.681849295] [planner_server]: Cannot create a plan: the robot's start position is off the global costmap. Planning will always fail, are you sure the robot has been properly localized?
[planner_server-5] [WARN] [1788842346.681873794] [planner_server]: GridBased: failed to create plan with tolerance 0.50.
[planner_server-5] [WARN] [1788842346.681879585] [planner_server]: Planning algorithm GridBased failed to generate a valid path to (-9.78, -1.33)
[planner_server-5] [WARN] [1788842346.681884460] [planner_server]: [compute_path_to_pose] [ActionServer] Aborting handle.
[WARN] [1788842346.690009184] [candidate_explorer]: Path computation failed, status=6
[WARN] [1788842346.690233429] [candidate_explorer]: No global path to frontier (-9.78, -1.33). Blacklisting.
[INFO] [1788842346.909884178] [candidate_explorer]: Detected 11245 frontier cells
[INFO] [1788842346.919488201] [candidate_explorer]: Found 157 frontier clusters after filtering
[INFO] [1788842346.931508249] [candidate_explorer]: Selected frontier cluster: size=7242, goal=(-3.30, 0.35), distance=4.00
[INFO] [1788842346.932507100] [candidate_explorer]: Checking global path to frontier (-3.30, 0.35), distance=4.00m
[planner_server-5] [WARN] [1788842346.933053962] [planner_server]: Cannot create a plan: the robot's start position is off the global costmap. Planning will always fail, are you sure the robot has been properly localized?
[planner_server-5] [WARN] [1788842346.933086878] [planner_server]: GridBased: failed to create plan with tolerance 0.50.
[planner_server-5] [WARN] [1788842346.933108169] [planner_server]: Planning algorithm GridBased failed to generate a valid path to (-3.30, 0.35)
[planner_server-5] [WARN] [1788842346.933121044] [planner_server]: [compute_path_to_pose] [ActionServer] Aborting handle.
[WARN] [1788842346.941241560] [candidate_explorer]: Path computation failed, status=6
[WARN] [1788842346.941465763] [candidate_explorer]: No global path to frontier (-3.30, 0.35). Blacklisting.
[INFO] [1788842347.159426510] [candidate_explorer]: Detected 11245 frontier cells
[INFO] [1788842347.169191445] [candidate_explorer]: Found 157 frontier clusters after filtering
[INFO] [1788842347.181810855] [candidate_explorer]: Selected frontier cluster: size=585, goal=(-10.59, -1.36), distance=3.78
[INFO] [1788842347.182924286] [candidate_explorer]: Checking global path to frontier (-10.59, -1.36), distance=3.78m
[planner_server-5] [WARN] [1788842347.183531314] [planner_server]: Cannot create a plan: the robot's start position is off the global costmap. Planning will always fail, are you sure the robot has been properly localized?
[planner_server-5] [WARN] [1788842347.183556688] [planner_server]: GridBased: failed to create plan with tolerance 0.50.
[planner_server-5] [WARN] [1788842347.183561438] [planner_server]: Planning algorithm GridBased failed to generate a valid path to (-10.59, -1.36)
[planner_server-5] [WARN] [1788842347.183566563] [planner_server]: [compute_path_to_pose] [ActionServer] Aborting handle.
[WARN] [1788842347.191740786] [candidate_explorer]: Path computation failed, status=6
[WARN] [1788842347.191963072] [candidate_explorer]: No global path to frontier (-10.59, -1.36). Blacklisting.
[planner_server-5] [WARN] [1788842347.380063945] [nav2_costmap_2d]: Robot is out of bounds of the costmap!
[planner_server-5] [WARN] [1788842347.380084319] [global_costmap.global_costmap]: Sensor origin at (-6.81, -1.56) is out of map bounds (-13.08, -1.55) to (1.52, 6.13). The costmap cannot raytrace for it.
[INFO] [1788842347.410105816] [candidate_explorer]: Detected 11245 frontier cells
[INFO] [1788842347.419685672] [candidate_explorer]: Found 157 frontier clusters after filtering
[INFO] [1788842347.432879984] [candidate_explorer]: Selected frontier cluster: size=7242, goal=(-2.64, 0.82), distance=4.81
[INFO] [1788842347.433871960] [candidate_explorer]: Checking global path to frontier (-2.64, 0.82), distance=4.81m
[planner_server-5] [WARN] [1788842347.434485112] [planner_server]: Cannot create a plan: the robot's start position is off the global costmap. Planning will always fail, are you sure the robot has been properly localized?
[planner_server-5] [WARN] [1788842347.434803230] [planner_server]: GridBased: failed to create plan with tolerance 0.50.
[planner_server-5] [WARN] [1788842347.434947643] [planner_server]: Planning algorithm GridBased failed to generate a valid path to (-2.64, 0.82)
[planner_server-5] [WARN] [1788842347.435107848] [planner_server]: [compute_path_to_pose] [ActionServer] Aborting handle.
[WARN] [1788842347.442721334] [candidate_explorer]: Path computation failed, status=6
[WARN] [1788842347.442944578] [candidate_explorer]: No global path to frontier (-2.64, 0.82). Blacklisting.
[INFO] [1788842347.659329280] [candidate_explorer]: Detected 11245 frontier cells
[INFO] [1788842347.668949177] [candidate_explorer]: Found 157 frontier clusters after filtering
[INFO] [1788842347.682783807] [candidate_explorer]: Selected frontier cluster: size=7242, goal=(-1.32, 0.76), distance=5.97
[INFO] [1788842347.683841532] [candidate_explorer]: Checking global path to frontier (-1.32, 0.76), distance=5.97m
[planner_server-5] [WARN] [1788842347.684464434] [planner_server]: Cannot create a plan: the robot's start position is off the global costmap. Planning will always fail, are you sure the robot has been properly localized?
[planner_server-5] [WARN] [1788842347.684760552] [planner_server]: GridBased: failed to create plan with tolerance 0.50.
[planner_server-5] [WARN] [1788842347.684767760] [planner_server]: Planning algorithm GridBased failed to generate a valid path to (-1.32, 0.76)
[planner_server-5] [WARN] [1788842347.684773385] [planner_server]: [compute_path_to_pose] [ActionServer] Aborting handle.
[WARN] [1788842347.692570242] [candidate_explorer]: Path computation failed, status=6
[WARN] [1788842347.692761404] [candidate_explorer]: No global path to frontier (-1.32, 0.76). Blacklisting.
[INFO] [1788842347.936597371] [candidate_explorer]: Detected 11245 frontier cells
[INFO] [1788842347.946028273] [candidate_explorer]: Found 157 frontier clusters after filtering
[INFO] [1788842347.960563470] [candidate_explorer]: Selected frontier cluster: size=585, goal=(-11.38, -1.27), distance=4.58
[INFO] [1788842347.961692026] [candidate_explorer]: Checking global path to frontier (-11.38, -1.27), distance=4.58m
[planner_server-5] [WARN] [1788842347.962372927] [planner_server]: Cannot create a plan: the robot's start position is off the global costmap. Planning will always fail, are you sure the robot has been properly localized?
[planner_server-5] [WARN] [1788842347.962397176] [planner_server]: GridBased: failed to create plan with tolerance 0.50.
[planner_server-5] [WARN] [1788842347.962401968] [planner_server]: Planning algorithm GridBased failed to generate a valid path to (-11.38, -1.27)
[planner_server-5] [WARN] [1788842347.962407718] [planner_server]: [compute_path_to_pose] [ActionServer] Aborting handle.
[WARN] [1788842347.970568982] [candidate_explorer]: Path computation failed, status=6
[WARN] [1788842347.970795727] [candidate_explorer]: No global path to frontier (-11.38, -1.27). Blacklisting.
[INFO] [1788842348.165952016] [candidate_explorer]: Detected 11245 frontier cells
[INFO] [1788842348.175705493] [candidate_explorer]: Found 157 frontier clusters after filtering
[INFO] [1788842348.190704095] [candidate_explorer]: Selected frontier cluster: size=7242, goal=(-0.58, 0.43), distance=6.54
[INFO] [1788842348.191733279] [candidate_explorer]: Checking global path to frontier (-0.58, 0.43), distance=6.54m
[planner_server-5] [WARN] [1788842348.192349598] [planner_server]: Cannot create a plan: the robot's start position is off the global costmap. Planning will always fail, are you sure the robot has been properly localized?
[planner_server-5] [WARN] [1788842348.192398347] [planner_server]: GridBased: failed to create plan with tolerance 0.50.
[planner_server-5] [WARN] [1788842348.192406263] [planner_server]: Planning algorithm GridBased failed to generate a valid path to (-0.58, 0.43)
[planner_server-5] [WARN] [1788842348.192411471] [planner_server]: [compute_path_to_pose] [ActionServer] Aborting handle.
[WARN] [1788842348.197090694] [candidate_explorer]: Path computation failed, status=6
[WARN] [1788842348.197337230] [candidate_explorer]: No global path to frontier (-0.58, 0.43). Blacklisting.
[planner_server-5] [WARN] [1788842348.377662870] [nav2_costmap_2d]: Robot is out of bounds of the costmap!
[planner_server-5] [WARN] [1788842348.378495600] [global_costmap.global_costmap]: Sensor origin at (-6.81, -1.56) is out of map bounds (-13.08, -1.55) to (1.52, 6.13). The costmap cannot raytrace for it.
[INFO] [1788842348.409698943] [candidate_explorer]: Detected 11245 frontier cells
[INFO] [1788842348.419216301] [candidate_explorer]: Found 157 frontier clusters after filtering
[INFO] [1788842348.434985885] [candidate_explorer]: Selected frontier cluster: size=7242, goal=(-0.67, 1.34), distance=6.79
[INFO] [1788842348.436113109] [candidate_explorer]: Checking global path to frontier (-0.67, 1.34), distance=6.79m
[planner_server-5] [WARN] [1788842348.436749510] [planner_server]: Cannot create a plan: the robot's start position is off the global costmap. Planning will always fail, are you sure the robot has been properly localized?
[planner_server-5] [WARN] [1788842348.436774843] [planner_server]: GridBased: failed to create plan with tolerance 0.50.
[planner_server-5] [WARN] [1788842348.436781384] [planner_server]: Planning algorithm GridBased failed to generate a valid path to (-0.67, 1.34)
[planner_server-5] [WARN] [1788842348.436786176] [planner_server]: [compute_path_to_pose] [ActionServer] Aborting handle.
[WARN] [1788842348.444908150] [candidate_explorer]: Path computation failed, status=6
[WARN] [1788842348.445145894] [candidate_explorer]: No global path to frontier (-0.67, 1.34). Blacklisting.
[INFO] [1788842348.658925200] [candidate_explorer]: Detected 11245 frontier cells
[INFO] [1788842348.668731467] [candidate_explorer]: Found 157 frontier clusters after filtering
[INFO] [1788842348.684814086] [candidate_explorer]: Selected frontier cluster: size=585, goal=(-12.19, -1.34), distance=5.38
[INFO] [1788842348.685893893] [candidate_explorer]: Checking global path to frontier (-12.19, -1.34), distance=5.38m
[planner_server-5] [WARN] [1788842348.686461130] [planner_server]: Cannot create a plan: the robot's start position is off the global costmap. Planning will always fail, are you sure the robot has been properly localized?
[planner_server-5] [WARN] [1788842348.686487963] [planner_server]: GridBased: failed to create plan with tolerance 0.50.
[planner_server-5] [WARN] [1788842348.686494379] [planner_server]: Planning algorithm GridBased failed to generate a valid path to (-12.19, -1.34)
[planner_server-5] [WARN] [1788842348.686499754] [planner_server]: [compute_path_to_pose] [ActionServer] Aborting handle.
[WARN] [1788842348.694842556] [candidate_explorer]: Path computation failed, status=6
[WARN] [1788842348.695074384] [candidate_explorer]: No global path to frontier (-12.19, -1.34). Blacklisting.
[INFO] [1788842348.910248531] [candidate_explorer]: Detected 11245 frontier cells
[INFO] [1788842348.919865261] [candidate_explorer]: Found 157 frontier clusters after filtering
[INFO] [1788842348.936357495] [candidate_explorer]: Selected frontier cluster: size=7242, goal=(-0.79, 2.14), distance=7.07
[INFO] [1788842348.937397096] [candidate_explorer]: Checking global path to frontier (-0.79, 2.14), distance=7.07m
[planner_server-5] [WARN] [1788842348.937913500] [planner_server]: Cannot create a plan: the robot's start position is off the global costmap. Planning will always fail, are you sure the robot has been properly localized?
[planner_server-5] [WARN] [1788842348.937936874] [planner_server]: GridBased: failed to create plan with tolerance 0.50.
[planner_server-5] [WARN] [1788842348.937943083] [planner_server]: Planning algorithm GridBased failed to generate a valid path to (-0.79, 2.14)
[planner_server-5] [WARN] [1788842348.937957874] [planner_server]: [compute_path_to_pose] [ActionServer] Aborting handle.
[WARN] [1788842348.947657727] [candidate_explorer]: Path computation failed, status=6
[WARN] [1788842348.947913638] [candidate_explorer]: No global path to frontier (-0.79, 2.14). Blacklisting.
[INFO] [1788842349.160083231] [candidate_explorer]: Detected 11245 frontier cells
[INFO] [1788842349.169789668] [candidate_explorer]: Found 157 frontier clusters after filtering
[INFO] [1788842349.186664559] [candidate_explorer]: Selected frontier cluster: size=7242, goal=(0.03, 0.95), distance=7.29
[INFO] [1788842349.187724951] [candidate_explorer]: Checking global path to frontier (0.03, 0.95), distance=7.29m
[planner_server-5] [WARN] [1788842349.188378727] [planner_server]: Cannot create a plan: the robot's start position is off the global costmap. Planning will always fail, are you sure the robot has been properly localized?
[planner_server-5] [WARN] [1788842349.188400393] [planner_server]: GridBased: failed to create plan with tolerance 0.50.
[planner_server-5] [WARN] [1788842349.188406560] [planner_server]: Planning algorithm GridBased failed to generate a valid path to (0.03, 0.95)
[planner_server-5] [WARN] [1788842349.188411726] [planner_server]: [compute_path_to_pose] [ActionServer] Aborting handle.
[WARN] [1788842349.196605990] [candidate_explorer]: Path computation failed, status=6
[WARN] [1788842349.198064206] [candidate_explorer]: No global path to frontier (0.03, 0.95). Blacklisting.
[planner_server-5] [WARN] [1788842349.377654988] [nav2_costmap_2d]: Robot is out of bounds of the costmap!
[planner_server-5] [WARN] [1788842349.377917565] [global_costmap.global_costmap]: Sensor origin at (-6.81, -1.56) is out of map bounds (-13.08, -1.55) to (1.52, 6.13). The costmap cannot raytrace for it.
[INFO] [1788842349.410794077] [candidate_explorer]: Detected 11245 frontier cells
[INFO] [1788842349.420376683] [candidate_explorer]: Found 157 frontier clusters after filtering
[INFO] [1788842349.437816228] [candidate_explorer]: Selected frontier cluster: size=7242, goal=(0.02, 1.78), distance=7.60
[INFO] [1788842349.438833162] [candidate_explorer]: Checking global path to frontier (0.02, 1.78), distance=7.60m
[planner_server-5] [WARN] [1788842349.439399441] [planner_server]: Cannot create a plan: the robot's start position is off the global costmap. Planning will always fail, are you sure the robot has been properly localized?
[planner_server-5] [WARN] [1788842349.439424690] [planner_server]: GridBased: failed to create plan with tolerance 0.50.
[planner_server-5] [WARN] [1788842349.439431023] [planner_server]: Planning algorithm GridBased failed to generate a valid path to (0.02, 1.78)
[planner_server-5] [WARN] [1788842349.439435898] [planner_server]: [compute_path_to_pose] [ActionServer] Aborting handle.
[WARN] [1788842349.447493915] [candidate_explorer]: Path computation failed, status=6
[WARN] [1788842349.447735243] [candidate_explorer]: No global path to frontier (0.02, 1.78). Blacklisting.
[INFO] [1788842349.657123152] [candidate_explorer]: Detected 11245 frontier cells
[INFO] [1788842349.666998543] [candidate_explorer]: Found 157 frontier clusters after filtering
[INFO] [1788842349.684835620] [candidate_explorer]: Selected frontier cluster: size=7242, goal=(-0.69, 2.98), distance=7.63
[INFO] [1788842349.685898011] [candidate_explorer]: Checking global path to frontier (-0.69, 2.98), distance=7.63m
[planner_server-5] [WARN] [1788842349.686444457] [planner_server]: Cannot create a plan: the robot's start position is off the global costmap. Planning will always fail, are you sure the robot has been properly localized?
[planner_server-5] [WARN] [1788842349.686469748] [planner_server]: GridBased: failed to create plan with tolerance 0.50.
[planner_server-5] [WARN] [1788842349.686476206] [planner_server]: Planning algorithm GridBased failed to generate a valid path to (-0.69, 2.98)
[planner_server-5] [WARN] [1788842349.686481289] [planner_server]: [compute_path_to_pose] [ActionServer] Aborting handle.
[WARN] [1788842349.691205802] [candidate_explorer]: Path computation failed, status=6
[WARN] [1788842349.691411589] [candidate_explorer]: No global path to frontier (-0.69, 2.98). Blacklisting.
[INFO] [1788842349.937128054] [candidate_explorer]: Detected 11245 frontier cells
[INFO] [1788842349.946611454] [candidate_explorer]: Found 157 frontier clusters after filtering
[INFO] [1788842349.964858188] [candidate_explorer]: Selected frontier cluster: size=7242, goal=(0.02, 2.59), distance=7.99
[INFO] [1788842349.965922121] [candidate_explorer]: Checking global path to frontier (0.02, 2.59), distance=7.99m
[planner_server-5] [WARN] [1788842349.966527190] [planner_server]: Cannot create a plan: the robot's start position is off the global costmap. Planning will always fail, are you sure the robot has been properly localized?
[planner_server-5] [WARN] [1788842349.966559397] [planner_server]: GridBased: failed to create plan with tolerance 0.50.
[planner_server-5] [WARN] [1788842349.966564772] [planner_server]: Planning algorithm GridBased failed to generate a valid path to (0.02, 2.59)
[planner_server-5] [WARN] [1788842349.966575689] [planner_server]: [compute_path_to_pose] [ActionServer] Aborting handle.
[WARN] [1788842349.974711412] [candidate_explorer]: Path computation failed, status=6
[WARN] [1788842349.974985822] [candidate_explorer]: No global path to frontier (0.02, 2.59). Blacklisting.
[INFO] [1788842350.159813398] [candidate_explorer]: Detected 11245 frontier cells
[INFO] [1788842350.169571291] [candidate_explorer]: Found 157 frontier clusters after filtering
[INFO] [1788842350.187960938] [candidate_explorer]: Selected frontier cluster: size=7242, goal=(-0.31, 3.70), distance=8.36
[INFO] [1788842350.189045163] [candidate_explorer]: Checking global path to frontier (-0.31, 3.70), distance=8.36m
[planner_server-5] [WARN] [1788842350.189685189] [planner_server]: Cannot create a plan: the robot's start position is off the global costmap. Planning will always fail, are you sure the robot has been properly localized?
[planner_server-5] [WARN] [1788842350.189712272] [planner_server]: GridBased: failed to create plan with tolerance 0.50.
[planner_server-5] [WARN] [1788842350.189719063] [planner_server]: Planning algorithm GridBased failed to generate a valid path to (-0.31, 3.70)
[planner_server-5] [WARN] [1788842350.189723772] [planner_server]: [compute_path_to_pose] [ActionServer] Aborting handle.
[WARN] [1788842350.198018200] [candidate_explorer]: Path computation failed, status=6
[WARN] [1788842350.198215278] [candidate_explorer]: No global path to frontier (-0.31, 3.70). Blacklisting.
[planner_server-5] [WARN] [1788842350.379093989] [nav2_costmap_2d]: Robot is out of bounds of the costmap!
[planner_server-5] [WARN] [1788842350.379824263] [global_costmap.global_costmap]: Sensor origin at (-6.81, -1.56) is out of map bounds (-13.08, -1.55) to (1.52, 6.13). The costmap cannot raytrace for it.
[INFO] [1788842350.409519767] [candidate_explorer]: Detected 11245 frontier cells
[INFO] [1788842350.419203121] [candidate_explorer]: Found 157 frontier clusters after filtering
[INFO] [1788842350.437622434] [candidate_explorer]: Selected frontier cluster: size=7242, goal=(-0.55, 4.48), distance=8.70
[INFO] [1788842350.438698992] [candidate_explorer]: Checking global path to frontier (-0.55, 4.48), distance=8.70m
[planner_server-5] [WARN] [1788842350.439246437] [planner_server]: Cannot create a plan: the robot's start position is off the global costmap. Planning will always fail, are you sure the robot has been properly localized?
[planner_server-5] [WARN] [1788842350.439558722] [planner_server]: GridBased: failed to create plan with tolerance 0.50.
[planner_server-5] [WARN] [1788842350.439566346] [planner_server]: Planning algorithm GridBased failed to generate a valid path to (-0.55, 4.48)
[planner_server-5] [WARN] [1788842350.439581513] [planner_server]: [compute_path_to_pose] [ActionServer] Aborting handle.
[WARN] [1788842350.447655613] [candidate_explorer]: Path computation failed, status=6
[WARN] [1788842350.447910399] [candidate_explorer]: No global path to frontier (-0.55, 4.48). Blacklisting.
[INFO] [1788842350.658069206] [candidate_explorer]: Detected 11245 frontier cells
[INFO] [1788842350.667831641] [candidate_explorer]: Found 157 frontier clusters after filtering
[INFO] [1788842350.685991419] [candidate_explorer]: Selected frontier cluster: size=7242, goal=(-0.27, 5.23), distance=9.43
[INFO] [1788842350.687037769] [candidate_explorer]: Checking global path to frontier (-0.27, 5.23), distance=9.43m
[planner_server-5] [WARN] [1788842350.687707712] [planner_server]: Cannot create a plan: the robot's start position is off the global costmap. Planning will always fail, are you sure the robot has been properly localized?
[planner_server-5] [WARN] [1788842350.687747003] [planner_server]: GridBased: failed to create plan with tolerance 0.50.
[planner_server-5] [WARN] [1788842350.687755127] [planner_server]: Planning algorithm GridBased failed to generate a valid path to (-0.27, 5.23)
[planner_server-5] [WARN] [1788842350.687760127] [planner_server]: [compute_path_to_pose] [ActionServer] Aborting handle.
[WARN] [1788842350.695826186] [candidate_explorer]: Path computation failed, status=6
[WARN] [1788842350.696050056] [candidate_explorer]: No global path to frontier (-0.27, 5.23). Blacklisting.
[INFO] [1788842350.911426906] [candidate_explorer]: Detected 11245 frontier cells
[INFO] [1788842350.922299523] [candidate_explorer]: Found 157 frontier clusters after filtering
[INFO] [1788842350.938405058] [candidate_explorer]: Selected frontier cluster: size=127, goal=(0.23, 4.30), distance=9.16
[INFO] [1788842350.939529073] [candidate_explorer]: Checking global path to frontier (0.23, 4.30), distance=9.16m
[planner_server-5] [WARN] [1788842350.940137017] [planner_server]: Cannot create a plan: the robot's start position is off the global costmap. Planning will always fail, are you sure the robot has been properly localized?
[planner_server-5] [WARN] [1788842350.940164433] [planner_server]: GridBased: failed to create plan with tolerance 0.50.
[planner_server-5] [WARN] [1788842350.940171100] [planner_server]: Planning algorithm GridBased failed to generate a valid path to (0.23, 4.30)
[planner_server-5] [WARN] [1788842350.940175683] [planner_server]: [compute_path_to_pose] [ActionServer] Aborting handle.
[WARN] [1788842350.948466153] [candidate_explorer]: Path computation failed, status=6
[WARN] [1788842350.948704231] [candidate_explorer]: No global path to frontier (0.23, 4.30). Blacklisting.
[INFO] [1788842351.159992095] [candidate_explorer]: Detected 11245 frontier cells
[INFO] [1788842351.169822737] [candidate_explorer]: Found 157 frontier clusters after filtering
[INFO] [1788842351.185222288] [candidate_explorer]: Selected frontier cluster: size=15, goal=(0.56, 5.17), distance=9.98
[INFO] [1788842351.186368386] [candidate_explorer]: Checking global path to frontier (0.56, 5.17), distance=9.98m
[planner_server-5] [WARN] [1788842351.186907415] [planner_server]: Cannot create a plan: the robot's start position is off the global costmap. Planning will always fail, are you sure the robot has been properly localized?
[planner_server-5] [WARN] [1788842351.186946081] [planner_server]: GridBased: failed to create plan with tolerance 0.50.
[planner_server-5] [WARN] [1788842351.186960122] [planner_server]: Planning algorithm GridBased failed to generate a valid path to (0.56, 5.17)
[planner_server-5] [WARN] [1788842351.186967247] [planner_server]: [compute_path_to_pose] [ActionServer] Aborting handle.
[WARN] [1788842351.191526222] [candidate_explorer]: Path computation failed, status=6
[WARN] [1788842351.191759716] [candidate_explorer]: No global path to frontier (0.56, 5.17). Blacklisting.
[planner_server-5] [WARN] [1788842351.378390624] [nav2_costmap_2d]: Robot is out of bounds of the costmap!
[planner_server-5] [WARN] [1788842351.378410748] [global_costmap.global_costmap]: Sensor origin at (-6.81, -1.56) is out of map bounds (-13.08, -1.55) to (1.52, 6.13). The costmap cannot raytrace for it.
[INFO] [1788842351.409887419] [candidate_explorer]: Detected 11245 frontier cells
[INFO] [1788842351.419517065] [candidate_explorer]: Found 157 frontier clusters after filtering
[WARN] [1788842351.435082863] [candidate_explorer]: Frontier clusters exist, but none have a usable goal point.
[WARN] [1788842351.436221669] [candidate_explorer]: Frontier clusters exist but have no usable goal. Trying recovery direction 1/8 before checking again.
[WARN] [1788842351.436498954] [candidate_explorer]: Skipping recovery move 'forward': no usable in-map endpoint is available yet.
[INFO] [1788842351.659522623] [candidate_explorer]: Detected 11245 frontier cells
[INFO] [1788842351.669376265] [candidate_explorer]: Found 157 frontier clusters after filtering
[WARN] [1788842351.684842106] [candidate_explorer]: Frontier clusters exist, but none have a usable goal point.
[WARN] [1788842351.685944997] [candidate_explorer]: Frontier clusters exist but have no usable goal. Trying recovery direction 2/8 before checking again.
[WARN] [1788842351.686195283] [candidate_explorer]: Skipping recovery move 'forward-left': no usable in-map endpoint is available yet.
[INFO] [1788842351.937629236] [candidate_explorer]: Detected 11245 frontier cells
[INFO] [1788842351.947100178] [candidate_explorer]: Found 157 frontier clusters after filtering
[WARN] [1788842351.962755599] [candidate_explorer]: Frontier clusters exist, but none have a usable goal point.
[WARN] [1788842351.963906530] [candidate_explorer]: Frontier clusters exist but have no usable goal. Trying recovery direction 3/8 before checking again.
[INFO] [1788842351.964169649] [candidate_explorer]: Recovery move 3/8: left, 0.8 m -> (-6.03, -1.39)
[bt_navigator-7] [INFO] [1788842351.964734844] [bt_navigator]: Begin navigating from current location (-6.81, -1.56) to (-6.03, -1.39)
[planner_server-5] [WARN] [1788842351.965036920] [planner_server]: Cannot create a plan: the robot's start position is off the global costmap. Planning will always fail, are you sure the robot has been properly localized?
[planner_server-5] [WARN] [1788842351.965068502] [planner_server]: GridBased: failed to create plan with tolerance 0.50.
[planner_server-5] [WARN] [1788842351.965074336] [planner_server]: Planning algorithm GridBased failed to generate a valid path to (-6.03, -1.39)
[planner_server-5] [WARN] [1788842351.965079627] [planner_server]: [compute_path_to_pose] [ActionServer] Aborting handle.
[behavior_server-6] [INFO] [1788842351.976320235] [behavior_server]: Running spin
[behavior_server-6] [INFO] [1788842351.976369359] [behavior_server]: Turning -1.57 for spin behavior.
[behavior_server-6] [INFO] [1788842352.376744823] [behavior_server]: spin completed successfully
[planner_server-5] [WARN] [1788842352.377196354] [nav2_costmap_2d]: Robot is out of bounds of the costmap!
[planner_server-5] [WARN] [1788842352.378063916] [global_costmap.global_costmap]: Sensor origin at (-6.81, -1.56) is out of map bounds (-13.08, -1.55) to (1.52, 6.13). The costmap cannot raytrace for it.
[planner_server-5] [WARN] [1788842352.397192754] [planner_server]: Cannot create a plan: the robot's start position is off the global costmap. Planning will always fail, are you sure the robot has been properly localized?
[planner_server-5] [WARN] [1788842352.397213962] [planner_server]: GridBased: failed to create plan with tolerance 0.50.
[planner_server-5] [WARN] [1788842352.397218296] [planner_server]: Planning algorithm GridBased failed to generate a valid path to (-6.03, -1.39)
[planner_server-5] [WARN] [1788842352.397222712] [planner_server]: [compute_path_to_pose] [ActionServer] Aborting handle.
[controller_server-3] [INFO] [1788842352.416632543] [local_costmap.local_costmap]: Received request to clear entirely the local_costmap
[planner_server-5] [INFO] [1788842352.417155489] [global_costmap.global_costmap]: Received request to clear entirely the global_costmap
[planner_server-5] [WARN] [1788842353.380482019] [nav2_costmap_2d]: Robot is out of bounds of the costmap!
[planner_server-5] [WARN] [1788842353.380520893] [global_costmap.global_costmap]: Sensor origin at (-6.81, -1.56) is out of map bounds (-13.08, -1.55) to (1.52, 6.13). The costmap cannot raytrace for it.
[planner_server-5] [WARN] [1788842353.390149456] [planner_server]: Cannot create a plan: the robot's start position is off the global costmap. Planning will always fail, are you sure the robot has been properly localized?
[planner_server-5] [WARN] [1788842353.390191497] [planner_server]: GridBased: failed to create plan with tolerance 0.50.
[planner_server-5] [WARN] [1788842353.390195830] [planner_server]: Planning algorithm GridBased failed to generate a valid path to (-6.03, -1.39)
[planner_server-5] [WARN] [1788842353.390233663] [planner_server]: [compute_path_to_pose] [ActionServer] Aborting handle.
[behavior_server-6] [INFO] [1788842353.406851060] [behavior_server]: Running backup
[planner_server-5] [WARN] [1788842354.385238066] [nav2_costmap_2d]: Robot is out of bounds of the costmap!
[planner_server-5] [INFO] [1788842354.385533851] [global_costmap.global_costmap]: StaticLayer: Resizing costmap to 974 X 514 at 0.015000 m/pix
[planner_server-5] [WARN] [1788842354.386790196] [global_costmap.global_costmap]: Sensor origin at (-6.43, -1.58) is out of map bounds (-13.08, -1.58) to (1.52, 6.13). The costmap cannot raytrace for it.
[behavior_server-6] [INFO] [1788842354.707666670] [behavior_server]: backup completed successfully
[planner_server-5] [WARN] [1788842354.737252968] [planner_server]: Cannot create a plan: the robot's start position is off the global costmap. Planning will always fail, are you sure the robot has been properly localized?
[planner_server-5] [WARN] [1788842354.737278176] [planner_server]: GridBased: failed to create plan with tolerance 0.50.
[planner_server-5] [WARN] [1788842354.737283092] [planner_server]: Planning algorithm GridBased failed to generate a valid path to (-6.03, -1.39)
[planner_server-5] [WARN] [1788842354.737288092] [planner_server]: [compute_path_to_pose] [ActionServer] Aborting handle.
[behavior_server-6] [INFO] [1788842354.756958792] [behavior_server]: Running spin
[behavior_server-6] [INFO] [1788842354.757003000] [behavior_server]: Turning 1.57 for spin behavior.
[behavior_server-6] [INFO] [1788842355.158254609] [behavior_server]: spin completed successfully
[planner_server-5] [WARN] [1788842355.188006653] [planner_server]: Cannot create a plan: the robot's start position is off the global costmap. Planning will always fail, are you sure the robot has been properly localized?
[planner_server-5] [WARN] [1788842355.188033528] [planner_server]: GridBased: failed to create plan with tolerance 0.50.
[planner_server-5] [WARN] [1788842355.188038486] [planner_server]: Planning algorithm GridBased failed to generate a valid path to (-6.03, -1.39)
[planner_server-5] [WARN] [1788842355.188043986] [planner_server]: [compute_path_to_pose] [ActionServer] Aborting handle.
[behavior_server-6] [INFO] [1788842355.207302404] [behavior_server]: Running spin
[behavior_server-6] [INFO] [1788842355.207339153] [behavior_server]: Turning -1.57 for spin behavior.
[planner_server-5] [WARN] [1788842355.377546033] [nav2_costmap_2d]: Robot is out of bounds of the costmap!
[planner_server-5] [WARN] [1788842355.377569574] [global_costmap.global_costmap]: Sensor origin at (-6.28, -1.59) is out of map bounds (-13.08, -1.58) to (1.52, 6.13). The costmap cannot raytrace for it.
[behavior_server-6] [INFO] [1788842355.609418743] [behavior_server]: spin completed successfully
[planner_server-5] [WARN] [1788842355.638143770] [planner_server]: Cannot create a plan: the robot's start position is off the global costmap. Planning will always fail, are you sure the robot has been properly localized?
[planner_server-5] [WARN] [1788842355.638170394] [planner_server]: GridBased: failed to create plan with tolerance 0.50.
[planner_server-5] [WARN] [1788842355.638175311] [planner_server]: Planning algorithm GridBased failed to generate a valid path to (-6.03, -1.39)
[planner_server-5] [WARN] [1788842355.638179811] [planner_server]: [compute_path_to_pose] [ActionServer] Aborting handle.
[controller_server-3] [INFO] [1788842355.656016013] [local_costmap.local_costmap]: Received request to clear entirely the local_costmap
[planner_server-5] [INFO] [1788842355.656383129] [global_costmap.global_costmap]: Received request to clear entirely the global_costmap
[planner_server-5] [WARN] [1788842356.377109412] [nav2_costmap_2d]: Robot is out of bounds of the costmap!
[planner_server-5] [WARN] [1788842356.377874352] [global_costmap.global_costmap]: Sensor origin at (-6.28, -1.59) is out of map bounds (-13.08, -1.58) to (1.52, 6.13). The costmap cannot raytrace for it.
[planner_server-5] [WARN] [1788842356.387706744] [planner_server]: Cannot create a plan: the robot's start position is off the global costmap. Planning will always fail, are you sure the robot has been properly localized?
[planner_server-5] [WARN] [1788842356.387725202] [planner_server]: GridBased: failed to create plan with tolerance 0.50.
[planner_server-5] [WARN] [1788842356.387729910] [planner_server]: Planning algorithm GridBased failed to generate a valid path to (-6.03, -1.39)
[planner_server-5] [WARN] [1788842356.387736202] [planner_server]: [compute_path_to_pose] [ActionServer] Aborting handle.
[bt_navigator-7] [WARN] [1788842356.417452872] [bt_navigator]: [navigate_to_pose] [ActionServer] Aborting handle.
[bt_navigator-7] [ERROR] [1788842356.417561494] [bt_navigator]: Goal failed
[WARN] [1788842356.419567738] [candidate_explorer]: Recovery move 'left' failed; checking frontiers before the next direction.
[INFO] [1788842356.689434880] [candidate_explorer]: Detected 11564 frontier cells
[INFO] [1788842356.699027153] [candidate_explorer]: Found 152 frontier clusters after filtering
[WARN] [1788842356.714752988] [candidate_explorer]: Frontier clusters exist, but none have a usable goal point.
[WARN] [1788842356.715858087] [candidate_explorer]: Frontier clusters exist but have no usable goal. Trying recovery direction 4/8 before checking again.
[INFO] [1788842356.716136205] [candidate_explorer]: Recovery move 4/8: backward-left, 0.8 m -> (-6.28, -1.59)
[bt_navigator-7] [INFO] [1788842356.716680692] [bt_navigator]: Begin navigating from current location (-6.28, -1.59) to (-6.28, -1.59)
[controller_server-3] [INFO] [1788842356.740385797] [controller_server]: Received a goal, begin computing control effort.
[planner_server-5] [WARN] [1788842357.378997402] [nav2_costmap_2d]: Robot is out of bounds of the costmap!
[planner_server-5] [WARN] [1788842357.379034526] [global_costmap.global_costmap]: Sensor origin at (-6.28, -1.59) is out of map bounds (-13.08, -1.58) to (1.52, 6.13). The costmap cannot raytrace for it.
[controller_server-3] [INFO] [1788842357.791024797] [controller_server]: Passing new path to controller.
[controller_server-3] [INFO] [1788842357.792885337] [controller_server]: Reached the goal!
[bt_navigator-7] [INFO] [1788842357.838552254] [bt_navigator]: Goal succeeded
[INFO] [1788842357.840677578] [candidate_explorer]: Recovery move 'backward-left' succeeded.
[INFO] [1788842357.937637029] [candidate_explorer]: Detected 11564 frontier cells
[INFO] [1788842357.947382173] [candidate_explorer]: Found 152 frontier clusters after filtering
[WARN] [1788842357.963108341] [candidate_explorer]: Frontier clusters exist, but none have a usable goal point.
[WARN] [1788842357.964144942] [candidate_explorer]: Frontier clusters exist but have no usable goal. Trying recovery direction 5/8 before checking again.
[INFO] [1788842357.964397936] [candidate_explorer]: Recovery move 5/8: backward, 0.8 m -> (-6.70, -0.90)
[bt_navigator-7] [INFO] [1788842357.965132252] [bt_navigator]: Begin navigating from current location (-6.28, -1.59) to (-6.70, -0.90)
[planner_server-5] [WARN] [1788842357.965458952] [planner_server]: Cannot create a plan: the robot's start position is off the global costmap. Planning will always fail, are you sure the robot has been properly localized?
[planner_server-5] [WARN] [1788842357.965484577] [planner_server]: GridBased: failed to create plan with tolerance 0.50.
[planner_server-5] [WARN] [1788842357.965489535] [planner_server]: Planning algorithm GridBased failed to generate a valid path to (-6.70, -0.90)
[planner_server-5] [WARN] [1788842357.965494576] [planner_server]: [compute_path_to_pose] [ActionServer] Aborting handle.
[behavior_server-6] [INFO] [1788842357.986552869] [behavior_server]: Running backup
[behavior_server-6] [INFO] [1788842359.386737205] [behavior_server]: backup completed successfully
[controller_server-3] [INFO] [1788842359.436003953] [controller_server]: Received a goal, begin computing control effort.
[controller_server-3] [INFO] [1788842360.245282969] [controller_server]: Reached the goal!
[bt_navigator-7] [INFO] [1788842360.276743182] [bt_navigator]: Goal succeeded
[INFO] [1788842360.279056043] [candidate_explorer]: Recovery move 'backward' succeeded.
[INFO] [1788842360.437255375] [candidate_explorer]: Detected 11366 frontier cells
[INFO] [1788842360.446922396] [candidate_explorer]: Found 155 frontier clusters after filtering
[WARN] [1788842360.462553442] [candidate_explorer]: Frontier clusters exist, but none have a usable goal point.
[WARN] [1788842360.463683540] [candidate_explorer]: Frontier clusters exist but have no usable goal. Trying recovery direction 6/8 before checking again.
[INFO] [1788842360.463904160] [candidate_explorer]: Recovery move 6/8: backward-right, 0.8 m -> (-5.91, -1.38)
[bt_navigator-7] [INFO] [1788842360.464538311] [bt_navigator]: Begin navigating from current location (-6.66, -1.12) to (-5.91, -1.38)
[controller_server-3] [INFO] [1788842360.484922036] [controller_server]: Received a goal, begin computing control effort.
[controller_server-3] [INFO] [1788842361.535157421] [controller_server]: Passing new path to controller.
[controller_server-3] [INFO] [1788842361.895016304] [controller_server]: Reached the goal!
[bt_navigator-7] [INFO] [1788842361.927034670] [bt_navigator]: Goal succeeded
[INFO] [1788842361.927489326] [candidate_explorer]: Recovery move 'backward-right' succeeded.
[INFO] [1788842362.186878341] [candidate_explorer]: Detected 11215 frontier cells
[INFO] [1788842362.196316075] [candidate_explorer]: Found 150 frontier clusters after filtering
[WARN] [1788842362.211860207] [candidate_explorer]: Frontier clusters exist, but none have a usable goal point.
[WARN] [1788842362.213050220] [candidate_explorer]: Frontier clusters exist but have no usable goal. Trying recovery direction 7/8 before checking again.
[INFO] [1788842362.213321130] [candidate_explorer]: Recovery move 7/8: right, 0.8 m -> (-6.25, -1.58)
[bt_navigator-7] [INFO] [1788842362.213884409] [bt_navigator]: Begin navigating from current location (-6.02, -1.20) to (-6.25, -1.58)
[planner_server-5] [WARN] [1788842362.214564643] [planner_server]: The goal sent to the planner is off the global costmap. Planning will always fail to this goal.
[planner_server-5] [WARN] [1788842362.214586559] [planner_server]: GridBased: failed to create plan with tolerance 0.50.
[planner_server-5] [WARN] [1788842362.214601600] [planner_server]: Planning algorithm GridBased failed to generate a valid path to (-6.25, -1.58)
[planner_server-5] [WARN] [1788842362.214608475] [planner_server]: [compute_path_to_pose] [ActionServer] Aborting handle.
[behavior_server-6] [INFO] [1788842362.235388274] [behavior_server]: Running spin
[behavior_server-6] [INFO] [1788842362.235425023] [behavior_server]: Turning 1.57 for spin behavior.
[behavior_server-6] [INFO] [1788842362.639312236] [behavior_server]: spin completed successfully
[planner_server-5] [WARN] [1788842362.667621648] [planner_server]: The goal sent to the planner is off the global costmap. Planning will always fail to this goal.
[planner_server-5] [WARN] [1788842362.667659897] [planner_server]: GridBased: failed to create plan with tolerance 0.50.
[planner_server-5] [WARN] [1788842362.667664647] [planner_server]: Planning algorithm GridBased failed to generate a valid path to (-6.25, -1.58)
[planner_server-5] [WARN] [1788842362.667669439] [planner_server]: [compute_path_to_pose] [ActionServer] Aborting handle.
[behavior_server-6] [INFO] [1788842362.685607805] [behavior_server]: Running spin
[behavior_server-6] [INFO] [1788842362.685646471] [behavior_server]: Turning -1.57 for spin behavior.
[behavior_server-6] [INFO] [1788842363.086654919] [behavior_server]: spin completed successfully
[planner_server-5] [WARN] [1788842363.117014824] [planner_server]: The goal sent to the planner is off the global costmap. Planning will always fail to this goal.
[planner_server-5] [WARN] [1788842363.117054365] [planner_server]: GridBased: failed to create plan with tolerance 0.50.
[planner_server-5] [WARN] [1788842363.117058781] [planner_server]: Planning algorithm GridBased failed to generate a valid path to (-6.25, -1.58)
[planner_server-5] [WARN] [1788842363.117063323] [planner_server]: [compute_path_to_pose] [ActionServer] Aborting handle.
[controller_server-3] [INFO] [1788842363.134596657] [local_costmap.local_costmap]: Received request to clear entirely the local_costmap
[planner_server-5] [INFO] [1788842363.135051313] [global_costmap.global_costmap]: Received request to clear entirely the global_costmap
[planner_server-5] [WARN] [1788842363.386032861] [planner_server]: The goal sent to the planner is off the global costmap. Planning will always fail to this goal.
[planner_server-5] [WARN] [1788842363.386067110] [planner_server]: GridBased: failed to create plan with tolerance 0.50.
[planner_server-5] [WARN] [1788842363.386072443] [planner_server]: Planning algorithm GridBased failed to generate a valid path to (-6.25, -1.58)
[planner_server-5] [WARN] [1788842363.386079568] [planner_server]: [compute_path_to_pose] [ActionServer] Aborting handle.
[behavior_server-6] [INFO] [1788842363.394477744] [behavior_server]: Running backup
[behavior_server-6] [INFO] [1788842364.699332883] [behavior_server]: backup completed successfully
[planner_server-5] [WARN] [1788842364.726472114] [planner_server]: The goal sent to the planner is off the global costmap. Planning will always fail to this goal.
[planner_server-5] [WARN] [1788842364.726498322] [planner_server]: GridBased: failed to create plan with tolerance 0.50.
[planner_server-5] [WARN] [1788842364.726503197] [planner_server]: Planning algorithm GridBased failed to generate a valid path to (-6.25, -1.58)
[planner_server-5] [WARN] [1788842364.726507738] [planner_server]: [compute_path_to_pose] [ActionServer] Aborting handle.
[behavior_server-6] [INFO] [1788842364.745580119] [behavior_server]: Running spin
[behavior_server-6] [INFO] [1788842364.745616202] [behavior_server]: Turning 1.57 for spin behavior.
[behavior_server-6] [INFO] [1788842365.146647941] [behavior_server]: spin completed successfully
[planner_server-5] [WARN] [1788842365.164928383] [planner_server]: The goal sent to the planner is off the global costmap. Planning will always fail to this goal.
[planner_server-5] [WARN] [1788842365.164955965] [planner_server]: GridBased: failed to create plan with tolerance 0.50.
[planner_server-5] [WARN] [1788842365.164961049] [planner_server]: Planning algorithm GridBased failed to generate a valid path to (-6.25, -1.58)
[planner_server-5] [WARN] [1788842365.164966132] [planner_server]: [compute_path_to_pose] [ActionServer] Aborting handle.
[behavior_server-6] [INFO] [1788842365.184222300] [behavior_server]: Running spin
[behavior_server-6] [INFO] [1788842365.184256716] [behavior_server]: Turning -1.57 for spin behavior.
[behavior_server-6] [INFO] [1788842365.586058062] [behavior_server]: spin completed successfully
[planner_server-5] [WARN] [1788842365.614783964] [planner_server]: The goal sent to the planner is off the global costmap. Planning will always fail to this goal.
[planner_server-5] [WARN] [1788842365.614810464] [planner_server]: GridBased: failed to create plan with tolerance 0.50.
[planner_server-5] [WARN] [1788842365.614815089] [planner_server]: Planning algorithm GridBased failed to generate a valid path to (-6.25, -1.58)
[planner_server-5] [WARN] [1788842365.614819588] [planner_server]: [compute_path_to_pose] [ActionServer] Aborting handle.
[bt_navigator-7] [WARN] [1788842365.644075895] [bt_navigator]: [navigate_to_pose] [ActionServer] Aborting handle.
[bt_navigator-7] [ERROR] [1788842365.644174392] [bt_navigator]: Goal failed
[WARN] [1788842365.646386381] [candidate_explorer]: Recovery move 'right' failed; checking frontiers before the next direction.
[INFO] [1788842365.938560994] [candidate_explorer]: Detected 11215 frontier cells
[INFO] [1788842365.948115101] [candidate_explorer]: Found 150 frontier clusters after filtering
[WARN] [1788842365.963736480] [candidate_explorer]: Frontier clusters exist, but none have a usable goal point.
[WARN] [1788842365.964848079] [candidate_explorer]: Frontier clusters exist but have no usable goal. Trying recovery direction 8/8 before checking again.
[INFO] [1788842365.965115489] [candidate_explorer]: Recovery move 8/8: forward-right, 0.8 m -> (-6.30, -1.59)
[bt_navigator-7] [INFO] [1788842365.965639060] [bt_navigator]: Begin navigating from current location (-6.47, -0.93) to (-6.30, -1.59)
[planner_server-5] [WARN] [1788842365.966260296] [planner_server]: The goal sent to the planner is off the global costmap. Planning will always fail to this goal.
[planner_server-5] [WARN] [1788842365.966291337] [planner_server]: GridBased: failed to create plan with tolerance 0.50.
[planner_server-5] [WARN] [1788842365.966295961] [planner_server]: Planning algorithm GridBased failed to generate a valid path to (-6.30, -1.59)
[planner_server-5] [WARN] [1788842365.966300378] [planner_server]: [compute_path_to_pose] [ActionServer] Aborting handle.
[controller_server-3] [INFO] [1788842365.986437192] [local_costmap.local_costmap]: Received request to clear entirely the local_costmap
[planner_server-5] [INFO] [1788842365.986884931] [global_costmap.global_costmap]: Received request to clear entirely the global_costmap
[planner_server-5] [WARN] [1788842366.388637904] [planner_server]: The goal sent to the planner is off the global costmap. Planning will always fail to this goal.
[planner_server-5] [WARN] [1788842366.388670570] [planner_server]: GridBased: failed to create plan with tolerance 0.50.
[planner_server-5] [WARN] [1788842366.388675528] [planner_server]: Planning algorithm GridBased failed to generate a valid path to (-6.30, -1.59)
[planner_server-5] [WARN] [1788842366.388681236] [planner_server]: [compute_path_to_pose] [ActionServer] Aborting handle.
[behavior_server-6] [INFO] [1788842366.406518022] [behavior_server]: Running backup
[behavior_server-6] [INFO] [1788842367.710073816] [behavior_server]: backup completed successfully
[planner_server-5] [WARN] [1788842367.738188191] [planner_server]: The goal sent to the planner is off the global costmap. Planning will always fail to this goal.
[planner_server-5] [WARN] [1788842367.738218565] [planner_server]: GridBased: failed to create plan with tolerance 0.50.
[planner_server-5] [WARN] [1788842367.738223190] [planner_server]: Planning algorithm GridBased failed to generate a valid path to (-6.30, -1.59)
[planner_server-5] [WARN] [1788842367.738227815] [planner_server]: [compute_path_to_pose] [ActionServer] Aborting handle.
[behavior_server-6] [INFO] [1788842367.757555398] [behavior_server]: Running spin
[behavior_server-6] [INFO] [1788842367.757594356] [behavior_server]: Turning 1.57 for spin behavior.
[behavior_server-6] [INFO] [1788842368.159017377] [behavior_server]: spin completed successfully
[planner_server-5] [WARN] [1788842368.176438714] [planner_server]: The goal sent to the planner is off the global costmap. Planning will always fail to this goal.
[planner_server-5] [WARN] [1788842368.176464380] [planner_server]: GridBased: failed to create plan with tolerance 0.50.
[planner_server-5] [WARN] [1788842368.176469255] [planner_server]: Planning algorithm GridBased failed to generate a valid path to (-6.30, -1.59)
[planner_server-5] [WARN] [1788842368.176474172] [planner_server]: [compute_path_to_pose] [ActionServer] Aborting handle.
[behavior_server-6] [INFO] [1788842368.197539464] [behavior_server]: Running spin
[behavior_server-6] [INFO] [1788842368.197571630] [behavior_server]: Turning -1.57 for spin behavior.
[behavior_server-6] [INFO] [1788842368.600693028] [behavior_server]: spin completed successfully
[planner_server-5] [WARN] [1788842368.626875907] [planner_server]: The goal sent to the planner is off the global costmap. Planning will always fail to this goal.
[planner_server-5] [WARN] [1788842368.626903615] [planner_server]: GridBased: failed to create plan with tolerance 0.50.
[planner_server-5] [WARN] [1788842368.626908531] [planner_server]: Planning algorithm GridBased failed to generate a valid path to (-6.30, -1.59)
[planner_server-5] [WARN] [1788842368.626913615] [planner_server]: [compute_path_to_pose] [ActionServer] Aborting handle.
[controller_server-3] [INFO] [1788842368.646392028] [local_costmap.local_costmap]: Received request to clear entirely the local_costmap
[planner_server-5] [INFO] [1788842368.646597148] [global_costmap.global_costmap]: Received request to clear entirely the global_costmap
[planner_server-5] [WARN] [1788842369.387577200] [planner_server]: The goal sent to the planner is off the global costmap. Planning will always fail to this goal.
[planner_server-5] [WARN] [1788842369.387609116] [planner_server]: GridBased: failed to create plan with tolerance 0.50.
[planner_server-5] [WARN] [1788842369.387614449] [planner_server]: Planning algorithm GridBased failed to generate a valid path to (-6.30, -1.59)
[planner_server-5] [WARN] [1788842369.387620783] [planner_server]: [compute_path_to_pose] [ActionServer] Aborting handle.
[behavior_server-6] [INFO] [1788842369.407013573] [behavior_server]: Running backup
[behavior_server-6] [INFO] [1788842370.709040695] [behavior_server]: backup completed successfully
[planner_server-5] [WARN] [1788842370.736752163] [planner_server]: The goal sent to the planner is off the global costmap. Planning will always fail to this goal.
[planner_server-5] [WARN] [1788842370.736782245] [planner_server]: GridBased: failed to create plan with tolerance 0.50.
[planner_server-5] [WARN] [1788842370.736787245] [planner_server]: Planning algorithm GridBased failed to generate a valid path to (-6.30, -1.59)
[planner_server-5] [WARN] [1788842370.736792162] [planner_server]: [compute_path_to_pose] [ActionServer] Aborting handle.
[bt_navigator-7] [WARN] [1788842370.767327438] [bt_navigator]: [navigate_to_pose] [ActionServer] Aborting handle.
[bt_navigator-7] [ERROR] [1788842370.767422644] [bt_navigator]: Goal failed
[WARN] [1788842370.769688340] [candidate_explorer]: Recovery move 'forward-right' failed; checking frontiers before the next direction.
[INFO] [1788842370.769922626] [candidate_explorer]: All recovery directions tried; starting the 10.0s countdown.
[INFO] [1788842370.937539109] [candidate_explorer]: Detected 11215 frontier cells
[INFO] [1788842370.947078425] [candidate_explorer]: Found 150 frontier clusters after filtering
[WARN] [1788842370.962589849] [candidate_explorer]: Frontier clusters exist, but none have a usable goal point.
[INFO] [1788842370.963650032] [candidate_explorer]: No usable frontier found. Waiting up to 10.0s for the map to update.
[INFO] [1788842371.160231037] [candidate_explorer]: Detected 11215 frontier cells
[INFO] [1788842371.169905432] [candidate_explorer]: Found 150 frontier clusters after filtering
[WARN] [1788842371.185366940] [candidate_explorer]: Frontier clusters exist, but none have a usable goal point.
[INFO] [1788842371.410813011] [candidate_explorer]: Detected 11215 frontier cells
[INFO] [1788842371.420369409] [candidate_explorer]: Found 150 frontier clusters after filtering
[WARN] [1788842371.436015746] [candidate_explorer]: Frontier clusters exist, but none have a usable goal point.
[INFO] [1788842371.662048719] [candidate_explorer]: Detected 11215 frontier cells
[INFO] [1788842371.671575702] [candidate_explorer]: Found 150 frontier clusters after filtering
[WARN] [1788842371.687081126] [candidate_explorer]: Frontier clusters exist, but none have a usable goal point.
[INFO] [1788842371.936455712] [candidate_explorer]: Detected 11215 frontier cells
[INFO] [1788842371.946244646] [candidate_explorer]: Found 150 frontier clusters after filtering
[WARN] [1788842371.961702238] [candidate_explorer]: Frontier clusters exist, but none have a usable goal point.
[INFO] [1788842372.159600920] [candidate_explorer]: Detected 11215 frontier cells
[INFO] [1788842372.169293523] [candidate_explorer]: Found 150 frontier clusters after filtering
[WARN] [1788842372.184724407] [candidate_explorer]: Frontier clusters exist, but none have a usable goal point.
[INFO] [1788842372.410632466] [candidate_explorer]: Detected 11215 frontier cells
[INFO] [1788842372.420185282] [candidate_explorer]: Found 150 frontier clusters after filtering
[WARN] [1788842372.435625832] [candidate_explorer]: Frontier clusters exist, but none have a usable goal point.
[INFO] [1788842372.658310093] [candidate_explorer]: Detected 11215 frontier cells
[INFO] [1788842372.668017363] [candidate_explorer]: Found 150 frontier clusters after filtering
[WARN] [1788842372.683390998] [candidate_explorer]: Frontier clusters exist, but none have a usable goal point.
[INFO] [1788842372.912794099] [candidate_explorer]: Detected 11215 frontier cells
[INFO] [1788842372.922630866] [candidate_explorer]: Found 150 frontier clusters after filtering
[WARN] [1788842372.938910688] [candidate_explorer]: Frontier clusters exist, but none have a usable goal point.
[INFO] [1788842373.161273582] [candidate_explorer]: Detected 11215 frontier cells
[INFO] [1788842373.171037225] [candidate_explorer]: Found 150 frontier clusters after filtering
[WARN] [1788842373.186573982] [candidate_explorer]: Frontier clusters exist, but none have a usable goal point.
[INFO] [1788842373.411202946] [candidate_explorer]: Detected 11215 frontier cells
[INFO] [1788842373.420717929] [candidate_explorer]: Found 150 frontier clusters after filtering
[WARN] [1788842373.436289185] [candidate_explorer]: Frontier clusters exist, but none have a usable goal point.
[INFO] [1788842373.437330160] [candidate_explorer]: No usable frontier found for 10.0s. Exploration complete; returning home.
[bt_navigator-7] [INFO] [1788842373.613288279] [bt_navigator]: Begin navigating from current location (-7.37, -0.42) to (-0.11, 0.11)
[planner_server-5] [ERROR] [1788842373.617594760] [planner_server]: Failed to create a plan from potential when a legal potential was found. This shouldn't happen.
[planner_server-5] [WARN] [1788842373.617635717] [planner_server]: GridBased: failed to create plan with tolerance 0.50.
[planner_server-5] [WARN] [1788842373.617642092] [planner_server]: Planning algorithm GridBased failed to generate a valid path to (-0.11, 0.11)
[planner_server-5] [WARN] [1788842373.617647717] [planner_server]: [compute_path_to_pose] [ActionServer] Aborting handle.
[behavior_server-6] [INFO] [1788842373.636907885] [behavior_server]: Running spin
[behavior_server-6] [INFO] [1788842373.636948759] [behavior_server]: Turning 1.57 for spin behavior.
[behavior_server-6] [INFO] [1788842374.037072604] [behavior_server]: spin completed successfully
[planner_server-5] [ERROR] [1788842374.071643992] [planner_server]: Failed to create a plan from potential when a legal potential was found. This shouldn't happen.
[planner_server-5] [WARN] [1788842374.071683949] [planner_server]: GridBased: failed to create plan with tolerance 0.50.
[planner_server-5] [WARN] [1788842374.071689908] [planner_server]: Planning algorithm GridBased failed to generate a valid path to (-0.11, 0.11)
[planner_server-5] [WARN] [1788842374.071695491] [planner_server]: [compute_path_to_pose] [ActionServer] Aborting handle.
[behavior_server-6] [INFO] [1788842374.085336792] [behavior_server]: Running spin
[behavior_server-6] [INFO] [1788842374.085372666] [behavior_server]: Turning -1.57 for spin behavior.
[behavior_server-6] [INFO] [1788842374.488089574] [behavior_server]: spin completed successfully
[planner_server-5] [ERROR] [1788842374.520878672] [planner_server]: Failed to create a plan from potential when a legal potential was found. This shouldn't happen.
[planner_server-5] [WARN] [1788842374.520918921] [planner_server]: GridBased: failed to create plan with tolerance 0.50.
[planner_server-5] [WARN] [1788842374.520925254] [planner_server]: Planning algorithm GridBased failed to generate a valid path to (-0.11, 0.11)
[planner_server-5] [WARN] [1788842374.520931004] [planner_server]: [compute_path_to_pose] [ActionServer] Aborting handle.
[controller_server-3] [INFO] [1788842374.533773949] [local_costmap.local_costmap]: Received request to clear entirely the local_costmap
[planner_server-5] [INFO] [1788842374.534311312] [global_costmap.global_costmap]: Received request to clear entirely the global_costmap
[planner_server-5] [ERROR] [1788842375.390345844] [planner_server]: Failed to create a plan from potential when a legal potential was found. This shouldn't happen.
[planner_server-5] [WARN] [1788842375.390394134] [planner_server]: GridBased: failed to create plan with tolerance 0.50.
[planner_server-5] [WARN] [1788842375.390399926] [planner_server]: Planning algorithm GridBased failed to generate a valid path to (-0.11, 0.11)
[planner_server-5] [WARN] [1788842375.390406009] [planner_server]: [compute_path_to_pose] [ActionServer] Aborting handle.
[behavior_server-6] [INFO] [1788842375.405622857] [behavior_server]: Running backup
[behavior_server-6] [INFO] [1788842376.705864230] [behavior_server]: backup completed successfully
[planner_server-5] [ERROR] [1788842376.738233837] [planner_server]: Failed to create a plan from potential when a legal potential was found. This shouldn't happen.
[planner_server-5] [WARN] [1788842376.738277336] [planner_server]: GridBased: failed to create plan with tolerance 0.50.
[planner_server-5] [WARN] [1788842376.738283669] [planner_server]: Planning algorithm GridBased failed to generate a valid path to (-0.11, 0.11)
[planner_server-5] [WARN] [1788842376.738289086] [planner_server]: [compute_path_to_pose] [ActionServer] Aborting handle.
[behavior_server-6] [INFO] [1788842376.756190911] [behavior_server]: Running spin
[behavior_server-6] [INFO] [1788842376.756226702] [behavior_server]: Turning 1.57 for spin behavior.
[behavior_server-6] [INFO] [1788842377.157559154] [behavior_server]: spin completed successfully
[planner_server-5] [ERROR] [1788842377.188489637] [planner_server]: Failed to create a plan from potential when a legal potential was found. This shouldn't happen.
[planner_server-5] [WARN] [1788842377.188533929] [planner_server]: GridBased: failed to create plan with tolerance 0.50.
[planner_server-5] [WARN] [1788842377.188540429] [planner_server]: Planning algorithm GridBased failed to generate a valid path to (-0.11, 0.11)
[planner_server-5] [WARN] [1788842377.188545970] [planner_server]: [compute_path_to_pose] [ActionServer] Aborting handle.
[behavior_server-6] [INFO] [1788842377.205196035] [behavior_server]: Running spin
[behavior_server-6] [INFO] [1788842377.205234327] [behavior_server]: Turning -1.57 for spin behavior.
[behavior_server-6] [INFO] [1788842377.608134522] [behavior_server]: spin completed successfully
[planner_server-5] [ERROR] [1788842377.637869618] [planner_server]: Failed to create a plan from potential when a legal potential was found. This shouldn't happen.
[planner_server-5] [WARN] [1788842377.637913452] [planner_server]: GridBased: failed to create plan with tolerance 0.50.
[planner_server-5] [WARN] [1788842377.637919619] [planner_server]: Planning algorithm GridBased failed to generate a valid path to (-0.11, 0.11)
[planner_server-5] [WARN] [1788842377.637925202] [planner_server]: [compute_path_to_pose] [ActionServer] Aborting handle.
[bt_navigator-7] [WARN] [1788842377.663552471] [bt_navigator]: [navigate_to_pose] [ActionServer] Aborting handle.
[bt_navigator-7] [ERROR] [1788842377.663637347] [bt_navigator]: Goal failed
[INFO] [1788842377.665588864] [candidate_explorer]: return-home goal finished, success=False
[WARN] [1788842377.665896700] [candidate_explorer]: Nav2 could not reach home. Trying recovery direction 1/8 before retrying home.
[INFO] [1788842377.666142994] [candidate_explorer]: Return-home recovery move 1/8: forward, 0.3 m
[bt_navigator-7] [INFO] [1788842377.666625081] [bt_navigator]: Begin navigating from current location (-7.81, -0.15) to (-7.55, -0.31)
[controller_server-3] [INFO] [1788842377.687672685] [controller_server]: Received a goal, begin computing control effort.
[controller_server-3] [INFO] [1788842377.846704802] [controller_server]: Reached the goal!
[bt_navigator-7] [INFO] [1788842377.877639868] [bt_navigator]: Goal succeeded
[bt_navigator-7] [INFO] [1788842378.613545638] [bt_navigator]: Begin navigating from current location (-7.74, -0.19) to (-0.10, 0.08)
[planner_server-5] [ERROR] [1788842378.617636674] [planner_server]: Failed to create a plan from potential when a legal potential was found. This shouldn't happen.
[planner_server-5] [WARN] [1788842378.617679508] [planner_server]: GridBased: failed to create plan with tolerance 0.50.
[planner_server-5] [WARN] [1788842378.617685467] [planner_server]: Planning algorithm GridBased failed to generate a valid path to (-0.10, 0.08)
[planner_server-5] [WARN] [1788842378.617691050] [planner_server]: [compute_path_to_pose] [ActionServer] Aborting handle.
[controller_server-3] [INFO] [1788842378.634531782] [local_costmap.local_costmap]: Received request to clear entirely the local_costmap
[planner_server-5] [INFO] [1788842378.634959911] [global_costmap.global_costmap]: Received request to clear entirely the global_costmap
[planner_server-5] [WARN] [1788842379.390454605] [planner_server]: Planner loop missed its desired rate of 20.0000 Hz. Current loop rate is 0.3279 Hz
[controller_server-3] [INFO] [1788842379.406318996] [controller_server]: Received a goal, begin computing control effort.
[controller_server-3] [INFO] [1788842380.459604578] [controller_server]: Passing new path to controller.
[planner_server-5] [ERROR] [1788842381.449226138] [planner_server]: Failed to create a plan from potential when a legal potential was found. This shouldn't happen.
[planner_server-5] [WARN] [1788842381.449271514] [planner_server]: GridBased: failed to create plan with tolerance 0.50.
[planner_server-5] [WARN] [1788842381.449277472] [planner_server]: Planning algorithm GridBased failed to generate a valid path to (-0.10, 0.08)
[planner_server-5] [WARN] [1788842381.449282681] [planner_server]: [compute_path_to_pose] [ActionServer] Aborting handle.
[bt_navigator-7] [ERROR] [1788842381.486253758] [bt_navigator_navigate_to_pose_rclcpp_node]: Failed to get result for follow_path in node halt!
[behavior_server-6] [INFO] [1788842381.486474135] [behavior_server]: Running backup
[bt_navigator-7] [WARN] [1788842381.486493094] [BehaviorTreeEngine]: Behavior Tree tick rate 100.00 was exceeded!
[controller_server-3] [INFO] [1788842381.508434288] [controller_server]: Goal was canceled. Stopping the robot.
[controller_server-3] [INFO] [1788842381.508462455] [controller_server]: [follow_path] [ActionServer] Client requested to cancel the goal. Cancelling.
[behavior_server-6] [INFO] [1788842383.287763679] [behavior_server]: backup completed successfully
[controller_server-3] [INFO] [1788842383.337803372] [controller_server]: Received a goal, begin computing control effort.
[planner_server-5] [ERROR] [1788842384.351572063] [planner_server]: Failed to create a plan from potential when a legal potential was found. This shouldn't happen.
[planner_server-5] [WARN] [1788842384.351915857] [planner_server]: GridBased: failed to create plan with tolerance 0.50.
[planner_server-5] [WARN] [1788842384.352042067] [planner_server]: Planning algorithm GridBased failed to generate a valid path to (-0.10, 0.08)
[planner_server-5] [WARN] [1788842384.352145693] [planner_server]: [compute_path_to_pose] [ActionServer] Aborting handle.
[controller_server-3] [INFO] [1788842384.391152538] [controller_server]: Goal was canceled. Stopping the robot.
[controller_server-3] [INFO] [1788842384.391214414] [controller_server]: [follow_path] [ActionServer] Client requested to cancel the goal. Cancelling.
[behavior_server-6] [INFO] [1788842384.391581876] [behavior_server]: Running spin
[behavior_server-6] [INFO] [1788842384.391619376] [behavior_server]: Turning 1.57 for spin behavior.
[bt_navigator-7] [WARN] [1788842384.391730919] [BehaviorTreeEngine]: Behavior Tree tick rate 100.00 was exceeded!
[behavior_server-6] [INFO] [1788842384.993526667] [behavior_server]: spin completed successfully
[planner_server-5] [ERROR] [1788842385.017378337] [planner_server]: Failed to create a plan from potential when a legal potential was found. This shouldn't happen.
[planner_server-5] [WARN] [1788842385.017423587] [planner_server]: GridBased: failed to create plan with tolerance 0.50.
[planner_server-5] [WARN] [1788842385.017430213] [planner_server]: Planning algorithm GridBased failed to generate a valid path to (-0.10, 0.08)
[planner_server-5] [WARN] [1788842385.017436754] [planner_server]: [compute_path_to_pose] [ActionServer] Aborting handle.
[behavior_server-6] [INFO] [1788842385.034696199] [behavior_server]: Running spin
[behavior_server-6] [INFO] [1788842385.034734699] [behavior_server]: Turning -1.57 for spin behavior.
[behavior_server-6] [INFO] [1788842385.437171557] [behavior_server]: spin completed successfully
[controller_server-3] [INFO] [1788842385.485334942] [controller_server]: Received a goal, begin computing control effort.
[controller_server-3] [INFO] [1788842386.535740040] [controller_server]: Passing new path to controller.
[planner_server-5] [ERROR] [1788842387.515848475] [planner_server]: Failed to create a plan from potential when a legal potential was found. This shouldn't happen.
[planner_server-5] [WARN] [1788842387.516187853] [planner_server]: GridBased: failed to create plan with tolerance 0.50.
[planner_server-5] [WARN] [1788842387.516194769] [planner_server]: Planning algorithm GridBased failed to generate a valid path to (-0.10, 0.08)
[planner_server-5] [WARN] [1788842387.516200644] [planner_server]: [compute_path_to_pose] [ActionServer] Aborting handle.
[controller_server-3] [INFO] [1788842387.537240997] [controller_server]: Goal was canceled. Stopping the robot.
[controller_server-3] [INFO] [1788842387.537276164] [controller_server]: [follow_path] [ActionServer] Client requested to cancel the goal. Cancelling.
[controller_server-3] [INFO] [1788842387.537469458] [local_costmap.local_costmap]: Received request to clear entirely the local_costmap
[planner_server-5] [INFO] [1788842387.537648918] [global_costmap.global_costmap]: Received request to clear entirely the global_costmap
[planner_server-5] [ERROR] [1788842388.394329842] [planner_server]: Failed to create a plan from potential when a legal potential was found. This shouldn't happen.
[planner_server-5] [WARN] [1788842388.394686928] [planner_server]: GridBased: failed to create plan with tolerance 0.50.
[planner_server-5] [WARN] [1788842388.394818096] [planner_server]: Planning algorithm GridBased failed to generate a valid path to (-0.10, 0.08)
[planner_server-5] [WARN] [1788842388.394925347] [planner_server]: [compute_path_to_pose] [ActionServer] Aborting handle.
[behavior_server-6] [INFO] [1788842388.412160291] [behavior_server]: Running backup
[behavior_server-6] [INFO] [1788842389.716521390] [behavior_server]: backup completed successfully
[controller_server-3] [INFO] [1788842389.765914244] [controller_server]: Received a goal, begin computing control effort.
[planner_server-5] [ERROR] [1788842390.774812309] [planner_server]: Failed to create a plan from potential when a legal potential was found. This shouldn't happen.
[planner_server-5] [WARN] [1788842390.775272479] [planner_server]: GridBased: failed to create plan with tolerance 0.50.
[planner_server-5] [WARN] [1788842390.775406147] [planner_server]: Planning algorithm GridBased failed to generate a valid path to (-0.10, 0.08)
[planner_server-5] [WARN] [1788842390.775576232] [planner_server]: [compute_path_to_pose] [ActionServer] Aborting handle.
[bt_navigator-7] [ERROR] [1788842390.816458053] [bt_navigator_navigate_to_pose_rclcpp_node]: Failed to get result for follow_path in node halt!
[bt_navigator-7] [WARN] [1788842390.816619721] [BehaviorTreeEngine]: Behavior Tree tick rate 100.00 was exceeded!
[bt_navigator-7] [WARN] [1788842390.816642054] [bt_navigator]: [navigate_to_pose] [ActionServer] Aborting handle.
[bt_navigator-7] [ERROR] [1788842390.816734138] [bt_navigator]: Goal failed
[controller_server-3] [INFO] [1788842390.817064100] [controller_server]: Goal was canceled. Stopping the robot.
[controller_server-3] [INFO] [1788842390.817095517] [controller_server]: [follow_path] [ActionServer] Client requested to cancel the goal. Cancelling.
[INFO] [1788842390.817614896] [candidate_explorer]: return-home goal finished, success=False
[WARN] [1788842390.817961316] [candidate_explorer]: Nav2 could not reach home. Trying recovery direction 2/8 before retrying home.
[INFO] [1788842390.818196318] [candidate_explorer]: Return-home recovery move 2/8: forward-left, 0.3 m
[bt_navigator-7] [INFO] [1788842390.818716864] [bt_navigator]: Begin navigating from current location (-2.21, 1.70) to (-1.99, 1.90)
[controller_server-3] [INFO] [1788842390.841984404] [controller_server]: Received a goal, begin computing control effort.
[controller_server-3] [INFO] [1788842391.296665391] [controller_server]: Reached the goal!
[bt_navigator-7] [INFO] [1788842391.330337064] [bt_navigator]: Goal succeeded
[bt_navigator-7] [INFO] [1788842391.863498955] [bt_navigator]: Begin navigating from current location (-2.08, 1.70) to (-0.09, 0.10)
[planner_server-5] [ERROR] [1788842391.866256354] [planner_server]: Failed to create a plan from potential when a legal potential was found. This shouldn't happen.
[planner_server-5] [WARN] [1788842391.866297980] [planner_server]: GridBased: failed to create plan with tolerance 0.50.
[planner_server-5] [WARN] [1788842391.866304521] [planner_server]: Planning algorithm GridBased failed to generate a valid path to (-0.09, 0.10)
[planner_server-5] [WARN] [1788842391.866310438] [planner_server]: [compute_path_to_pose] [ActionServer] Aborting handle.
[behavior_server-6] [INFO] [1788842391.886503117] [behavior_server]: Running spin
[behavior_server-6] [INFO] [1788842391.886542909] [behavior_server]: Turning 1.57 for spin behavior.
[behavior_server-6] [INFO] [1788842392.288327927] [behavior_server]: spin completed successfully
[planner_server-5] [ERROR] [1788842392.319143034] [planner_server]: Failed to create a plan from potential when a legal potential was found. This shouldn't happen.
[planner_server-5] [WARN] [1788842392.319209576] [planner_server]: GridBased: failed to create plan with tolerance 0.50.
[planner_server-5] [WARN] [1788842392.319220159] [planner_server]: Planning algorithm GridBased failed to generate a valid path to (-0.09, 0.10)
[planner_server-5] [WARN] [1788842392.319226368] [planner_server]: [compute_path_to_pose] [ActionServer] Aborting handle.
[behavior_server-6] [INFO] [1788842392.334800422] [behavior_server]: Running spin
[behavior_server-6] [INFO] [1788842392.334837464] [behavior_server]: Turning -1.57 for spin behavior.
[behavior_server-6] [INFO] [1788842392.735062594] [behavior_server]: spin completed successfully
[planner_server-5] [ERROR] [1788842392.767127336] [planner_server]: Failed to create a plan from potential when a legal potential was found. This shouldn't happen.
[planner_server-5] [WARN] [1788842392.767169170] [planner_server]: GridBased: failed to create plan with tolerance 0.50.
[planner_server-5] [WARN] [1788842392.767175295] [planner_server]: Planning algorithm GridBased failed to generate a valid path to (-0.09, 0.10)
[planner_server-5] [WARN] [1788842392.767181545] [planner_server]: [compute_path_to_pose] [ActionServer] Aborting handle.
[controller_server-3] [INFO] [1788842392.786743802] [local_costmap.local_costmap]: Received request to clear entirely the local_costmap
[planner_server-5] [INFO] [1788842392.787539976] [global_costmap.global_costmap]: Received request to clear entirely the global_costmap
[planner_server-5] [ERROR] [1788842393.390860071] [planner_server]: Failed to create a plan from potential when a legal potential was found. This shouldn't happen.
[planner_server-5] [WARN] [1788842393.390909155] [planner_server]: GridBased: failed to create plan with tolerance 0.50.
[planner_server-5] [WARN] [1788842393.390915613] [planner_server]: Planning algorithm GridBased failed to generate a valid path to (-0.09, 0.10)
[planner_server-5] [WARN] [1788842393.390921822] [planner_server]: [compute_path_to_pose] [ActionServer] Aborting handle.
[behavior_server-6] [INFO] [1788842393.406964297] [behavior_server]: Running backup
[behavior_server-6] [INFO] [1788842394.709411129] [behavior_server]: backup completed successfully
[planner_server-5] [ERROR] [1788842394.730107479] [planner_server]: Failed to create a plan from potential when a legal potential was found. This shouldn't happen.
[planner_server-5] [WARN] [1788842394.730150563] [planner_server]: GridBased: failed to create plan with tolerance 0.50.
[planner_server-5] [WARN] [1788842394.730157146] [planner_server]: Planning algorithm GridBased failed to generate a valid path to (-0.09, 0.10)
[planner_server-5] [WARN] [1788842394.730163521] [planner_server]: [compute_path_to_pose] [ActionServer] Aborting handle.
[behavior_server-6] [INFO] [1788842394.745036320] [behavior_server]: Running spin
[behavior_server-6] [INFO] [1788842394.745087779] [behavior_server]: Turning 1.57 for spin behavior.
[behavior_server-6] [INFO] [1788842395.145240741] [behavior_server]: spin completed successfully
[planner_server-5] [ERROR] [1788842395.179246167] [planner_server]: Failed to create a plan from potential when a legal potential was found. This shouldn't happen.
[planner_server-5] [WARN] [1788842395.179292001] [planner_server]: GridBased: failed to create plan with tolerance 0.50.
[planner_server-5] [WARN] [1788842395.179298626] [planner_server]: Planning algorithm GridBased failed to generate a valid path to (-0.09, 0.10)
[planner_server-5] [WARN] [1788842395.179304543] [planner_server]: [compute_path_to_pose] [ActionServer] Aborting handle.
[behavior_server-6] [INFO] [1788842395.197621705] [behavior_server]: Running spin
[behavior_server-6] [INFO] [1788842395.197652247] [behavior_server]: Turning -1.57 for spin behavior.
[behavior_server-6] [INFO] [1788842395.600025895] [behavior_server]: spin completed successfully
[planner_server-5] [ERROR] [1788842395.628806942] [planner_server]: Failed to create a plan from potential when a legal potential was found. This shouldn't happen.
[planner_server-5] [WARN] [1788842395.628847026] [planner_server]: GridBased: failed to create plan with tolerance 0.50.
[planner_server-5] [WARN] [1788842395.628853526] [planner_server]: Planning algorithm GridBased failed to generate a valid path to (-0.09, 0.10)
[planner_server-5] [WARN] [1788842395.628859817] [planner_server]: [compute_path_to_pose] [ActionServer] Aborting handle.
[bt_navigator-7] [WARN] [1788842395.655342594] [bt_navigator]: [navigate_to_pose] [ActionServer] Aborting handle.
[bt_navigator-7] [ERROR] [1788842395.655455261] [bt_navigator]: Goal failed
[INFO] [1788842395.657340820] [candidate_explorer]: return-home goal finished, success=False
[WARN] [1788842395.657635614] [candidate_explorer]: Nav2 could not reach home. Trying recovery direction 3/8 before retrying home.
[INFO] [1788842395.657882491] [candidate_explorer]: Return-home recovery move 3/8: left, 0.3 m
[bt_navigator-7] [INFO] [1788842395.658400038] [bt_navigator]: Begin navigating from current location (-2.52, 1.41) to (-2.67, 1.67)
[controller_server-3] [INFO] [1788842395.681192239] [controller_server]: Received a goal, begin computing control effort.
[controller_server-3] [INFO] [1788842396.186842178] [controller_server]: Reached the goal!
[bt_navigator-7] [INFO] [1788842396.221072148] [bt_navigator]: Goal succeeded
[bt_navigator-7] [INFO] [1788842396.861561626] [bt_navigator]: Begin navigating from current location (-2.45, 1.62) to (-0.08, 0.10)
[controller_server-3] [INFO] [1788842396.884748800] [controller_server]: Received a goal, begin computing control effort.
[controller_server-3] [INFO] [1788842397.934964458] [controller_server]: Passing new path to controller.
[controller_server-3] [INFO] [1788842398.986906433] [controller_server]: Passing new path to controller.
[controller_server-3] [INFO] [1788842399.986123532] [controller_server]: Passing new path to controller.
[planner_server-5] [INFO] [1788842400.377223521] [global_costmap.global_costmap]: StaticLayer: Resizing costmap to 975 X 514 at 0.015000 m/pix
[controller_server-3] [INFO] [1788842400.739895798] [controller_server]: Reached the goal!
[bt_navigator-7] [INFO] [1788842400.774010752] [bt_navigator]: Goal succeeded
[INFO] [1788842400.776206608] [candidate_explorer]: return-home goal finished, success=True
[sim_node-1] [INFO] [1788842400.873266726] [challenge_sim_node]: SESSION FINISHED — wrote /challenge/results/20260908_043313/report.yaml
[sim_node-1] collision_count: 0
[sim_node-1] coverage_fraction: 0.7682760717187838
[sim_node-1] distance_to_home_m: 0.3492676473563784
[sim_node-1] elapsed_time_s: 1625.0499999990698
[sim_node-1] elapsed_wall_time_s: 406.28157303098124
[sim_node-1] map_output_yaml: /challenge/results/20260908_043313/map.yaml
[sim_node-1] map_yaml: /challenge/maps/1/room.yaml
[sim_node-1] min_coverage_required: 0.8
[sim_node-1] results_path: /challenge/results/20260908_043313/report.yaml
[sim_node-1] return_tolerance_m: 0.3
[sim_node-1] seed: 0
[sim_node-1] success: false
[INFO] [1788842400.874177635] [candidate_explorer]: Session result: coverage=76.8% distance_to_home=0.35m elapsed_sim=1625.0s elapsed_wall=406.3s collisions=0 success=False report_written_to=/challenge/results/20260908_043313/report.yaml
[sim_node-1] time_scale: 4.0
[sim_node-1] timed_out: false
[sim_node-1] 

=== REPORT ===
collision_count: 0
coverage_fraction: 0.7682760717187838
distance_to_home_m: 0.3492676473563784
elapsed_time_s: 1625.0499999990698
elapsed_wall_time_s: 406.28157303098124
map_output_yaml: /challenge/results/20260908_043313/map.yaml
map_yaml: /challenge/maps/1/room.yaml
min_coverage_required: 0.8
results_path: /challenge/results/20260908_043313/report.yaml
return_tolerance_m: 0.3
seed: 0
success: false
time_scale: 4.0
timed_out: false
Shutting down...
[ERROR] [sim_node-1]: process has died [pid 5173, exit code -9, cmd '/challenge/ws/install/challenge_sim/lib/challenge_sim/sim_node --ros-args -r __node:=challenge_sim_node --params-file /tmp/launch_params_1l8beyoh'].
[ERROR] [async_slam_toolbox_node-2]: process has died [pid 5175, exit code -9, cmd '/opt/ros/humble/lib/slam_toolbox/async_slam_toolbox_node --ros-args -r __node:=slam_toolbox --params-file /challenge/ws/install/challenge_sim/share/challenge_sim/config/slam_toolbox_params.yaml --params-file /tmp/launch_params_y5bz95_y'].
[ERROR] [controller_server-3]: process has died [pid 5177, exit code -9, cmd '/opt/ros/humble/lib/nav2_controller/controller_server --ros-args --log-level info --ros-args --params-file /tmp/launch_params_clesg9ql -r /tf:=tf -r /tf_static:=tf_static -r cmd_vel:=cmd_vel_nav'].
[ERROR] [smoother_server-4]: process has died [pid 5179, exit code -9, cmd '/opt/ros/humble/lib/nav2_smoother/smoother_server --ros-args --log-level info --ros-args -r __node:=smoother_server --params-file /tmp/launch_params_clesg9ql -r /tf:=tf -r /tf_static:=tf_static'].
[ERROR] [planner_server-5]: process has died [pid 5181, exit code -9, cmd '/opt/ros/humble/lib/nav2_planner/planner_server --ros-args --log-level info --ros-args -r __node:=planner_server --params-file /tmp/launch_params_clesg9ql -r /tf:=tf -r /tf_static:=tf_static'].
[ERROR] [behavior_server-6]: process has died [pid 5183, exit code -9, cmd '/opt/ros/humble/lib/nav2_behaviors/behavior_server --ros-args --log-level info --ros-args -r __node:=behavior_server --params-file /tmp/launch_params_clesg9ql -r /tf:=tf -r /tf_static:=tf_static'].
[ERROR] [bt_navigator-7]: process has died [pid 5185, exit code -9, cmd '/opt/ros/humble/lib/nav2_bt_navigator/bt_navigator --ros-args --log-level info --ros-args -r __node:=bt_navigator --params-file /tmp/launch_params_clesg9ql -r /tf:=tf -r /tf_static:=tf_static'].
[ERROR] [waypoint_follower-8]: process has died [pid 5187, exit code -9, cmd '/opt/ros/humble/lib/nav2_waypoint_follower/waypoint_follower --ros-args --log-level info --ros-args -r __node:=waypoint_follower --params-file /tmp/launch_params_clesg9ql -r /tf:=tf -r /tf_static:=tf_static'].
[ERROR] [velocity_smoother-9]: process has died [pid 5189, exit code -9, cmd '/opt/ros/humble/lib/nav2_velocity_smoother/velocity_smoother --ros-args --log-level info --ros-args -r __node:=velocity_smoother --params-file /tmp/launch_params_clesg9ql -r /tf:=tf -r /tf_static:=tf_static -r cmd_vel:=cmd_vel_nav -r cmd_vel_smoothed:=cmd_vel'].
/challenge/eval_runner.sh: line 40:  5171 Killed                  ros2 launch challenge_sim challenge.launch.py map_yaml:="$MAP_YAML" seed:="$SEED" time_limit_s:="$TIME_LIMIT" time_scale:="$TIME_SCALE" results_path:="$RESULTS_PATH" rviz:="$RVIZ"
