Launching sim + slam_toolbox + Nav2 (map: /challenge/maps/5/room.yaml, seed: 0, time_scale: 4.0x)...
Waiting for bringup...
[INFO] [launch]: All log files can be found below /root/.ros/log/2026-09-08-09-55-04-226204-orbstack-71574
[INFO] [launch]: Default logging verbosity is set to INFO
[INFO] [sim_node-1]: process started with pid [71576]
[INFO] [async_slam_toolbox_node-2]: process started with pid [71578]
[INFO] [controller_server-3]: process started with pid [71580]
[INFO] [smoother_server-4]: process started with pid [71582]
[INFO] [planner_server-5]: process started with pid [71584]
[INFO] [behavior_server-6]: process started with pid [71586]
[INFO] [bt_navigator-7]: process started with pid [71588]
[INFO] [waypoint_follower-8]: process started with pid [71590]
[INFO] [velocity_smoother-9]: process started with pid [71592]
[INFO] [lifecycle_manager-10]: process started with pid [71594]
[async_slam_toolbox_node-2] [INFO] [1788861304.344774881] [slam_toolbox]: Node using stack size 40000000
[controller_server-3] [INFO] [1788861304.357215336] [controller_server]: 
[controller_server-3] 	controller_server lifecycle node launched. 
[controller_server-3] 	Waiting on external lifecycle transitions to activate
[controller_server-3] 	See https://design.ros2.org/articles/node_lifecycle.html for more information.
[waypoint_follower-8] [INFO] [1788861304.361706198] [waypoint_follower]: 
[waypoint_follower-8] 	waypoint_follower lifecycle node launched. 
[waypoint_follower-8] 	Waiting on external lifecycle transitions to activate
[waypoint_follower-8] 	See https://design.ros2.org/articles/node_lifecycle.html for more information.
[controller_server-3] [INFO] [1788861304.361851657] [controller_server]: Creating controller server
[waypoint_follower-8] [INFO] [1788861304.362260993] [waypoint_follower]: Creating
[lifecycle_manager-10] [INFO] [1788861304.367730987] [lifecycle_manager_navigation]: Creating
[smoother_server-4] [INFO] [1788861304.370468046] [smoother_server]: 
[smoother_server-4] 	smoother_server lifecycle node launched. 
[smoother_server-4] 	Waiting on external lifecycle transitions to activate
[smoother_server-4] 	See https://design.ros2.org/articles/node_lifecycle.html for more information.
[smoother_server-4] [INFO] [1788861304.371721637] [smoother_server]: Creating smoother server
[behavior_server-6] [INFO] [1788861304.371791554] [behavior_server]: 
[behavior_server-6] 	behavior_server lifecycle node launched. 
[behavior_server-6] 	Waiting on external lifecycle transitions to activate
[behavior_server-6] 	See https://design.ros2.org/articles/node_lifecycle.html for more information.
[lifecycle_manager-10] [INFO] [1788861304.371813305] [lifecycle_manager_navigation]: [34m[1mCreating and initializing lifecycle service clients[0m[0m
[bt_navigator-7] [INFO] [1788861304.377500966] [bt_navigator]: 
[bt_navigator-7] 	bt_navigator lifecycle node launched. 
[bt_navigator-7] 	Waiting on external lifecycle transitions to activate
[bt_navigator-7] 	See https://design.ros2.org/articles/node_lifecycle.html for more information.
[bt_navigator-7] [INFO] [1788861304.377593092] [bt_navigator]: Creating
[velocity_smoother-9] [INFO] [1788861304.378702224] [velocity_smoother]: 
[velocity_smoother-9] 	velocity_smoother lifecycle node launched. 
[velocity_smoother-9] 	Waiting on external lifecycle transitions to activate
[velocity_smoother-9] 	See https://design.ros2.org/articles/node_lifecycle.html for more information.
[planner_server-5] [INFO] [1788861304.379348395] [planner_server]: 
[planner_server-5] 	planner_server lifecycle node launched. 
[planner_server-5] 	Waiting on external lifecycle transitions to activate
[planner_server-5] 	See https://design.ros2.org/articles/node_lifecycle.html for more information.
[planner_server-5] [INFO] [1788861304.380388818] [planner_server]: Creating
[async_slam_toolbox_node-2] [INFO] [1788861304.382043787] [slam_toolbox]: Using solver plugin solver_plugins::CeresSolver
[async_slam_toolbox_node-2] [INFO] [1788861304.382641458] [slam_toolbox]: CeresSolver: Using SCHUR_JACOBI preconditioner.
[controller_server-3] [INFO] [1788861304.388517162] [local_costmap.local_costmap]: 
[controller_server-3] 	local_costmap lifecycle node launched. 
[controller_server-3] 	Waiting on external lifecycle transitions to activate
[controller_server-3] 	See https://design.ros2.org/articles/node_lifecycle.html for more information.
[controller_server-3] [INFO] [1788861304.389039916] [local_costmap.local_costmap]: Creating Costmap
[planner_server-5] [INFO] [1788861304.395212455] [global_costmap.global_costmap]: 
[planner_server-5] 	global_costmap lifecycle node launched. 
[planner_server-5] 	Waiting on external lifecycle transitions to activate
[planner_server-5] 	See https://design.ros2.org/articles/node_lifecycle.html for more information.
[planner_server-5] [INFO] [1788861304.395549916] [global_costmap.global_costmap]: Creating Costmap
[lifecycle_manager-10] [INFO] [1788861304.619318023] [lifecycle_manager_navigation]: [34m[1mStarting managed nodes bringup...[0m[0m
[lifecycle_manager-10] [INFO] [1788861304.619360190] [lifecycle_manager_navigation]: [34m[1mConfiguring controller_server[0m[0m
[controller_server-3] [INFO] [1788861304.619525525] [controller_server]: Configuring controller interface
[controller_server-3] [INFO] [1788861304.619900277] [controller_server]: getting goal checker plugins..
[controller_server-3] [INFO] [1788861304.620112695] [controller_server]: Controller frequency set to 20.0000Hz
[controller_server-3] [INFO] [1788861304.620136237] [local_costmap.local_costmap]: Configuring
[controller_server-3] [INFO] [1788861304.624402098] [local_costmap.local_costmap]: Using plugin "obstacle_layer"
[controller_server-3] [INFO] [1788861304.629145378] [local_costmap.local_costmap]: Subscribed to Topics: scan
[controller_server-3] [INFO] [1788861304.632777610] [local_costmap.local_costmap]: Initialized plugin "obstacle_layer"
[controller_server-3] [INFO] [1788861304.632790152] [local_costmap.local_costmap]: Using plugin "inflation_layer"
[controller_server-3] [INFO] [1788861304.633716949] [local_costmap.local_costmap]: Initialized plugin "inflation_layer"
[controller_server-3] [INFO] [1788861304.640221158] [controller_server]: Created progress_checker : progress_checker of type nav2_controller::SimpleProgressChecker
[controller_server-3] [INFO] [1788861304.640940829] [controller_server]: Created goal checker : general_goal_checker of type nav2_controller::SimpleGoalChecker
[controller_server-3] [INFO] [1788861304.641480374] [controller_server]: Controller Server has general_goal_checker  goal checkers available.
[controller_server-3] [INFO] [1788861304.642952175] [controller_server]: Created controller : FollowPath of type dwb_core::DWBLocalPlanner
[controller_server-3] [INFO] [1788861304.643915265] [controller_server]: Setting transform_tolerance to 0.200000
[controller_server-3] [INFO] [1788861304.650365265] [controller_server]: Using critic "RotateToGoal" (dwb_critics::RotateToGoalCritic)
[controller_server-3] [INFO] [1788861304.650729142] [controller_server]: Critic plugin initialized
[controller_server-3] [INFO] [1788861304.650812934] [controller_server]: Using critic "Oscillation" (dwb_critics::OscillationCritic)
[controller_server-3] [INFO] [1788861304.651142811] [controller_server]: Critic plugin initialized
[controller_server-3] [INFO] [1788861304.651223812] [controller_server]: Using critic "BaseObstacle" (dwb_critics::BaseObstacleCritic)
[controller_server-3] [INFO] [1788861304.651377355] [controller_server]: Critic plugin initialized
[controller_server-3] [INFO] [1788861304.651449772] [controller_server]: Using critic "GoalAlign" (dwb_critics::GoalAlignCritic)
[controller_server-3] [INFO] [1788861304.651686023] [controller_server]: Critic plugin initialized
[controller_server-3] [INFO] [1788861304.652110484] [controller_server]: Using critic "PathAlign" (dwb_critics::PathAlignCritic)
[controller_server-3] [INFO] [1788861304.652451862] [controller_server]: Critic plugin initialized
[controller_server-3] [INFO] [1788861304.652651738] [controller_server]: Using critic "PathDist" (dwb_critics::PathDistCritic)
[controller_server-3] [INFO] [1788861304.652920448] [controller_server]: Critic plugin initialized
[controller_server-3] [INFO] [1788861304.653119866] [controller_server]: Using critic "GoalDist" (dwb_critics::GoalDistCritic)
[controller_server-3] [INFO] [1788861304.653360242] [controller_server]: Critic plugin initialized
[controller_server-3] [INFO] [1788861304.653471618] [controller_server]: Controller Server has FollowPath  controllers available.
[lifecycle_manager-10] [INFO] [1788861304.659205613] [lifecycle_manager_navigation]: [34m[1mConfiguring smoother_server[0m[0m
[smoother_server-4] [INFO] [1788861304.659640574] [smoother_server]: Configuring smoother server
[smoother_server-4] [INFO] [1788861304.665802489] [smoother_server]: Created smoother : simple_smoother of type nav2_smoother::SimpleSmoother
[smoother_server-4] [INFO] [1788861304.666785954] [smoother_server]: Smoother Server has simple_smoother  smoothers available.
[lifecycle_manager-10] [INFO] [1788861304.670765813] [lifecycle_manager_navigation]: [34m[1mConfiguring planner_server[0m[0m
[planner_server-5] [INFO] [1788861304.671073856] [planner_server]: Configuring
[planner_server-5] [INFO] [1788861304.671103440] [global_costmap.global_costmap]: Configuring
[planner_server-5] [INFO] [1788861304.675534843] [global_costmap.global_costmap]: Using plugin "static_layer"
[planner_server-5] [INFO] [1788861304.677911317] [global_costmap.global_costmap]: Subscribing to the map topic (/map) with transient local durability
[planner_server-5] [INFO] [1788861304.679009158] [global_costmap.global_costmap]: Initialized plugin "static_layer"
[planner_server-5] [INFO] [1788861304.679022533] [global_costmap.global_costmap]: Using plugin "obstacle_layer"
[planner_server-5] [INFO] [1788861304.679683329] [global_costmap.global_costmap]: Subscribed to Topics: scan
[planner_server-5] [INFO] [1788861304.681906218] [global_costmap.global_costmap]: Initialized plugin "obstacle_layer"
[planner_server-5] [INFO] [1788861304.681920176] [global_costmap.global_costmap]: Using plugin "inflation_layer"
[planner_server-5] [INFO] [1788861304.682531930] [global_costmap.global_costmap]: Initialized plugin "inflation_layer"
[planner_server-5] [INFO] [1788861304.687141502] [planner_server]: Created global planner plugin GridBased of type nav2_navfn_planner/NavfnPlanner
[planner_server-5] [INFO] [1788861304.687164835] [planner_server]: Configuring plugin GridBased of type NavfnPlanner
[planner_server-5] [INFO] [1788861304.687616338] [planner_server]: Planner Server has GridBased  planners available.
[lifecycle_manager-10] [INFO] [1788861304.693826253] [lifecycle_manager_navigation]: [34m[1mConfiguring behavior_server[0m[0m
[behavior_server-6] [INFO] [1788861304.694267547] [behavior_server]: Configuring
[behavior_server-6] [INFO] [1788861304.699693749] [behavior_server]: Creating behavior plugin spin of type nav2_behaviors/Spin
[behavior_server-6] [INFO] [1788861304.700332961] [behavior_server]: Configuring spin
[behavior_server-6] [INFO] [1788861304.703864984] [behavior_server]: Creating behavior plugin backup of type nav2_behaviors/BackUp
[behavior_server-6] [INFO] [1788861304.704395738] [behavior_server]: Configuring backup
[behavior_server-6] [INFO] [1788861304.709229394] [behavior_server]: Creating behavior plugin drive_on_heading of type nav2_behaviors/DriveOnHeading
[behavior_server-6] [INFO] [1788861304.710151816] [behavior_server]: Configuring drive_on_heading
[behavior_server-6] [INFO] [1788861304.713420087] [behavior_server]: Creating behavior plugin assisted_teleop of type nav2_behaviors/AssistedTeleop
[behavior_server-6] [INFO] [1788861304.714883888] [behavior_server]: Configuring assisted_teleop
[behavior_server-6] [INFO] [1788861304.720830552] [behavior_server]: Creating behavior plugin wait of type nav2_behaviors/Wait
[behavior_server-6] [INFO] [1788861304.721403055] [behavior_server]: Configuring wait
[lifecycle_manager-10] [INFO] [1788861304.725797167] [lifecycle_manager_navigation]: [34m[1mConfiguring bt_navigator[0m[0m
[bt_navigator-7] [INFO] [1788861304.726354587] [bt_navigator]: Configuring
[sim_node-1] [INFO] [1788861304.747652099] [challenge_sim_node]: Loaded /challenge/maps/5/room.yaml — spawned at world (-3.53, 1.36); 63101 reachable free cells. time_scale=4.0x
[lifecycle_manager-10] [INFO] [1788861304.780257559] [lifecycle_manager_navigation]: [34m[1mConfiguring waypoint_follower[0m[0m
[waypoint_follower-8] [INFO] [1788861304.780887980] [waypoint_follower]: Configuring
[waypoint_follower-8] [INFO] [1788861304.789197992] [waypoint_follower]: Created waypoint_task_executor : wait_at_waypoint of type nav2_waypoint_follower::WaitAtWaypoint
[lifecycle_manager-10] [INFO] [1788861304.790027456] [lifecycle_manager_navigation]: [34m[1mConfiguring velocity_smoother[0m[0m
[velocity_smoother-9] [INFO] [1788861304.790219790] [velocity_smoother]: Configuring velocity smoother
[async_slam_toolbox_node-2] [WARN] [1788861304.791292714] [slam_toolbox]: minimum laser range setting (0.0 m) exceeds the capabilities of the used Lidar (0.1 m)
[async_slam_toolbox_node-2] Info: clipped range threshold to be within minimum and maximum range!
[async_slam_toolbox_node-2] Registering sensor: [Custom Described Lidar]
[lifecycle_manager-10] [INFO] [1788861304.792567889] [lifecycle_manager_navigation]: [34m[1mActivating controller_server[0m[0m
[controller_server-3] [INFO] [1788861304.792666098] [controller_server]: Activating
[controller_server-3] [INFO] [1788861304.792687181] [local_costmap.local_costmap]: Activating
[controller_server-3] [INFO] [1788861304.792693723] [local_costmap.local_costmap]: Checking transform
[controller_server-3] [INFO] [1788861304.792751306] [local_costmap.local_costmap]: start
[controller_server-3] [INFO] [1788861305.045466267] [controller_server]: Creating bond (controller_server) to lifecycle manager.
[lifecycle_manager-10] [INFO] [1788861305.150115774] [lifecycle_manager_navigation]: Server controller_server connected with bond.
[lifecycle_manager-10] [INFO] [1788861305.150165608] [lifecycle_manager_navigation]: [34m[1mActivating smoother_server[0m[0m
[smoother_server-4] [INFO] [1788861305.150421026] [smoother_server]: Activating
[smoother_server-4] [INFO] [1788861305.150452110] [smoother_server]: Creating bond (smoother_server) to lifecycle manager.
[lifecycle_manager-10] [INFO] [1788861305.263340420] [lifecycle_manager_navigation]: Server smoother_server connected with bond.
[lifecycle_manager-10] [INFO] [1788861305.263378795] [lifecycle_manager_navigation]: [34m[1mActivating planner_server[0m[0m
[planner_server-5] [INFO] [1788861305.263584213] [planner_server]: Activating
[planner_server-5] [INFO] [1788861305.263638963] [global_costmap.global_costmap]: Activating
[planner_server-5] [INFO] [1788861305.263656672] [global_costmap.global_costmap]: Checking transform
[planner_server-5] [INFO] [1788861305.263757631] [global_costmap.global_costmap]: start
[planner_server-5] [INFO] [1788861306.267876596] [planner_server]: Activating plugin GridBased of type NavfnPlanner
[planner_server-5] [INFO] [1788861306.269015353] [planner_server]: Creating bond (planner_server) to lifecycle manager.
[lifecycle_manager-10] [INFO] [1788861306.372909480] [lifecycle_manager_navigation]: Server planner_server connected with bond.
[lifecycle_manager-10] [INFO] [1788861306.372938772] [lifecycle_manager_navigation]: [34m[1mActivating behavior_server[0m[0m
[behavior_server-6] [INFO] [1788861306.373111148] [behavior_server]: Activating
[behavior_server-6] [INFO] [1788861306.373131440] [behavior_server]: Activating spin
[behavior_server-6] [INFO] [1788861306.373139190] [behavior_server]: Activating backup
[behavior_server-6] [INFO] [1788861306.373144898] [behavior_server]: Activating drive_on_heading
[behavior_server-6] [INFO] [1788861306.373156190] [behavior_server]: Activating assisted_teleop
[behavior_server-6] [INFO] [1788861306.373160982] [behavior_server]: Activating wait
[behavior_server-6] [INFO] [1788861306.373167565] [behavior_server]: Creating bond (behavior_server) to lifecycle manager.
[planner_server-5] [INFO] [1788861306.392138937] [global_costmap.global_costmap]: StaticLayer: Resizing costmap to 132 X 473 at 0.015000 m/pix
[lifecycle_manager-10] [INFO] [1788861306.487501051] [lifecycle_manager_navigation]: Server behavior_server connected with bond.
[lifecycle_manager-10] [INFO] [1788861306.487543760] [lifecycle_manager_navigation]: [34m[1mActivating bt_navigator[0m[0m
[bt_navigator-7] [INFO] [1788861306.487729928] [bt_navigator]: Activating
[bt_navigator-7] [INFO] [1788861306.518240874] [bt_navigator]: Creating bond (bt_navigator) to lifecycle manager.
[lifecycle_manager-10] [INFO] [1788861306.621393830] [lifecycle_manager_navigation]: Server bt_navigator connected with bond.
[lifecycle_manager-10] [INFO] [1788861306.621419372] [lifecycle_manager_navigation]: [34m[1mActivating waypoint_follower[0m[0m
[waypoint_follower-8] [INFO] [1788861306.621596623] [waypoint_follower]: Activating
[waypoint_follower-8] [INFO] [1788861306.621618582] [waypoint_follower]: Creating bond (waypoint_follower) to lifecycle manager.
[lifecycle_manager-10] [INFO] [1788861306.724771871] [lifecycle_manager_navigation]: Server waypoint_follower connected with bond.
[lifecycle_manager-10] [INFO] [1788861306.724813246] [lifecycle_manager_navigation]: [34m[1mActivating velocity_smoother[0m[0m
[velocity_smoother-9] [INFO] [1788861306.725346583] [velocity_smoother]: Activating
[velocity_smoother-9] [INFO] [1788861306.725384125] [velocity_smoother]: Creating bond (velocity_smoother) to lifecycle manager.
[lifecycle_manager-10] [INFO] [1788861306.840704534] [lifecycle_manager_navigation]: Server velocity_smoother connected with bond.
[lifecycle_manager-10] [INFO] [1788861306.840771868] [lifecycle_manager_navigation]: [34m[1mManaged nodes are active[0m[0m
[lifecycle_manager-10] [INFO] [1788861306.840783951] [lifecycle_manager_navigation]: [34m[1mCreating bond timer...[0m[0m
Starting your explorer node...
Running. Waiting for /challenge/results/20260908_095503/report.yaml to appear (or Ctrl-C to stop)...
[INFO] [1788861334.522804097] [candidate_explorer]: Got first /map.
[INFO] [1788861334.766855043] [candidate_explorer]: Detected 145 frontier cells
[INFO] [1788861334.767289171] [candidate_explorer]: Found 1 frontier clusters after filtering
[WARN] [1788861334.767551631] [candidate_explorer]: Frontier clusters exist, but none have a usable goal point.
[WARN] [1788861334.767827008] [candidate_explorer]: Frontier clusters exist but have no usable goal. Trying recovery direction 1/8 before checking again.
[INFO] [1788861334.768110760] [candidate_explorer]: Recovery move 1/8: forward, 0.8 m -> (0.80, 0.00)
[bt_navigator-7] [INFO] [1788861334.768982307] [bt_navigator]: Begin navigating from current location (0.00, 0.00) to (0.80, 0.00)
[controller_server-3] [INFO] [1788861334.790820906] [controller_server]: Received a goal, begin computing control effort.
[controller_server-3] [WARN] [1788861334.790886156] [controller_server]: No goal checker was specified in parameter 'current_goal_checker'. Server will use only plugin loaded general_goal_checker . This warning will appear once.
[controller_server-3] [INFO] [1788861335.394601960] [controller_server]: Reached the goal!
[bt_navigator-7] [INFO] [1788861335.432598871] [bt_navigator]: Goal succeeded
[INFO] [1788861335.433469294] [candidate_explorer]: Recovery move 'forward' succeeded.
[INFO] [1788861335.516459661] [candidate_explorer]: Detected 145 frontier cells
[INFO] [1788861335.516897248] [candidate_explorer]: Found 1 frontier clusters after filtering
[INFO] [1788861335.517360251] [candidate_explorer]: Selected frontier cluster: size=126, goal=(0.04, -0.18), distance=0.60
[INFO] [1788861335.517731003] [candidate_explorer]: Checking global path to frontier (0.04, -0.18), distance=0.60m
[INFO] [1788861335.520682480] [candidate_explorer]: Nav2 path to frontier is 0.64m (straight-line=0.60m, detour=1.1x)
[INFO] [1788861335.521756820] [candidate_explorer]: Global path accepted. Navigating to frontier (0.04, -0.18)
[bt_navigator-7] [INFO] [1788861335.522175407] [bt_navigator]: Begin navigating from current location (0.61, 0.02) to (0.04, -0.18)
[controller_server-3] [INFO] [1788861335.544770969] [controller_server]: Received a goal, begin computing control effort.
[controller_server-3] [INFO] [1788861336.598186001] [controller_server]: Passing new path to controller.
[controller_server-3] [INFO] [1788861337.151512939] [controller_server]: Reached the goal!
[bt_navigator-7] [INFO] [1788861337.183877272] [bt_navigator]: Goal succeeded
[INFO] [1788861337.184550026] [candidate_explorer]: Frontier goal finished: success=True
[INFO] [1788861337.184768819] [candidate_explorer]: Reached frontier. Waiting for the map to expose new frontiers.
[planner_server-5] [INFO] [1788861337.265495297] [global_costmap.global_costmap]: StaticLayer: Resizing costmap to 133 X 494 at 0.015000 m/pix
[INFO] [1788861337.273742517] [candidate_explorer]: Detected 218 frontier cells
[INFO] [1788861337.274220020] [candidate_explorer]: Found 6 frontier clusters after filtering
[INFO] [1788861337.274566439] [candidate_explorer]: Selected frontier cluster: size=6, goal=(0.46, -0.86), distance=0.61
[INFO] [1788861337.274842149] [candidate_explorer]: Checking global path to frontier (0.46, -0.86), distance=0.61m
[INFO] [1788861337.277910294] [candidate_explorer]: Nav2 path to frontier is 0.69m (straight-line=0.61m, detour=1.1x)
[INFO] [1788861337.278829258] [candidate_explorer]: Global path accepted. Navigating to frontier (0.46, -0.86)
[bt_navigator-7] [INFO] [1788861337.279222969] [bt_navigator]: Begin navigating from current location (0.24, -0.29) to (0.46, -0.86)
[controller_server-3] [INFO] [1788861337.302464994] [controller_server]: Received a goal, begin computing control effort.
[controller_server-3] [INFO] [1788861338.355237564] [controller_server]: Passing new path to controller.
[controller_server-3] [INFO] [1788861338.955866473] [controller_server]: Reached the goal!
[bt_navigator-7] [INFO] [1788861338.991384910] [bt_navigator]: Goal succeeded
[INFO] [1788861338.992079122] [candidate_explorer]: Frontier goal finished: success=True
[INFO] [1788861338.992335582] [candidate_explorer]: Reached frontier. Waiting for the map to expose new frontiers.
[INFO] [1788861339.023118947] [candidate_explorer]: Detected 1012 frontier cells
[INFO] [1788861339.024516248] [candidate_explorer]: Found 24 frontier clusters after filtering
[INFO] [1788861339.025255586] [candidate_explorer]: Selected frontier cluster: size=7, goal=(0.22, -1.50), distance=0.65
[INFO] [1788861339.025574213] [candidate_explorer]: Checking global path to frontier (0.22, -1.50), distance=0.65m
[INFO] [1788861339.028258939] [candidate_explorer]: Nav2 path to frontier is 0.68m (straight-line=0.65m, detour=1.0x)
[INFO] [1788861339.029096319] [candidate_explorer]: Global path accepted. Navigating to frontier (0.22, -1.50)
[bt_navigator-7] [INFO] [1788861339.029490738] [bt_navigator]: Begin navigating from current location (0.25, -0.86) to (0.22, -1.50)
[controller_server-3] [INFO] [1788861339.052871139] [controller_server]: Received a goal, begin computing control effort.
[planner_server-5] [INFO] [1788861339.264414542] [global_costmap.global_costmap]: StaticLayer: Resizing costmap to 133 X 525 at 0.015000 m/pix
[controller_server-3] [INFO] [1788861339.606447078] [controller_server]: Reached the goal!
[bt_navigator-7] [INFO] [1788861339.641332219] [bt_navigator]: Goal succeeded
[INFO] [1788861339.641797264] [candidate_explorer]: Frontier goal finished: success=True
[INFO] [1788861339.642036307] [candidate_explorer]: Reached frontier. Waiting for the map to expose new frontiers.
[INFO] [1788861339.767568449] [candidate_explorer]: Detected 1012 frontier cells
[INFO] [1788861339.768839373] [candidate_explorer]: Found 24 frontier clusters after filtering
[INFO] [1788861339.769577962] [candidate_explorer]: Selected frontier cluster: size=5, goal=(0.36, -1.91), distance=0.61
[INFO] [1788861339.769869672] [candidate_explorer]: Checking global path to frontier (0.36, -1.91), distance=0.61m
[INFO] [1788861339.772682523] [candidate_explorer]: Nav2 path to frontier is 0.63m (straight-line=0.61m, detour=1.0x)
[INFO] [1788861339.773542487] [candidate_explorer]: Global path accepted. Navigating to frontier (0.36, -1.91)
[bt_navigator-7] [INFO] [1788861339.773956198] [bt_navigator]: Begin navigating from current location (0.31, -1.30) to (0.36, -1.91)
[controller_server-3] [INFO] [1788861339.795050501] [controller_server]: Received a goal, begin computing control effort.
[controller_server-3] [INFO] [1788861340.349511362] [controller_server]: Reached the goal!
[bt_navigator-7] [INFO] [1788861340.385186675] [bt_navigator]: Goal succeeded
[INFO] [1788861340.385634720] [candidate_explorer]: Frontier goal finished: success=True
[INFO] [1788861340.385879805] [candidate_explorer]: Reached frontier. Waiting for the map to expose new frontiers.
[INFO] [1788861340.530256109] [candidate_explorer]: Detected 1732 frontier cells
[INFO] [1788861340.532100329] [candidate_explorer]: Found 88 frontier clusters after filtering
[INFO] [1788861340.533351546] [candidate_explorer]: Selected frontier cluster: size=9, goal=(0.19, -2.64), distance=0.94
[INFO] [1788861340.533723715] [candidate_explorer]: Checking global path to frontier (0.19, -2.64), distance=0.94m
[INFO] [1788861340.537129237] [candidate_explorer]: Nav2 path to frontier is 0.94m (straight-line=0.94m, detour=1.0x)
[INFO] [1788861340.538229160] [candidate_explorer]: Global path accepted. Navigating to frontier (0.19, -2.64)
[bt_navigator-7] [INFO] [1788861340.538614788] [bt_navigator]: Begin navigating from current location (0.29, -1.70) to (0.19, -2.64)
[controller_server-3] [INFO] [1788861340.561271809] [controller_server]: Received a goal, begin computing control effort.
[planner_server-5] [INFO] [1788861341.267471356] [global_costmap.global_costmap]: StaticLayer: Resizing costmap to 140 X 561 at 0.015000 m/pix
[controller_server-3] [INFO] [1788861341.318100390] [controller_server]: Reached the goal!
[bt_navigator-7] [INFO] [1788861341.349449175] [bt_navigator]: Goal succeeded
[INFO] [1788861341.350247722] [candidate_explorer]: Frontier goal finished: success=True
[INFO] [1788861341.350468765] [candidate_explorer]: Reached frontier. Waiting for the map to expose new frontiers.
[INFO] [1788861341.522120204] [candidate_explorer]: Detected 1732 frontier cells
[INFO] [1788861341.530617967] [candidate_explorer]: Found 88 frontier clusters after filtering
[INFO] [1788861341.532024184] [candidate_explorer]: Selected frontier cluster: size=14, goal=(0.20, -3.04), distance=0.61
[INFO] [1788861341.532431687] [candidate_explorer]: Checking global path to frontier (0.20, -3.04), distance=0.61m
[INFO] [1788861341.535475915] [candidate_explorer]: Nav2 path to frontier is 0.66m (straight-line=0.61m, detour=1.1x)
[INFO] [1788861341.536375754] [candidate_explorer]: Global path accepted. Navigating to frontier (0.20, -3.04)
[bt_navigator-7] [INFO] [1788861341.536779506] [bt_navigator]: Begin navigating from current location (0.22, -2.43) to (0.20, -3.04)
[controller_server-3] [INFO] [1788861341.559863988] [controller_server]: Received a goal, begin computing control effort.
[controller_server-3] [INFO] [1788861342.015928675] [controller_server]: Reached the goal!
[bt_navigator-7] [INFO] [1788861342.048085798] [bt_navigator]: Goal succeeded
[INFO] [1788861342.048722344] [candidate_explorer]: Frontier goal finished: success=True
[INFO] [1788861342.048938262] [candidate_explorer]: Reached frontier. Waiting for the map to expose new frontiers.
[INFO] [1788861342.271013775] [candidate_explorer]: Detected 1732 frontier cells
[INFO] [1788861342.272805620] [candidate_explorer]: Found 88 frontier clusters after filtering
[INFO] [1788861342.274080295] [candidate_explorer]: Selected frontier cluster: size=23, goal=(0.47, -3.34), distance=0.60
[INFO] [1788861342.274460297] [candidate_explorer]: Checking global path to frontier (0.47, -3.34), distance=0.60m
[INFO] [1788861342.277719027] [candidate_explorer]: Nav2 path to frontier is 0.77m (straight-line=0.60m, detour=1.3x)
[INFO] [1788861342.278827284] [candidate_explorer]: Global path accepted. Navigating to frontier (0.47, -3.34)
[bt_navigator-7] [INFO] [1788861342.279211328] [bt_navigator]: Begin navigating from current location (0.18, -2.81) to (0.47, -3.34)
[controller_server-3] [INFO] [1788861342.300312172] [controller_server]: Received a goal, begin computing control effort.
[controller_server-3] [INFO] [1788861342.853626068] [controller_server]: Reached the goal!
[bt_navigator-7] [INFO] [1788861342.889407923] [bt_navigator]: Goal succeeded
[INFO] [1788861342.890092678] [candidate_explorer]: Frontier goal finished: success=True
[INFO] [1788861342.890323263] [candidate_explorer]: Reached frontier. Waiting for the map to expose new frontiers.
[INFO] [1788861343.034577358] [candidate_explorer]: Detected 3859 frontier cells
[INFO] [1788861343.038413299] [candidate_explorer]: Found 60 frontier clusters after filtering
[INFO] [1788861343.040659522] [candidate_explorer]: Selected frontier cluster: size=2430, goal=(0.64, -3.69), distance=0.60
[INFO] [1788861343.041128609] [candidate_explorer]: Checking global path to frontier (0.64, -3.69), distance=0.60m
[INFO] [1788861343.044188503] [candidate_explorer]: Nav2 path to frontier is 0.67m (straight-line=0.60m, detour=1.1x)
[INFO] [1788861343.045163176] [candidate_explorer]: Global path accepted. Navigating to frontier (0.64, -3.69)
[bt_navigator-7] [INFO] [1788861343.045517054] [bt_navigator]: Begin navigating from current location (0.28, -3.21) to (0.64, -3.69)
[controller_server-3] [INFO] [1788861343.067005984] [controller_server]: Received a goal, begin computing control effort.
[planner_server-5] [INFO] [1788861343.265011133] [global_costmap.global_costmap]: StaticLayer: Resizing costmap to 253 X 566 at 0.015000 m/pix
[controller_server-3] [INFO] [1788861343.519696023] [controller_server]: Reached the goal!
[bt_navigator-7] [INFO] [1788861343.558417564] [bt_navigator]: Goal succeeded
[INFO] [1788861343.559266903] [candidate_explorer]: Frontier goal finished: success=True
[INFO] [1788861343.559544280] [candidate_explorer]: Reached frontier. Waiting for the map to expose new frontiers.
[INFO] [1788861343.772943945] [candidate_explorer]: Detected 3859 frontier cells
[INFO] [1788861343.776471218] [candidate_explorer]: Found 60 frontier clusters after filtering
[INFO] [1788861343.778832442] [candidate_explorer]: Selected frontier cluster: size=2430, goal=(0.76, -4.05), distance=0.60
[INFO] [1788861343.779278236] [candidate_explorer]: Checking global path to frontier (0.76, -4.05), distance=0.60m
[INFO] [1788861343.782454798] [candidate_explorer]: Nav2 path to frontier is 0.62m (straight-line=0.60m, detour=1.0x)
[INFO] [1788861343.783449096] [candidate_explorer]: Global path accepted. Navigating to frontier (0.76, -4.05)
[bt_navigator-7] [INFO] [1788861343.783798890] [bt_navigator]: Begin navigating from current location (0.50, -3.51) to (0.76, -4.05)
[controller_server-3] [INFO] [1788861343.807559043] [controller_server]: Received a goal, begin computing control effort.
[controller_server-3] [INFO] [1788861344.261060296] [controller_server]: Reached the goal!
[bt_navigator-7] [INFO] [1788861344.296286898] [bt_navigator]: Goal succeeded
[INFO] [1788861344.296900861] [candidate_explorer]: Frontier goal finished: success=True
[INFO] [1788861344.297124154] [candidate_explorer]: Reached frontier. Waiting for the map to expose new frontiers.
[INFO] [1788861344.550820120] [candidate_explorer]: Detected 5852 frontier cells
[INFO] [1788861344.555781152] [candidate_explorer]: Found 68 frontier clusters after filtering
[INFO] [1788861344.558931881] [candidate_explorer]: Selected frontier cluster: size=4504, goal=(0.81, -4.43), distance=0.60
[INFO] [1788861344.559504093] [candidate_explorer]: Checking global path to frontier (0.81, -4.43), distance=0.60m
[INFO] [1788861344.572184758] [candidate_explorer]: Nav2 path to frontier is 0.60m (straight-line=0.60m, detour=1.0x)
[INFO] [1788861344.574733441] [candidate_explorer]: Global path accepted. Navigating to frontier (0.81, -4.43)
[bt_navigator-7] [INFO] [1788861344.575520279] [bt_navigator]: Begin navigating from current location (0.68, -3.84) to (0.81, -4.43)
[controller_server-3] [INFO] [1788861344.596368414] [controller_server]: Received a goal, begin computing control effort.
[controller_server-3] [INFO] [1788861345.049741374] [controller_server]: Reached the goal!
[bt_navigator-7] [INFO] [1788861345.087235074] [bt_navigator]: Goal succeeded
[INFO] [1788861345.087986079] [candidate_explorer]: Frontier goal finished: success=True
[INFO] [1788861345.088235247] [candidate_explorer]: Reached frontier. Waiting for the map to expose new frontiers.
[planner_server-5] [INFO] [1788861345.264695092] [global_costmap.global_costmap]: StaticLayer: Resizing costmap to 354 X 589 at 0.015000 m/pix
[INFO] [1788861345.278300471] [candidate_explorer]: Detected 5852 frontier cells
[INFO] [1788861345.283345212] [candidate_explorer]: Found 68 frontier clusters after filtering
[INFO] [1788861345.286594691] [candidate_explorer]: Selected frontier cluster: size=13, goal=(1.30, -4.58), distance=0.61
[INFO] [1788861345.287189278] [candidate_explorer]: Checking global path to frontier (1.30, -4.58), distance=0.61m
[INFO] [1788861345.290914094] [candidate_explorer]: Nav2 path to frontier is 0.63m (straight-line=0.61m, detour=1.0x)
[INFO] [1788861345.291911600] [candidate_explorer]: Global path accepted. Navigating to frontier (1.30, -4.58)
[bt_navigator-7] [INFO] [1788861345.292317936] [bt_navigator]: Begin navigating from current location (0.80, -4.23) to (1.30, -4.58)
[controller_server-3] [INFO] [1788861345.314887915] [controller_server]: Received a goal, begin computing control effort.
[controller_server-3] [INFO] [1788861346.074957475] [controller_server]: Reached the goal!
[bt_navigator-7] [INFO] [1788861346.113475390] [bt_navigator]: Goal succeeded
[INFO] [1788861346.114099769] [candidate_explorer]: Frontier goal finished: success=True
[INFO] [1788861346.114315187] [candidate_explorer]: Reached frontier. Waiting for the map to expose new frontiers.
[INFO] [1788861346.281222845] [candidate_explorer]: Detected 5852 frontier cells
[INFO] [1788861346.286296753] [candidate_explorer]: Found 68 frontier clusters after filtering
[INFO] [1788861346.289645274] [candidate_explorer]: Selected frontier cluster: size=11, goal=(1.57, -4.23), distance=0.60
[INFO] [1788861346.290198861] [candidate_explorer]: Checking global path to frontier (1.57, -4.23), distance=0.60m
[INFO] [1788861346.293278047] [candidate_explorer]: Nav2 path to frontier is 0.60m (straight-line=0.60m, detour=1.0x)
[INFO] [1788861346.294231137] [candidate_explorer]: Global path accepted. Navigating to frontier (1.57, -4.23)
[bt_navigator-7] [INFO] [1788861346.294588598] [bt_navigator]: Begin navigating from current location (1.08, -4.58) to (1.57, -4.23)
[controller_server-3] [INFO] [1788861346.315439107] [controller_server]: Received a goal, begin computing control effort.
[planner_server-5] [INFO] [1788861347.266601897] [global_costmap.global_costmap]: StaticLayer: Resizing costmap to 356 X 590 at 0.015000 m/pix
[controller_server-3] [INFO] [1788861347.318552565] [controller_server]: Reached the goal!
[bt_navigator-7] [INFO] [1788861347.348966553] [bt_navigator]: Goal succeeded
[INFO] [1788861347.349861225] [candidate_explorer]: Frontier goal finished: success=True
[INFO] [1788861347.350096977] [candidate_explorer]: Reached frontier. Waiting for the map to expose new frontiers.
[INFO] [1788861347.552425238] [candidate_explorer]: Detected 4806 frontier cells
[INFO] [1788861347.556983475] [candidate_explorer]: Found 59 frontier clusters after filtering
[INFO] [1788861347.559616451] [candidate_explorer]: Selected frontier cluster: size=10, goal=(1.56, -3.87), distance=0.60
[INFO] [1788861347.560079162] [candidate_explorer]: Checking global path to frontier (1.56, -3.87), distance=0.60m
[INFO] [1788861347.563105723] [candidate_explorer]: Nav2 path to frontier is 0.60m (straight-line=0.60m, detour=1.0x)
[INFO] [1788861347.564034312] [candidate_explorer]: Global path accepted. Navigating to frontier (1.56, -3.87)
[bt_navigator-7] [INFO] [1788861347.564520732] [bt_navigator]: Begin navigating from current location (1.54, -4.47) to (1.56, -3.87)
[controller_server-3] [INFO] [1788861347.585436992] [controller_server]: Received a goal, begin computing control effort.
[controller_server-3] [INFO] [1788861347.637484119] [controller_server]: Passing new path to controller.
[controller_server-3] [INFO] [1788861348.087063930] [controller_server]: Reached the goal!
[bt_navigator-7] [INFO] [1788861348.124883132] [bt_navigator]: Goal succeeded
[INFO] [1788861348.125597886] [candidate_explorer]: Frontier goal finished: success=True
[INFO] [1788861348.125851971] [candidate_explorer]: Reached frontier. Waiting for the map to expose new frontiers.
[INFO] [1788861348.280872011] [candidate_explorer]: Detected 4806 frontier cells
[INFO] [1788861348.285148122] [candidate_explorer]: Found 59 frontier clusters after filtering
[INFO] [1788861348.287909056] [candidate_explorer]: Selected frontier cluster: size=2673, goal=(0.70, -4.42), distance=1.04
[INFO] [1788861348.288408518] [candidate_explorer]: Checking global path to frontier (0.70, -4.42), distance=1.04m
[INFO] [1788861348.292364127] [candidate_explorer]: Nav2 path to frontier is 1.04m (straight-line=1.04m, detour=1.0x)
[INFO] [1788861348.293797303] [candidate_explorer]: Global path accepted. Navigating to frontier (0.70, -4.42)
[bt_navigator-7] [INFO] [1788861348.294170722] [bt_navigator]: Begin navigating from current location (1.68, -4.05) to (0.70, -4.42)
[controller_server-3] [INFO] [1788861348.316313698] [controller_server]: Received a goal, begin computing control effort.
[planner_server-5] [INFO] [1788861349.264145592] [global_costmap.global_costmap]: StaticLayer: Resizing costmap to 356 X 591 at 0.015000 m/pix
[controller_server-3] [INFO] [1788861349.368011094] [controller_server]: Passing new path to controller.
[controller_server-3] [INFO] [1788861349.768967175] [controller_server]: Reached the goal!
[bt_navigator-7] [INFO] [1788861349.804983074] [bt_navigator]: Goal succeeded
[INFO] [1788861349.805485077] [candidate_explorer]: Frontier goal finished: success=True
[INFO] [1788861349.805723870] [candidate_explorer]: Reached frontier. Waiting for the map to expose new frontiers.
[INFO] [1788861350.057871535] [candidate_explorer]: Detected 3619 frontier cells
[INFO] [1788861350.061578976] [candidate_explorer]: Found 48 frontier clusters after filtering
[INFO] [1788861350.063776031] [candidate_explorer]: Selected frontier cluster: size=2708, goal=(0.25, -4.41), distance=0.60
[INFO] [1788861350.064208868] [candidate_explorer]: Checking global path to frontier (0.25, -4.41), distance=0.60m
[INFO] [1788861350.067200512] [candidate_explorer]: Nav2 path to frontier is 0.62m (straight-line=0.60m, detour=1.0x)
[INFO] [1788861350.068107143] [candidate_explorer]: Global path accepted. Navigating to frontier (0.25, -4.41)
[bt_navigator-7] [INFO] [1788861350.068583729] [bt_navigator]: Begin navigating from current location (0.82, -4.25) to (0.25, -4.41)
[controller_server-3] [INFO] [1788861350.089258696] [controller_server]: Received a goal, begin computing control effort.
[controller_server-3] [INFO] [1788861350.541576483] [controller_server]: Reached the goal!
[bt_navigator-7] [INFO] [1788861350.570190667] [bt_navigator]: Goal succeeded
[INFO] [1788861350.570626170] [candidate_explorer]: Frontier goal finished: success=True
[INFO] [1788861350.570849671] [candidate_explorer]: Reached frontier. Waiting for the map to expose new frontiers.
[INFO] [1788861350.805263513] [candidate_explorer]: Detected 3203 frontier cells
[INFO] [1788861350.808013698] [candidate_explorer]: Found 45 frontier clusters after filtering
[INFO] [1788861350.809882835] [candidate_explorer]: Selected frontier cluster: size=2329, goal=(0.08, -4.86), distance=0.60
[INFO] [1788861350.810345880] [candidate_explorer]: Checking global path to frontier (0.08, -4.86), distance=0.60m
[INFO] [1788861350.814185654] [candidate_explorer]: Nav2 path to frontier is 0.69m (straight-line=0.60m, detour=1.1x)
[INFO] [1788861350.815164452] [candidate_explorer]: Global path accepted. Navigating to frontier (0.08, -4.86)
[bt_navigator-7] [INFO] [1788861350.815577872] [bt_navigator]: Begin navigating from current location (0.45, -4.38) to (0.08, -4.86)
[controller_server-3] [INFO] [1788861350.839220732] [controller_server]: Received a goal, begin computing control effort.
[planner_server-5] [INFO] [1788861351.265461101] [global_costmap.global_costmap]: StaticLayer: Resizing costmap to 358 X 591 at 0.015000 m/pix
[controller_server-3] [INFO] [1788861351.342674848] [controller_server]: Reached the goal!
[bt_navigator-7] [INFO] [1788861351.378477954] [bt_navigator]: Goal succeeded
[INFO] [1788861351.379225667] [candidate_explorer]: Frontier goal finished: success=True
[INFO] [1788861351.379490169] [candidate_explorer]: Reached frontier. Waiting for the map to expose new frontiers.
[INFO] [1788861351.541792589] [candidate_explorer]: Detected 3203 frontier cells
[INFO] [1788861351.544627190] [candidate_explorer]: Found 45 frontier clusters after filtering
[INFO] [1788861351.546460077] [candidate_explorer]: Selected frontier cluster: size=2329, goal=(0.13, -5.27), distance=0.60
[INFO] [1788861351.546884496] [candidate_explorer]: Checking global path to frontier (0.13, -5.27), distance=0.60m
[INFO] [1788861351.550386644] [candidate_explorer]: Nav2 path to frontier is 0.60m (straight-line=0.60m, detour=1.0x)
[INFO] [1788861351.551184274] [candidate_explorer]: Global path accepted. Navigating to frontier (0.13, -5.27)
[bt_navigator-7] [INFO] [1788861351.551606277] [bt_navigator]: Begin navigating from current location (0.08, -4.67) to (0.13, -5.27)
[controller_server-3] [INFO] [1788861351.573438251] [controller_server]: Received a goal, begin computing control effort.
[controller_server-3] [INFO] [1788861351.977392435] [controller_server]: Reached the goal!
[bt_navigator-7] [INFO] [1788861352.013086914] [bt_navigator]: Goal succeeded
[INFO] [1788861352.014333797] [candidate_explorer]: Frontier goal finished: success=True
[INFO] [1788861352.014582091] [candidate_explorer]: Reached frontier. Waiting for the map to expose new frontiers.
[INFO] [1788861352.282476190] [candidate_explorer]: Detected 3203 frontier cells
[INFO] [1788861352.285342667] [candidate_explorer]: Found 45 frontier clusters after filtering
[INFO] [1788861352.287206263] [candidate_explorer]: Selected frontier cluster: size=2329, goal=(0.23, -5.64), distance=0.60
[INFO] [1788861352.287603390] [candidate_explorer]: Checking global path to frontier (0.23, -5.64), distance=0.60m
[INFO] [1788861352.290881078] [candidate_explorer]: Nav2 path to frontier is 0.61m (straight-line=0.60m, detour=1.0x)
[INFO] [1788861352.291729417] [candidate_explorer]: Global path accepted. Navigating to frontier (0.23, -5.64)
[bt_navigator-7] [INFO] [1788861352.292067961] [bt_navigator]: Begin navigating from current location (0.06, -5.06) to (0.23, -5.64)
[controller_server-3] [INFO] [1788861352.313833642] [controller_server]: Received a goal, begin computing control effort.
[controller_server-3] [INFO] [1788861352.775025445] [controller_server]: Reached the goal!
[bt_navigator-7] [INFO] [1788861352.812334477] [bt_navigator]: Goal succeeded
[INFO] [1788861352.813087357] [candidate_explorer]: Frontier goal finished: success=True
[INFO] [1788861352.813328233] [candidate_explorer]: Reached frontier. Waiting for the map to expose new frontiers.
[INFO] [1788861353.059951946] [candidate_explorer]: Detected 2201 frontier cells
[INFO] [1788861353.063042049] [candidate_explorer]: Found 22 frontier clusters after filtering
[INFO] [1788861353.064449433] [candidate_explorer]: Selected frontier cluster: size=1547, goal=(-0.17, -5.93), distance=0.60
[INFO] [1788861353.064842311] [candidate_explorer]: Checking global path to frontier (-0.17, -5.93), distance=0.60m
[INFO] [1788861353.068002456] [candidate_explorer]: Nav2 path to frontier is 0.61m (straight-line=0.60m, detour=1.0x)
[INFO] [1788861353.068724669] [candidate_explorer]: Global path accepted. Navigating to frontier (-0.17, -5.93)
[bt_navigator-7] [INFO] [1788861353.069112588] [bt_navigator]: Begin navigating from current location (0.15, -5.42) to (-0.17, -5.93)
[controller_server-3] [INFO] [1788861353.089771888] [controller_server]: Received a goal, begin computing control effort.
[planner_server-5] [INFO] [1788861353.264218094] [global_costmap.global_costmap]: StaticLayer: Resizing costmap to 358 X 591 at 0.015000 m/pix
[controller_server-3] [INFO] [1788861354.140339943] [controller_server]: Passing new path to controller.
[controller_server-3] [INFO] [1788861354.244209195] [controller_server]: Reached the goal!
[bt_navigator-7] [INFO] [1788861354.282460775] [bt_navigator]: Goal succeeded
[INFO] [1788861354.283247280] [candidate_explorer]: Frontier goal finished: success=True
[INFO] [1788861354.283469948] [candidate_explorer]: Reached frontier. Waiting for the map to expose new frontiers.
[INFO] [1788861354.559168431] [candidate_explorer]: Detected 2161 frontier cells
[INFO] [1788861354.561621239] [candidate_explorer]: Found 25 frontier clusters after filtering
[INFO] [1788861354.563040039] [candidate_explorer]: Selected frontier cluster: size=1496, goal=(-0.25, -6.44), distance=0.61
[INFO] [1788861354.563465542] [candidate_explorer]: Checking global path to frontier (-0.25, -6.44), distance=0.61m
[INFO] [1788861354.566918398] [candidate_explorer]: Nav2 path to frontier is 0.70m (straight-line=0.61m, detour=1.1x)
[INFO] [1788861354.567678861] [candidate_explorer]: Global path accepted. Navigating to frontier (-0.25, -6.44)
[bt_navigator-7] [INFO] [1788861354.568035863] [bt_navigator]: Begin navigating from current location (0.03, -5.89) to (-0.25, -6.44)
[controller_server-3] [INFO] [1788861354.590336882] [controller_server]: Received a goal, begin computing control effort.
[controller_server-3] [INFO] [1788861355.042819878] [controller_server]: Reached the goal!
[bt_navigator-7] [INFO] [1788861355.078804443] [bt_navigator]: Goal succeeded
[INFO] [1788861355.079703282] [candidate_explorer]: Frontier goal finished: success=True
[INFO] [1788861355.080000576] [candidate_explorer]: Reached frontier. Waiting for the map to expose new frontiers.
[INFO] [1788861355.283671720] [candidate_explorer]: Detected 2161 frontier cells
[INFO] [1788861355.286341529] [candidate_explorer]: Found 25 frontier clusters after filtering
[INFO] [1788861355.287709955] [candidate_explorer]: Selected frontier cluster: size=1496, goal=(-0.11, -5.63), distance=0.60
[INFO] [1788861355.288122707] [candidate_explorer]: Checking global path to frontier (-0.11, -5.63), distance=0.60m
[INFO] [1788861355.291642313] [candidate_explorer]: Nav2 path to frontier is 0.75m (straight-line=0.60m, detour=1.3x)
[INFO] [1788861355.292472944] [candidate_explorer]: Global path accepted. Navigating to frontier (-0.11, -5.63)
[bt_navigator-7] [INFO] [1788861355.292812613] [bt_navigator]: Begin navigating from current location (-0.18, -6.22) to (-0.11, -5.63)
[controller_server-3] [INFO] [1788861355.315494300] [controller_server]: Received a goal, begin computing control effort.
[controller_server-3] [INFO] [1788861356.369619045] [controller_server]: Passing new path to controller.
[controller_server-3] [INFO] [1788861357.068117584] [controller_server]: Reached the goal!
[bt_navigator-7] [INFO] [1788861357.103624437] [bt_navigator]: Goal succeeded
[INFO] [1788861357.104383776] [candidate_explorer]: Frontier goal finished: success=True
[INFO] [1788861357.104645819] [candidate_explorer]: Reached frontier. Waiting for the map to expose new frontiers.
[INFO] [1788861357.306904038] [candidate_explorer]: Detected 2120 frontier cells
[INFO] [1788861357.309356012] [candidate_explorer]: Found 25 frontier clusters after filtering
[INFO] [1788861357.310681812] [candidate_explorer]: Selected frontier cluster: size=1457, goal=(-0.02, -5.18), distance=0.60
[INFO] [1788861357.311100356] [candidate_explorer]: Checking global path to frontier (-0.02, -5.18), distance=0.60m
[INFO] [1788861357.314608921] [candidate_explorer]: Nav2 path to frontier is 0.63m (straight-line=0.60m, detour=1.0x)
[INFO] [1788861357.315425884] [candidate_explorer]: Global path accepted. Navigating to frontier (-0.02, -5.18)
[bt_navigator-7] [INFO] [1788861357.315784678] [bt_navigator]: Begin navigating from current location (0.04, -5.78) to (-0.02, -5.18)
[controller_server-3] [INFO] [1788861357.338279948] [controller_server]: Received a goal, begin computing control effort.
[controller_server-3] [INFO] [1788861357.791802618] [controller_server]: Reached the goal!
[bt_navigator-7] [INFO] [1788861357.829432735] [bt_navigator]: Goal succeeded
[INFO] [1788861357.830464075] [candidate_explorer]: Frontier goal finished: success=True
[INFO] [1788861357.830736702] [candidate_explorer]: Reached frontier. Waiting for the map to expose new frontiers.
[INFO] [1788861358.034743390] [candidate_explorer]: Detected 2120 frontier cells
[INFO] [1788861358.037367199] [candidate_explorer]: Found 25 frontier clusters after filtering
[INFO] [1788861358.038692249] [candidate_explorer]: Selected frontier cluster: size=6, goal=(-0.07, -4.76), distance=0.61
[INFO] [1788861358.039056460] [candidate_explorer]: Checking global path to frontier (-0.07, -4.76), distance=0.61m
[INFO] [1788861358.042625733] [candidate_explorer]: Nav2 path to frontier is 0.68m (straight-line=0.61m, detour=1.1x)
[INFO] [1788861358.043488405] [candidate_explorer]: Global path accepted. Navigating to frontier (-0.07, -4.76)
[bt_navigator-7] [INFO] [1788861358.043923449] [bt_navigator]: Begin navigating from current location (-0.01, -5.37) to (-0.07, -4.76)
[controller_server-3] [INFO] [1788861358.067148849] [controller_server]: Received a goal, begin computing control effort.
[controller_server-3] [INFO] [1788861358.520161974] [controller_server]: Reached the goal!
[bt_navigator-7] [INFO] [1788861358.554936906] [bt_navigator]: Goal succeeded
[INFO] [1788861358.555824745] [candidate_explorer]: Frontier goal finished: success=True
[INFO] [1788861358.556109163] [candidate_explorer]: Reached frontier. Waiting for the map to expose new frontiers.
[INFO] [1788861358.808945666] [candidate_explorer]: Detected 2148 frontier cells
[INFO] [1788861358.811412307] [candidate_explorer]: Found 31 frontier clusters after filtering
[INFO] [1788861358.812769816] [candidate_explorer]: Selected frontier cluster: size=7, goal=(-0.02, -4.14), distance=0.84
[INFO] [1788861358.813187694] [candidate_explorer]: Checking global path to frontier (-0.02, -4.14), distance=0.84m
[INFO] [1788861358.817292303] [candidate_explorer]: Nav2 path to frontier is 0.86m (straight-line=0.84m, detour=1.0x)
[INFO] [1788861358.818277393] [candidate_explorer]: Global path accepted. Navigating to frontier (-0.02, -4.14)
[bt_navigator-7] [INFO] [1788861358.818634979] [bt_navigator]: Begin navigating from current location (-0.04, -4.98) to (-0.02, -4.14)
[controller_server-3] [INFO] [1788861358.842112838] [controller_server]: Received a goal, begin computing control effort.
[controller_server-3] [INFO] [1788861359.497361973] [controller_server]: Reached the goal!
[bt_navigator-7] [INFO] [1788861359.530267810] [bt_navigator]: Goal succeeded
[INFO] [1788861359.531080815] [candidate_explorer]: Frontier goal finished: success=True
[INFO] [1788861359.531333025] [candidate_explorer]: Reached frontier. Waiting for the map to expose new frontiers.
[INFO] [1788861359.785296869] [candidate_explorer]: Detected 2148 frontier cells
[INFO] [1788861359.787877302] [candidate_explorer]: Found 31 frontier clusters after filtering
[INFO] [1788861359.789322936] [candidate_explorer]: Selected frontier cluster: size=1529, goal=(0.04, -3.74), distance=0.61
[INFO] [1788861359.789733439] [candidate_explorer]: Checking global path to frontier (0.04, -3.74), distance=0.61m
[INFO] [1788861359.793298837] [candidate_explorer]: Nav2 path to frontier is 0.73m (straight-line=0.61m, detour=1.2x)
[INFO] [1788861359.794281635] [candidate_explorer]: Global path accepted. Navigating to frontier (0.04, -3.74)
[bt_navigator-7] [INFO] [1788861359.794683721] [bt_navigator]: Begin navigating from current location (-0.03, -4.34) to (0.04, -3.74)
[controller_server-3] [INFO] [1788861359.816647737] [controller_server]: Received a goal, begin computing control effort.
[controller_server-3] [INFO] [1788861360.269441069] [controller_server]: Reached the goal!
[bt_navigator-7] [INFO] [1788861360.307310979] [bt_navigator]: Goal succeeded
[INFO] [1788861360.307802441] [candidate_explorer]: Frontier goal finished: success=True
[INFO] [1788861360.308035359] [candidate_explorer]: Reached frontier. Waiting for the map to expose new frontiers.
[INFO] [1788861360.557164005] [candidate_explorer]: Detected 2080 frontier cells
[INFO] [1788861360.559549978] [candidate_explorer]: Found 30 frontier clusters after filtering
[INFO] [1788861360.560926112] [candidate_explorer]: Selected frontier cluster: size=1341, goal=(-0.04, -3.35), distance=0.60
[INFO] [1788861360.561308115] [candidate_explorer]: Checking global path to frontier (-0.04, -3.35), distance=0.60m
[INFO] [1788861360.565143348] [candidate_explorer]: Nav2 path to frontier is 0.64m (straight-line=0.60m, detour=1.1x)
[INFO] [1788861360.565951853] [candidate_explorer]: Global path accepted. Navigating to frontier (-0.04, -3.35)
[bt_navigator-7] [INFO] [1788861360.566391522] [bt_navigator]: Begin navigating from current location (0.02, -3.95) to (-0.04, -3.35)
[controller_server-3] [INFO] [1788861360.589192044] [controller_server]: Received a goal, begin computing control effort.
[controller_server-3] [INFO] [1788861361.101131007] [controller_server]: Reached the goal!
[bt_navigator-7] [INFO] [1788861361.137645242] [bt_navigator]: Goal succeeded
[INFO] [1788861361.138138703] [candidate_explorer]: Frontier goal finished: success=True
[INFO] [1788861361.138355621] [candidate_explorer]: Reached frontier. Waiting for the map to expose new frontiers.
[INFO] [1788861361.282458132] [candidate_explorer]: Detected 2080 frontier cells
[INFO] [1788861361.284901981] [candidate_explorer]: Found 30 frontier clusters after filtering
[INFO] [1788861361.286253240] [candidate_explorer]: Selected frontier cluster: size=29, goal=(-0.01, -2.94), distance=0.60
[INFO] [1788861361.286661451] [candidate_explorer]: Checking global path to frontier (-0.01, -2.94), distance=0.60m
[INFO] [1788861361.290217432] [candidate_explorer]: Nav2 path to frontier is 0.63m (straight-line=0.60m, detour=1.0x)
[INFO] [1788861361.290993521] [candidate_explorer]: Global path accepted. Navigating to frontier (-0.01, -2.94)
[bt_navigator-7] [INFO] [1788861361.291388232] [bt_navigator]: Begin navigating from current location (0.00, -3.54) to (-0.01, -2.94)
[controller_server-3] [INFO] [1788861361.313608708] [controller_server]: Received a goal, begin computing control effort.
[controller_server-3] [INFO] [1788861361.768699596] [controller_server]: Reached the goal!
[bt_navigator-7] [INFO] [1788861361.803561279] [bt_navigator]: Goal succeeded
[INFO] [1788861361.804482618] [candidate_explorer]: Frontier goal finished: success=True
[INFO] [1788861361.804797287] [candidate_explorer]: Reached frontier. Waiting for the map to expose new frontiers.
[INFO] [1788861362.037216825] [candidate_explorer]: Detected 2080 frontier cells
[INFO] [1788861362.039338130] [candidate_explorer]: Found 30 frontier clusters after filtering
[INFO] [1788861362.040755139] [candidate_explorer]: Selected frontier cluster: size=1341, goal=(0.16, -2.60), distance=0.61
[INFO] [1788861362.041198892] [candidate_explorer]: Checking global path to frontier (0.16, -2.60), distance=0.61m
[INFO] [1788861362.045530837] [candidate_explorer]: Nav2 path to frontier is 0.99m (straight-line=0.61m, detour=1.6x)
[INFO] [1788861362.046695928] [candidate_explorer]: Global path accepted. Navigating to frontier (0.16, -2.60)
[bt_navigator-7] [INFO] [1788861362.047063013] [bt_navigator]: Begin navigating from current location (-0.02, -3.17) to (0.16, -2.60)
[controller_server-3] [INFO] [1788861362.067635229] [controller_server]: Received a goal, begin computing control effort.
[controller_server-3] [INFO] [1788861362.522432407] [controller_server]: Reached the goal!
[bt_navigator-7] [INFO] [1788861362.560225984] [bt_navigator]: Goal succeeded
[INFO] [1788861362.561092114] [candidate_explorer]: Frontier goal finished: success=True
[INFO] [1788861362.561346991] [candidate_explorer]: Reached frontier. Waiting for the map to expose new frontiers.
[INFO] [1788861362.809967133] [candidate_explorer]: Detected 2154 frontier cells
[INFO] [1788861362.812401774] [candidate_explorer]: Found 21 frontier clusters after filtering
[INFO] [1788861362.813885867] [candidate_explorer]: Selected frontier cluster: size=1610, goal=(0.13, -2.21), distance=0.60
[INFO] [1788861362.814313828] [candidate_explorer]: Checking global path to frontier (0.13, -2.21), distance=0.60m
[INFO] [1788861362.817940684] [candidate_explorer]: Nav2 path to frontier is 0.67m (straight-line=0.60m, detour=1.1x)
[INFO] [1788861362.818817148] [candidate_explorer]: Global path accepted. Navigating to frontier (0.13, -2.21)
[bt_navigator-7] [INFO] [1788861362.819193193] [bt_navigator]: Begin navigating from current location (0.05, -2.80) to (0.13, -2.21)
[controller_server-3] [INFO] [1788861362.842306175] [controller_server]: Received a goal, begin computing control effort.
[controller_server-3] [INFO] [1788861363.295288674] [controller_server]: Reached the goal!
[bt_navigator-7] [INFO] [1788861363.321175758] [bt_navigator]: Goal succeeded
[INFO] [1788861363.322004805] [candidate_explorer]: Frontier goal finished: success=True
[INFO] [1788861363.322231223] [candidate_explorer]: Reached frontier. Waiting for the map to expose new frontiers.
[INFO] [1788861363.537838236] [candidate_explorer]: Detected 2154 frontier cells
[INFO] [1788861363.540724088] [candidate_explorer]: Found 21 frontier clusters after filtering
[INFO] [1788861363.542118388] [candidate_explorer]: Selected frontier cluster: size=1610, goal=(-0.02, -1.83), distance=0.60
[INFO] [1788861363.542515974] [candidate_explorer]: Checking global path to frontier (-0.02, -1.83), distance=0.60m
[INFO] [1788861363.546480083] [candidate_explorer]: Nav2 path to frontier is 0.66m (straight-line=0.60m, detour=1.1x)
[INFO] [1788861363.547378964] [candidate_explorer]: Global path accepted. Navigating to frontier (-0.02, -1.83)
[bt_navigator-7] [INFO] [1788861363.547907509] [bt_navigator]: Begin navigating from current location (0.13, -2.41) to (-0.02, -1.83)
[controller_server-3] [INFO] [1788861363.569617524] [controller_server]: Received a goal, begin computing control effort.
[controller_server-3] [INFO] [1788861364.022361230] [controller_server]: Reached the goal!
[bt_navigator-7] [INFO] [1788861364.058508463] [bt_navigator]: Goal succeeded
[INFO] [1788861364.058917216] [candidate_explorer]: Frontier goal finished: success=True
[INFO] [1788861364.059177384] [candidate_explorer]: Reached frontier. Waiting for the map to expose new frontiers.
[INFO] [1788861364.286939475] [candidate_explorer]: Detected 2154 frontier cells
[INFO] [1788861364.289226823] [candidate_explorer]: Found 21 frontier clusters after filtering
[INFO] [1788861364.290566415] [candidate_explorer]: Selected frontier cluster: size=72, goal=(-0.13, -1.37), distance=0.71
[INFO] [1788861364.290985751] [candidate_explorer]: Checking global path to frontier (-0.13, -1.37), distance=0.71m
[INFO] [1788861364.294995944] [candidate_explorer]: Nav2 path to frontier is 0.73m (straight-line=0.71m, detour=1.0x)
[INFO] [1788861364.295841616] [candidate_explorer]: Global path accepted. Navigating to frontier (-0.13, -1.37)
[bt_navigator-7] [INFO] [1788861364.296330661] [bt_navigator]: Begin navigating from current location (0.07, -2.05) to (-0.13, -1.37)
[controller_server-3] [INFO] [1788861364.318400053] [controller_server]: Received a goal, begin computing control effort.
[controller_server-3] [INFO] [1788861364.822023712] [controller_server]: Reached the goal!
[bt_navigator-7] [INFO] [1788861364.859173409] [bt_navigator]: Goal succeeded
[INFO] [1788861364.859670704] [candidate_explorer]: Frontier goal finished: success=True
[INFO] [1788861364.859993331] [candidate_explorer]: Reached frontier. Waiting for the map to expose new frontiers.
[INFO] [1788861365.059174447] [candidate_explorer]: Detected 1988 frontier cells
[INFO] [1788861365.061950923] [candidate_explorer]: Found 14 frontier clusters after filtering
[INFO] [1788861365.063289473] [candidate_explorer]: Selected frontier cluster: size=6, goal=(-0.01, -0.99), distance=0.61
[INFO] [1788861365.063700476] [candidate_explorer]: Checking global path to frontier (-0.01, -0.99), distance=0.61m
[INFO] [1788861365.067518209] [candidate_explorer]: Nav2 path to frontier is 0.62m (straight-line=0.61m, detour=1.0x)
[INFO] [1788861365.068282922] [candidate_explorer]: Global path accepted. Navigating to frontier (-0.01, -0.99)
[bt_navigator-7] [INFO] [1788861365.068724925] [bt_navigator]: Begin navigating from current location (-0.08, -1.59) to (-0.01, -0.99)
[controller_server-3] [INFO] [1788861365.091226528] [controller_server]: Received a goal, begin computing control effort.
[controller_server-3] [INFO] [1788861365.547082880] [controller_server]: Reached the goal!
[bt_navigator-7] [INFO] [1788861365.580937973] [bt_navigator]: Goal succeeded
[INFO] [1788861365.581866354] [candidate_explorer]: Frontier goal finished: success=True
[INFO] [1788861365.582098897] [candidate_explorer]: Reached frontier. Waiting for the map to expose new frontiers.
[INFO] [1788861365.784991536] [candidate_explorer]: Detected 1988 frontier cells
[INFO] [1788861365.787040883] [candidate_explorer]: Found 14 frontier clusters after filtering
[INFO] [1788861365.788393517] [candidate_explorer]: Selected frontier cluster: size=1517, goal=(-0.17, -0.62), distance=0.60
[INFO] [1788861365.788820519] [candidate_explorer]: Checking global path to frontier (-0.17, -0.62), distance=0.60m
[INFO] [1788861365.792688044] [candidate_explorer]: Nav2 path to frontier is 0.62m (straight-line=0.60m, detour=1.0x)
[INFO] [1788861365.793480716] [candidate_explorer]: Global path accepted. Navigating to frontier (-0.17, -0.62)
[bt_navigator-7] [INFO] [1788861365.793853427] [bt_navigator]: Begin navigating from current location (-0.09, -1.21) to (-0.17, -0.62)
[controller_server-3] [INFO] [1788861365.817386287] [controller_server]: Received a goal, begin computing control effort.
[controller_server-3] [INFO] [1788861366.270922790] [controller_server]: Reached the goal!
[bt_navigator-7] [INFO] [1788861366.305357970] [bt_navigator]: Goal succeeded
[INFO] [1788861366.305869640] [candidate_explorer]: Frontier goal finished: success=True
[INFO] [1788861366.306137766] [candidate_explorer]: Reached frontier. Waiting for the map to expose new frontiers.
[INFO] [1788861366.559161854] [candidate_explorer]: Detected 1519 frontier cells
[INFO] [1788861366.561187742] [candidate_explorer]: Found 27 frontier clusters after filtering
[INFO] [1788861366.562215873] [candidate_explorer]: Selected frontier cluster: size=80, goal=(0.17, -0.29), distance=0.60
[INFO] [1788861366.562582501] [candidate_explorer]: Checking global path to frontier (0.17, -0.29), distance=0.60m
[INFO] [1788861366.566338775] [candidate_explorer]: Nav2 path to frontier is 0.67m (straight-line=0.60m, detour=1.1x)
[INFO] [1788861366.567169072] [candidate_explorer]: Global path accepted. Navigating to frontier (0.17, -0.29)
[bt_navigator-7] [INFO] [1788861366.567498491] [bt_navigator]: Begin navigating from current location (-0.09, -0.83) to (0.17, -0.29)
[controller_server-3] [INFO] [1788861366.590493722] [controller_server]: Received a goal, begin computing control effort.
[controller_server-3] [INFO] [1788861367.396266993] [controller_server]: Reached the goal!
[bt_navigator-7] [INFO] [1788861367.428049739] [bt_navigator]: Goal succeeded
[INFO] [1788861367.429083621] [candidate_explorer]: Frontier goal finished: success=True
[INFO] [1788861367.429346748] [candidate_explorer]: Reached frontier. Waiting for the map to expose new frontiers.
[INFO] [1788861367.537280818] [candidate_explorer]: Detected 1519 frontier cells
[INFO] [1788861367.538887578] [candidate_explorer]: Found 27 frontier clusters after filtering
[INFO] [1788861367.539920710] [candidate_explorer]: Selected frontier cluster: size=159, goal=(0.41, 0.04), distance=0.61
[INFO] [1788861367.540295379] [candidate_explorer]: Checking global path to frontier (0.41, 0.04), distance=0.61m
[INFO] [1788861367.544238779] [candidate_explorer]: Nav2 path to frontier is 0.76m (straight-line=0.61m, detour=1.3x)
[INFO] [1788861367.545146577] [candidate_explorer]: Global path accepted. Navigating to frontier (0.41, 0.04)
[bt_navigator-7] [INFO] [1788861367.545481620] [bt_navigator]: Begin navigating from current location (0.01, -0.41) to (0.41, 0.04)
[controller_server-3] [INFO] [1788861367.566640090] [controller_server]: Received a goal, begin computing control effort.
[controller_server-3] [INFO] [1788861368.020197093] [controller_server]: Reached the goal!
[bt_navigator-7] [INFO] [1788861368.057536875] [bt_navigator]: Goal succeeded
[INFO] [1788861368.058447506] [candidate_explorer]: Frontier goal finished: success=True
[INFO] [1788861368.058671758] [candidate_explorer]: Reached frontier. Waiting for the map to expose new frontiers.
[INFO] [1788861368.286647309] [candidate_explorer]: Detected 1519 frontier cells
[INFO] [1788861368.288623571] [candidate_explorer]: Found 27 frontier clusters after filtering
[INFO] [1788861368.289666828] [candidate_explorer]: Selected frontier cluster: size=159, goal=(0.77, 0.24), distance=0.62
[INFO] [1788861368.290057247] [candidate_explorer]: Checking global path to frontier (0.77, 0.24), distance=0.62m
[INFO] [1788861368.293817063] [candidate_explorer]: Nav2 path to frontier is 0.63m (straight-line=0.62m, detour=1.0x)
[INFO] [1788861368.294641568] [candidate_explorer]: Global path accepted. Navigating to frontier (0.77, 0.24)
[bt_navigator-7] [INFO] [1788861368.295047821] [bt_navigator]: Begin navigating from current location (0.27, -0.12) to (0.77, 0.24)
[controller_server-3] [INFO] [1788861368.316486251] [controller_server]: Received a goal, begin computing control effort.
[controller_server-3] [INFO] [1788861368.769173874] [controller_server]: Reached the goal!
[bt_navigator-7] [INFO] [1788861368.807670080] [bt_navigator]: Goal succeeded
[INFO] [1788861368.808126124] [candidate_explorer]: Frontier goal finished: success=True
[INFO] [1788861368.808376793] [candidate_explorer]: Reached frontier. Waiting for the map to expose new frontiers.
[INFO] [1788861369.060699709] [candidate_explorer]: Detected 1361 frontier cells
[INFO] [1788861369.062551721] [candidate_explorer]: Found 24 frontier clusters after filtering
[INFO] [1788861369.063489435] [candidate_explorer]: Selected frontier cluster: size=904, goal=(-0.19, -0.47), distance=0.96
[INFO] [1788861369.063829521] [candidate_explorer]: Checking global path to frontier (-0.19, -0.47), distance=0.96m
[INFO] [1788861369.068395800] [candidate_explorer]: Nav2 path to frontier is 1.05m (straight-line=0.96m, detour=1.1x)
[INFO] [1788861369.069590391] [candidate_explorer]: Global path accepted. Navigating to frontier (-0.19, -0.47)
[bt_navigator-7] [INFO] [1788861369.070021935] [bt_navigator]: Begin navigating from current location (0.58, 0.11) to (-0.19, -0.47)
[controller_server-3] [INFO] [1788861369.090732110] [controller_server]: Received a goal, begin computing control effort.
[controller_server-3] [INFO] [1788861370.142696300] [controller_server]: Passing new path to controller.
[controller_server-3] [INFO] [1788861370.544410469] [controller_server]: Reached the goal!
[bt_navigator-7] [INFO] [1788861370.580942788] [bt_navigator]: Goal succeeded
[INFO] [1788861370.581933127] [candidate_explorer]: Frontier goal finished: success=True
[INFO] [1788861370.582172421] [candidate_explorer]: Reached frontier. Waiting for the map to expose new frontiers.
[INFO] [1788861370.808649920] [candidate_explorer]: Detected 1320 frontier cells
[INFO] [1788861370.810352765] [candidate_explorer]: Found 25 frontier clusters after filtering
[INFO] [1788861370.811319271] [candidate_explorer]: Selected frontier cluster: size=903, goal=(-0.14, -0.92), distance=0.61
[INFO] [1788861370.811660523] [candidate_explorer]: Checking global path to frontier (-0.14, -0.92), distance=0.61m
[INFO] [1788861370.815611965] [candidate_explorer]: Nav2 path to frontier is 0.62m (straight-line=0.61m, detour=1.0x)
[INFO] [1788861370.816371053] [candidate_explorer]: Global path accepted. Navigating to frontier (-0.14, -0.92)
[bt_navigator-7] [INFO] [1788861370.816905223] [bt_navigator]: Begin navigating from current location (-0.03, -0.32) to (-0.14, -0.92)
[controller_server-3] [INFO] [1788861370.838806406] [controller_server]: Received a goal, begin computing control effort.
[controller_server-3] [INFO] [1788861371.342775026] [controller_server]: Reached the goal!
[bt_navigator-7] [INFO] [1788861371.377170039] [bt_navigator]: Goal succeeded
[INFO] [1788861371.378078378] [candidate_explorer]: Frontier goal finished: success=True
[INFO] [1788861371.378293213] [candidate_explorer]: Reached frontier. Waiting for the map to expose new frontiers.
[INFO] [1788861371.539095373] [candidate_explorer]: Detected 1320 frontier cells
[INFO] [1788861371.540538841] [candidate_explorer]: Found 25 frontier clusters after filtering
[INFO] [1788861371.541493055] [candidate_explorer]: Selected frontier cluster: size=903, goal=(-0.13, -1.31), distance=0.60
[INFO] [1788861371.541858682] [candidate_explorer]: Checking global path to frontier (-0.13, -1.31), distance=0.60m
[INFO] [1788861371.545674957] [candidate_explorer]: Nav2 path to frontier is 0.62m (straight-line=0.60m, detour=1.0x)
[INFO] [1788861371.546432462] [candidate_explorer]: Global path accepted. Navigating to frontier (-0.13, -1.31)
[bt_navigator-7] [INFO] [1788861371.546833298] [bt_navigator]: Begin navigating from current location (-0.19, -0.71) to (-0.13, -1.31)
[controller_server-3] [INFO] [1788861371.568591480] [controller_server]: Received a goal, begin computing control effort.
[controller_server-3] [INFO] [1788861372.022519610] [controller_server]: Reached the goal!
[bt_navigator-7] [INFO] [1788861372.057648461] [bt_navigator]: Goal succeeded
[INFO] [1788861372.058736968] [candidate_explorer]: Frontier goal finished: success=True
[INFO] [1788861372.058969428] [candidate_explorer]: Reached frontier. Waiting for the map to expose new frontiers.
[INFO] [1788861372.286052474] [candidate_explorer]: Detected 1320 frontier cells
[INFO] [1788861372.287961611] [candidate_explorer]: Found 25 frontier clusters after filtering
[INFO] [1788861372.288987326] [candidate_explorer]: Selected frontier cluster: size=903, goal=(-0.13, -1.70), distance=0.61
[INFO] [1788861372.289373245] [candidate_explorer]: Checking global path to frontier (-0.13, -1.70), distance=0.61m
[INFO] [1788861372.293349521] [candidate_explorer]: Nav2 path to frontier is 0.62m (straight-line=0.61m, detour=1.0x)
[INFO] [1788861372.294073858] [candidate_explorer]: Global path accepted. Navigating to frontier (-0.13, -1.70)
[bt_navigator-7] [INFO] [1788861372.294440694] [bt_navigator]: Begin navigating from current location (-0.16, -1.09) to (-0.13, -1.70)
[controller_server-3] [INFO] [1788861372.317821636] [controller_server]: Received a goal, begin computing control effort.
[controller_server-3] [INFO] [1788861372.771999560] [controller_server]: Reached the goal!
[bt_navigator-7] [INFO] [1788861372.806021113] [bt_navigator]: Goal succeeded
[INFO] [1788861372.806428990] [candidate_explorer]: Frontier goal finished: success=True
[INFO] [1788861372.806695534] [candidate_explorer]: Reached frontier. Waiting for the map to expose new frontiers.
[INFO] [1788861373.060493793] [candidate_explorer]: Detected 1223 frontier cells
[INFO] [1788861373.062357638] [candidate_explorer]: Found 23 frontier clusters after filtering
[INFO] [1788861373.063164143] [candidate_explorer]: Selected frontier cluster: size=14, goal=(0.02, -2.31), distance=0.85
[INFO] [1788861373.063452562] [candidate_explorer]: Checking global path to frontier (0.02, -2.31), distance=0.85m
[INFO] [1788861373.067827423] [candidate_explorer]: Nav2 path to frontier is 0.86m (straight-line=0.85m, detour=1.0x)
[INFO] [1788861373.068822388] [candidate_explorer]: Global path accepted. Navigating to frontier (0.02, -2.31)
[bt_navigator-7] [INFO] [1788861373.069228224] [bt_navigator]: Begin navigating from current location (-0.15, -1.48) to (0.02, -2.31)
[controller_server-3] [INFO] [1788861373.090594236] [controller_server]: Received a goal, begin computing control effort.
[controller_server-3] [INFO] [1788861373.744228320] [controller_server]: Reached the goal!
[bt_navigator-7] [INFO] [1788861373.781144766] [bt_navigator]: Goal succeeded
[INFO] [1788861373.782195689] [candidate_explorer]: Frontier goal finished: success=True
[INFO] [1788861373.782427857] [candidate_explorer]: Reached frontier. Waiting for the map to expose new frontiers.
[INFO] [1788861374.038274421] [candidate_explorer]: Detected 1223 frontier cells
[INFO] [1788861374.039760306] [candidate_explorer]: Found 23 frontier clusters after filtering
[INFO] [1788861374.040716145] [candidate_explorer]: Selected frontier cluster: size=874, goal=(-0.05, -2.72), distance=0.60
[INFO] [1788861374.041071231] [candidate_explorer]: Checking global path to frontier (-0.05, -2.72), distance=0.60m
[INFO] [1788861374.045342050] [candidate_explorer]: Nav2 path to frontier is 0.62m (straight-line=0.60m, detour=1.0x)
[INFO] [1788861374.046098388] [candidate_explorer]: Global path accepted. Navigating to frontier (-0.05, -2.72)
[bt_navigator-7] [INFO] [1788861374.046476140] [bt_navigator]: Begin navigating from current location (-0.04, -2.11) to (-0.05, -2.72)
[controller_server-3] [INFO] [1788861374.070012834] [controller_server]: Received a goal, begin computing control effort.
[controller_server-3] [INFO] [1788861374.523199293] [controller_server]: Reached the goal!
[bt_navigator-7] [INFO] [1788861374.559300650] [bt_navigator]: Goal succeeded
[INFO] [1788861374.560372532] [candidate_explorer]: Frontier goal finished: success=True
[INFO] [1788861374.560644909] [candidate_explorer]: Reached frontier. Waiting for the map to expose new frontiers.
[INFO] [1788861374.807610999] [candidate_explorer]: Detected 1511 frontier cells
[INFO] [1788861374.809479219] [candidate_explorer]: Found 19 frontier clusters after filtering
[INFO] [1788861374.810527226] [candidate_explorer]: Selected frontier cluster: size=1182, goal=(-0.19, -3.08), distance=0.60
[INFO] [1788861374.810863895] [candidate_explorer]: Checking global path to frontier (-0.19, -3.08), distance=0.60m
[INFO] [1788861374.815100089] [candidate_explorer]: Nav2 path to frontier is 0.61m (straight-line=0.60m, detour=1.0x)
[INFO] [1788861374.815838219] [candidate_explorer]: Global path accepted. Navigating to frontier (-0.19, -3.08)
[bt_navigator-7] [INFO] [1788861374.816255388] [bt_navigator]: Begin navigating from current location (-0.03, -2.50) to (-0.19, -3.08)
[controller_server-3] [INFO] [1788861374.837254065] [controller_server]: Received a goal, begin computing control effort.
[controller_server-3] [INFO] [1788861375.289206100] [controller_server]: Reached the goal!
[bt_navigator-7] [INFO] [1788861375.329172940] [bt_navigator]: Goal succeeded
[INFO] [1788861375.330143071] [candidate_explorer]: Frontier goal finished: success=True
[INFO] [1788861375.330544991] [candidate_explorer]: Reached frontier. Waiting for the map to expose new frontiers.
[INFO] [1788861375.537521532] [candidate_explorer]: Detected 1511 frontier cells
[INFO] [1788861375.539715712] [candidate_explorer]: Found 19 frontier clusters after filtering
[INFO] [1788861375.540802428] [candidate_explorer]: Selected frontier cluster: size=1182, goal=(-0.08, -3.48), distance=0.60
[INFO] [1788861375.541137721] [candidate_explorer]: Checking global path to frontier (-0.08, -3.48), distance=0.60m
[INFO] [1788861375.545389790] [candidate_explorer]: Nav2 path to frontier is 0.62m (straight-line=0.60m, detour=1.0x)
[INFO] [1788861375.546140004] [candidate_explorer]: Global path accepted. Navigating to frontier (-0.08, -3.48)
[bt_navigator-7] [INFO] [1788861375.546573006] [bt_navigator]: Begin navigating from current location (-0.10, -2.88) to (-0.08, -3.48)
[controller_server-3] [INFO] [1788861375.569852531] [controller_server]: Received a goal, begin computing control effort.
[controller_server-3] [INFO] [1788861376.023057657] [controller_server]: Reached the goal!
[bt_navigator-7] [INFO] [1788861376.057753006] [bt_navigator]: Goal succeeded
[INFO] [1788861376.058200592] [candidate_explorer]: Frontier goal finished: success=True
[INFO] [1788861376.058420385] [candidate_explorer]: Reached frontier. Waiting for the map to expose new frontiers.
[INFO] [1788861376.285988058] [candidate_explorer]: Detected 1511 frontier cells
[INFO] [1788861376.287581402] [candidate_explorer]: Found 19 frontier clusters after filtering
[INFO] [1788861376.288689868] [candidate_explorer]: Selected frontier cluster: size=45, goal=(-0.25, -3.90), distance=0.65
[INFO] [1788861376.289072037] [candidate_explorer]: Checking global path to frontier (-0.25, -3.90), distance=0.65m
[INFO] [1788861376.293156021] [candidate_explorer]: Nav2 path to frontier is 0.66m (straight-line=0.65m, detour=1.0x)
[INFO] [1788861376.293879443] [candidate_explorer]: Global path accepted. Navigating to frontier (-0.25, -3.90)
[bt_navigator-7] [INFO] [1788861376.294375196] [bt_navigator]: Begin navigating from current location (-0.14, -3.26) to (-0.25, -3.90)
[controller_server-3] [INFO] [1788861376.317596970] [controller_server]: Received a goal, begin computing control effort.
[controller_server-3] [INFO] [1788861376.821002086] [controller_server]: Reached the goal!
[bt_navigator-7] [INFO] [1788861376.856281563] [bt_navigator]: Goal succeeded
[INFO] [1788861376.856737608] [candidate_explorer]: Frontier goal finished: success=True
[INFO] [1788861376.856961109] [candidate_explorer]: Reached frontier. Waiting for the map to expose new frontiers.
[INFO] [1788861377.062081263] [candidate_explorer]: Detected 1450 frontier cells
[INFO] [1788861377.064020651] [candidate_explorer]: Found 24 frontier clusters after filtering
[INFO] [1788861377.065004490] [candidate_explorer]: Selected frontier cluster: size=40, goal=(-0.25, -4.31), distance=0.61
[INFO] [1788861377.065339868] [candidate_explorer]: Checking global path to frontier (-0.25, -4.31), distance=0.61m
[INFO] [1788861377.069488769] [candidate_explorer]: Nav2 path to frontier is 0.62m (straight-line=0.61m, detour=1.0x)
[INFO] [1788861377.070307941] [candidate_explorer]: Global path accepted. Navigating to frontier (-0.25, -4.31)
[bt_navigator-7] [INFO] [1788861377.070713069] [bt_navigator]: Begin navigating from current location (-0.17, -3.70) to (-0.25, -4.31)
[controller_server-3] [INFO] [1788861377.093394382] [controller_server]: Received a goal, begin computing control effort.
[planner_server-5] [INFO] [1788861377.264627026] [global_costmap.global_costmap]: StaticLayer: Resizing costmap to 360 X 591 at 0.015000 m/pix
[controller_server-3] [INFO] [1788861377.596999249] [controller_server]: Reached the goal!
[bt_navigator-7] [INFO] [1788861377.630988551] [bt_navigator]: Goal succeeded
[INFO] [1788861377.632095808] [candidate_explorer]: Frontier goal finished: success=True
[INFO] [1788861377.632326851] [candidate_explorer]: Reached frontier. Waiting for the map to expose new frontiers.
[INFO] [1788861377.788853234] [candidate_explorer]: Detected 1450 frontier cells
[INFO] [1788861377.790412536] [candidate_explorer]: Found 24 frontier clusters after filtering
[INFO] [1788861377.791373583] [candidate_explorer]: Selected frontier cluster: size=5, goal=(-0.33, -4.82), distance=0.72
[INFO] [1788861377.791726586] [candidate_explorer]: Checking global path to frontier (-0.33, -4.82), distance=0.72m
[INFO] [1788861377.796165989] [candidate_explorer]: Nav2 path to frontier is 0.77m (straight-line=0.72m, detour=1.1x)
[INFO] [1788861377.797002953] [candidate_explorer]: Global path accepted. Navigating to frontier (-0.33, -4.82)
[bt_navigator-7] [INFO] [1788861377.797372372] [bt_navigator]: Begin navigating from current location (-0.26, -4.10) to (-0.33, -4.82)
[controller_server-3] [INFO] [1788861377.821147025] [controller_server]: Received a goal, begin computing control effort.
[controller_server-3] [INFO] [1788861378.377933235] [controller_server]: Reached the goal!
[bt_navigator-7] [INFO] [1788861378.410495444] [bt_navigator]: Goal succeeded
[INFO] [1788861378.410898197] [candidate_explorer]: Frontier goal finished: success=True
[INFO] [1788861378.411121198] [candidate_explorer]: Reached frontier. Waiting for the map to expose new frontiers.
[INFO] [1788861378.561434958] [candidate_explorer]: Detected 1273 frontier cells
[INFO] [1788861378.563646139] [candidate_explorer]: Found 14 frontier clusters after filtering
[INFO] [1788861378.564605645] [candidate_explorer]: Selected frontier cluster: size=12, goal=(-0.27, -5.79), distance=1.16
[INFO] [1788861378.565015773] [candidate_explorer]: Checking global path to frontier (-0.27, -5.79), distance=1.16m
[INFO] [1788861378.570249598] [candidate_explorer]: Nav2 path to frontier is 1.17m (straight-line=1.16m, detour=1.0x)
[INFO] [1788861378.571369605] [candidate_explorer]: Global path accepted. Navigating to frontier (-0.27, -5.79)
[bt_navigator-7] [INFO] [1788861378.571798983] [bt_navigator]: Begin navigating from current location (-0.31, -4.63) to (-0.27, -5.79)
[controller_server-3] [INFO] [1788861378.592548575] [controller_server]: Received a goal, begin computing control effort.
[controller_server-3] [INFO] [1788861379.494459298] [controller_server]: Reached the goal!
[bt_navigator-7] [INFO] [1788861379.533648675] [bt_navigator]: Goal succeeded
[INFO] [1788861379.534063136] [candidate_explorer]: Frontier goal finished: success=True
[INFO] [1788861379.534308846] [candidate_explorer]: Reached frontier. Waiting for the map to expose new frontiers.
[INFO] [1788861379.787024556] [candidate_explorer]: Detected 1273 frontier cells
[INFO] [1788861379.788407357] [candidate_explorer]: Found 14 frontier clusters after filtering
[INFO] [1788861379.789272363] [candidate_explorer]: Selected frontier cluster: size=6, goal=(-0.33, -6.20), distance=0.62
[INFO] [1788861379.789600490] [candidate_explorer]: Checking global path to frontier (-0.33, -6.20), distance=0.62m
[INFO] [1788861379.794047143] [candidate_explorer]: Nav2 path to frontier is 0.63m (straight-line=0.62m, detour=1.0x)
[INFO] [1788861379.794716398] [candidate_explorer]: Global path accepted. Navigating to frontier (-0.33, -6.20)
[bt_navigator-7] [INFO] [1788861379.795110609] [bt_navigator]: Begin navigating from current location (-0.29, -5.58) to (-0.33, -6.20)
[controller_server-3] [INFO] [1788861379.817442711] [controller_server]: Received a goal, begin computing control effort.
[controller_server-3] [INFO] [1788861380.271488092] [controller_server]: Reached the goal!
[bt_navigator-7] [INFO] [1788861380.307569699] [bt_navigator]: Goal succeeded
[INFO] [1788861380.308038286] [candidate_explorer]: Frontier goal finished: success=True
[INFO] [1788861380.308266996] [candidate_explorer]: Reached frontier. Waiting for the map to expose new frontiers.
[INFO] [1788861380.559128944] [candidate_explorer]: Detected 1058 frontier cells
[INFO] [1788861380.560733246] [candidate_explorer]: Found 4 frontier clusters after filtering
[INFO] [1788861380.561672002] [candidate_explorer]: Selected frontier cluster: size=909, goal=(-0.38, -5.39), distance=0.60
[INFO] [1788861380.562130838] [candidate_explorer]: Checking global path to frontier (-0.38, -5.39), distance=0.60m
[INFO] [1788861380.566436991] [candidate_explorer]: Nav2 path to frontier is 0.60m (straight-line=0.60m, detour=1.0x)
[INFO] [1788861380.567284830] [candidate_explorer]: Global path accepted. Navigating to frontier (-0.38, -5.39)
[bt_navigator-7] [INFO] [1788861380.567770166] [bt_navigator]: Begin navigating from current location (-0.30, -5.98) to (-0.38, -5.39)
[controller_server-3] [INFO] [1788861380.590258019] [controller_server]: Received a goal, begin computing control effort.
[planner_server-5] [INFO] [1788861381.266815708] [global_costmap.global_costmap]: StaticLayer: Resizing costmap to 360 X 591 at 0.015000 m/pix
[controller_server-3] [INFO] [1788861381.645229895] [controller_server]: Passing new path to controller.
[controller_server-3] [INFO] [1788861382.142439554] [controller_server]: Reached the goal!
[bt_navigator-7] [INFO] [1788861382.178437869] [bt_navigator]: Goal succeeded
[INFO] [1788861382.179748669] [candidate_explorer]: Frontier goal finished: success=True
[INFO] [1788861382.179988837] [candidate_explorer]: Reached frontier. Waiting for the map to expose new frontiers.
[INFO] [1788861382.288441036] [candidate_explorer]: Detected 1058 frontier cells
[INFO] [1788861382.289667002] [candidate_explorer]: Found 4 frontier clusters after filtering
[INFO] [1788861382.290488882] [candidate_explorer]: Selected frontier cluster: size=909, goal=(-0.48, -6.15), distance=0.60
[INFO] [1788861382.290859926] [candidate_explorer]: Checking global path to frontier (-0.48, -6.15), distance=0.60m
[INFO] [1788861382.295147329] [candidate_explorer]: Nav2 path to frontier is 0.62m (straight-line=0.60m, detour=1.0x)
[INFO] [1788861382.295785500] [candidate_explorer]: Global path accepted. Navigating to frontier (-0.48, -6.15)
[bt_navigator-7] [INFO] [1788861382.296146502] [bt_navigator]: Begin navigating from current location (-0.50, -5.55) to (-0.48, -6.15)
[controller_server-3] [INFO] [1788861382.319132108] [controller_server]: Received a goal, begin computing control effort.
[controller_server-3] [INFO] [1788861383.373220853] [controller_server]: Passing new path to controller.
[controller_server-3] [INFO] [1788861383.774103850] [controller_server]: Reached the goal!
[bt_navigator-7] [INFO] [1788861383.809294119] [bt_navigator]: Goal succeeded
[INFO] [1788861383.810385126] [candidate_explorer]: Frontier goal finished: success=True
[INFO] [1788861383.810631502] [candidate_explorer]: Reached frontier. Waiting for the map to expose new frontiers.
[INFO] [1788861384.061932995] [candidate_explorer]: Detected 987 frontier cells
[INFO] [1788861384.063592839] [candidate_explorer]: Found 7 frontier clusters after filtering
[INFO] [1788861384.064364886] [candidate_explorer]: Selected frontier cluster: size=812, goal=(-0.51, -6.56), distance=0.60
[INFO] [1788861384.064668346] [candidate_explorer]: Checking global path to frontier (-0.51, -6.56), distance=0.60m
[INFO] [1788861384.069036082] [candidate_explorer]: Nav2 path to frontier is 0.62m (straight-line=0.60m, detour=1.0x)
[INFO] [1788861384.069630503] [candidate_explorer]: Global path accepted. Navigating to frontier (-0.51, -6.56)
[bt_navigator-7] [INFO] [1788861384.070083922] [bt_navigator]: Begin navigating from current location (-0.34, -5.98) to (-0.51, -6.56)
[controller_server-3] [INFO] [1788861384.093048070] [controller_server]: Received a goal, begin computing control effort.
[controller_server-3] [INFO] [1788861384.647043345] [controller_server]: Reached the goal!
[bt_navigator-7] [INFO] [1788861384.682412906] [bt_navigator]: Goal succeeded
[INFO] [1788861384.682906618] [candidate_explorer]: Frontier goal finished: success=True
[INFO] [1788861384.683189495] [candidate_explorer]: Reached frontier. Waiting for the map to expose new frontiers.
[INFO] [1788861384.811759156] [candidate_explorer]: Detected 988 frontier cells
[INFO] [1788861384.813403125] [candidate_explorer]: Found 7 frontier clusters after filtering
[INFO] [1788861384.814201130] [candidate_explorer]: Selected frontier cluster: size=812, goal=(-0.51, -5.76), distance=0.61
[INFO] [1788861384.814474298] [candidate_explorer]: Checking global path to frontier (-0.51, -5.76), distance=0.61m
[INFO] [1788861384.818822076] [candidate_explorer]: Nav2 path to frontier is 0.63m (straight-line=0.61m, detour=1.0x)
[INFO] [1788861384.819503622] [candidate_explorer]: Global path accepted. Navigating to frontier (-0.51, -5.76)
[bt_navigator-7] [INFO] [1788861384.819891166] [bt_navigator]: Begin navigating from current location (-0.47, -6.37) to (-0.51, -5.76)
[controller_server-3] [INFO] [1788861384.842174227] [controller_server]: Received a goal, begin computing control effort.
[controller_server-3] [INFO] [1788861385.895795718] [controller_server]: Passing new path to controller.
[controller_server-3] [INFO] [1788861386.248008986] [controller_server]: Reached the goal!
[bt_navigator-7] [INFO] [1788861386.282680667] [bt_navigator]: Goal succeeded
[INFO] [1788861386.283755757] [candidate_explorer]: Frontier goal finished: success=True
[INFO] [1788861386.283960967] [candidate_explorer]: Reached frontier. Waiting for the map to expose new frontiers.
[INFO] [1788861386.561641630] [candidate_explorer]: Detected 951 frontier cells
[INFO] [1788861386.563216973] [candidate_explorer]: Found 10 frontier clusters after filtering
[INFO] [1788861386.564034479] [candidate_explorer]: Selected frontier cluster: size=731, goal=(-0.41, -5.37), distance=0.60
[INFO] [1788861386.564373856] [candidate_explorer]: Checking global path to frontier (-0.41, -5.37), distance=0.60m
[INFO] [1788861386.568911052] [candidate_explorer]: Nav2 path to frontier is 0.62m (straight-line=0.60m, detour=1.0x)
[INFO] [1788861386.569584514] [candidate_explorer]: Global path accepted. Navigating to frontier (-0.41, -5.37)
[bt_navigator-7] [INFO] [1788861386.569997225] [bt_navigator]: Begin navigating from current location (-0.63, -5.93) to (-0.41, -5.37)
[controller_server-3] [INFO] [1788861386.592104909] [controller_server]: Received a goal, begin computing control effort.
[controller_server-3] [INFO] [1788861387.046228750] [controller_server]: Reached the goal!
[bt_navigator-7] [INFO] [1788861387.080327011] [bt_navigator]: Goal succeeded
[INFO] [1788861387.080814889] [candidate_explorer]: Frontier goal finished: success=True
[INFO] [1788861387.081092224] [candidate_explorer]: Reached frontier. Waiting for the map to expose new frontiers.
[planner_server-5] [INFO] [1788861387.264658447] [global_costmap.global_costmap]: StaticLayer: Resizing costmap to 360 X 591 at 0.015000 m/pix
[INFO] [1788861387.286749006] [candidate_explorer]: Detected 951 frontier cells
[INFO] [1788861387.287945931] [candidate_explorer]: Found 10 frontier clusters after filtering
[INFO] [1788861387.288727061] [candidate_explorer]: Selected frontier cluster: size=731, goal=(-0.34, -4.98), distance=0.60
[INFO] [1788861387.289105563] [candidate_explorer]: Checking global path to frontier (-0.34, -4.98), distance=0.60m
[INFO] [1788861387.293691759] [candidate_explorer]: Nav2 path to frontier is 0.61m (straight-line=0.60m, detour=1.0x)
[INFO] [1788861387.294354972] [candidate_explorer]: Global path accepted. Navigating to frontier (-0.34, -4.98)
[bt_navigator-7] [INFO] [1788861387.294737016] [bt_navigator]: Begin navigating from current location (-0.52, -5.56) to (-0.34, -4.98)
[controller_server-3] [INFO] [1788861387.315318399] [controller_server]: Received a goal, begin computing control effort.
[controller_server-3] [INFO] [1788861387.769540698] [controller_server]: Reached the goal!
[bt_navigator-7] [INFO] [1788861387.806724604] [bt_navigator]: Goal succeeded
[INFO] [1788861387.807910903] [candidate_explorer]: Frontier goal finished: success=True
[INFO] [1788861387.808136946] [candidate_explorer]: Reached frontier. Waiting for the map to expose new frontiers.
[INFO] [1788861388.040965029] [candidate_explorer]: Detected 951 frontier cells
[INFO] [1788861388.042108911] [candidate_explorer]: Found 10 frontier clusters after filtering
[INFO] [1788861388.042894666] [candidate_explorer]: Selected frontier cluster: size=731, goal=(-0.29, -4.59), distance=0.61
[INFO] [1788861388.043280544] [candidate_explorer]: Checking global path to frontier (-0.29, -4.59), distance=0.61m
[INFO] [1788861388.048069449] [candidate_explorer]: Nav2 path to frontier is 0.63m (straight-line=0.61m, detour=1.0x)
[INFO] [1788861388.048798329] [candidate_explorer]: Global path accepted. Navigating to frontier (-0.29, -4.59)
[bt_navigator-7] [INFO] [1788861388.049159415] [bt_navigator]: Begin navigating from current location (-0.39, -5.19) to (-0.29, -4.59)
[controller_server-3] [INFO] [1788861388.069580838] [controller_server]: Received a goal, begin computing control effort.
[controller_server-3] [INFO] [1788861388.530217553] [controller_server]: Reached the goal!
[bt_navigator-7] [INFO] [1788861388.560762208] [bt_navigator]: Goal succeeded
[INFO] [1788861388.561955508] [candidate_explorer]: Frontier goal finished: success=True
[INFO] [1788861388.562198259] [candidate_explorer]: Reached frontier. Waiting for the map to expose new frontiers.
[INFO] [1788861388.809895604] [candidate_explorer]: Detected 1001 frontier cells
[INFO] [1788861388.811425572] [candidate_explorer]: Found 12 frontier clusters after filtering
[INFO] [1788861388.812216369] [candidate_explorer]: Selected frontier cluster: size=753, goal=(-0.31, -4.16), distance=0.60
[INFO] [1788861388.812520288] [candidate_explorer]: Checking global path to frontier (-0.31, -4.16), distance=0.60m
[INFO] [1788861388.818006406] [candidate_explorer]: Nav2 path to frontier is 0.85m (straight-line=0.60m, detour=1.4x)
[INFO] [1788861388.818926746] [candidate_explorer]: Global path accepted. Navigating to frontier (-0.31, -4.16)
[bt_navigator-7] [INFO] [1788861388.819366415] [bt_navigator]: Begin navigating from current location (-0.32, -4.76) to (-0.31, -4.16)
[controller_server-3] [INFO] [1788861388.839964631] [controller_server]: Received a goal, begin computing control effort.
[controller_server-3] [INFO] [1788861389.297360409] [controller_server]: Reached the goal!
[bt_navigator-7] [INFO] [1788861389.329561366] [bt_navigator]: Goal succeeded
[INFO] [1788861389.330753957] [candidate_explorer]: Frontier goal finished: success=True
[INFO] [1788861389.331022334] [candidate_explorer]: Reached frontier. Waiting for the map to expose new frontiers.
[INFO] [1788861389.539021715] [candidate_explorer]: Detected 1001 frontier cells
[INFO] [1788861389.540154180] [candidate_explorer]: Found 12 frontier clusters after filtering
[INFO] [1788861389.540944144] [candidate_explorer]: Selected frontier cluster: size=753, goal=(-0.26, -3.77), distance=0.61
[INFO] [1788861389.541274521] [candidate_explorer]: Checking global path to frontier (-0.26, -3.77), distance=0.61m
[INFO] [1788861389.545940009] [candidate_explorer]: Nav2 path to frontier is 0.66m (straight-line=0.61m, detour=1.1x)
[INFO] [1788861389.546721764] [candidate_explorer]: Global path accepted. Navigating to frontier (-0.26, -3.77)
[bt_navigator-7] [INFO] [1788861389.547152142] [bt_navigator]: Begin navigating from current location (-0.29, -4.37) to (-0.26, -3.77)
[controller_server-3] [INFO] [1788861389.569869830] [controller_server]: Received a goal, begin computing control effort.
[controller_server-3] [INFO] [1788861390.022780204] [controller_server]: Reached the goal!
[bt_navigator-7] [INFO] [1788861390.060232070] [bt_navigator]: Goal succeeded
[INFO] [1788861390.060684198] [candidate_explorer]: Frontier goal finished: success=True
[INFO] [1788861390.060948492] [candidate_explorer]: Reached frontier. Waiting for the map to expose new frontiers.
[INFO] [1788861390.287188698] [candidate_explorer]: Detected 1001 frontier cells
[INFO] [1788861390.288544957] [candidate_explorer]: Found 12 frontier clusters after filtering
[INFO] [1788861390.289355587] [candidate_explorer]: Selected frontier cluster: size=753, goal=(-0.19, -3.39), distance=0.60
[INFO] [1788861390.289691631] [candidate_explorer]: Checking global path to frontier (-0.19, -3.39), distance=0.60m
[INFO] [1788861390.297195138] [candidate_explorer]: Nav2 path to frontier is 2.24m (straight-line=0.60m, detour=3.7x)
[INFO] [1788861390.299652403] [candidate_explorer]: Global path accepted. Navigating to frontier (-0.19, -3.39)
[bt_navigator-7] [INFO] [1788861390.300036198] [bt_navigator]: Begin navigating from current location (-0.28, -3.98) to (-0.19, -3.39)
[controller_server-3] [INFO] [1788861390.322626635] [controller_server]: Received a goal, begin computing control effort.
[controller_server-3] [INFO] [1788861390.724331388] [controller_server]: Reached the goal!
[bt_navigator-7] [INFO] [1788861390.762526508] [bt_navigator]: Goal succeeded
[INFO] [1788861390.762957803] [candidate_explorer]: Frontier goal finished: success=True
[INFO] [1788861390.763209554] [candidate_explorer]: Reached frontier. Waiting for the map to expose new frontiers.
[INFO] [1788861390.812047619] [candidate_explorer]: Detected 996 frontier cells
[INFO] [1788861390.813585712] [candidate_explorer]: Found 14 frontier clusters after filtering
[INFO] [1788861390.814367634] [candidate_explorer]: Selected frontier cluster: size=17, goal=(-0.28, -2.52), distance=1.10
[INFO] [1788861390.814701261] [candidate_explorer]: Checking global path to frontier (-0.28, -2.52), distance=1.10m
[INFO] [1788861390.820337506] [candidate_explorer]: Nav2 path to frontier is 1.14m (straight-line=1.10m, detour=1.0x)
[INFO] [1788861390.821461304] [candidate_explorer]: Global path accepted. Navigating to frontier (-0.28, -2.52)
[bt_navigator-7] [INFO] [1788861390.821835057] [bt_navigator]: Begin navigating from current location (-0.24, -3.62) to (-0.28, -2.52)
[controller_server-3] [INFO] [1788861390.845144499] [controller_server]: Received a goal, begin computing control effort.
[controller_server-3] [INFO] [1788861391.699173539] [controller_server]: Reached the goal!
[bt_navigator-7] [INFO] [1788861391.732828922] [bt_navigator]: Goal succeeded
[INFO] [1788861391.733263383] [candidate_explorer]: Frontier goal finished: success=True
[INFO] [1788861391.733524801] [candidate_explorer]: Reached frontier. Waiting for the map to expose new frontiers.
[INFO] [1788861391.787330564] [candidate_explorer]: Detected 996 frontier cells
[INFO] [1788861391.788531364] [candidate_explorer]: Found 14 frontier clusters after filtering
[INFO] [1788861391.789317494] [candidate_explorer]: Selected frontier cluster: size=730, goal=(-0.23, -2.13), distance=0.60
[INFO] [1788861391.789667579] [candidate_explorer]: Checking global path to frontier (-0.23, -2.13), distance=0.60m
[INFO] [1788861391.794401485] [candidate_explorer]: Nav2 path to frontier is 0.61m (straight-line=0.60m, detour=1.0x)
[INFO] [1788861391.795097656] [candidate_explorer]: Global path accepted. Navigating to frontier (-0.23, -2.13)
[bt_navigator-7] [INFO] [1788861391.795517075] [bt_navigator]: Begin navigating from current location (-0.24, -2.73) to (-0.23, -2.13)
[controller_server-3] [INFO] [1788861391.817072839] [controller_server]: Received a goal, begin computing control effort.
[controller_server-3] [INFO] [1788861392.220694563] [controller_server]: Reached the goal!
[bt_navigator-7] [INFO] [1788861392.255889498] [bt_navigator]: Goal succeeded
[INFO] [1788861392.257119214] [candidate_explorer]: Frontier goal finished: success=True
[INFO] [1788861392.257357549] [candidate_explorer]: Reached frontier. Waiting for the map to expose new frontiers.
[INFO] [1788861392.288069580] [candidate_explorer]: Detected 996 frontier cells
[INFO] [1788861392.289283046] [candidate_explorer]: Found 14 frontier clusters after filtering
[INFO] [1788861392.290046093] [candidate_explorer]: Selected frontier cluster: size=7, goal=(-0.31, -1.65), distance=0.71
[INFO] [1788861392.290394845] [candidate_explorer]: Checking global path to frontier (-0.31, -1.65), distance=0.71m
[INFO] [1788861392.295326085] [candidate_explorer]: Nav2 path to frontier is 0.74m (straight-line=0.71m, detour=1.0x)
[INFO] [1788861392.296134173] [candidate_explorer]: Global path accepted. Navigating to frontier (-0.31, -1.65)
[bt_navigator-7] [INFO] [1788861392.296470926] [bt_navigator]: Begin navigating from current location (-0.24, -2.36) to (-0.31, -1.65)
[controller_server-3] [INFO] [1788861392.317521478] [controller_server]: Received a goal, begin computing control effort.
[controller_server-3] [INFO] [1788861392.873043596] [controller_server]: Reached the goal!
[bt_navigator-7] [INFO] [1788861392.908351698] [bt_navigator]: Goal succeeded
[INFO] [1788861392.909613498] [candidate_explorer]: Frontier goal finished: success=True
[INFO] [1788861392.909825583] [candidate_explorer]: Reached frontier. Waiting for the map to expose new frontiers.
[INFO] [1788861393.063073778] [candidate_explorer]: Detected 864 frontier cells
[INFO] [1788861393.063907491] [candidate_explorer]: Found 18 frontier clusters after filtering
[INFO] [1788861393.064763997] [candidate_explorer]: Selected frontier cluster: size=535, goal=(-0.23, -1.28), distance=0.60
[INFO] [1788861393.065123874] [candidate_explorer]: Checking global path to frontier (-0.23, -1.28), distance=0.60m
[INFO] [1788861393.069738862] [candidate_explorer]: Nav2 path to frontier is 0.61m (straight-line=0.60m, detour=1.0x)
[INFO] [1788861393.070484992] [candidate_explorer]: Global path accepted. Navigating to frontier (-0.23, -1.28)
[bt_navigator-7] [INFO] [1788861393.070851744] [bt_navigator]: Begin navigating from current location (-0.26, -1.88) to (-0.23, -1.28)
[controller_server-3] [INFO] [1788861393.094357062] [controller_server]: Received a goal, begin computing control effort.
[controller_server-3] [INFO] [1788861393.547692356] [controller_server]: Reached the goal!
[bt_navigator-7] [INFO] [1788861393.581969618] [bt_navigator]: Goal succeeded
[INFO] [1788861393.583391127] [candidate_explorer]: Frontier goal finished: success=True
[INFO] [1788861393.583658088] [candidate_explorer]: Reached frontier. Waiting for the map to expose new frontiers.
[INFO] [1788861393.789112702] [candidate_explorer]: Detected 864 frontier cells
[INFO] [1788861393.790024541] [candidate_explorer]: Found 18 frontier clusters after filtering
[INFO] [1788861393.790722212] [candidate_explorer]: Selected frontier cluster: size=22, goal=(-0.34, -0.90), distance=0.60
[INFO] [1788861393.791033506] [candidate_explorer]: Checking global path to frontier (-0.34, -0.90), distance=0.60m
[INFO] [1788861393.795826995] [candidate_explorer]: Nav2 path to frontier is 0.62m (straight-line=0.60m, detour=1.0x)
[INFO] [1788861393.796571417] [candidate_explorer]: Global path accepted. Navigating to frontier (-0.34, -0.90)
[bt_navigator-7] [INFO] [1788861393.796908252] [bt_navigator]: Begin navigating from current location (-0.26, -1.50) to (-0.34, -0.90)
[controller_server-3] [INFO] [1788861393.817462343] [controller_server]: Received a goal, begin computing control effort.
[controller_server-3] [INFO] [1788861394.271386640] [controller_server]: Reached the goal!
[bt_navigator-7] [INFO] [1788861394.308785256] [bt_navigator]: Goal succeeded
[INFO] [1788861394.310188723] [candidate_explorer]: Frontier goal finished: success=True
[INFO] [1788861394.310445475] [candidate_explorer]: Reached frontier. Waiting for the map to expose new frontiers.
[INFO] [1788861394.560228916] [candidate_explorer]: Detected 889 frontier cells
[INFO] [1788861394.561421716] [candidate_explorer]: Found 15 frontier clusters after filtering
[INFO] [1788861394.562225971] [candidate_explorer]: Selected frontier cluster: size=604, goal=(-0.28, -0.51), distance=0.60
[INFO] [1788861394.562556598] [candidate_explorer]: Checking global path to frontier (-0.28, -0.51), distance=0.60m
[INFO] [1788861394.567457130] [candidate_explorer]: Nav2 path to frontier is 0.61m (straight-line=0.60m, detour=1.0x)
[INFO] [1788861394.568182218] [candidate_explorer]: Global path accepted. Navigating to frontier (-0.28, -0.51)
[bt_navigator-7] [INFO] [1788861394.568576678] [bt_navigator]: Begin navigating from current location (-0.29, -1.11) to (-0.28, -0.51)
[controller_server-3] [INFO] [1788861394.589558605] [controller_server]: Received a goal, begin computing control effort.
[controller_server-3] [INFO] [1788861395.042630564] [controller_server]: Reached the goal!
[bt_navigator-7] [INFO] [1788861395.070780495] [bt_navigator]: Goal succeeded
[INFO] [1788861395.072040003] [candidate_explorer]: Frontier goal finished: success=True
[INFO] [1788861395.072292213] [candidate_explorer]: Reached frontier. Waiting for the map to expose new frontiers.
[INFO] [1788861395.289570570] [candidate_explorer]: Detected 889 frontier cells
[INFO] [1788861395.290554701] [candidate_explorer]: Found 15 frontier clusters after filtering
[INFO] [1788861395.291274706] [candidate_explorer]: Selected frontier cluster: size=85, goal=(0.44, 0.21), distance=1.17
[INFO] [1788861395.291604625] [candidate_explorer]: Checking global path to frontier (0.44, 0.21), distance=1.17m
[INFO] [1788861395.297696914] [candidate_explorer]: Nav2 path to frontier is 1.30m (straight-line=1.17m, detour=1.1x)
[INFO] [1788861395.299177674] [candidate_explorer]: Global path accepted. Navigating to frontier (0.44, 0.21)
[bt_navigator-7] [INFO] [1788861395.299515343] [bt_navigator]: Begin navigating from current location (-0.30, -0.70) to (0.44, 0.21)
[controller_server-3] [INFO] [1788861395.321380525] [controller_server]: Received a goal, begin computing control effort.
[async_slam_toolbox_node-2] WARNING: Logging before InitGoogleLogging() is written to STDERR
[async_slam_toolbox_node-2] W0908 09:56:36.231204 71578 preprocessor.cc:62] Specified options.num_threads: 50 exceeds maximum available from the threading model Ceres was compiled with: 14.  Bounding to maximum number available.
[controller_server-3] [INFO] [1788861396.275902920] [controller_server]: Reached the goal!
[bt_navigator-7] [INFO] [1788861396.310124640] [bt_navigator]: Goal succeeded
[INFO] [1788861396.310561185] [candidate_explorer]: Frontier goal finished: success=True
[INFO] [1788861396.310809020] [candidate_explorer]: Reached frontier. Waiting for the map to expose new frontiers.
[INFO] [1788861396.563288020] [candidate_explorer]: Detected 744 frontier cells
[INFO] [1788861396.564130442] [candidate_explorer]: Found 15 frontier clusters after filtering
[INFO] [1788861396.564750988] [candidate_explorer]: Selected frontier cluster: size=45, goal=(0.80, 0.43), distance=0.62
[INFO] [1788861396.565070948] [candidate_explorer]: Checking global path to frontier (0.80, 0.43), distance=0.62m
[INFO] [1788861396.570291440] [candidate_explorer]: Nav2 path to frontier is 0.68m (straight-line=0.62m, detour=1.1x)
[INFO] [1788861396.571331489] [candidate_explorer]: Global path accepted. Navigating to frontier (0.80, 0.43)
[bt_navigator-7] [INFO] [1788861396.571759367] [bt_navigator]: Begin navigating from current location (0.34, 0.01) to (0.80, 0.43)
[controller_server-3] [INFO] [1788861396.592725460] [controller_server]: Received a goal, begin computing control effort.
[controller_server-3] [INFO] [1788861397.045063830] [controller_server]: Reached the goal!
[bt_navigator-7] [INFO] [1788861397.072094296] [bt_navigator]: Goal succeeded
[INFO] [1788861397.072522757] [candidate_explorer]: Frontier goal finished: success=True
[INFO] [1788861397.072766259] [candidate_explorer]: Reached frontier. Waiting for the map to expose new frontiers.
[planner_server-5] [INFO] [1788861397.266156920] [global_costmap.global_costmap]: StaticLayer: Resizing costmap to 361 X 592 at 0.015000 m/pix
[INFO] [1788861397.287597058] [candidate_explorer]: Detected 744 frontier cells
[INFO] [1788861397.288494356] [candidate_explorer]: Found 15 frontier clusters after filtering
[INFO] [1788861397.289178319] [candidate_explorer]: Selected frontier cluster: size=509, goal=(-0.30, -0.43), distance=1.17
[INFO] [1788861397.289517446] [candidate_explorer]: Checking global path to frontier (-0.30, -0.43), distance=1.17m
[INFO] [1788861397.295743611] [candidate_explorer]: Nav2 path to frontier is 1.33m (straight-line=1.17m, detour=1.1x)
[INFO] [1788861397.297201995] [candidate_explorer]: Global path accepted. Navigating to frontier (-0.30, -0.43)
[bt_navigator-7] [INFO] [1788861397.297524914] [bt_navigator]: Begin navigating from current location (0.62, 0.29) to (-0.30, -0.43)
[controller_server-3] [INFO] [1788861397.319580848] [controller_server]: Received a goal, begin computing control effort.
[controller_server-3] [INFO] [1788861398.370444071] [controller_server]: Passing new path to controller.
[controller_server-3] [INFO] [1788861399.276026277] [controller_server]: Reached the goal!
[bt_navigator-7] [INFO] [1788861399.310245664] [bt_navigator]: Goal succeeded
[INFO] [1788861399.311525130] [candidate_explorer]: Frontier goal finished: success=True
[INFO] [1788861399.311748590] [candidate_explorer]: Reached frontier. Waiting for the map to expose new frontiers.
[INFO] [1788861399.563257792] [candidate_explorer]: Detected 744 frontier cells
[INFO] [1788861399.564168632] [candidate_explorer]: Found 15 frontier clusters after filtering
[INFO] [1788861399.564832053] [candidate_explorer]: Selected frontier cluster: size=509, goal=(-0.28, -1.00), distance=0.61
[INFO] [1788861399.565174096] [candidate_explorer]: Checking global path to frontier (-0.28, -1.00), distance=0.61m
[INFO] [1788861399.570339713] [candidate_explorer]: Nav2 path to frontier is 0.63m (straight-line=0.61m, detour=1.0x)
[INFO] [1788861399.571110260] [candidate_explorer]: Global path accepted. Navigating to frontier (-0.28, -1.00)
[bt_navigator-7] [INFO] [1788861399.571523471] [bt_navigator]: Begin navigating from current location (-0.06, -0.43) to (-0.28, -1.00)
[controller_server-3] [INFO] [1788861399.594907205] [controller_server]: Received a goal, begin computing control effort.
[controller_server-3] [INFO] [1788861400.100445293] [controller_server]: Reached the goal!
[bt_navigator-7] [INFO] [1788861400.131899453] [bt_navigator]: Goal succeeded
[INFO] [1788861400.133141128] [candidate_explorer]: Frontier goal finished: success=True
[INFO] [1788861400.133445297] [candidate_explorer]: Reached frontier. Waiting for the map to expose new frontiers.
[INFO] [1788861400.286346364] [candidate_explorer]: Detected 744 frontier cells
[INFO] [1788861400.287296245] [candidate_explorer]: Found 15 frontier clusters after filtering
[INFO] [1788861400.287896541] [candidate_explorer]: Selected frontier cluster: size=509, goal=(-0.27, -1.37), distance=0.60
[INFO] [1788861400.288329169] [candidate_explorer]: Checking global path to frontier (-0.27, -1.37), distance=0.60m
[INFO] [1788861400.293517702] [candidate_explorer]: Nav2 path to frontier is 0.63m (straight-line=0.60m, detour=1.0x)
[INFO] [1788861400.294251540] [candidate_explorer]: Global path accepted. Navigating to frontier (-0.27, -1.37)
[bt_navigator-7] [INFO] [1788861400.294591084] [bt_navigator]: Begin navigating from current location (-0.32, -0.77) to (-0.27, -1.37)
[controller_server-3] [INFO] [1788861400.317247022] [controller_server]: Received a goal, begin computing control effort.
[controller_server-3] [INFO] [1788861400.769848727] [controller_server]: Reached the goal!
[bt_navigator-7] [INFO] [1788861400.807214468] [bt_navigator]: Goal succeeded
[INFO] [1788861400.807719846] [candidate_explorer]: Frontier goal finished: success=True
[INFO] [1788861400.808074765] [candidate_explorer]: Reached frontier. Waiting for the map to expose new frontiers.
[INFO] [1788861401.062204401] [candidate_explorer]: Detected 732 frontier cells
[INFO] [1788861401.063051823] [candidate_explorer]: Found 15 frontier clusters after filtering
[INFO] [1788861401.063763786] [candidate_explorer]: Selected frontier cluster: size=503, goal=(-0.28, -0.56), distance=0.60
[INFO] [1788861401.064143955] [candidate_explorer]: Checking global path to frontier (-0.28, -0.56), distance=0.60m
[INFO] [1788861401.069907784] [candidate_explorer]: Nav2 path to frontier is 0.63m (straight-line=0.60m, detour=1.0x)
[INFO] [1788861401.070739706] [candidate_explorer]: Global path accepted. Navigating to frontier (-0.28, -0.56)
[bt_navigator-7] [INFO] [1788861401.071205792] [bt_navigator]: Begin navigating from current location (-0.31, -1.16) to (-0.28, -0.56)
[controller_server-3] [INFO] [1788861401.092890807] [controller_server]: Received a goal, begin computing control effort.
[controller_server-3] [INFO] [1788861402.144707370] [controller_server]: Passing new path to controller.
[controller_server-3] [INFO] [1788861402.646824519] [controller_server]: Reached the goal!
[bt_navigator-7] [INFO] [1788861402.682770876] [bt_navigator]: Goal succeeded
[INFO] [1788861402.684122260] [candidate_explorer]: Frontier goal finished: success=True
[INFO] [1788861402.684359553] [candidate_explorer]: Reached frontier. Waiting for the map to expose new frontiers.
[INFO] [1788861402.810649074] [candidate_explorer]: Detected 769 frontier cells
[INFO] [1788861402.811535580] [candidate_explorer]: Found 15 frontier clusters after filtering
[INFO] [1788861402.812181251] [candidate_explorer]: Selected frontier cluster: size=45, goal=(0.47, 0.23), distance=1.14
[INFO] [1788861402.812500919] [candidate_explorer]: Checking global path to frontier (0.47, 0.23), distance=1.14m
[INFO] [1788861402.819178046] [candidate_explorer]: Nav2 path to frontier is 1.21m (straight-line=1.14m, detour=1.1x)
[INFO] [1788861402.820556680] [candidate_explorer]: Global path accepted. Navigating to frontier (0.47, 0.23)
[bt_navigator-7] [INFO] [1788861402.820930307] [bt_navigator]: Begin navigating from current location (-0.16, -0.73) to (0.47, 0.23)
[controller_server-3] [INFO] [1788861402.843881871] [controller_server]: Received a goal, begin computing control effort.
[controller_server-3] [INFO] [1788861403.800288487] [controller_server]: Reached the goal!
[bt_navigator-7] [INFO] [1788861403.831883024] [bt_navigator]: Goal succeeded
[INFO] [1788861403.833153449] [candidate_explorer]: Frontier goal finished: success=True
[INFO] [1788861403.833410909] [candidate_explorer]: Reached frontier. Waiting for the map to expose new frontiers.
[INFO] [1788861404.040626534] [candidate_explorer]: Detected 769 frontier cells
[INFO] [1788861404.041519165] [candidate_explorer]: Found 15 frontier clusters after filtering
[INFO] [1788861404.042240045] [candidate_explorer]: Selected frontier cluster: size=45, goal=(0.83, 0.46), distance=0.61
[INFO] [1788861404.042577755] [candidate_explorer]: Checking global path to frontier (0.83, 0.46), distance=0.61m
[INFO] [1788861404.047800039] [candidate_explorer]: Nav2 path to frontier is 0.64m (straight-line=0.61m, detour=1.1x)
[INFO] [1788861404.048838129] [candidate_explorer]: Global path accepted. Navigating to frontier (0.83, 0.46)
[bt_navigator-7] [INFO] [1788861404.049246840] [bt_navigator]: Begin navigating from current location (0.35, 0.08) to (0.83, 0.46)
[controller_server-3] [INFO] [1788861404.070386851] [controller_server]: Received a goal, begin computing control effort.
[controller_server-3] [INFO] [1788861404.474080492] [controller_server]: Reached the goal!
[bt_navigator-7] [INFO] [1788861404.509621304] [bt_navigator]: Goal succeeded
[INFO] [1788861404.510072890] [candidate_explorer]: Frontier goal finished: success=True
[INFO] [1788861404.510333642] [candidate_explorer]: Reached frontier. Waiting for the map to expose new frontiers.
[INFO] [1788861404.562069016] [candidate_explorer]: Detected 767 frontier cells
[INFO] [1788861404.562956397] [candidate_explorer]: Found 15 frontier clusters after filtering
[INFO] [1788861404.563636568] [candidate_explorer]: Selected frontier cluster: size=555, goal=(-0.30, -0.43), distance=1.17
[INFO] [1788861404.563951112] [candidate_explorer]: Checking global path to frontier (-0.30, -0.43), distance=1.17m
[INFO] [1788861404.570738781] [candidate_explorer]: Nav2 path to frontier is 1.35m (straight-line=1.17m, detour=1.2x)
[INFO] [1788861404.572334791] [candidate_explorer]: Global path accepted. Navigating to frontier (-0.30, -0.43)
[bt_navigator-7] [INFO] [1788861404.572732252] [bt_navigator]: Begin navigating from current location (0.63, 0.30) to (-0.30, -0.43)
[controller_server-3] [INFO] [1788861404.596241403] [controller_server]: Received a goal, begin computing control effort.
[controller_server-3] [INFO] [1788861405.647177627] [controller_server]: Passing new path to controller.
[controller_server-3] [INFO] [1788861406.602092025] [controller_server]: Reached the goal!
[bt_navigator-7] [INFO] [1788861406.633377477] [bt_navigator]: Goal succeeded
[INFO] [1788861406.634655818] [candidate_explorer]: Frontier goal finished: success=True
[INFO] [1788861406.634863028] [candidate_explorer]: Reached frontier. Waiting for the map to expose new frontiers.
[INFO] [1788861406.813459636] [candidate_explorer]: Detected 768 frontier cells
[INFO] [1788861406.814274974] [candidate_explorer]: Found 15 frontier clusters after filtering
[INFO] [1788861406.815019396] [candidate_explorer]: Selected frontier cluster: size=555, goal=(-0.33, -0.97), distance=0.61
[INFO] [1788861406.815338523] [candidate_explorer]: Checking global path to frontier (-0.33, -0.97), distance=0.61m
[INFO] [1788861406.821257978] [candidate_explorer]: Nav2 path to frontier is 0.63m (straight-line=0.61m, detour=1.0x)
[INFO] [1788861406.822067733] [candidate_explorer]: Global path accepted. Navigating to frontier (-0.33, -0.97)
[bt_navigator-7] [INFO] [1788861406.822565320] [bt_navigator]: Begin navigating from current location (-0.09, -0.41) to (-0.33, -0.97)
[controller_server-3] [INFO] [1788861406.846230847] [controller_server]: Received a goal, begin computing control effort.
[controller_server-3] [INFO] [1788861407.350573594] [controller_server]: Reached the goal!
[bt_navigator-7] [INFO] [1788861407.384136227] [bt_navigator]: Goal succeeded
[INFO] [1788861407.384587396] [candidate_explorer]: Frontier goal finished: success=True
[INFO] [1788861407.384803439] [candidate_explorer]: Reached frontier. Waiting for the map to expose new frontiers.
[INFO] [1788861407.539905229] [candidate_explorer]: Detected 768 frontier cells
[INFO] [1788861407.540799444] [candidate_explorer]: Found 15 frontier clusters after filtering
[INFO] [1788861407.541460281] [candidate_explorer]: Selected frontier cluster: size=555, goal=(-0.30, -1.37), distance=0.60
[INFO] [1788861407.541763116] [candidate_explorer]: Checking global path to frontier (-0.30, -1.37), distance=0.60m
[INFO] [1788861407.546977067] [candidate_explorer]: Nav2 path to frontier is 0.61m (straight-line=0.60m, detour=1.0x)
[INFO] [1788861407.547746322] [candidate_explorer]: Global path accepted. Navigating to frontier (-0.30, -1.37)
[bt_navigator-7] [INFO] [1788861407.548234200] [bt_navigator]: Begin navigating from current location (-0.37, -0.78) to (-0.30, -1.37)
[controller_server-3] [INFO] [1788861407.570291550] [controller_server]: Received a goal, begin computing control effort.
[controller_server-3] [INFO] [1788861408.024301848] [controller_server]: Reached the goal!
[bt_navigator-7] [INFO] [1788861408.059938702] [bt_navigator]: Goal succeeded
[INFO] [1788861408.060379205] [candidate_explorer]: Frontier goal finished: success=True
[INFO] [1788861408.060597248] [candidate_explorer]: Reached frontier. Waiting for the map to expose new frontiers.
[INFO] [1788861408.287989962] [candidate_explorer]: Detected 768 frontier cells
[INFO] [1788861408.288914218] [candidate_explorer]: Found 15 frontier clusters after filtering
[INFO] [1788861408.289619264] [candidate_explorer]: Selected frontier cluster: size=555, goal=(-0.28, -1.73), distance=0.60
[INFO] [1788861408.289958225] [candidate_explorer]: Checking global path to frontier (-0.28, -1.73), distance=0.60m
[INFO] [1788861408.295679970] [candidate_explorer]: Nav2 path to frontier is 0.60m (straight-line=0.60m, detour=1.0x)
[INFO] [1788861408.296378266] [candidate_explorer]: Global path accepted. Navigating to frontier (-0.28, -1.73)
[bt_navigator-7] [INFO] [1788861408.296764644] [bt_navigator]: Begin navigating from current location (-0.34, -1.14) to (-0.28, -1.73)
[controller_server-3] [INFO] [1788861408.318982120] [controller_server]: Received a goal, begin computing control effort.
[controller_server-3] [INFO] [1788861408.772064704] [controller_server]: Reached the goal!
[bt_navigator-7] [INFO] [1788861408.810326617] [bt_navigator]: Goal succeeded
[INFO] [1788861408.811749209] [candidate_explorer]: Frontier goal finished: success=True
[INFO] [1788861408.812007003] [candidate_explorer]: Reached frontier. Waiting for the map to expose new frontiers.
[INFO] [1788861409.061250316] [candidate_explorer]: Detected 743 frontier cells
[INFO] [1788861409.062019987] [candidate_explorer]: Found 16 frontier clusters after filtering
[INFO] [1788861409.062675241] [candidate_explorer]: Selected frontier cluster: size=14, goal=(-0.31, -2.21), distance=0.68
[INFO] [1788861409.063004910] [candidate_explorer]: Checking global path to frontier (-0.31, -2.21), distance=0.68m
[INFO] [1788861409.069136575] [candidate_explorer]: Nav2 path to frontier is 0.69m (straight-line=0.68m, detour=1.0x)
[INFO] [1788861409.069961372] [candidate_explorer]: Global path accepted. Navigating to frontier (-0.31, -2.21)
[bt_navigator-7] [INFO] [1788861409.070417416] [bt_navigator]: Begin navigating from current location (-0.31, -1.53) to (-0.31, -2.21)
[controller_server-3] [INFO] [1788861409.092172181] [controller_server]: Received a goal, begin computing control effort.
[controller_server-3] [INFO] [1788861409.597268433] [controller_server]: Reached the goal!
[bt_navigator-7] [INFO] [1788861409.634394880] [bt_navigator]: Goal succeeded
[INFO] [1788861409.635755723] [candidate_explorer]: Frontier goal finished: success=True
[INFO] [1788861409.636020558] [candidate_explorer]: Reached frontier. Waiting for the map to expose new frontiers.
[INFO] [1788861409.787159989] [candidate_explorer]: Detected 743 frontier cells
[INFO] [1788861409.787956244] [candidate_explorer]: Found 16 frontier clusters after filtering
[INFO] [1788861409.788763124] [candidate_explorer]: Selected frontier cluster: size=509, goal=(-0.33, -1.39), distance=0.61
[INFO] [1788861409.789124418] [candidate_explorer]: Checking global path to frontier (-0.33, -1.39), distance=0.61m
[INFO] [1788861409.794943081] [candidate_explorer]: Nav2 path to frontier is 0.63m (straight-line=0.61m, detour=1.0x)
[INFO] [1788861409.795697419] [candidate_explorer]: Global path accepted. Navigating to frontier (-0.33, -1.39)
[bt_navigator-7] [INFO] [1788861409.796047921] [bt_navigator]: Begin navigating from current location (-0.30, -1.99) to (-0.33, -1.39)
[controller_server-3] [INFO] [1788861409.817484601] [controller_server]: Received a goal, begin computing control effort.
[controller_server-3] [INFO] [1788861410.871429553] [controller_server]: Passing new path to controller.
[controller_server-3] [INFO] [1788861411.325898770] [controller_server]: Reached the goal!
[bt_navigator-7] [INFO] [1788861411.356401508] [bt_navigator]: Goal succeeded
[INFO] [1788861411.357785392] [candidate_explorer]: Frontier goal finished: success=True
[INFO] [1788861411.358034769] [candidate_explorer]: Reached frontier. Waiting for the map to expose new frontiers.
[INFO] [1788861411.563395383] [candidate_explorer]: Detected 786 frontier cells
[INFO] [1788861411.564370681] [candidate_explorer]: Found 12 frontier clusters after filtering
[INFO] [1788861411.565030768] [candidate_explorer]: Selected frontier cluster: size=581, goal=(-0.36, -0.97), distance=0.60
[INFO] [1788861411.565355520] [candidate_explorer]: Checking global path to frontier (-0.36, -0.97), distance=0.60m
[INFO] [1788861411.571614519] [candidate_explorer]: Nav2 path to frontier is 0.91m (straight-line=0.60m, detour=1.5x)
[INFO] [1788861411.572613192] [candidate_explorer]: Global path accepted. Navigating to frontier (-0.36, -0.97)
[bt_navigator-7] [INFO] [1788861411.573145737] [bt_navigator]: Begin navigating from current location (-0.47, -1.56) to (-0.36, -0.97)
[controller_server-3] [INFO] [1788861411.596102302] [controller_server]: Received a goal, begin computing control effort.
[controller_server-3] [INFO] [1788861412.048935967] [controller_server]: Reached the goal!
[bt_navigator-7] [INFO] [1788861412.083547981] [bt_navigator]: Goal succeeded
[INFO] [1788861412.084930240] [candidate_explorer]: Frontier goal finished: success=True
[INFO] [1788861412.085210492] [candidate_explorer]: Reached frontier. Waiting for the map to expose new frontiers.
[INFO] [1788861412.290005769] [candidate_explorer]: Detected 786 frontier cells
[INFO] [1788861412.290947900] [candidate_explorer]: Found 12 frontier clusters after filtering
[INFO] [1788861412.291647446] [candidate_explorer]: Selected frontier cluster: size=581, goal=(-0.34, -0.55), distance=0.61
[INFO] [1788861412.291970073] [candidate_explorer]: Checking global path to frontier (-0.34, -0.55), distance=0.61m
[INFO] [1788861412.297617735] [candidate_explorer]: Nav2 path to frontier is 0.61m (straight-line=0.61m, detour=1.0x)
[INFO] [1788861412.298351656] [candidate_explorer]: Global path accepted. Navigating to frontier (-0.34, -0.55)
[bt_navigator-7] [INFO] [1788861412.298760034] [bt_navigator]: Begin navigating from current location (-0.40, -1.15) to (-0.34, -0.55)
[controller_server-3] [INFO] [1788861412.320489923] [controller_server]: Received a goal, begin computing control effort.
[controller_server-3] [INFO] [1788861412.772847127] [controller_server]: Reached the goal!
[bt_navigator-7] [INFO] [1788861412.809126819] [bt_navigator]: Goal succeeded
[INFO] [1788861412.810604287] [candidate_explorer]: Frontier goal finished: success=True
[INFO] [1788861412.810822705] [candidate_explorer]: Reached frontier. Waiting for the map to expose new frontiers.
[INFO] [1788861413.062300449] [candidate_explorer]: Detected 993 frontier cells
[INFO] [1788861413.063923876] [candidate_explorer]: Found 14 frontier clusters after filtering
[INFO] [1788861413.064741090] [candidate_explorer]: Selected frontier cluster: size=42, goal=(0.47, 0.23), distance=1.31
[INFO] [1788861413.065097967] [candidate_explorer]: Checking global path to frontier (0.47, 0.23), distance=1.31m
[INFO] [1788861413.072222096] [candidate_explorer]: Nav2 path to frontier is 1.42m (straight-line=1.31m, detour=1.1x)
[INFO] [1788861413.073984066] [candidate_explorer]: Global path accepted. Navigating to frontier (0.47, 0.23)
[bt_navigator-7] [INFO] [1788861413.074336693] [bt_navigator]: Begin navigating from current location (-0.36, -0.78) to (0.47, 0.23)
[controller_server-3] [INFO] [1788861413.097253841] [controller_server]: Received a goal, begin computing control effort.
[controller_server-3] [INFO] [1788861414.149281614] [controller_server]: Passing new path to controller.
[controller_server-3] [INFO] [1788861414.151752546] [controller_server]: Reached the goal!
[bt_navigator-7] [INFO] [1788861414.197160964] [bt_navigator]: Goal succeeded
[INFO] [1788861414.198539723] [candidate_explorer]: Frontier goal finished: success=True
[INFO] [1788861414.198767974] [candidate_explorer]: Reached frontier. Waiting for the map to expose new frontiers.
[INFO] [1788861414.287800922] [candidate_explorer]: Detected 993 frontier cells
[INFO] [1788861414.289067889] [candidate_explorer]: Found 14 frontier clusters after filtering
[INFO] [1788861414.289855186] [candidate_explorer]: Selected frontier cluster: size=42, goal=(0.81, 0.46), distance=0.60
[INFO] [1788861414.290187313] [candidate_explorer]: Checking global path to frontier (0.81, 0.46), distance=0.60m
[INFO] [1788861414.295733390] [candidate_explorer]: Nav2 path to frontier is 0.62m (straight-line=0.60m, detour=1.0x)
[INFO] [1788861414.296666938] [candidate_explorer]: Global path accepted. Navigating to frontier (0.81, 0.46)
[bt_navigator-7] [INFO] [1788861414.297027065] [bt_navigator]: Begin navigating from current location (0.38, 0.03) to (0.81, 0.46)
[controller_server-3] [INFO] [1788861414.318400578] [controller_server]: Received a goal, begin computing control effort.
[controller_server-3] [INFO] [1788861414.772234041] [controller_server]: Reached the goal!
[bt_navigator-7] [INFO] [1788861414.808003771] [bt_navigator]: Goal succeeded
[INFO] [1788861414.808460608] [candidate_explorer]: Frontier goal finished: success=True
[INFO] [1788861414.808724068] [candidate_explorer]: Reached frontier. Waiting for the map to expose new frontiers.
[INFO] [1788861415.063053830] [candidate_explorer]: Detected 995 frontier cells
[INFO] [1788861415.064561173] [candidate_explorer]: Found 13 frontier clusters after filtering
[INFO] [1788861415.065370053] [candidate_explorer]: Selected frontier cluster: size=799, goal=(-0.36, -0.40), distance=1.22
[INFO] [1788861415.065685514] [candidate_explorer]: Checking global path to frontier (-0.36, -0.40), distance=1.22m
[INFO] [1788861415.072824643] [candidate_explorer]: Nav2 path to frontier is 1.46m (straight-line=1.22m, detour=1.2x)
[INFO] [1788861415.074495112] [candidate_explorer]: Global path accepted. Navigating to frontier (-0.36, -0.40)
[bt_navigator-7] [INFO] [1788861415.074921365] [bt_navigator]: Begin navigating from current location (0.63, 0.32) to (-0.36, -0.40)
[controller_server-3] [INFO] [1788861415.099139771] [controller_server]: Received a goal, begin computing control effort.
[controller_server-3] [INFO] [1788861416.158613800] [controller_server]: Passing new path to controller.
[controller_server-3] [INFO] [1788861417.205292539] [controller_server]: Passing new path to controller.
[controller_server-3] [INFO] [1788861417.302290788] [controller_server]: Reached the goal!
[bt_navigator-7] [INFO] [1788861417.336307257] [bt_navigator]: Goal succeeded
[INFO] [1788861417.336800343] [candidate_explorer]: Frontier goal finished: success=True
[INFO] [1788861417.337079595] [candidate_explorer]: Reached frontier. Waiting for the map to expose new frontiers.
[INFO] [1788861417.563272218] [candidate_explorer]: Detected 993 frontier cells
[INFO] [1788861417.564816478] [candidate_explorer]: Found 13 frontier clusters after filtering
[INFO] [1788861417.565590900] [candidate_explorer]: Selected frontier cluster: size=799, goal=(-0.37, -1.00), distance=0.60
[INFO] [1788861417.565904818] [candidate_explorer]: Checking global path to frontier (-0.37, -1.00), distance=0.60m
[INFO] [1788861417.571790648] [candidate_explorer]: Nav2 path to frontier is 0.61m (straight-line=0.60m, detour=1.0x)
[INFO] [1788861417.572566611] [candidate_explorer]: Global path accepted. Navigating to frontier (-0.37, -1.00)
[bt_navigator-7] [INFO] [1788861417.573126782] [bt_navigator]: Begin navigating from current location (-0.15, -0.44) to (-0.37, -1.00)
[controller_server-3] [INFO] [1788861417.593551663] [controller_server]: Received a goal, begin computing control effort.
[controller_server-3] [INFO] [1788861418.097008779] [controller_server]: Reached the goal!
[bt_navigator-7] [INFO] [1788861418.134814648] [bt_navigator]: Goal succeeded
[INFO] [1788861418.136321241] [candidate_explorer]: Frontier goal finished: success=True
[INFO] [1788861418.136534992] [candidate_explorer]: Reached frontier. Waiting for the map to expose new frontiers.
[INFO] [1788861418.287280379] [candidate_explorer]: Detected 993 frontier cells
[INFO] [1788861418.288461470] [candidate_explorer]: Found 13 frontier clusters after filtering
[INFO] [1788861418.289278767] [candidate_explorer]: Selected frontier cluster: size=799, goal=(-0.36, -1.39), distance=0.60
[INFO] [1788861418.289584519] [candidate_explorer]: Checking global path to frontier (-0.36, -1.39), distance=0.60m
[INFO] [1788861418.295088721] [candidate_explorer]: Nav2 path to frontier is 0.61m (straight-line=0.60m, detour=1.0x)
[INFO] [1788861418.295758601] [candidate_explorer]: Global path accepted. Navigating to frontier (-0.36, -1.39)
[bt_navigator-7] [INFO] [1788861418.296109020] [bt_navigator]: Begin navigating from current location (-0.44, -0.79) to (-0.36, -1.39)
[controller_server-3] [INFO] [1788861418.317159697] [controller_server]: Received a goal, begin computing control effort.
[controller_server-3] [INFO] [1788861418.770488157] [controller_server]: Reached the goal!
[bt_navigator-7] [INFO] [1788861418.809315074] [bt_navigator]: Goal succeeded
[INFO] [1788861418.810756249] [candidate_explorer]: Frontier goal finished: success=True
[INFO] [1788861418.811021376] [candidate_explorer]: Reached frontier. Waiting for the map to expose new frontiers.
[INFO] [1788861419.062203285] [candidate_explorer]: Detected 1004 frontier cells
[INFO] [1788861419.063936796] [candidate_explorer]: Found 13 frontier clusters after filtering
[INFO] [1788861419.064709343] [candidate_explorer]: Selected frontier cluster: size=5, goal=(-0.39, -2.50), distance=1.32
[INFO] [1788861419.065043303] [candidate_explorer]: Checking global path to frontier (-0.39, -2.50), distance=1.32m
[INFO] [1788861419.072072515] [candidate_explorer]: Nav2 path to frontier is 1.32m (straight-line=1.32m, detour=1.0x)
[INFO] [1788861419.073418399] [candidate_explorer]: Global path accepted. Navigating to frontier (-0.39, -2.50)
[bt_navigator-7] [INFO] [1788861419.073796026] [bt_navigator]: Begin navigating from current location (-0.42, -1.18) to (-0.39, -2.50)
[controller_server-3] [INFO] [1788861419.097516846] [controller_server]: Received a goal, begin computing control effort.
[controller_server-3] [INFO] [1788861420.109569278] [controller_server]: Reached the goal!
[controller_server-3] [INFO] [1788861420.124453040] [controller_server]: Received a goal, begin computing control effort.
[controller_server-3] [INFO] [1788861420.126243677] [controller_server]: Reached the goal!
[bt_navigator-7] [INFO] [1788861420.164942343] [bt_navigator]: Goal succeeded
[INFO] [1788861420.166356060] [candidate_explorer]: Frontier goal finished: success=True
[INFO] [1788861420.166598520] [candidate_explorer]: Reached frontier. Waiting for the map to expose new frontiers.
[INFO] [1788861420.290831528] [candidate_explorer]: Detected 1004 frontier cells
[INFO] [1788861420.292030453] [candidate_explorer]: Found 13 frontier clusters after filtering
[INFO] [1788861420.292785416] [candidate_explorer]: Selected frontier cluster: size=814, goal=(-0.48, -1.69), distance=0.60
[INFO] [1788861420.293116876] [candidate_explorer]: Checking global path to frontier (-0.48, -1.69), distance=0.60m
[INFO] [1788861420.298901288] [candidate_explorer]: Nav2 path to frontier is 0.62m (straight-line=0.60m, detour=1.0x)
[INFO] [1788861420.299593751] [candidate_explorer]: Global path accepted. Navigating to frontier (-0.48, -1.69)
[bt_navigator-7] [INFO] [1788861420.299953420] [bt_navigator]: Begin navigating from current location (-0.40, -2.29) to (-0.48, -1.69)
[controller_server-3] [INFO] [1788861420.321569476] [controller_server]: Received a goal, begin computing control effort.
[controller_server-3] [INFO] [1788861421.371710737] [controller_server]: Passing new path to controller.
[controller_server-3] [INFO] [1788861421.774515830] [controller_server]: Reached the goal!
[bt_navigator-7] [INFO] [1788861421.810399686] [bt_navigator]: Goal succeeded
[INFO] [1788861421.812006613] [candidate_explorer]: Frontier goal finished: success=True
[INFO] [1788861421.812267198] [candidate_explorer]: Reached frontier. Waiting for the map to expose new frontiers.
[INFO] [1788861422.065633413] [candidate_explorer]: Detected 1052 frontier cells
[INFO] [1788861422.067434008] [candidate_explorer]: Found 12 frontier clusters after filtering
[INFO] [1788861422.068316347] [candidate_explorer]: Selected frontier cluster: size=833, goal=(-0.39, -2.44), distance=0.61
[INFO] [1788861422.068740849] [candidate_explorer]: Checking global path to frontier (-0.39, -2.44), distance=0.61m
[INFO] [1788861422.075145807] [candidate_explorer]: Nav2 path to frontier is 0.64m (straight-line=0.61m, detour=1.1x)
[INFO] [1788861422.075836187] [candidate_explorer]: Global path accepted. Navigating to frontier (-0.39, -2.44)
[bt_navigator-7] [INFO] [1788861422.076320398] [bt_navigator]: Begin navigating from current location (-0.60, -1.87) to (-0.39, -2.44)
[controller_server-3] [INFO] [1788861422.096774697] [controller_server]: Received a goal, begin computing control effort.
[controller_server-3] [INFO] [1788861423.150669690] [controller_server]: Passing new path to controller.
[controller_server-3] [INFO] [1788861423.601423008] [controller_server]: Reached the goal!
[bt_navigator-7] [INFO] [1788861423.638913250] [bt_navigator]: Goal succeeded
[INFO] [1788861423.640392301] [candidate_explorer]: Frontier goal finished: success=True
[INFO] [1788861423.640647428] [candidate_explorer]: Reached frontier. Waiting for the map to expose new frontiers.
[INFO] [1788861423.813792376] [candidate_explorer]: Detected 1242 frontier cells
[INFO] [1788861423.815524970] [candidate_explorer]: Found 13 frontier clusters after filtering
[INFO] [1788861423.816437643] [candidate_explorer]: Selected frontier cluster: size=1019, goal=(-0.48, -1.69), distance=0.60
[INFO] [1788861423.816802062] [candidate_explorer]: Checking global path to frontier (-0.48, -1.69), distance=0.60m
[INFO] [1788861423.822716600] [candidate_explorer]: Nav2 path to frontier is 0.63m (straight-line=0.60m, detour=1.0x)
[INFO] [1788861423.823437396] [candidate_explorer]: Global path accepted. Navigating to frontier (-0.48, -1.69)
[bt_navigator-7] [INFO] [1788861423.823996150] [bt_navigator]: Begin navigating from current location (-0.29, -2.26) to (-0.48, -1.69)
[controller_server-3] [INFO] [1788861423.845162578] [controller_server]: Received a goal, begin computing control effort.
[controller_server-3] [INFO] [1788861424.895482756] [controller_server]: Passing new path to controller.
[controller_server-3] [INFO] [1788861425.448599526] [controller_server]: Reached the goal!
[bt_navigator-7] [INFO] [1788861425.485788557] [bt_navigator]: Goal succeeded
[INFO] [1788861425.487309233] [candidate_explorer]: Frontier goal finished: success=True
[INFO] [1788861425.487566026] [candidate_explorer]: Reached frontier. Waiting for the map to expose new frontiers.
[INFO] [1788861425.559955617] [candidate_explorer]: Detected 1105 frontier cells
[INFO] [1788861425.561573253] [candidate_explorer]: Found 13 frontier clusters after filtering
[INFO] [1788861425.562452425] [candidate_explorer]: Selected frontier cluster: size=882, goal=(-0.43, -1.30), distance=0.60
[INFO] [1788861425.562777594] [candidate_explorer]: Checking global path to frontier (-0.43, -1.30), distance=0.60m
[INFO] [1788861425.569175343] [candidate_explorer]: Nav2 path to frontier is 0.65m (straight-line=0.60m, detour=1.1x)
[INFO] [1788861425.569889515] [candidate_explorer]: Global path accepted. Navigating to frontier (-0.43, -1.30)
[bt_navigator-7] [INFO] [1788861425.570300976] [bt_navigator]: Begin navigating from current location (-0.60, -1.88) to (-0.43, -1.30)
[controller_server-3] [INFO] [1788861425.592178117] [controller_server]: Received a goal, begin computing control effort.
[controller_server-3] [INFO] [1788861426.044930740] [controller_server]: Reached the goal!
[bt_navigator-7] [INFO] [1788861426.072673252] [bt_navigator]: Goal succeeded
[INFO] [1788861426.074280220] [candidate_explorer]: Frontier goal finished: success=True
[INFO] [1788861426.074531639] [candidate_explorer]: Reached frontier. Waiting for the map to expose new frontiers.
[INFO] [1788861426.290476779] [candidate_explorer]: Detected 1105 frontier cells
[INFO] [1788861426.291665912] [candidate_explorer]: Found 13 frontier clusters after filtering
[INFO] [1788861426.292493125] [candidate_explorer]: Selected frontier cluster: size=6, goal=(-0.36, -0.64), distance=0.86
[INFO] [1788861426.292815919] [candidate_explorer]: Checking global path to frontier (-0.36, -0.64), distance=0.86m
[INFO] [1788861426.299210668] [candidate_explorer]: Nav2 path to frontier is 0.87m (straight-line=0.86m, detour=1.0x)
[INFO] [1788861426.300016424] [candidate_explorer]: Global path accepted. Navigating to frontier (-0.36, -0.64)
[bt_navigator-7] [INFO] [1788861426.300457468] [bt_navigator]: Begin navigating from current location (-0.54, -1.48) to (-0.36, -0.64)
[controller_server-3] [INFO] [1788861426.321197102] [controller_server]: Received a goal, begin computing control effort.
[controller_server-3] [INFO] [1788861426.974773893] [controller_server]: Reached the goal!
[bt_navigator-7] [INFO] [1788861427.012305634] [bt_navigator]: Goal succeeded
[INFO] [1788861427.012925472] [candidate_explorer]: Frontier goal finished: success=True
[INFO] [1788861427.013206473] [candidate_explorer]: Reached frontier. Waiting for the map to expose new frontiers.
[INFO] [1788861427.063103795] [candidate_explorer]: Detected 1051 frontier cells
[INFO] [1788861427.064698305] [candidate_explorer]: Found 11 frontier clusters after filtering
[INFO] [1788861427.065512685] [candidate_explorer]: Selected frontier cluster: size=44, goal=(0.48, 0.31), distance=1.47
[INFO] [1788861427.065813312] [candidate_explorer]: Checking global path to frontier (0.48, 0.31), distance=1.47m
[INFO] [1788861427.073887864] [candidate_explorer]: Nav2 path to frontier is 1.55m (straight-line=1.47m, detour=1.0x)
[INFO] [1788861427.075635542] [candidate_explorer]: Global path accepted. Navigating to frontier (0.48, 0.31)
[bt_navigator-7] [INFO] [1788861427.076180212] [bt_navigator]: Begin navigating from current location (-0.38, -0.88) to (0.48, 0.31)
[controller_server-3] [INFO] [1788861427.099722155] [controller_server]: Received a goal, begin computing control effort.
[controller_server-3] [INFO] [1788861428.149866541] [controller_server]: Passing new path to controller.
[controller_server-3] [INFO] [1788861428.302115896] [controller_server]: Reached the goal!
[bt_navigator-7] [INFO] [1788861428.336379284] [bt_navigator]: Goal succeeded
[INFO] [1788861428.336864454] [candidate_explorer]: Frontier goal finished: success=True
[INFO] [1788861428.337116538] [candidate_explorer]: Reached frontier. Waiting for the map to expose new frontiers.
[INFO] [1788861428.562574448] [candidate_explorer]: Detected 971 frontier cells
[INFO] [1788861428.564290584] [candidate_explorer]: Found 14 frontier clusters after filtering
[INFO] [1788861428.565135548] [candidate_explorer]: Selected frontier cluster: size=45, goal=(0.86, 0.49), distance=0.60
[INFO] [1788861428.565436633] [candidate_explorer]: Checking global path to frontier (0.86, 0.49), distance=0.60m
[INFO] [1788861428.571289046] [candidate_explorer]: Nav2 path to frontier is 0.62m (straight-line=0.60m, detour=1.0x)
[INFO] [1788861428.572267219] [candidate_explorer]: Global path accepted. Navigating to frontier (0.86, 0.49)
[bt_navigator-7] [INFO] [1788861428.572690097] [bt_navigator]: Begin navigating from current location (0.41, 0.09) to (0.86, 0.49)
[controller_server-3] [INFO] [1788861428.595618494] [controller_server]: Received a goal, begin computing control effort.
[controller_server-3] [INFO] [1788861429.048655494] [controller_server]: Reached the goal!
[bt_navigator-7] [INFO] [1788861429.084599476] [bt_navigator]: Goal succeeded
[INFO] [1788861429.085060895] [candidate_explorer]: Frontier goal finished: success=True
[INFO] [1788861429.085279855] [candidate_explorer]: Reached frontier. Waiting for the map to expose new frontiers.
[INFO] [1788861429.290453676] [candidate_explorer]: Detected 971 frontier cells
[INFO] [1788861429.291692684] [candidate_explorer]: Found 14 frontier clusters after filtering
[INFO] [1788861429.292468689] [candidate_explorer]: Selected frontier cluster: size=715, goal=(-0.39, -0.41), distance=1.32
[INFO] [1788861429.292802191] [candidate_explorer]: Checking global path to frontier (-0.39, -0.41), distance=1.32m
[INFO] [1788861429.300817451] [candidate_explorer]: Nav2 path to frontier is 1.53m (straight-line=1.32m, detour=1.2x)
[INFO] [1788861429.302493795] [candidate_explorer]: Global path accepted. Navigating to frontier (-0.39, -0.41)
[bt_navigator-7] [INFO] [1788861429.302900048] [bt_navigator]: Begin navigating from current location (0.67, 0.37) to (-0.39, -0.41)
[controller_server-3] [INFO] [1788861429.323462430] [controller_server]: Received a goal, begin computing control effort.
[controller_server-3] [INFO] [1788861430.374048111] [controller_server]: Passing new path to controller.
[controller_server-3] [INFO] [1788861431.373763922] [controller_server]: Passing new path to controller.
[controller_server-3] [INFO] [1788861431.525529190] [controller_server]: Reached the goal!
[bt_navigator-7] [INFO] [1788861431.563723561] [bt_navigator]: Goal succeeded
[INFO] [1788861431.566154119] [candidate_explorer]: Frontier goal finished: success=True
[INFO] [1788861431.566426037] [candidate_explorer]: Reached frontier. Waiting for the map to expose new frontiers.
[INFO] [1788861431.812064702] [candidate_explorer]: Detected 963 frontier cells
[INFO] [1788861431.813583670] [candidate_explorer]: Found 14 frontier clusters after filtering
[INFO] [1788861431.814360842] [candidate_explorer]: Selected frontier cluster: size=715, goal=(-0.43, -1.01), distance=0.61
[INFO] [1788861431.814705761] [candidate_explorer]: Checking global path to frontier (-0.43, -1.01), distance=0.61m
[INFO] [1788861431.820806591] [candidate_explorer]: Nav2 path to frontier is 0.63m (straight-line=0.61m, detour=1.0x)
[INFO] [1788861431.821551638] [candidate_explorer]: Global path accepted. Navigating to frontier (-0.43, -1.01)
[bt_navigator-7] [INFO] [1788861431.822000016] [bt_navigator]: Begin navigating from current location (-0.17, -0.46) to (-0.43, -1.01)
[controller_server-3] [INFO] [1788861431.843032485] [controller_server]: Received a goal, begin computing control effort.
[controller_server-3] [INFO] [1788861432.847084199] [controller_server]: Reached the goal!
[controller_server-3] [INFO] [1788861432.862736008] [controller_server]: Received a goal, begin computing control effort.
[controller_server-3] [INFO] [1788861432.864298143] [controller_server]: Reached the goal!
[bt_navigator-7] [INFO] [1788861432.902550472] [bt_navigator]: Goal succeeded
[INFO] [1788861432.903044351] [candidate_explorer]: Frontier goal finished: success=True
[INFO] [1788861432.903304186] [candidate_explorer]: Reached frontier. Waiting for the map to expose new frontiers.
[INFO] [1788861433.062741254] [candidate_explorer]: Detected 958 frontier cells
[INFO] [1788861433.064302472] [candidate_explorer]: Found 14 frontier clusters after filtering
[INFO] [1788861433.065029435] [candidate_explorer]: Selected frontier cluster: size=714, goal=(-0.49, -1.42), distance=0.61
[INFO] [1788861433.065326062] [candidate_explorer]: Checking global path to frontier (-0.49, -1.42), distance=0.61m
[INFO] [1788861433.072015772] [candidate_explorer]: Nav2 path to frontier is 0.62m (straight-line=0.61m, detour=1.0x)
[INFO] [1788861433.072603734] [candidate_explorer]: Global path accepted. Navigating to frontier (-0.49, -1.42)
[bt_navigator-7] [INFO] [1788861433.072926278] [bt_navigator]: Begin navigating from current location (-0.47, -0.81) to (-0.49, -1.42)
[controller_server-3] [INFO] [1788861433.094436166] [controller_server]: Received a goal, begin computing control effort.
[controller_server-3] [INFO] [1788861433.549158969] [controller_server]: Reached the goal!
[bt_navigator-7] [INFO] [1788861433.586152915] [bt_navigator]: Goal succeeded
[INFO] [1788861433.587907760] [candidate_explorer]: Frontier goal finished: success=True
[INFO] [1788861433.588276304] [candidate_explorer]: Reached frontier. Waiting for the map to expose new frontiers.
[INFO] [1788861433.789962977] [candidate_explorer]: Detected 958 frontier cells
[INFO] [1788861433.791110651] [candidate_explorer]: Found 14 frontier clusters after filtering
[INFO] [1788861433.791908448] [candidate_explorer]: Selected frontier cluster: size=714, goal=(-0.57, -1.82), distance=0.60
[INFO] [1788861433.792264159] [candidate_explorer]: Checking global path to frontier (-0.57, -1.82), distance=0.60m
[INFO] [1788861433.798653158] [candidate_explorer]: Nav2 path to frontier is 0.61m (straight-line=0.60m, detour=1.0x)
[INFO] [1788861433.799384246] [candidate_explorer]: Global path accepted. Navigating to frontier (-0.57, -1.82)
[bt_navigator-7] [INFO] [1788861433.799798249] [bt_navigator]: Begin navigating from current location (-0.51, -1.22) to (-0.57, -1.82)
[controller_server-3] [INFO] [1788861433.820842759] [controller_server]: Received a goal, begin computing control effort.
[controller_server-3] [INFO] [1788861434.272882836] [controller_server]: Reached the goal!
[bt_navigator-7] [INFO] [1788861434.312041213] [bt_navigator]: Goal succeeded
[INFO] [1788861434.313514181] [candidate_explorer]: Frontier goal finished: success=True
[INFO] [1788861434.313788391] [candidate_explorer]: Reached frontier. Waiting for the map to expose new frontiers.
[INFO] [1788861434.563038579] [candidate_explorer]: Detected 975 frontier cells
[INFO] [1788861434.564641798] [candidate_explorer]: Found 11 frontier clusters after filtering
[INFO] [1788861434.565393178] [candidate_explorer]: Selected frontier cluster: size=785, goal=(-0.60, -2.20), distance=0.60
[INFO] [1788861434.565691013] [candidate_explorer]: Checking global path to frontier (-0.60, -2.20), distance=0.60m
[INFO] [1788861434.571869428] [candidate_explorer]: Nav2 path to frontier is 0.61m (straight-line=0.60m, detour=1.0x)
[INFO] [1788861434.572518265] [candidate_explorer]: Global path accepted. Navigating to frontier (-0.60, -2.20)
[bt_navigator-7] [INFO] [1788861434.573043602] [bt_navigator]: Begin navigating from current location (-0.53, -1.60) to (-0.60, -2.20)
[controller_server-3] [INFO] [1788861434.594014070] [controller_server]: Received a goal, begin computing control effort.
[controller_server-3] [INFO] [1788861435.049581670] [controller_server]: Reached the goal!
[bt_navigator-7] [INFO] [1788861435.083962183] [bt_navigator]: Goal succeeded
[INFO] [1788861435.085489651] [candidate_explorer]: Frontier goal finished: success=True
[INFO] [1788861435.085753028] [candidate_explorer]: Reached frontier. Waiting for the map to expose new frontiers.
[INFO] [1788861435.289364130] [candidate_explorer]: Detected 975 frontier cells
[INFO] [1788861435.290925390] [candidate_explorer]: Found 11 frontier clusters after filtering
[INFO] [1788861435.291673937] [candidate_explorer]: Selected frontier cluster: size=785, goal=(-0.49, -1.39), distance=0.60
[INFO] [1788861435.292017314] [candidate_explorer]: Checking global path to frontier (-0.49, -1.39), distance=0.60m
[INFO] [1788861435.298299271] [candidate_explorer]: Nav2 path to frontier is 0.60m (straight-line=0.60m, detour=1.0x)
[INFO] [1788861435.298918900] [candidate_explorer]: Global path accepted. Navigating to frontier (-0.49, -1.39)
[bt_navigator-7] [INFO] [1788861435.299272569] [bt_navigator]: Begin navigating from current location (-0.58, -1.98) to (-0.49, -1.39)
[controller_server-3] [INFO] [1788861435.322513719] [controller_server]: Received a goal, begin computing control effort.
[controller_server-3] [INFO] [1788861436.373871154] [controller_server]: Passing new path to controller.
[controller_server-3] [INFO] [1788861436.826955654] [controller_server]: Reached the goal!
[bt_navigator-7] [INFO] [1788861436.861094207] [bt_navigator]: Goal succeeded
[INFO] [1788861436.862742093] [candidate_explorer]: Frontier goal finished: success=True
[INFO] [1788861436.863047053] [candidate_explorer]: Reached frontier. Waiting for the map to expose new frontiers.
[INFO] [1788861437.063853596] [candidate_explorer]: Detected 864 frontier cells
[INFO] [1788861437.064794602] [candidate_explorer]: Found 10 frontier clusters after filtering
[INFO] [1788861437.065471857] [candidate_explorer]: Selected frontier cluster: size=705, goal=(-0.43, -0.98), distance=0.60
[INFO] [1788861437.065809192] [candidate_explorer]: Checking global path to frontier (-0.43, -0.98), distance=0.60m
[INFO] [1788861437.072637194] [candidate_explorer]: Nav2 path to frontier is 0.63m (straight-line=0.60m, detour=1.0x)
[INFO] [1788861437.073387908] [candidate_explorer]: Global path accepted. Navigating to frontier (-0.43, -0.98)
[bt_navigator-7] [INFO] [1788861437.073850661] [bt_navigator]: Begin navigating from current location (-0.38, -1.58) to (-0.43, -0.98)
[controller_server-3] [INFO] [1788861437.094896046] [controller_server]: Received a goal, begin computing control effort.
[controller_server-3] [INFO] [1788861437.549413764] [controller_server]: Reached the goal!
[bt_navigator-7] [INFO] [1788861437.586065750] [bt_navigator]: Goal succeeded
[INFO] [1788861437.586489586] [candidate_explorer]: Frontier goal finished: success=True
[INFO] [1788861437.586759046] [candidate_explorer]: Reached frontier. Waiting for the map to expose new frontiers.
[INFO] [1788861437.789526851] [candidate_explorer]: Detected 864 frontier cells
[INFO] [1788861437.790488899] [candidate_explorer]: Found 10 frontier clusters after filtering
[INFO] [1788861437.791175487] [candidate_explorer]: Selected frontier cluster: size=705, goal=(-0.42, -0.59), distance=0.60
[INFO] [1788861437.791485989] [candidate_explorer]: Checking global path to frontier (-0.42, -0.59), distance=0.60m
[INFO] [1788861437.798142449] [candidate_explorer]: Nav2 path to frontier is 0.61m (straight-line=0.60m, detour=1.0x)
[INFO] [1788861437.798940204] [candidate_explorer]: Global path accepted. Navigating to frontier (-0.42, -0.59)
[bt_navigator-7] [INFO] [1788861437.799354290] [bt_navigator]: Begin navigating from current location (-0.41, -1.20) to (-0.42, -0.59)
[controller_server-3] [INFO] [1788861437.821931518] [controller_server]: Received a goal, begin computing control effort.
[controller_server-3] [INFO] [1788861438.274252222] [controller_server]: Reached the goal!
[bt_navigator-7] [INFO] [1788861438.309871076] [bt_navigator]: Goal succeeded
[INFO] [1788861438.311869006] [candidate_explorer]: Frontier goal finished: success=True
[INFO] [1788861438.312249842] [candidate_explorer]: Reached frontier. Waiting for the map to expose new frontiers.
[INFO] [1788861438.564166380] [candidate_explorer]: Detected 864 frontier cells
[INFO] [1788861438.565116803] [candidate_explorer]: Found 10 frontier clusters after filtering
[INFO] [1788861438.565822933] [candidate_explorer]: Selected frontier cluster: size=37, goal=(0.48, 0.31), distance=1.44
[INFO] [1788861438.566146268] [candidate_explorer]: Checking global path to frontier (0.48, 0.31), distance=1.44m
[INFO] [1788861438.574877241] [candidate_explorer]: Nav2 path to frontier is 1.56m (straight-line=1.44m, detour=1.1x)
[INFO] [1788861438.576580877] [candidate_explorer]: Global path accepted. Navigating to frontier (0.48, 0.31)
[bt_navigator-7] [INFO] [1788861438.576994629] [bt_navigator]: Begin navigating from current location (-0.42, -0.82) to (0.48, 0.31)
[controller_server-3] [INFO] [1788861438.597447428] [controller_server]: Received a goal, begin computing control effort.
[controller_server-3] [INFO] [1788861439.653483518] [controller_server]: Passing new path to controller.
[controller_server-3] [INFO] [1788861439.851043748] [controller_server]: Reached the goal!
[bt_navigator-7] [INFO] [1788861439.887142648] [bt_navigator]: Goal succeeded
[INFO] [1788861439.888843575] [candidate_explorer]: Frontier goal finished: success=True
[INFO] [1788861439.889073868] [candidate_explorer]: Reached frontier. Waiting for the map to expose new frontiers.
[INFO] [1788861440.041662267] [candidate_explorer]: Detected 864 frontier cells
[INFO] [1788861440.042602148] [candidate_explorer]: Found 10 frontier clusters after filtering
[INFO] [1788861440.043290153] [candidate_explorer]: Selected frontier cluster: size=37, goal=(0.84, 0.52), distance=0.61
[INFO] [1788861440.043646988] [candidate_explorer]: Checking global path to frontier (0.84, 0.52), distance=0.61m
[INFO] [1788861440.050287156] [candidate_explorer]: Nav2 path to frontier is 0.63m (straight-line=0.61m, detour=1.0x)
[INFO] [1788861440.051149495] [candidate_explorer]: Global path accepted. Navigating to frontier (0.84, 0.52)
[bt_navigator-7] [INFO] [1788861440.051527164] [bt_navigator]: Begin navigating from current location (0.41, 0.09) to (0.84, 0.52)
[controller_server-3] [INFO] [1788861440.071910337] [controller_server]: Received a goal, begin computing control effort.
[controller_server-3] [INFO] [1788861440.524412584] [controller_server]: Reached the goal!
[bt_navigator-7] [INFO] [1788861440.562726539] [bt_navigator]: Goal succeeded
[INFO] [1788861440.564483342] [candidate_explorer]: Frontier goal finished: success=True
[INFO] [1788861440.564702468] [candidate_explorer]: Reached frontier. Waiting for the map to expose new frontiers.
[INFO] [1788861440.810334674] [candidate_explorer]: Detected 864 frontier cells
[INFO] [1788861440.811277555] [candidate_explorer]: Found 10 frontier clusters after filtering
[INFO] [1788861440.811970477] [candidate_explorer]: Selected frontier cluster: size=705, goal=(-0.39, -0.41), distance=1.32
[INFO] [1788861440.812326520] [candidate_explorer]: Checking global path to frontier (-0.39, -0.41), distance=1.32m
[INFO] [1788861440.821257328] [candidate_explorer]: Nav2 path to frontier is 1.54m (straight-line=1.32m, detour=1.2x)
[INFO] [1788861440.822949672] [candidate_explorer]: Global path accepted. Navigating to frontier (-0.39, -0.41)
[bt_navigator-7] [INFO] [1788861440.823320633] [bt_navigator]: Begin navigating from current location (0.65, 0.40) to (-0.39, -0.41)
[controller_server-3] [INFO] [1788861440.845893237] [controller_server]: Received a goal, begin computing control effort.
[controller_server-3] [INFO] [1788861441.897766842] [controller_server]: Passing new path to controller.
[controller_server-3] [INFO] [1788861442.897024275] [controller_server]: Passing new path to controller.
[controller_server-3] [INFO] [1788861443.098042236] [controller_server]: Reached the goal!
[bt_navigator-7] [INFO] [1788861443.134907015] [bt_navigator]: Goal succeeded
[INFO] [1788861443.135436477] [candidate_explorer]: Frontier goal finished: success=True
[INFO] [1788861443.135730979] [candidate_explorer]: Reached frontier. Waiting for the map to expose new frontiers.
[INFO] [1788861443.310690105] [candidate_explorer]: Detected 885 frontier cells
[INFO] [1788861443.311657570] [candidate_explorer]: Found 10 frontier clusters after filtering
[INFO] [1788861443.312490742] [candidate_explorer]: Selected frontier cluster: size=705, goal=(-0.43, -0.98), distance=0.61
[INFO] [1788861443.312861036] [candidate_explorer]: Checking global path to frontier (-0.43, -0.98), distance=0.61m
[INFO] [1788861443.319643454] [candidate_explorer]: Nav2 path to frontier is 0.62m (straight-line=0.61m, detour=1.0x)
[INFO] [1788861443.320329209] [candidate_explorer]: Global path accepted. Navigating to frontier (-0.43, -0.98)
[bt_navigator-7] [INFO] [1788861443.320816503] [bt_navigator]: Begin navigating from current location (-0.17, -0.44) to (-0.43, -0.98)
[controller_server-3] [INFO] [1788861443.341732305] [controller_server]: Received a goal, begin computing control effort.
[controller_server-3] [INFO] [1788861443.848367733] [controller_server]: Reached the goal!
[bt_navigator-7] [INFO] [1788861443.881718156] [bt_navigator]: Goal succeeded
[INFO] [1788861443.883447792] [candidate_explorer]: Frontier goal finished: success=True
[INFO] [1788861443.883709419] [candidate_explorer]: Reached frontier. Waiting for the map to expose new frontiers.
[INFO] [1788861444.040856222] [candidate_explorer]: Detected 885 frontier cells
[INFO] [1788861444.041804354] [candidate_explorer]: Found 10 frontier clusters after filtering
[INFO] [1788861444.042521441] [candidate_explorer]: Selected frontier cluster: size=705, goal=(-0.49, -1.39), distance=0.61
[INFO] [1788861444.042827027] [candidate_explorer]: Checking global path to frontier (-0.49, -1.39), distance=0.61m
[INFO] [1788861444.049667946] [candidate_explorer]: Nav2 path to frontier is 0.62m (straight-line=0.61m, detour=1.0x)
[INFO] [1788861444.050364034] [candidate_explorer]: Global path accepted. Navigating to frontier (-0.49, -1.39)
[bt_navigator-7] [INFO] [1788861444.050745286] [bt_navigator]: Begin navigating from current location (-0.46, -0.78) to (-0.49, -1.39)
[controller_server-3] [INFO] [1788861444.072109215] [controller_server]: Received a goal, begin computing control effort.
[controller_server-3] [INFO] [1788861444.525197299] [controller_server]: Reached the goal!
[bt_navigator-7] [INFO] [1788861444.561214406] [bt_navigator]: Goal succeeded
[INFO] [1788861444.562865291] [candidate_explorer]: Frontier goal finished: success=True
[INFO] [1788861444.563141793] [candidate_explorer]: Reached frontier. Waiting for the map to expose new frontiers.
[INFO] [1788861444.813042402] [candidate_explorer]: Detected 887 frontier cells
[INFO] [1788861444.814146659] [candidate_explorer]: Found 10 frontier clusters after filtering
[INFO] [1788861444.814928956] [candidate_explorer]: Selected frontier cluster: size=707, goal=(-0.42, -0.56), distance=0.60
[INFO] [1788861444.815323167] [candidate_explorer]: Checking global path to frontier (-0.42, -0.56), distance=0.60m
[INFO] [1788861444.822726548] [candidate_explorer]: Nav2 path to frontier is 0.60m (straight-line=0.60m, detour=1.0x)
[INFO] [1788861444.823416636] [candidate_explorer]: Global path accepted. Navigating to frontier (-0.42, -0.56)
[bt_navigator-7] [INFO] [1788861444.823877347] [bt_navigator]: Begin navigating from current location (-0.50, -1.16) to (-0.42, -0.56)
[controller_server-3] [INFO] [1788861444.846278449] [controller_server]: Received a goal, begin computing control effort.
[controller_server-3] [INFO] [1788861445.896411585] [controller_server]: Passing new path to controller.
[controller_server-3] [INFO] [1788861446.498859297] [controller_server]: Reached the goal!
[bt_navigator-7] [INFO] [1788861446.534143524] [bt_navigator]: Goal succeeded
[INFO] [1788861446.535696034] [candidate_explorer]: Frontier goal finished: success=True
[INFO] [1788861446.535928494] [candidate_explorer]: Reached frontier. Waiting for the map to expose new frontiers.
[INFO] [1788861446.811371434] [candidate_explorer]: Detected 887 frontier cells
[INFO] [1788861446.812259523] [candidate_explorer]: Found 10 frontier clusters after filtering
[INFO] [1788861446.813020403] [candidate_explorer]: Selected frontier cluster: size=58, goal=(0.51, 0.31), distance=1.32
[INFO] [1788861446.813360780] [candidate_explorer]: Checking global path to frontier (0.51, 0.31), distance=1.32m
[INFO] [1788861446.821853168] [candidate_explorer]: Nav2 path to frontier is 1.37m (straight-line=1.32m, detour=1.0x)
[INFO] [1788861446.823363469] [candidate_explorer]: Global path accepted. Navigating to frontier (0.51, 0.31)
[bt_navigator-7] [INFO] [1788861446.823784097] [bt_navigator]: Begin navigating from current location (-0.30, -0.74) to (0.51, 0.31)
[controller_server-3] [INFO] [1788861446.846379951] [controller_server]: Received a goal, begin computing control effort.
[controller_server-3] [INFO] [1788861447.898028305] [controller_server]: Passing new path to controller.
[controller_server-3] [INFO] [1788861447.950471142] [controller_server]: Reached the goal!
[bt_navigator-7] [INFO] [1788861447.984109984] [bt_navigator]: Goal succeeded
[INFO] [1788861447.984522612] [candidate_explorer]: Frontier goal finished: success=True
[INFO] [1788861447.984727363] [candidate_explorer]: Reached frontier. Waiting for the map to expose new frontiers.
[INFO] [1788861448.036777365] [candidate_explorer]: Detected 887 frontier cells
[INFO] [1788861448.037674829] [candidate_explorer]: Found 10 frontier clusters after filtering
[INFO] [1788861448.038380792] [candidate_explorer]: Selected frontier cluster: size=58, goal=(0.86, 0.53), distance=0.60
[INFO] [1788861448.038670794] [candidate_explorer]: Checking global path to frontier (0.86, 0.53), distance=0.60m
[INFO] [1788861448.045297045] [candidate_explorer]: Nav2 path to frontier is 0.61m (straight-line=0.60m, detour=1.0x)
[INFO] [1788861448.046240967] [candidate_explorer]: Global path accepted. Navigating to frontier (0.86, 0.53)
[bt_navigator-7] [INFO] [1788861448.046636345] [bt_navigator]: Begin navigating from current location (0.44, 0.12) to (0.86, 0.53)
[controller_server-3] [INFO] [1788861448.069866869] [controller_server]: Received a goal, begin computing control effort.
[controller_server-3] [INFO] [1788861448.522895911] [controller_server]: Reached the goal!
[bt_navigator-7] [INFO] [1788861448.558876643] [bt_navigator]: Goal succeeded
[INFO] [1788861448.560453736] [candidate_explorer]: Frontier goal finished: success=True
[INFO] [1788861448.560665029] [candidate_explorer]: Reached frontier. Waiting for the map to expose new frontiers.
[INFO] [1788861448.812689818] [candidate_explorer]: Detected 887 frontier cells
[INFO] [1788861448.813606866] [candidate_explorer]: Found 10 frontier clusters after filtering
[INFO] [1788861448.814382579] [candidate_explorer]: Selected frontier cluster: size=707, goal=(-0.40, -0.41), distance=1.35
[INFO] [1788861448.814729040] [candidate_explorer]: Checking global path to frontier (-0.40, -0.41), distance=1.35m
[INFO] [1788861448.823836432] [candidate_explorer]: Nav2 path to frontier is 1.56m (straight-line=1.35m, detour=1.2x)
[INFO] [1788861448.825503401] [candidate_explorer]: Global path accepted. Navigating to frontier (-0.40, -0.41)
[bt_navigator-7] [INFO] [1788861448.826086655] [bt_navigator]: Begin navigating from current location (0.68, 0.39) to (-0.40, -0.41)
[controller_server-3] [INFO] [1788861448.846736413] [controller_server]: Received a goal, begin computing control effort.
[controller_server-3] [INFO] [1788861449.898302516] [controller_server]: Passing new path to controller.
[controller_server-3] [INFO] [1788861450.947307561] [controller_server]: Passing new path to controller.
[controller_server-3] [INFO] [1788861451.049228967] [controller_server]: Reached the goal!
[bt_navigator-7] [INFO] [1788861451.088200510] [bt_navigator]: Goal succeeded
[INFO] [1788861451.090103064] [candidate_explorer]: Frontier goal finished: success=True
[INFO] [1788861451.090370982] [candidate_explorer]: Reached frontier. Waiting for the map to expose new frontiers.
[INFO] [1788861451.310859235] [candidate_explorer]: Detected 887 frontier cells
[INFO] [1788861451.311857491] [candidate_explorer]: Found 10 frontier clusters after filtering
[INFO] [1788861451.312562413] [candidate_explorer]: Selected frontier cluster: size=707, goal=(-0.48, -0.95), distance=0.61
[INFO] [1788861451.312910290] [candidate_explorer]: Checking global path to frontier (-0.48, -0.95), distance=0.61m
[INFO] [1788861451.320190462] [candidate_explorer]: Nav2 path to frontier is 0.62m (straight-line=0.61m, detour=1.0x)
[INFO] [1788861451.320931966] [candidate_explorer]: Global path accepted. Navigating to frontier (-0.48, -0.95)
[bt_navigator-7] [INFO] [1788861451.321374469] [bt_navigator]: Begin navigating from current location (-0.18, -0.43) to (-0.48, -0.95)
[controller_server-3] [INFO] [1788861451.343534820] [controller_server]: Received a goal, begin computing control effort.
[controller_server-3] [INFO] [1788861451.847213396] [controller_server]: Reached the goal!
[bt_navigator-7] [INFO] [1788861451.883457880] [bt_navigator]: Goal succeeded
[INFO] [1788861451.883878799] [candidate_explorer]: Frontier goal finished: success=True
[INFO] [1788861451.884144301] [candidate_explorer]: Reached frontier. Waiting for the map to expose new frontiers.
[INFO] [1788861452.040371473] [candidate_explorer]: Detected 887 frontier cells
[INFO] [1788861452.041323146] [candidate_explorer]: Found 10 frontier clusters after filtering
[INFO] [1788861452.042028526] [candidate_explorer]: Selected frontier cluster: size=707, goal=(-0.49, -1.36), distance=0.61
[INFO] [1788861452.042366694] [candidate_explorer]: Checking global path to frontier (-0.49, -1.36), distance=0.61m
[INFO] [1788861452.049085696] [candidate_explorer]: Nav2 path to frontier is 0.62m (straight-line=0.61m, detour=1.0x)
[INFO] [1788861452.049726742] [candidate_explorer]: Global path accepted. Navigating to frontier (-0.49, -1.36)
[bt_navigator-7] [INFO] [1788861452.050236328] [bt_navigator]: Begin navigating from current location (-0.47, -0.75) to (-0.49, -1.36)
[controller_server-3] [INFO] [1788861452.071413215] [controller_server]: Received a goal, begin computing control effort.
[controller_server-3] [INFO] [1788861452.524762925] [controller_server]: Reached the goal!
[bt_navigator-7] [INFO] [1788861452.560546489] [bt_navigator]: Goal succeeded
[INFO] [1788861452.562553918] [candidate_explorer]: Frontier goal finished: success=True
[INFO] [1788861452.562777545] [candidate_explorer]: Reached frontier. Waiting for the map to expose new frontiers.
[INFO] [1788861452.813355200] [candidate_explorer]: Detected 893 frontier cells
[INFO] [1788861452.814803792] [candidate_explorer]: Found 10 frontier clusters after filtering
[INFO] [1788861452.815492713] [candidate_explorer]: Selected frontier cluster: size=713, goal=(-0.51, -1.75), distance=0.60
[INFO] [1788861452.815905133] [candidate_explorer]: Checking global path to frontier (-0.51, -1.75), distance=0.60m
[INFO] [1788861452.823114804] [candidate_explorer]: Nav2 path to frontier is 0.62m (straight-line=0.60m, detour=1.0x)
[INFO] [1788861452.823814100] [candidate_explorer]: Global path accepted. Navigating to frontier (-0.51, -1.75)
[bt_navigator-7] [INFO] [1788861452.824322229] [bt_navigator]: Begin navigating from current location (-0.52, -1.15) to (-0.51, -1.75)
[controller_server-3] [INFO] [1788861452.846261453] [controller_server]: Received a goal, begin computing control effort.
[controller_server-3] [INFO] [1788861453.300925547] [controller_server]: Reached the goal!
[bt_navigator-7] [INFO] [1788861453.335137101] [bt_navigator]: Goal succeeded
[INFO] [1788861453.336934445] [candidate_explorer]: Frontier goal finished: success=True
[INFO] [1788861453.337191364] [candidate_explorer]: Reached frontier. Waiting for the map to expose new frontiers.
[INFO] [1788861453.541115718] [candidate_explorer]: Detected 893 frontier cells
[INFO] [1788861453.542164642] [candidate_explorer]: Found 10 frontier clusters after filtering
[INFO] [1788861453.542906147] [candidate_explorer]: Selected frontier cluster: size=713, goal=(-0.60, -2.14), distance=0.60
[INFO] [1788861453.543256149] [candidate_explorer]: Checking global path to frontier (-0.60, -2.14), distance=0.60m
[INFO] [1788861453.550814281] [candidate_explorer]: Nav2 path to frontier is 0.60m (straight-line=0.60m, detour=1.0x)
[INFO] [1788861453.551415201] [candidate_explorer]: Global path accepted. Navigating to frontier (-0.60, -2.14)
[bt_navigator-7] [INFO] [1788861453.551884579] [bt_navigator]: Begin navigating from current location (-0.53, -1.54) to (-0.60, -2.14)
[controller_server-3] [INFO] [1788861453.572696588] [controller_server]: Received a goal, begin computing control effort.
[controller_server-3] [INFO] [1788861453.974005714] [controller_server]: Reached the goal!
[bt_navigator-7] [INFO] [1788861454.012399252] [bt_navigator]: Goal succeeded
[INFO] [1788861454.012917172] [candidate_explorer]: Frontier goal finished: success=True
[INFO] [1788861454.013206299] [candidate_explorer]: Reached frontier. Waiting for the map to expose new frontiers.
[INFO] [1788861454.041286605] [candidate_explorer]: Detected 893 frontier cells
[INFO] [1788861454.042363320] [candidate_explorer]: Found 10 frontier clusters after filtering
[INFO] [1788861454.043097367] [candidate_explorer]: Selected frontier cluster: size=713, goal=(-0.49, -1.30), distance=0.60
[INFO] [1788861454.043427327] [candidate_explorer]: Checking global path to frontier (-0.49, -1.30), distance=0.60m
[INFO] [1788861454.050405080] [candidate_explorer]: Nav2 path to frontier is 0.61m (straight-line=0.60m, detour=1.0x)
[INFO] [1788861454.051095960] [candidate_explorer]: Global path accepted. Navigating to frontier (-0.49, -1.30)
[bt_navigator-7] [INFO] [1788861454.051534379] [bt_navigator]: Begin navigating from current location (-0.56, -1.90) to (-0.49, -1.30)
[controller_server-3] [INFO] [1788861454.072455722] [controller_server]: Received a goal, begin computing control effort.
[controller_server-3] [INFO] [1788861455.122693109] [controller_server]: Passing new path to controller.
[controller_server-3] [INFO] [1788861455.774812099] [controller_server]: Reached the goal!
[bt_navigator-7] [INFO] [1788861455.813042220] [bt_navigator]: Goal succeeded
[INFO] [1788861455.814802856] [candidate_explorer]: Frontier goal finished: success=True
[INFO] [1788861455.815030691] [candidate_explorer]: Reached frontier. Waiting for the map to expose new frontiers.
[INFO] [1788861456.063631958] [candidate_explorer]: Detected 795 frontier cells
[INFO] [1788861456.064546464] [candidate_explorer]: Found 11 frontier clusters after filtering
[INFO] [1788861456.065230302] [candidate_explorer]: Selected frontier cluster: size=620, goal=(-0.60, -2.00), distance=0.60
[INFO] [1788861456.065531762] [candidate_explorer]: Checking global path to frontier (-0.60, -2.00), distance=0.60m
[INFO] [1788861456.072831142] [candidate_explorer]: Nav2 path to frontier is 0.61m (straight-line=0.60m, detour=1.0x)
[INFO] [1788861456.073623064] [candidate_explorer]: Global path accepted. Navigating to frontier (-0.60, -2.00)
[bt_navigator-7] [INFO] [1788861456.074143776] [bt_navigator]: Begin navigating from current location (-0.38, -1.44) to (-0.60, -2.00)
[controller_server-3] [INFO] [1788861456.095984333] [controller_server]: Received a goal, begin computing control effort.
[planner_server-5] [WARN] [1788861457.096617067] [planner_server]: Cannot create a plan: the robot's start position is off the global costmap. Planning will always fail, are you sure the robot has been properly localized?
[planner_server-5] [WARN] [1788861457.096692192] [planner_server]: GridBased: failed to create plan with tolerance 0.50.
[planner_server-5] [WARN] [1788861457.096702026] [planner_server]: Planning algorithm GridBased failed to generate a valid path to (-0.60, -2.00)
[planner_server-5] [WARN] [1788861457.096710818] [planner_server]: [compute_path_to_pose] [ActionServer] Aborting handle.
[bt_navigator-7] [ERROR] [1788861457.140782560] [bt_navigator_navigate_to_pose_rclcpp_node]: Failed to get result for follow_path in node halt!
[controller_server-3] [INFO] [1788861457.141173937] [local_costmap.local_costmap]: Received request to clear entirely the local_costmap
[planner_server-5] [INFO] [1788861457.141834483] [global_costmap.global_costmap]: Received request to clear entirely the global_costmap
[bt_navigator-7] [WARN] [1788861457.142854240] [BehaviorTreeEngine]: Behavior Tree tick rate 100.00 was exceeded!
[controller_server-3] [INFO] [1788861457.148515109] [controller_server]: Goal was canceled. Stopping the robot.
[controller_server-3] [INFO] [1788861457.148538818] [controller_server]: [follow_path] [ActionServer] Client requested to cancel the goal. Cancelling.
[planner_server-5] [WARN] [1788861457.264249896] [nav2_costmap_2d]: Robot is out of bounds of the costmap!
[planner_server-5] [WARN] [1788861457.264993484] [global_costmap.global_costmap]: Sensor origin at (-0.65, -1.70) is out of map bounds (-0.65, -7.67) to (4.76, 1.21). The costmap cannot raytrace for it.
[planner_server-5] [WARN] [1788861457.276183806] [planner_server]: Cannot create a plan: the robot's start position is off the global costmap. Planning will always fail, are you sure the robot has been properly localized?
[planner_server-5] [WARN] [1788861457.276207848] [planner_server]: GridBased: failed to create plan with tolerance 0.50.
[planner_server-5] [WARN] [1788861457.276212598] [planner_server]: Planning algorithm GridBased failed to generate a valid path to (-0.60, -2.00)
[planner_server-5] [WARN] [1788861457.276217848] [planner_server]: [compute_path_to_pose] [ActionServer] Aborting handle.
[behavior_server-6] [INFO] [1788861457.297125066] [behavior_server]: Running backup
[behavior_server-6] [INFO] [1788861457.297367568] [behavior_server]: DriveOnHeading: no acceleration or deceleration limits set
[planner_server-5] [WARN] [1788861458.264850838] [nav2_costmap_2d]: Robot is out of bounds of the costmap!
[planner_server-5] [WARN] [1788861458.264884963] [global_costmap.global_costmap]: Sensor origin at (-0.66, -1.60) is out of map bounds (-0.65, -7.67) to (4.76, 1.21). The costmap cannot raytrace for it.
[planner_server-5] [WARN] [1788861459.265115861] [nav2_costmap_2d]: Robot is out of bounds of the costmap!
[planner_server-5] [WARN] [1788861459.265555031] [global_costmap.global_costmap]: Sensor origin at (-0.66, -1.60) is out of map bounds (-0.65, -7.67) to (4.76, 1.21). The costmap cannot raytrace for it.
[behavior_server-6] [WARN] [1788861459.897427890] [behavior_server]: Exceeded time allowance before reaching the DriveOnHeading goal - Exiting DriveOnHeading
[behavior_server-6] [WARN] [1788861459.897486432] [behavior_server]: backup failed
[behavior_server-6] [WARN] [1788861459.897509724] [behavior_server]: [backup] [ActionServer] Aborting handle.
[behavior_server-6] [INFO] [1788861459.914159081] [behavior_server]: Running spin
[behavior_server-6] [INFO] [1788861459.914252415] [behavior_server]: Turning 1.57 for spin behavior.
[planner_server-5] [WARN] [1788861460.264896256] [nav2_costmap_2d]: Robot is out of bounds of the costmap!
[planner_server-5] [WARN] [1788861460.264917256] [global_costmap.global_costmap]: Sensor origin at (-0.66, -1.60) is out of map bounds (-0.65, -7.67) to (4.76, 1.21). The costmap cannot raytrace for it.
[behavior_server-6] [INFO] [1788861460.316033085] [behavior_server]: spin completed successfully
[planner_server-5] [WARN] [1788861460.343693388] [planner_server]: Cannot create a plan: the robot's start position is off the global costmap. Planning will always fail, are you sure the robot has been properly localized?
[planner_server-5] [WARN] [1788861460.343733764] [planner_server]: GridBased: failed to create plan with tolerance 0.50.
[planner_server-5] [WARN] [1788861460.343741889] [planner_server]: Planning algorithm GridBased failed to generate a valid path to (-0.60, -2.00)
[planner_server-5] [WARN] [1788861460.343746847] [planner_server]: [compute_path_to_pose] [ActionServer] Aborting handle.
[behavior_server-6] [INFO] [1788861460.366698245] [behavior_server]: Running spin
[behavior_server-6] [INFO] [1788861460.366759037] [behavior_server]: Turning -1.57 for spin behavior.
[behavior_server-6] [INFO] [1788861460.768218330] [behavior_server]: spin completed successfully
[planner_server-5] [WARN] [1788861460.784222349] [planner_server]: Cannot create a plan: the robot's start position is off the global costmap. Planning will always fail, are you sure the robot has been properly localized?
[planner_server-5] [WARN] [1788861460.784250975] [planner_server]: GridBased: failed to create plan with tolerance 0.50.
[planner_server-5] [WARN] [1788861460.784259225] [planner_server]: Planning algorithm GridBased failed to generate a valid path to (-0.60, -2.00)
[planner_server-5] [WARN] [1788861460.784264058] [planner_server]: [compute_path_to_pose] [ActionServer] Aborting handle.
[controller_server-3] [INFO] [1788861460.804951816] [local_costmap.local_costmap]: Received request to clear entirely the local_costmap
[planner_server-5] [INFO] [1788861460.805626237] [global_costmap.global_costmap]: Received request to clear entirely the global_costmap
[planner_server-5] [WARN] [1788861461.264119231] [nav2_costmap_2d]: Robot is out of bounds of the costmap!
[planner_server-5] [WARN] [1788861461.264522483] [global_costmap.global_costmap]: Sensor origin at (-0.66, -1.60) is out of map bounds (-0.65, -7.67) to (4.76, 1.21). The costmap cannot raytrace for it.
[planner_server-5] [WARN] [1788861461.267529961] [planner_server]: Cannot create a plan: the robot's start position is off the global costmap. Planning will always fail, are you sure the robot has been properly localized?
[planner_server-5] [WARN] [1788861461.267548211] [planner_server]: GridBased: failed to create plan with tolerance 0.50.
[planner_server-5] [WARN] [1788861461.267553128] [planner_server]: Planning algorithm GridBased failed to generate a valid path to (-0.60, -2.00)
[planner_server-5] [WARN] [1788861461.267560503] [planner_server]: [compute_path_to_pose] [ActionServer] Aborting handle.
[behavior_server-6] [INFO] [1788861461.283914191] [behavior_server]: Running backup
[planner_server-5] [WARN] [1788861462.265040383] [nav2_costmap_2d]: Robot is out of bounds of the costmap!
[planner_server-5] [WARN] [1788861462.265062966] [global_costmap.global_costmap]: Sensor origin at (-0.66, -1.60) is out of map bounds (-0.65, -7.67) to (4.76, 1.21). The costmap cannot raytrace for it.
[planner_server-5] [WARN] [1788861463.264835361] [nav2_costmap_2d]: Robot is out of bounds of the costmap!
[planner_server-5] [WARN] [1788861463.265368448] [global_costmap.global_costmap]: Sensor origin at (-0.66, -1.60) is out of map bounds (-0.65, -7.67) to (4.76, 1.21). The costmap cannot raytrace for it.
[behavior_server-6] [WARN] [1788861463.884110140] [behavior_server]: Exceeded time allowance before reaching the DriveOnHeading goal - Exiting DriveOnHeading
[behavior_server-6] [WARN] [1788861463.884492892] [behavior_server]: backup failed
[behavior_server-6] [WARN] [1788861463.884501934] [behavior_server]: [backup] [ActionServer] Aborting handle.
[behavior_server-6] [INFO] [1788861463.905967406] [behavior_server]: Running spin
[behavior_server-6] [INFO] [1788861463.906018406] [behavior_server]: Turning 1.57 for spin behavior.
[planner_server-5] [WARN] [1788861464.264116795] [nav2_costmap_2d]: Robot is out of bounds of the costmap!
[planner_server-5] [WARN] [1788861464.264141336] [global_costmap.global_costmap]: Sensor origin at (-0.66, -1.60) is out of map bounds (-0.65, -7.67) to (4.76, 1.21). The costmap cannot raytrace for it.
[behavior_server-6] [INFO] [1788861464.306162024] [behavior_server]: spin completed successfully
[planner_server-5] [WARN] [1788861464.335588838] [planner_server]: Cannot create a plan: the robot's start position is off the global costmap. Planning will always fail, are you sure the robot has been properly localized?
[planner_server-5] [WARN] [1788861464.335622088] [planner_server]: GridBased: failed to create plan with tolerance 0.50.
[planner_server-5] [WARN] [1788861464.335627422] [planner_server]: Planning algorithm GridBased failed to generate a valid path to (-0.60, -2.00)
[planner_server-5] [WARN] [1788861464.335633005] [planner_server]: [compute_path_to_pose] [ActionServer] Aborting handle.
[behavior_server-6] [INFO] [1788861464.353814372] [behavior_server]: Running spin
[behavior_server-6] [INFO] [1788861464.353859872] [behavior_server]: Turning -1.57 for spin behavior.
[behavior_server-6] [INFO] [1788861464.754612244] [behavior_server]: spin completed successfully
[planner_server-5] [WARN] [1788861464.774439830] [planner_server]: Cannot create a plan: the robot's start position is off the global costmap. Planning will always fail, are you sure the robot has been properly localized?
[planner_server-5] [WARN] [1788861464.774467164] [planner_server]: GridBased: failed to create plan with tolerance 0.50.
[planner_server-5] [WARN] [1788861464.774471830] [planner_server]: Planning algorithm GridBased failed to generate a valid path to (-0.60, -2.00)
[planner_server-5] [WARN] [1788861464.774476455] [planner_server]: [compute_path_to_pose] [ActionServer] Aborting handle.
[bt_navigator-7] [WARN] [1788861464.803515851] [bt_navigator]: [navigate_to_pose] [ActionServer] Aborting handle.
[bt_navigator-7] [ERROR] [1788861464.803746060] [bt_navigator]: Goal failed
[INFO] [1788861464.805852991] [candidate_explorer]: Frontier goal finished: success=False
[WARN] [1788861464.806149076] [candidate_explorer]: Blacklisting failed frontier (-0.60, -2.00)
[INFO] [1788861465.063947944] [candidate_explorer]: Detected 759 frontier cells
[INFO] [1788861465.064894033] [candidate_explorer]: Found 10 frontier clusters after filtering
[INFO] [1788861465.065608080] [candidate_explorer]: Selected frontier cluster: size=128, goal=(-0.49, -1.01), distance=0.61
[INFO] [1788861465.065923915] [candidate_explorer]: Checking global path to frontier (-0.49, -1.01), distance=0.61m
[planner_server-5] [WARN] [1788861465.066683670] [planner_server]: Cannot create a plan: the robot's start position is off the global costmap. Planning will always fail, are you sure the robot has been properly localized?
[planner_server-5] [WARN] [1788861465.066708045] [planner_server]: GridBased: failed to create plan with tolerance 0.50.
[planner_server-5] [WARN] [1788861465.066714920] [planner_server]: Planning algorithm GridBased failed to generate a valid path to (-0.49, -1.01)
[planner_server-5] [WARN] [1788861465.066719753] [planner_server]: [compute_path_to_pose] [ActionServer] Aborting handle.
[WARN] [1788861465.070354527] [candidate_explorer]: Path computation failed, status=6
[WARN] [1788861465.070550611] [candidate_explorer]: No global path to frontier (-0.49, -1.01). Blacklisting.
[planner_server-5] [WARN] [1788861465.264228733] [nav2_costmap_2d]: Robot is out of bounds of the costmap!
[planner_server-5] [WARN] [1788861465.264598694] [global_costmap.global_costmap]: Sensor origin at (-0.66, -1.60) is out of map bounds (-0.65, -7.67) to (4.76, 1.21). The costmap cannot raytrace for it.
[INFO] [1788861465.288297513] [candidate_explorer]: Detected 759 frontier cells
[INFO] [1788861465.289148685] [candidate_explorer]: Found 10 frontier clusters after filtering
[INFO] [1788861465.289879732] [candidate_explorer]: Selected frontier cluster: size=6, goal=(-0.57, -4.55), distance=2.96
[INFO] [1788861465.290207151] [candidate_explorer]: Checking global path to frontier (-0.57, -4.55), distance=2.96m
[planner_server-5] [WARN] [1788861465.290723946] [planner_server]: Cannot create a plan: the robot's start position is off the global costmap. Planning will always fail, are you sure the robot has been properly localized?
[planner_server-5] [WARN] [1788861465.290746029] [planner_server]: GridBased: failed to create plan with tolerance 0.50.
[planner_server-5] [WARN] [1788861465.290752529] [planner_server]: Planning algorithm GridBased failed to generate a valid path to (-0.57, -4.55)
[planner_server-5] [WARN] [1788861465.290757279] [planner_server]: [compute_path_to_pose] [ActionServer] Aborting handle.
[WARN] [1788861465.296324607] [candidate_explorer]: Path computation failed, status=6
[WARN] [1788861465.296550066] [candidate_explorer]: No global path to frontier (-0.57, -4.55). Blacklisting.
[INFO] [1788861465.540271011] [candidate_explorer]: Detected 759 frontier cells
[INFO] [1788861465.541180891] [candidate_explorer]: Found 10 frontier clusters after filtering
[INFO] [1788861465.541932105] [candidate_explorer]: Selected frontier cluster: size=473, goal=(-0.55, -2.81), distance=1.22
[INFO] [1788861465.542252273] [candidate_explorer]: Checking global path to frontier (-0.55, -2.81), distance=1.22m
[planner_server-5] [WARN] [1788861465.542773985] [planner_server]: Cannot create a plan: the robot's start position is off the global costmap. Planning will always fail, are you sure the robot has been properly localized?
[planner_server-5] [WARN] [1788861465.542799943] [planner_server]: GridBased: failed to create plan with tolerance 0.50.
[planner_server-5] [WARN] [1788861465.542807069] [planner_server]: Planning algorithm GridBased failed to generate a valid path to (-0.55, -2.81)
[planner_server-5] [WARN] [1788861465.542811902] [planner_server]: [compute_path_to_pose] [ActionServer] Aborting handle.
[WARN] [1788861465.548631939] [candidate_explorer]: Path computation failed, status=6
[WARN] [1788861465.548859357] [candidate_explorer]: No global path to frontier (-0.55, -2.81). Blacklisting.
[INFO] [1788861465.788875028] [candidate_explorer]: Detected 759 frontier cells
[INFO] [1788861465.789832659] [candidate_explorer]: Found 10 frontier clusters after filtering
[INFO] [1788861465.790607206] [candidate_explorer]: Selected frontier cluster: size=7, goal=(1.89, -2.27), distance=2.64
[INFO] [1788861465.790931416] [candidate_explorer]: Checking global path to frontier (1.89, -2.27), distance=2.64m
[planner_server-5] [WARN] [1788861465.791434086] [planner_server]: Cannot create a plan: the robot's start position is off the global costmap. Planning will always fail, are you sure the robot has been properly localized?
[planner_server-5] [WARN] [1788861465.791458836] [planner_server]: GridBased: failed to create plan with tolerance 0.50.
[planner_server-5] [WARN] [1788861465.791473128] [planner_server]: Planning algorithm GridBased failed to generate a valid path to (1.89, -2.27)
[planner_server-5] [WARN] [1788861465.791479794] [planner_server]: [compute_path_to_pose] [ActionServer] Aborting handle.
[WARN] [1788861465.794786149] [candidate_explorer]: Path computation failed, status=6
[WARN] [1788861465.795009484] [candidate_explorer]: No global path to frontier (1.89, -2.27). Blacklisting.
[INFO] [1788861466.038660511] [candidate_explorer]: Detected 759 frontier cells
[INFO] [1788861466.039500808] [candidate_explorer]: Found 10 frontier clusters after filtering
[INFO] [1788861466.040249563] [candidate_explorer]: Selected frontier cluster: size=34, goal=(-0.63, -6.32), distance=4.73
[INFO] [1788861466.040569315] [candidate_explorer]: Checking global path to frontier (-0.63, -6.32), distance=4.73m
[planner_server-5] [WARN] [1788861466.041079443] [planner_server]: Cannot create a plan: the robot's start position is off the global costmap. Planning will always fail, are you sure the robot has been properly localized?
[planner_server-5] [WARN] [1788861466.041106152] [planner_server]: GridBased: failed to create plan with tolerance 0.50.
[planner_server-5] [WARN] [1788861466.041112902] [planner_server]: Planning algorithm GridBased failed to generate a valid path to (-0.63, -6.32)
[planner_server-5] [WARN] [1788861466.041117610] [planner_server]: [compute_path_to_pose] [ActionServer] Aborting handle.
[WARN] [1788861466.044283255] [candidate_explorer]: Path computation failed, status=6
[WARN] [1788861466.044487715] [candidate_explorer]: No global path to frontier (-0.63, -6.32). Blacklisting.
[planner_server-5] [WARN] [1788861466.266039683] [nav2_costmap_2d]: Robot is out of bounds of the costmap!
[planner_server-5] [WARN] [1788861466.266056683] [global_costmap.global_costmap]: Sensor origin at (-0.66, -1.60) is out of map bounds (-0.65, -7.67) to (4.76, 1.21). The costmap cannot raytrace for it.
[INFO] [1788861466.290046796] [candidate_explorer]: Detected 759 frontier cells
[INFO] [1788861466.290852426] [candidate_explorer]: Found 10 frontier clusters after filtering
[INFO] [1788861466.291864058] [candidate_explorer]: Selected frontier cluster: size=473, goal=(-0.55, -3.62), distance=2.03
[INFO] [1788861466.292250518] [candidate_explorer]: Checking global path to frontier (-0.55, -3.62), distance=2.03m
[planner_server-5] [WARN] [1788861466.292807439] [planner_server]: Cannot create a plan: the robot's start position is off the global costmap. Planning will always fail, are you sure the robot has been properly localized?
[planner_server-5] [WARN] [1788861466.293055690] [planner_server]: GridBased: failed to create plan with tolerance 0.50.
[planner_server-5] [WARN] [1788861466.293173191] [planner_server]: Planning algorithm GridBased failed to generate a valid path to (-0.55, -3.62)
[planner_server-5] [WARN] [1788861466.293287817] [planner_server]: [compute_path_to_pose] [ActionServer] Aborting handle.
[WARN] [1788861466.298751185] [candidate_explorer]: Path computation failed, status=6
[WARN] [1788861466.298997979] [candidate_explorer]: No global path to frontier (-0.55, -3.62). Blacklisting.
[INFO] [1788861466.562749177] [candidate_explorer]: Detected 759 frontier cells
[INFO] [1788861466.563642974] [candidate_explorer]: Found 10 frontier clusters after filtering
[INFO] [1788861466.564457646] [candidate_explorer]: Selected frontier cluster: size=473, goal=(-0.52, -5.36), distance=3.77
[INFO] [1788861466.564772231] [candidate_explorer]: Checking global path to frontier (-0.52, -5.36), distance=3.77m
[planner_server-5] [WARN] [1788861466.565337652] [planner_server]: Cannot create a plan: the robot's start position is off the global costmap. Planning will always fail, are you sure the robot has been properly localized?
[planner_server-5] [WARN] [1788861466.565659320] [planner_server]: GridBased: failed to create plan with tolerance 0.50.
[planner_server-5] [WARN] [1788861466.565809571] [planner_server]: Planning algorithm GridBased failed to generate a valid path to (-0.52, -5.36)
[planner_server-5] [WARN] [1788861466.565930447] [planner_server]: [compute_path_to_pose] [ActionServer] Aborting handle.
[WARN] [1788861466.571429607] [candidate_explorer]: Path computation failed, status=6
[WARN] [1788861466.571633775] [candidate_explorer]: No global path to frontier (-0.52, -5.36). Blacklisting.
[INFO] [1788861466.789369802] [candidate_explorer]: Detected 759 frontier cells
[INFO] [1788861466.790191849] [candidate_explorer]: Found 10 frontier clusters after filtering
[INFO] [1788861466.790861228] [candidate_explorer]: Selected frontier cluster: size=58, goal=(0.51, 0.31), distance=2.24
[INFO] [1788861466.791180397] [candidate_explorer]: Checking global path to frontier (0.51, 0.31), distance=2.24m
[planner_server-5] [WARN] [1788861466.791702942] [planner_server]: Cannot create a plan: the robot's start position is off the global costmap. Planning will always fail, are you sure the robot has been properly localized?
[planner_server-5] [WARN] [1788861466.792024403] [planner_server]: GridBased: failed to create plan with tolerance 0.50.
[planner_server-5] [WARN] [1788861466.792033069] [planner_server]: Planning algorithm GridBased failed to generate a valid path to (0.51, 0.31)
[planner_server-5] [WARN] [1788861466.792037944] [planner_server]: [compute_path_to_pose] [ActionServer] Aborting handle.
[WARN] [1788861466.797888315] [candidate_explorer]: Path computation failed, status=6
[WARN] [1788861466.798152317] [candidate_explorer]: No global path to frontier (0.51, 0.31). Blacklisting.
[INFO] [1788861467.041832011] [candidate_explorer]: Detected 759 frontier cells
[INFO] [1788861467.042722600] [candidate_explorer]: Found 10 frontier clusters after filtering
[INFO] [1788861467.043337229] [candidate_explorer]: Selected frontier cluster: size=7, goal=(3.68, -6.83), distance=6.80
[INFO] [1788861467.043677481] [candidate_explorer]: Checking global path to frontier (3.68, -6.83), distance=6.80m
[planner_server-5] [WARN] [1788861467.044205026] [planner_server]: Cannot create a plan: the robot's start position is off the global costmap. Planning will always fail, are you sure the robot has been properly localized?
[planner_server-5] [WARN] [1788861467.044226818] [planner_server]: GridBased: failed to create plan with tolerance 0.50.
[planner_server-5] [WARN] [1788861467.044233151] [planner_server]: Planning algorithm GridBased failed to generate a valid path to (3.68, -6.83)
[planner_server-5] [WARN] [1788861467.044238110] [planner_server]: [compute_path_to_pose] [ActionServer] Aborting handle.
[WARN] [1788861467.050305565] [candidate_explorer]: Path computation failed, status=6
[WARN] [1788861467.050528484] [candidate_explorer]: No global path to frontier (3.68, -6.83). Blacklisting.
[planner_server-5] [WARN] [1788861467.266886210] [nav2_costmap_2d]: Robot is out of bounds of the costmap!
[planner_server-5] [WARN] [1788861467.267260379] [global_costmap.global_costmap]: Sensor origin at (-0.66, -1.60) is out of map bounds (-0.65, -7.67) to (4.76, 1.21). The costmap cannot raytrace for it.
[INFO] [1788861467.290612571] [candidate_explorer]: Detected 759 frontier cells
[INFO] [1788861467.291464743] [candidate_explorer]: Found 10 frontier clusters after filtering
[WARN] [1788861467.292092497] [candidate_explorer]: Frontier clusters exist, but none have a usable goal point.
[WARN] [1788861467.292392166] [candidate_explorer]: Frontier clusters exist but have no usable goal. Trying recovery direction 1/8 before checking again.
[INFO] [1788861467.292629834] [candidate_explorer]: Recovery move 1/8: forward, 0.8 m -> (-0.59, -2.40)
[bt_navigator-7] [INFO] [1788861467.293192713] [bt_navigator]: Begin navigating from current location (-0.66, -1.60) to (-0.59, -2.40)
[planner_server-5] [WARN] [1788861467.293417256] [planner_server]: Cannot create a plan: the robot's start position is off the global costmap. Planning will always fail, are you sure the robot has been properly localized?
[planner_server-5] [WARN] [1788861467.293434339] [planner_server]: GridBased: failed to create plan with tolerance 0.50.
[planner_server-5] [WARN] [1788861467.293438547] [planner_server]: Planning algorithm GridBased failed to generate a valid path to (-0.59, -2.40)
[planner_server-5] [WARN] [1788861467.293443589] [planner_server]: [compute_path_to_pose] [ActionServer] Aborting handle.
[controller_server-3] [INFO] [1788861467.314112972] [local_costmap.local_costmap]: Received request to clear entirely the local_costmap
[planner_server-5] [INFO] [1788861467.314501100] [global_costmap.global_costmap]: Received request to clear entirely the global_costmap
[planner_server-5] [WARN] [1788861468.265350596] [nav2_costmap_2d]: Robot is out of bounds of the costmap!
[planner_server-5] [WARN] [1788861468.265369346] [global_costmap.global_costmap]: Sensor origin at (-0.66, -1.60) is out of map bounds (-0.65, -7.67) to (4.76, 1.21). The costmap cannot raytrace for it.
[planner_server-5] [WARN] [1788861468.278023845] [planner_server]: Cannot create a plan: the robot's start position is off the global costmap. Planning will always fail, are you sure the robot has been properly localized?
[planner_server-5] [WARN] [1788861468.278043011] [planner_server]: GridBased: failed to create plan with tolerance 0.50.
[planner_server-5] [WARN] [1788861468.278048053] [planner_server]: Planning algorithm GridBased failed to generate a valid path to (-0.59, -2.40)
[planner_server-5] [WARN] [1788861468.278054928] [planner_server]: [compute_path_to_pose] [ActionServer] Aborting handle.
[behavior_server-6] [INFO] [1788861468.295642375] [behavior_server]: Running backup
[planner_server-5] [WARN] [1788861469.266287707] [nav2_costmap_2d]: Robot is out of bounds of the costmap!
[planner_server-5] [WARN] [1788861469.266758502] [global_costmap.global_costmap]: Sensor origin at (-0.66, -1.60) is out of map bounds (-0.65, -7.67) to (4.76, 1.21). The costmap cannot raytrace for it.
[planner_server-5] [WARN] [1788861470.264431591] [nav2_costmap_2d]: Robot is out of bounds of the costmap!
[planner_server-5] [WARN] [1788861470.264794927] [global_costmap.global_costmap]: Sensor origin at (-0.66, -1.60) is out of map bounds (-0.65, -7.67) to (4.76, 1.21). The costmap cannot raytrace for it.
[behavior_server-6] [WARN] [1788861470.898784134] [behavior_server]: Exceeded time allowance before reaching the DriveOnHeading goal - Exiting DriveOnHeading
[behavior_server-6] [WARN] [1788861470.898815717] [behavior_server]: backup failed
[behavior_server-6] [WARN] [1788861470.898821842] [behavior_server]: [backup] [ActionServer] Aborting handle.
[behavior_server-6] [INFO] [1788861470.914051107] [behavior_server]: Running spin
[behavior_server-6] [INFO] [1788861470.914084816] [behavior_server]: Turning 1.57 for spin behavior.
[planner_server-5] [WARN] [1788861471.264134902] [nav2_costmap_2d]: Robot is out of bounds of the costmap!
[planner_server-5] [WARN] [1788861471.264590947] [global_costmap.global_costmap]: Sensor origin at (-0.66, -1.60) is out of map bounds (-0.65, -7.67) to (4.76, 1.21). The costmap cannot raytrace for it.
[behavior_server-6] [INFO] [1788861471.314198141] [behavior_server]: spin completed successfully
[planner_server-5] [WARN] [1788861471.346442766] [planner_server]: Cannot create a plan: the robot's start position is off the global costmap. Planning will always fail, are you sure the robot has been properly localized?
[planner_server-5] [WARN] [1788861471.346469349] [planner_server]: GridBased: failed to create plan with tolerance 0.50.
[planner_server-5] [WARN] [1788861471.346474141] [planner_server]: Planning algorithm GridBased failed to generate a valid path to (-0.59, -2.40)
[planner_server-5] [WARN] [1788861471.346479308] [planner_server]: [compute_path_to_pose] [ActionServer] Aborting handle.
[behavior_server-6] [INFO] [1788861471.364052796] [behavior_server]: Running spin
[behavior_server-6] [INFO] [1788861471.364089046] [behavior_server]: Turning -1.57 for spin behavior.
[behavior_server-6] [INFO] [1788861471.764365206] [behavior_server]: spin completed successfully
[planner_server-5] [WARN] [1788861471.795916493] [planner_server]: Cannot create a plan: the robot's start position is off the global costmap. Planning will always fail, are you sure the robot has been properly localized?
[planner_server-5] [WARN] [1788861471.795947660] [planner_server]: GridBased: failed to create plan with tolerance 0.50.
[planner_server-5] [WARN] [1788861471.795952451] [planner_server]: Planning algorithm GridBased failed to generate a valid path to (-0.59, -2.40)
[planner_server-5] [WARN] [1788861471.795957410] [planner_server]: [compute_path_to_pose] [ActionServer] Aborting handle.
[controller_server-3] [INFO] [1788861471.816375083] [local_costmap.local_costmap]: Received request to clear entirely the local_costmap
[planner_server-5] [INFO] [1788861471.816908503] [global_costmap.global_costmap]: Received request to clear entirely the global_costmap
[planner_server-5] [WARN] [1788861472.265442474] [nav2_costmap_2d]: Robot is out of bounds of the costmap!
[planner_server-5] [WARN] [1788861472.265469766] [global_costmap.global_costmap]: Sensor origin at (-0.66, -1.60) is out of map bounds (-0.65, -7.67) to (4.76, 1.21). The costmap cannot raytrace for it.
[planner_server-5] [WARN] [1788861472.269073331] [planner_server]: Cannot create a plan: the robot's start position is off the global costmap. Planning will always fail, are you sure the robot has been properly localized?
[planner_server-5] [WARN] [1788861472.269102331] [planner_server]: GridBased: failed to create plan with tolerance 0.50.
[planner_server-5] [WARN] [1788861472.269107664] [planner_server]: Planning algorithm GridBased failed to generate a valid path to (-0.59, -2.40)
[planner_server-5] [WARN] [1788861472.269115581] [planner_server]: [compute_path_to_pose] [ActionServer] Aborting handle.
[behavior_server-6] [INFO] [1788861472.285037225] [behavior_server]: Running backup
[planner_server-5] [WARN] [1788861473.263928777] [nav2_costmap_2d]: Robot is out of bounds of the costmap!
[planner_server-5] [WARN] [1788861473.264432864] [global_costmap.global_costmap]: Sensor origin at (-0.66, -1.60) is out of map bounds (-0.65, -7.67) to (4.76, 1.21). The costmap cannot raytrace for it.
[planner_server-5] [WARN] [1788861474.265308057] [nav2_costmap_2d]: Robot is out of bounds of the costmap!
[planner_server-5] [WARN] [1788861474.265340099] [global_costmap.global_costmap]: Sensor origin at (-0.66, -1.60) is out of map bounds (-0.65, -7.67) to (4.76, 1.21). The costmap cannot raytrace for it.
[behavior_server-6] [WARN] [1788861474.787139000] [behavior_server]: Exceeded time allowance before reaching the DriveOnHeading goal - Exiting DriveOnHeading
[behavior_server-6] [WARN] [1788861474.787174709] [behavior_server]: backup failed
[behavior_server-6] [WARN] [1788861474.787181417] [behavior_server]: [backup] [ActionServer] Aborting handle.
[behavior_server-6] [INFO] [1788861474.804620113] [behavior_server]: Running spin
[behavior_server-6] [INFO] [1788861474.804676030] [behavior_server]: Turning 1.57 for spin behavior.
[behavior_server-6] [INFO] [1788861475.205908571] [behavior_server]: spin completed successfully
[planner_server-5] [WARN] [1788861475.224296690] [planner_server]: Cannot create a plan: the robot's start position is off the global costmap. Planning will always fail, are you sure the robot has been properly localized?
[planner_server-5] [WARN] [1788861475.224322440] [planner_server]: GridBased: failed to create plan with tolerance 0.50.
[planner_server-5] [WARN] [1788861475.224327232] [planner_server]: Planning algorithm GridBased failed to generate a valid path to (-0.59, -2.40)
[planner_server-5] [WARN] [1788861475.224332190] [planner_server]: [compute_path_to_pose] [ActionServer] Aborting handle.
[behavior_server-6] [INFO] [1788861475.245209324] [behavior_server]: Running spin
[behavior_server-6] [INFO] [1788861475.245242950] [behavior_server]: Turning -1.57 for spin behavior.
[planner_server-5] [WARN] [1788861475.267478301] [nav2_costmap_2d]: Robot is out of bounds of the costmap!
[planner_server-5] [WARN] [1788861475.267872637] [global_costmap.global_costmap]: Sensor origin at (-0.66, -1.60) is out of map bounds (-0.65, -7.67) to (4.76, 1.21). The costmap cannot raytrace for it.
[behavior_server-6] [INFO] [1788861475.645470651] [behavior_server]: spin completed successfully
[planner_server-5] [WARN] [1788861475.664505149] [planner_server]: Cannot create a plan: the robot's start position is off the global costmap. Planning will always fail, are you sure the robot has been properly localized?
[planner_server-5] [WARN] [1788861475.664529899] [planner_server]: GridBased: failed to create plan with tolerance 0.50.
[planner_server-5] [WARN] [1788861475.664534524] [planner_server]: Planning algorithm GridBased failed to generate a valid path to (-0.59, -2.40)
[planner_server-5] [WARN] [1788861475.664539524] [planner_server]: [compute_path_to_pose] [ActionServer] Aborting handle.
[bt_navigator-7] [WARN] [1788861475.694876178] [bt_navigator]: [navigate_to_pose] [ActionServer] Aborting handle.
[bt_navigator-7] [ERROR] [1788861475.695002470] [bt_navigator]: Goal failed
[WARN] [1788861475.696692023] [candidate_explorer]: Recovery move 'forward' failed; checking frontiers before the next direction.
[INFO] [1788861475.810783465] [candidate_explorer]: Detected 759 frontier cells
[INFO] [1788861475.811699846] [candidate_explorer]: Found 10 frontier clusters after filtering
[WARN] [1788861475.812326059] [candidate_explorer]: Frontier clusters exist, but none have a usable goal point.
[WARN] [1788861475.812620602] [candidate_explorer]: Frontier clusters exist but have no usable goal. Trying recovery direction 2/8 before checking again.
[INFO] [1788861475.812838854] [candidate_explorer]: Recovery move 2/8: forward-left, 0.8 m -> (-0.06, -2.13)
[bt_navigator-7] [INFO] [1788861475.813672609] [bt_navigator]: Begin navigating from current location (-0.66, -1.60) to (-0.06, -2.13)
[planner_server-5] [WARN] [1788861475.814051528] [planner_server]: Cannot create a plan: the robot's start position is off the global costmap. Planning will always fail, are you sure the robot has been properly localized?
[planner_server-5] [WARN] [1788861475.814072112] [planner_server]: GridBased: failed to create plan with tolerance 0.50.
[planner_server-5] [WARN] [1788861475.814076028] [planner_server]: Planning algorithm GridBased failed to generate a valid path to (-0.06, -2.13)
[planner_server-5] [WARN] [1788861475.814081153] [planner_server]: [compute_path_to_pose] [ActionServer] Aborting handle.
[controller_server-3] [INFO] [1788861475.826159898] [local_costmap.local_costmap]: Received request to clear entirely the local_costmap
[planner_server-5] [INFO] [1788861475.826373024] [global_costmap.global_costmap]: Received request to clear entirely the global_costmap
[planner_server-5] [WARN] [1788861476.266157439] [nav2_costmap_2d]: Robot is out of bounds of the costmap!
[planner_server-5] [WARN] [1788861476.266180606] [global_costmap.global_costmap]: Sensor origin at (-0.66, -1.60) is out of map bounds (-0.65, -7.67) to (4.76, 1.21). The costmap cannot raytrace for it.
[planner_server-5] [WARN] [1788861476.279414733] [planner_server]: Cannot create a plan: the robot's start position is off the global costmap. Planning will always fail, are you sure the robot has been properly localized?
[planner_server-5] [WARN] [1788861476.279436108] [planner_server]: GridBased: failed to create plan with tolerance 0.50.
[planner_server-5] [WARN] [1788861476.279441233] [planner_server]: Planning algorithm GridBased failed to generate a valid path to (-0.06, -2.13)
[planner_server-5] [WARN] [1788861476.279448399] [planner_server]: [compute_path_to_pose] [ActionServer] Aborting handle.
[behavior_server-6] [INFO] [1788861476.295181084] [behavior_server]: Running backup
[planner_server-5] [WARN] [1788861477.265294067] [nav2_costmap_2d]: Robot is out of bounds of the costmap!
[planner_server-5] [WARN] [1788861477.265758829] [global_costmap.global_costmap]: Sensor origin at (-0.66, -1.60) is out of map bounds (-0.65, -7.67) to (4.76, 1.21). The costmap cannot raytrace for it.
[planner_server-5] [WARN] [1788861478.265433741] [nav2_costmap_2d]: Robot is out of bounds of the costmap!
[planner_server-5] [WARN] [1788861478.265853260] [global_costmap.global_costmap]: Sensor origin at (-0.66, -1.60) is out of map bounds (-0.65, -7.67) to (4.76, 1.21). The costmap cannot raytrace for it.
[behavior_server-6] [WARN] [1788861478.896107661] [behavior_server]: Exceeded time allowance before reaching the DriveOnHeading goal - Exiting DriveOnHeading
[behavior_server-6] [WARN] [1788861478.896145197] [behavior_server]: backup failed
[behavior_server-6] [WARN] [1788861478.896152404] [behavior_server]: [backup] [ActionServer] Aborting handle.
[behavior_server-6] [INFO] [1788861478.914578541] [behavior_server]: Running spin
[behavior_server-6] [INFO] [1788861478.914621493] [behavior_server]: Turning 1.57 for spin behavior.
[planner_server-5] [WARN] [1788861479.264863816] [nav2_costmap_2d]: Robot is out of bounds of the costmap!
[planner_server-5] [WARN] [1788861479.265295708] [global_costmap.global_costmap]: Sensor origin at (-0.66, -1.60) is out of map bounds (-0.65, -7.67) to (4.76, 1.21). The costmap cannot raytrace for it.
[behavior_server-6] [INFO] [1788861479.318372580] [behavior_server]: spin completed successfully
[planner_server-5] [WARN] [1788861479.346052174] [planner_server]: Cannot create a plan: the robot's start position is off the global costmap. Planning will always fail, are you sure the robot has been properly localized?
[planner_server-5] [WARN] [1788861479.346083128] [planner_server]: GridBased: failed to create plan with tolerance 0.50.
[planner_server-5] [WARN] [1788861479.346087669] [planner_server]: Planning algorithm GridBased failed to generate a valid path to (-0.06, -2.13)
[planner_server-5] [WARN] [1788861479.346092668] [planner_server]: [compute_path_to_pose] [ActionServer] Aborting handle.
[behavior_server-6] [INFO] [1788861479.364048627] [behavior_server]: Running spin
[behavior_server-6] [INFO] [1788861479.364086163] [behavior_server]: Turning -1.57 for spin behavior.
[behavior_server-6] [INFO] [1788861479.766375099] [behavior_server]: spin completed successfully
[planner_server-5] [WARN] [1788861479.784167166] [planner_server]: Cannot create a plan: the robot's start position is off the global costmap. Planning will always fail, are you sure the robot has been properly localized?
[planner_server-5] [WARN] [1788861479.784191495] [planner_server]: GridBased: failed to create plan with tolerance 0.50.
[planner_server-5] [WARN] [1788861479.784196286] [planner_server]: Planning algorithm GridBased failed to generate a valid path to (-0.06, -2.13)
[planner_server-5] [WARN] [1788861479.784201244] [planner_server]: [compute_path_to_pose] [ActionServer] Aborting handle.
[controller_server-3] [INFO] [1788861479.804288001] [local_costmap.local_costmap]: Received request to clear entirely the local_costmap
[planner_server-5] [INFO] [1788861479.804515341] [global_costmap.global_costmap]: Received request to clear entirely the global_costmap
[planner_server-5] [WARN] [1788861480.266128151] [nav2_costmap_2d]: Robot is out of bounds of the costmap!
[planner_server-5] [WARN] [1788861480.266153855] [global_costmap.global_costmap]: Sensor origin at (-0.66, -1.60) is out of map bounds (-0.65, -7.67) to (4.76, 1.21). The costmap cannot raytrace for it.
[planner_server-5] [WARN] [1788861480.277960422] [planner_server]: Cannot create a plan: the robot's start position is off the global costmap. Planning will always fail, are you sure the robot has been properly localized?
[planner_server-5] [WARN] [1788861480.277991793] [planner_server]: GridBased: failed to create plan with tolerance 0.50.
[planner_server-5] [WARN] [1788861480.277997458] [planner_server]: Planning algorithm GridBased failed to generate a valid path to (-0.06, -2.13)
[planner_server-5] [WARN] [1788861480.278004291] [planner_server]: [compute_path_to_pose] [ActionServer] Aborting handle.
[behavior_server-6] [INFO] [1788861480.278314785] [behavior_server]: Running backup
[planner_server-5] [WARN] [1788861481.264199642] [nav2_costmap_2d]: Robot is out of bounds of the costmap!
[planner_server-5] [WARN] [1788861481.264665112] [global_costmap.global_costmap]: Sensor origin at (-0.66, -1.60) is out of map bounds (-0.65, -7.67) to (4.76, 1.21). The costmap cannot raytrace for it.
[planner_server-5] [WARN] [1788861482.265593416] [nav2_costmap_2d]: Robot is out of bounds of the costmap!
[planner_server-5] [WARN] [1788861482.265634951] [global_costmap.global_costmap]: Sensor origin at (-0.66, -1.60) is out of map bounds (-0.65, -7.67) to (4.76, 1.21). The costmap cannot raytrace for it.
[behavior_server-6] [WARN] [1788861482.878692985] [behavior_server]: Exceeded time allowance before reaching the DriveOnHeading goal - Exiting DriveOnHeading
[behavior_server-6] [WARN] [1788861482.878725355] [behavior_server]: backup failed
[behavior_server-6] [WARN] [1788861482.878731396] [behavior_server]: [backup] [ActionServer] Aborting handle.
[behavior_server-6] [INFO] [1788861482.894403829] [behavior_server]: Running spin
[behavior_server-6] [INFO] [1788861482.894442949] [behavior_server]: Turning 1.57 for spin behavior.
[planner_server-5] [WARN] [1788861483.263983816] [nav2_costmap_2d]: Robot is out of bounds of the costmap!
[planner_server-5] [WARN] [1788861483.264371007] [global_costmap.global_costmap]: Sensor origin at (-0.66, -1.60) is out of map bounds (-0.65, -7.67) to (4.76, 1.21). The costmap cannot raytrace for it.
[behavior_server-6] [INFO] [1788861483.296054905] [behavior_server]: spin completed successfully
[planner_server-5] [WARN] [1788861483.317668595] [planner_server]: Cannot create a plan: the robot's start position is off the global costmap. Planning will always fail, are you sure the robot has been properly localized?
[planner_server-5] [WARN] [1788861483.317693508] [planner_server]: GridBased: failed to create plan with tolerance 0.50.
[planner_server-5] [WARN] [1788861483.317698215] [planner_server]: Planning algorithm GridBased failed to generate a valid path to (-0.06, -2.13)
[planner_server-5] [WARN] [1788861483.317703381] [planner_server]: [compute_path_to_pose] [ActionServer] Aborting handle.
[behavior_server-6] [INFO] [1788861483.334215769] [behavior_server]: Running spin
[behavior_server-6] [INFO] [1788861483.334248014] [behavior_server]: Turning -1.57 for spin behavior.
[behavior_server-6] [INFO] [1788861483.735027098] [behavior_server]: spin completed successfully
[planner_server-5] [WARN] [1788861483.754622264] [planner_server]: Cannot create a plan: the robot's start position is off the global costmap. Planning will always fail, are you sure the robot has been properly localized?
[planner_server-5] [WARN] [1788861483.754648719] [planner_server]: GridBased: failed to create plan with tolerance 0.50.
[planner_server-5] [WARN] [1788861483.754653968] [planner_server]: Planning algorithm GridBased failed to generate a valid path to (-0.06, -2.13)
[planner_server-5] [WARN] [1788861483.754659717] [planner_server]: [compute_path_to_pose] [ActionServer] Aborting handle.
[bt_navigator-7] [WARN] [1788861483.785274404] [bt_navigator]: [navigate_to_pose] [ActionServer] Aborting handle.
[bt_navigator-7] [ERROR] [1788861483.785363015] [bt_navigator]: Goal failed
[WARN] [1788861483.787253351] [candidate_explorer]: Recovery move 'forward-left' failed; checking frontiers before the next direction.
[INFO] [1788861484.063157558] [candidate_explorer]: Detected 759 frontier cells
[INFO] [1788861484.064090081] [candidate_explorer]: Found 10 frontier clusters after filtering
[WARN] [1788861484.064710861] [candidate_explorer]: Frontier clusters exist, but none have a usable goal point.
[WARN] [1788861484.064997901] [candidate_explorer]: Frontier clusters exist but have no usable goal. Trying recovery direction 3/8 before checking again.
[INFO] [1788861484.065238822] [candidate_explorer]: Recovery move 3/8: left, 0.8 m -> (0.14, -1.51)
[bt_navigator-7] [INFO] [1788861484.065834023] [bt_navigator]: Begin navigating from current location (-0.66, -1.60) to (0.14, -1.51)
[planner_server-5] [WARN] [1788861484.066084734] [planner_server]: Cannot create a plan: the robot's start position is off the global costmap. Planning will always fail, are you sure the robot has been properly localized?
[planner_server-5] [WARN] [1788861484.066105189] [planner_server]: GridBased: failed to create plan with tolerance 0.50.
[planner_server-5] [WARN] [1788861484.066108981] [planner_server]: Planning algorithm GridBased failed to generate a valid path to (0.14, -1.51)
[planner_server-5] [WARN] [1788861484.066113813] [planner_server]: [compute_path_to_pose] [ActionServer] Aborting handle.
[controller_server-3] [INFO] [1788861484.088408857] [local_costmap.local_costmap]: Received request to clear entirely the local_costmap
[planner_server-5] [INFO] [1788861484.088937318] [global_costmap.global_costmap]: Received request to clear entirely the global_costmap
[planner_server-5] [WARN] [1788861484.271153997] [nav2_costmap_2d]: Robot is out of bounds of the costmap!
[planner_server-5] [WARN] [1788861484.271173494] [global_costmap.global_costmap]: Sensor origin at (-0.66, -1.60) is out of map bounds (-0.65, -7.67) to (4.76, 1.21). The costmap cannot raytrace for it.
[planner_server-5] [WARN] [1788861484.279753638] [planner_server]: Cannot create a plan: the robot's start position is off the global costmap. Planning will always fail, are you sure the robot has been properly localized?
[planner_server-5] [WARN] [1788861484.279780801] [planner_server]: GridBased: failed to create plan with tolerance 0.50.
[planner_server-5] [WARN] [1788861484.279785967] [planner_server]: Planning algorithm GridBased failed to generate a valid path to (0.14, -1.51)
[planner_server-5] [WARN] [1788861484.279793174] [planner_server]: [compute_path_to_pose] [ActionServer] Aborting handle.
[behavior_server-6] [INFO] [1788861484.287002403] [behavior_server]: Running backup
[planner_server-5] [WARN] [1788861485.268463063] [nav2_costmap_2d]: Robot is out of bounds of the costmap!
[planner_server-5] [WARN] [1788861485.268921826] [global_costmap.global_costmap]: Sensor origin at (-0.66, -1.60) is out of map bounds (-0.65, -7.67) to (4.76, 1.21). The costmap cannot raytrace for it.
[planner_server-5] [WARN] [1788861486.267796194] [nav2_costmap_2d]: Robot is out of bounds of the costmap!
[planner_server-5] [WARN] [1788861486.267836355] [global_costmap.global_costmap]: Sensor origin at (-0.66, -1.60) is out of map bounds (-0.65, -7.67) to (4.76, 1.21). The costmap cannot raytrace for it.
[behavior_server-6] [WARN] [1788861486.887604403] [behavior_server]: Exceeded time allowance before reaching the DriveOnHeading goal - Exiting DriveOnHeading
[behavior_server-6] [WARN] [1788861486.887647313] [behavior_server]: backup failed
[behavior_server-6] [WARN] [1788861486.887653937] [behavior_server]: [backup] [ActionServer] Aborting handle.
[behavior_server-6] [INFO] [1788861486.908092974] [behavior_server]: Running spin
[behavior_server-6] [INFO] [1788861486.908130635] [behavior_server]: Turning 1.57 for spin behavior.
[planner_server-5] [WARN] [1788861487.264233894] [nav2_costmap_2d]: Robot is out of bounds of the costmap!
[planner_server-5] [WARN] [1788861487.264605628] [global_costmap.global_costmap]: Sensor origin at (-0.66, -1.60) is out of map bounds (-0.65, -7.67) to (4.76, 1.21). The costmap cannot raytrace for it.
[behavior_server-6] [INFO] [1788861487.309235044] [behavior_server]: spin completed successfully
[planner_server-5] [WARN] [1788861487.328897533] [planner_server]: Cannot create a plan: the robot's start position is off the global costmap. Planning will always fail, are you sure the robot has been properly localized?
[planner_server-5] [WARN] [1788861487.328923820] [planner_server]: GridBased: failed to create plan with tolerance 0.50.
[planner_server-5] [WARN] [1788861487.328928278] [planner_server]: Planning algorithm GridBased failed to generate a valid path to (0.14, -1.51)
[planner_server-5] [WARN] [1788861487.328933152] [planner_server]: [compute_path_to_pose] [ActionServer] Aborting handle.
[behavior_server-6] [INFO] [1788861487.347570007] [behavior_server]: Running spin
[behavior_server-6] [INFO] [1788861487.347600169] [behavior_server]: Turning -1.57 for spin behavior.
[behavior_server-6] [INFO] [1788861487.749350479] [behavior_server]: spin completed successfully
[planner_server-5] [WARN] [1788861487.778522595] [planner_server]: Cannot create a plan: the robot's start position is off the global costmap. Planning will always fail, are you sure the robot has been properly localized?
[planner_server-5] [WARN] [1788861487.778546508] [planner_server]: GridBased: failed to create plan with tolerance 0.50.
[planner_server-5] [WARN] [1788861487.778551257] [planner_server]: Planning algorithm GridBased failed to generate a valid path to (0.14, -1.51)
[planner_server-5] [WARN] [1788861487.778556090] [planner_server]: [compute_path_to_pose] [ActionServer] Aborting handle.
[controller_server-3] [INFO] [1788861487.798554694] [local_costmap.local_costmap]: Received request to clear entirely the local_costmap
[planner_server-5] [INFO] [1788861487.798759246] [global_costmap.global_costmap]: Received request to clear entirely the global_costmap
[planner_server-5] [WARN] [1788861488.266503700] [nav2_costmap_2d]: Robot is out of bounds of the costmap!
[planner_server-5] [WARN] [1788861488.266539028] [global_costmap.global_costmap]: Sensor origin at (-0.66, -1.60) is out of map bounds (-0.65, -7.67) to (4.76, 1.21). The costmap cannot raytrace for it.
[planner_server-5] [WARN] [1788861488.272368177] [planner_server]: Cannot create a plan: the robot's start position is off the global costmap. Planning will always fail, are you sure the robot has been properly localized?
[planner_server-5] [WARN] [1788861488.272386841] [planner_server]: GridBased: failed to create plan with tolerance 0.50.
[planner_server-5] [WARN] [1788861488.272392007] [planner_server]: Planning algorithm GridBased failed to generate a valid path to (0.14, -1.51)
[planner_server-5] [WARN] [1788861488.272398256] [planner_server]: [compute_path_to_pose] [ActionServer] Aborting handle.
[behavior_server-6] [INFO] [1788861488.287543353] [behavior_server]: Running backup
[planner_server-5] [WARN] [1788861489.269027759] [nav2_costmap_2d]: Robot is out of bounds of the costmap!
[planner_server-5] [WARN] [1788861489.269523891] [global_costmap.global_costmap]: Sensor origin at (-0.66, -1.60) is out of map bounds (-0.65, -7.67) to (4.76, 1.21). The costmap cannot raytrace for it.
[planner_server-5] [WARN] [1788861490.266493259] [nav2_costmap_2d]: Robot is out of bounds of the costmap!
[planner_server-5] [WARN] [1788861490.266531004] [global_costmap.global_costmap]: Sensor origin at (-0.66, -1.60) is out of map bounds (-0.65, -7.67) to (4.76, 1.21). The costmap cannot raytrace for it.
[behavior_server-6] [WARN] [1788861490.891307660] [behavior_server]: Exceeded time allowance before reaching the DriveOnHeading goal - Exiting DriveOnHeading
[behavior_server-6] [WARN] [1788861490.891357527] [behavior_server]: backup failed
[behavior_server-6] [WARN] [1788861490.891364193] [behavior_server]: [backup] [ActionServer] Aborting handle.
[behavior_server-6] [INFO] [1788861490.908239442] [behavior_server]: Running spin
[behavior_server-6] [INFO] [1788861490.908271604] [behavior_server]: Turning 1.57 for spin behavior.
[planner_server-5] [WARN] [1788861491.264292292] [nav2_costmap_2d]: Robot is out of bounds of the costmap!
[planner_server-5] [WARN] [1788861491.264676483] [global_costmap.global_costmap]: Sensor origin at (-0.66, -1.60) is out of map bounds (-0.65, -7.67) to (4.76, 1.21). The costmap cannot raytrace for it.
[behavior_server-6] [INFO] [1788861491.309719794] [behavior_server]: spin completed successfully
[planner_server-5] [WARN] [1788861491.336316304] [planner_server]: Cannot create a plan: the robot's start position is off the global costmap. Planning will always fail, are you sure the robot has been properly localized?
[planner_server-5] [WARN] [1788861491.336347091] [planner_server]: GridBased: failed to create plan with tolerance 0.50.
[planner_server-5] [WARN] [1788861491.336351840] [planner_server]: Planning algorithm GridBased failed to generate a valid path to (0.14, -1.51)
[planner_server-5] [WARN] [1788861491.336357298] [planner_server]: [compute_path_to_pose] [ActionServer] Aborting handle.
[behavior_server-6] [INFO] [1788861491.358696418] [behavior_server]: Running spin
[behavior_server-6] [INFO] [1788861491.358734413] [behavior_server]: Turning -1.57 for spin behavior.
[behavior_server-6] [INFO] [1788861491.759055525] [behavior_server]: spin completed successfully
[planner_server-5] [WARN] [1788861491.788450232] [planner_server]: Cannot create a plan: the robot's start position is off the global costmap. Planning will always fail, are you sure the robot has been properly localized?
[planner_server-5] [WARN] [1788861491.788477311] [planner_server]: GridBased: failed to create plan with tolerance 0.50.
[planner_server-5] [WARN] [1788861491.788482227] [planner_server]: Planning algorithm GridBased failed to generate a valid path to (0.14, -1.51)
[planner_server-5] [WARN] [1788861491.788487018] [planner_server]: [compute_path_to_pose] [ActionServer] Aborting handle.
[bt_navigator-7] [WARN] [1788861491.817102428] [bt_navigator]: [navigate_to_pose] [ActionServer] Aborting handle.
[bt_navigator-7] [ERROR] [1788861491.817237407] [bt_navigator]: Goal failed
[WARN] [1788861491.819285885] [candidate_explorer]: Recovery move 'left' failed; checking frontiers before the next direction.
[INFO] [1788861492.064255954] [candidate_explorer]: Detected 759 frontier cells
[INFO] [1788861492.065145193] [candidate_explorer]: Found 10 frontier clusters after filtering
[WARN] [1788861492.065765764] [candidate_explorer]: Frontier clusters exist, but none have a usable goal point.
[WARN] [1788861492.066087007] [candidate_explorer]: Frontier clusters exist but have no usable goal. Trying recovery direction 4/8 before checking again.
[INFO] [1788861492.066348675] [candidate_explorer]: Recovery move 4/8: backward-left, 0.8 m -> (-0.15, -0.98)
[bt_navigator-7] [INFO] [1788861492.067039653] [bt_navigator]: Begin navigating from current location (-0.66, -1.60) to (-0.15, -0.98)
[planner_server-5] [WARN] [1788861492.067282241] [planner_server]: Cannot create a plan: the robot's start position is off the global costmap. Planning will always fail, are you sure the robot has been properly localized?
[planner_server-5] [WARN] [1788861492.067304362] [planner_server]: GridBased: failed to create plan with tolerance 0.50.
[planner_server-5] [WARN] [1788861492.067309070] [planner_server]: Planning algorithm GridBased failed to generate a valid path to (-0.15, -0.98)
[planner_server-5] [WARN] [1788861492.067313652] [planner_server]: [compute_path_to_pose] [ActionServer] Aborting handle.
[controller_server-3] [INFO] [1788861492.089180762] [local_costmap.local_costmap]: Received request to clear entirely the local_costmap
[planner_server-5] [INFO] [1788861492.089686101] [global_costmap.global_costmap]: Received request to clear entirely the global_costmap
[planner_server-5] [WARN] [1788861492.264999213] [nav2_costmap_2d]: Robot is out of bounds of the costmap!
[planner_server-5] [WARN] [1788861492.265029791] [global_costmap.global_costmap]: Sensor origin at (-0.66, -1.60) is out of map bounds (-0.65, -7.67) to (4.76, 1.21). The costmap cannot raytrace for it.
[planner_server-5] [WARN] [1788861492.271238049] [planner_server]: Cannot create a plan: the robot's start position is off the global costmap. Planning will always fail, are you sure the robot has been properly localized?
[planner_server-5] [WARN] [1788861492.271419771] [planner_server]: GridBased: failed to create plan with tolerance 0.50.
[planner_server-5] [WARN] [1788861492.271426062] [planner_server]: Planning algorithm GridBased failed to generate a valid path to (-0.15, -0.98)
[planner_server-5] [WARN] [1788861492.271432019] [planner_server]: [compute_path_to_pose] [ActionServer] Aborting handle.
[behavior_server-6] [INFO] [1788861492.287548301] [behavior_server]: Running backup
[planner_server-5] [WARN] [1788861493.269396901] [nav2_costmap_2d]: Robot is out of bounds of the costmap!
[planner_server-5] [WARN] [1788861493.269888826] [global_costmap.global_costmap]: Sensor origin at (-0.66, -1.60) is out of map bounds (-0.65, -7.67) to (4.76, 1.21). The costmap cannot raytrace for it.
[planner_server-5] [WARN] [1788861494.267354910] [nav2_costmap_2d]: Robot is out of bounds of the costmap!
[planner_server-5] [WARN] [1788861494.267397195] [global_costmap.global_costmap]: Sensor origin at (-0.66, -1.60) is out of map bounds (-0.65, -7.67) to (4.76, 1.21). The costmap cannot raytrace for it.
[behavior_server-6] [WARN] [1788861494.888622604] [behavior_server]: Exceeded time allowance before reaching the DriveOnHeading goal - Exiting DriveOnHeading
[behavior_server-6] [WARN] [1788861494.888658556] [behavior_server]: backup failed
[behavior_server-6] [WARN] [1788861494.888665347] [behavior_server]: [backup] [ActionServer] Aborting handle.
[behavior_server-6] [INFO] [1788861494.909251861] [behavior_server]: Running spin
[behavior_server-6] [INFO] [1788861494.909288064] [behavior_server]: Turning 1.57 for spin behavior.
[planner_server-5] [WARN] [1788861495.266863097] [nav2_costmap_2d]: Robot is out of bounds of the costmap!
[planner_server-5] [WARN] [1788861495.267275576] [global_costmap.global_costmap]: Sensor origin at (-0.66, -1.60) is out of map bounds (-0.65, -7.67) to (4.76, 1.21). The costmap cannot raytrace for it.
[behavior_server-6] [INFO] [1788861495.310856610] [behavior_server]: spin completed successfully
[planner_server-5] [WARN] [1788861495.338355482] [planner_server]: Cannot create a plan: the robot's start position is off the global costmap. Planning will always fail, are you sure the robot has been properly localized?
[planner_server-5] [WARN] [1788861495.338387269] [planner_server]: GridBased: failed to create plan with tolerance 0.50.
[planner_server-5] [WARN] [1788861495.338392393] [planner_server]: Planning algorithm GridBased failed to generate a valid path to (-0.15, -0.98)
[planner_server-5] [WARN] [1788861495.338397559] [planner_server]: [compute_path_to_pose] [ActionServer] Aborting handle.
[behavior_server-6] [INFO] [1788861495.358819390] [behavior_server]: Running spin
[behavior_server-6] [INFO] [1788861495.358854135] [behavior_server]: Turning -1.57 for spin behavior.
[behavior_server-6] [INFO] [1788861495.759496365] [behavior_server]: spin completed successfully
[planner_server-5] [WARN] [1788861495.787371471] [planner_server]: Cannot create a plan: the robot's start position is off the global costmap. Planning will always fail, are you sure the robot has been properly localized?
[planner_server-5] [WARN] [1788861495.787399717] [planner_server]: GridBased: failed to create plan with tolerance 0.50.
[planner_server-5] [WARN] [1788861495.787405008] [planner_server]: Planning algorithm GridBased failed to generate a valid path to (-0.15, -0.98)
[planner_server-5] [WARN] [1788861495.787410132] [planner_server]: [compute_path_to_pose] [ActionServer] Aborting handle.
[controller_server-3] [INFO] [1788861495.811023557] [local_costmap.local_costmap]: Received request to clear entirely the local_costmap
[planner_server-5] [INFO] [1788861495.811462615] [global_costmap.global_costmap]: Received request to clear entirely the global_costmap
[planner_server-5] [WARN] [1788861496.265115977] [nav2_costmap_2d]: Robot is out of bounds of the costmap!
[planner_server-5] [WARN] [1788861496.265141182] [global_costmap.global_costmap]: Sensor origin at (-0.66, -1.60) is out of map bounds (-0.65, -7.67) to (4.76, 1.21). The costmap cannot raytrace for it.
[planner_server-5] [WARN] [1788861496.274254078] [planner_server]: Cannot create a plan: the robot's start position is off the global costmap. Planning will always fail, are you sure the robot has been properly localized?
[planner_server-5] [WARN] [1788861496.274278116] [planner_server]: GridBased: failed to create plan with tolerance 0.50.
[planner_server-5] [WARN] [1788861496.274283073] [planner_server]: Planning algorithm GridBased failed to generate a valid path to (-0.15, -0.98)
[planner_server-5] [WARN] [1788861496.274289031] [planner_server]: [compute_path_to_pose] [ActionServer] Aborting handle.
[behavior_server-6] [INFO] [1788861496.288365000] [behavior_server]: Running backup
[planner_server-5] [WARN] [1788861497.264025715] [nav2_costmap_2d]: Robot is out of bounds of the costmap!
[planner_server-5] [WARN] [1788861497.264400199] [global_costmap.global_costmap]: Sensor origin at (-0.66, -1.60) is out of map bounds (-0.65, -7.67) to (4.76, 1.21). The costmap cannot raytrace for it.
[planner_server-5] [WARN] [1788861498.263955504] [nav2_costmap_2d]: Robot is out of bounds of the costmap!
[planner_server-5] [WARN] [1788861498.264326281] [global_costmap.global_costmap]: Sensor origin at (-0.66, -1.60) is out of map bounds (-0.65, -7.67) to (4.76, 1.21). The costmap cannot raytrace for it.
[behavior_server-6] [WARN] [1788861498.890767724] [behavior_server]: Exceeded time allowance before reaching the DriveOnHeading goal - Exiting DriveOnHeading
[behavior_server-6] [WARN] [1788861498.890812634] [behavior_server]: backup failed
[behavior_server-6] [WARN] [1788861498.890819341] [behavior_server]: [backup] [ActionServer] Aborting handle.
[behavior_server-6] [INFO] [1788861498.908811794] [behavior_server]: Running spin
[behavior_server-6] [INFO] [1788861498.908852121] [behavior_server]: Turning 1.57 for spin behavior.
[planner_server-5] [WARN] [1788861499.263884252] [nav2_costmap_2d]: Robot is out of bounds of the costmap!
[planner_server-5] [WARN] [1788861499.264238615] [global_costmap.global_costmap]: Sensor origin at (-0.66, -1.60) is out of map bounds (-0.65, -7.67) to (4.76, 1.21). The costmap cannot raytrace for it.
[behavior_server-6] [INFO] [1788861499.309208812] [behavior_server]: spin completed successfully
[planner_server-5] [WARN] [1788861499.337538182] [planner_server]: Cannot create a plan: the robot's start position is off the global costmap. Planning will always fail, are you sure the robot has been properly localized?
[planner_server-5] [WARN] [1788861499.337564469] [planner_server]: GridBased: failed to create plan with tolerance 0.50.
[planner_server-5] [WARN] [1788861499.337568969] [planner_server]: Planning algorithm GridBased failed to generate a valid path to (-0.15, -0.98)
[planner_server-5] [WARN] [1788861499.337581008] [planner_server]: [compute_path_to_pose] [ActionServer] Aborting handle.
[behavior_server-6] [INFO] [1788861499.357775041] [behavior_server]: Running spin
[behavior_server-6] [INFO] [1788861499.357814493] [behavior_server]: Turning -1.57 for spin behavior.
[behavior_server-6] [INFO] [1788861499.760995709] [behavior_server]: spin completed successfully
[planner_server-5] [WARN] [1788861499.787450158] [planner_server]: Cannot create a plan: the robot's start position is off the global costmap. Planning will always fail, are you sure the robot has been properly localized?
[planner_server-5] [WARN] [1788861499.787493068] [planner_server]: GridBased: failed to create plan with tolerance 0.50.
[planner_server-5] [WARN] [1788861499.787500734] [planner_server]: Planning algorithm GridBased failed to generate a valid path to (-0.15, -0.98)
[planner_server-5] [WARN] [1788861499.787506316] [planner_server]: [compute_path_to_pose] [ActionServer] Aborting handle.
[bt_navigator-7] [WARN] [1788861499.817220432] [bt_navigator]: [navigate_to_pose] [ActionServer] Aborting handle.
[bt_navigator-7] [ERROR] [1788861499.817365035] [bt_navigator]: Goal failed
[WARN] [1788861499.819778832] [candidate_explorer]: Recovery move 'backward-left' failed; checking frontiers before the next direction.
[INFO] [1788861500.063825835] [candidate_explorer]: Detected 759 frontier cells
[INFO] [1788861500.064740444] [candidate_explorer]: Found 10 frontier clusters after filtering
[WARN] [1788861500.065428381] [candidate_explorer]: Frontier clusters exist, but none have a usable goal point.
[WARN] [1788861500.065748415] [candidate_explorer]: Frontier clusters exist but have no usable goal. Trying recovery direction 5/8 before checking again.
[INFO] [1788861500.066074199] [candidate_explorer]: Recovery move 5/8: backward, 0.8 m -> (-0.66, -1.52)
[bt_navigator-7] [INFO] [1788861500.066739680] [bt_navigator]: Begin navigating from current location (-0.66, -1.60) to (-0.66, -1.52)
[planner_server-5] [WARN] [1788861500.067130245] [planner_server]: Cannot create a plan: the robot's start position is off the global costmap. Planning will always fail, are you sure the robot has been properly localized?
[planner_server-5] [WARN] [1788861500.067152283] [planner_server]: GridBased: failed to create plan with tolerance 0.50.
[planner_server-5] [WARN] [1788861500.067156866] [planner_server]: Planning algorithm GridBased failed to generate a valid path to (-0.66, -1.52)
[planner_server-5] [WARN] [1788861500.067161740] [planner_server]: [compute_path_to_pose] [ActionServer] Aborting handle.
[controller_server-3] [INFO] [1788861500.078558495] [local_costmap.local_costmap]: Received request to clear entirely the local_costmap
[planner_server-5] [INFO] [1788861500.078871406] [global_costmap.global_costmap]: Received request to clear entirely the global_costmap
[planner_server-5] [WARN] [1788861500.264009762] [nav2_costmap_2d]: Robot is out of bounds of the costmap!
[planner_server-5] [WARN] [1788861500.264029801] [global_costmap.global_costmap]: Sensor origin at (-0.66, -1.60) is out of map bounds (-0.65, -7.67) to (4.76, 1.21). The costmap cannot raytrace for it.
[planner_server-5] [WARN] [1788861500.271686837] [planner_server]: Cannot create a plan: the robot's start position is off the global costmap. Planning will always fail, are you sure the robot has been properly localized?
[planner_server-5] [WARN] [1788861500.271708292] [planner_server]: GridBased: failed to create plan with tolerance 0.50.
[planner_server-5] [WARN] [1788861500.271713499] [planner_server]: Planning algorithm GridBased failed to generate a valid path to (-0.66, -1.52)
[planner_server-5] [WARN] [1788861500.271719706] [planner_server]: [compute_path_to_pose] [ActionServer] Aborting handle.
[behavior_server-6] [INFO] [1788861500.287983549] [behavior_server]: Running backup
[planner_server-5] [WARN] [1788861501.263900683] [nav2_costmap_2d]: Robot is out of bounds of the costmap!
[planner_server-5] [WARN] [1788861501.264403481] [global_costmap.global_costmap]: Sensor origin at (-0.66, -1.60) is out of map bounds (-0.65, -7.67) to (4.76, 1.21). The costmap cannot raytrace for it.
[planner_server-5] [WARN] [1788861502.264375097] [nav2_costmap_2d]: Robot is out of bounds of the costmap!
[planner_server-5] [WARN] [1788861502.264400094] [global_costmap.global_costmap]: Sensor origin at (-0.66, -1.60) is out of map bounds (-0.65, -7.67) to (4.76, 1.21). The costmap cannot raytrace for it.
[behavior_server-6] [WARN] [1788861502.790118878] [behavior_server]: Exceeded time allowance before reaching the DriveOnHeading goal - Exiting DriveOnHeading
[behavior_server-6] [WARN] [1788861502.790154206] [behavior_server]: backup failed
[behavior_server-6] [WARN] [1788861502.790160496] [behavior_server]: [backup] [ActionServer] Aborting handle.
[behavior_server-6] [INFO] [1788861502.810855911] [behavior_server]: Running spin
[behavior_server-6] [INFO] [1788861502.811004138] [behavior_server]: Turning 1.57 for spin behavior.
[behavior_server-6] [INFO] [1788861503.213143972] [behavior_server]: spin completed successfully
[planner_server-5] [WARN] [1788861503.238525543] [planner_server]: Cannot create a plan: the robot's start position is off the global costmap. Planning will always fail, are you sure the robot has been properly localized?
[planner_server-5] [WARN] [1788861503.238551289] [planner_server]: GridBased: failed to create plan with tolerance 0.50.
[planner_server-5] [WARN] [1788861503.238555997] [planner_server]: Planning algorithm GridBased failed to generate a valid path to (-0.66, -1.52)
[planner_server-5] [WARN] [1788861503.238560954] [planner_server]: [compute_path_to_pose] [ActionServer] Aborting handle.
[behavior_server-6] [INFO] [1788861503.258526314] [behavior_server]: Running spin
[behavior_server-6] [INFO] [1788861503.258560058] [behavior_server]: Turning -1.57 for spin behavior.
[planner_server-5] [WARN] [1788861503.264029804] [nav2_costmap_2d]: Robot is out of bounds of the costmap!
[planner_server-5] [WARN] [1788861503.264548475] [global_costmap.global_costmap]: Sensor origin at (-0.66, -1.60) is out of map bounds (-0.65, -7.67) to (4.76, 1.21). The costmap cannot raytrace for it.
[behavior_server-6] [INFO] [1788861503.660421977] [behavior_server]: spin completed successfully
[planner_server-5] [WARN] [1788861503.678718966] [planner_server]: Cannot create a plan: the robot's start position is off the global costmap. Planning will always fail, are you sure the robot has been properly localized?
[planner_server-5] [WARN] [1788861503.678744212] [planner_server]: GridBased: failed to create plan with tolerance 0.50.
[planner_server-5] [WARN] [1788861503.678748462] [planner_server]: Planning algorithm GridBased failed to generate a valid path to (-0.66, -1.52)
[planner_server-5] [WARN] [1788861503.678753086] [planner_server]: [compute_path_to_pose] [ActionServer] Aborting handle.
[controller_server-3] [INFO] [1788861503.699625556] [local_costmap.local_costmap]: Received request to clear entirely the local_costmap
[planner_server-5] [INFO] [1788861503.699925094] [global_costmap.global_costmap]: Received request to clear entirely the global_costmap
[planner_server-5] [WARN] [1788861504.266217248] [nav2_costmap_2d]: Robot is out of bounds of the costmap!
[planner_server-5] [WARN] [1788861504.266248660] [global_costmap.global_costmap]: Sensor origin at (-0.66, -1.60) is out of map bounds (-0.65, -7.67) to (4.76, 1.21). The costmap cannot raytrace for it.
[planner_server-5] [WARN] [1788861504.272994210] [planner_server]: Cannot create a plan: the robot's start position is off the global costmap. Planning will always fail, are you sure the robot has been properly localized?
[planner_server-5] [WARN] [1788861504.273010541] [planner_server]: GridBased: failed to create plan with tolerance 0.50.
[planner_server-5] [WARN] [1788861504.273014915] [planner_server]: Planning algorithm GridBased failed to generate a valid path to (-0.66, -1.52)
[planner_server-5] [WARN] [1788861504.273021290] [planner_server]: [compute_path_to_pose] [ActionServer] Aborting handle.
[behavior_server-6] [INFO] [1788861504.287184121] [behavior_server]: Running backup
[planner_server-5] [WARN] [1788861505.264927725] [nav2_costmap_2d]: Robot is out of bounds of the costmap!
[planner_server-5] [WARN] [1788861505.265431731] [global_costmap.global_costmap]: Sensor origin at (-0.66, -1.60) is out of map bounds (-0.65, -7.67) to (4.76, 1.21). The costmap cannot raytrace for it.
[planner_server-5] [WARN] [1788861506.265625897] [nav2_costmap_2d]: Robot is out of bounds of the costmap!
[planner_server-5] [WARN] [1788861506.266091992] [global_costmap.global_costmap]: Sensor origin at (-0.66, -1.60) is out of map bounds (-0.65, -7.67) to (4.76, 1.21). The costmap cannot raytrace for it.
[behavior_server-6] [WARN] [1788861506.887895145] [behavior_server]: Exceeded time allowance before reaching the DriveOnHeading goal - Exiting DriveOnHeading
[behavior_server-6] [WARN] [1788861506.888729601] [behavior_server]: backup failed
[behavior_server-6] [WARN] [1788861506.888967814] [behavior_server]: [backup] [ActionServer] Aborting handle.
[behavior_server-6] [INFO] [1788861506.898646207] [behavior_server]: Running spin
[behavior_server-6] [INFO] [1788861506.898876380] [behavior_server]: Turning 1.57 for spin behavior.
[planner_server-5] [WARN] [1788861507.265079551] [nav2_costmap_2d]: Robot is out of bounds of the costmap!
[planner_server-5] [WARN] [1788861507.265507860] [global_costmap.global_costmap]: Sensor origin at (-0.66, -1.60) is out of map bounds (-0.65, -7.67) to (4.76, 1.21). The costmap cannot raytrace for it.
[behavior_server-6] [INFO] [1788861507.302576559] [behavior_server]: spin completed successfully
[planner_server-5] [WARN] [1788861507.328643108] [planner_server]: Cannot create a plan: the robot's start position is off the global costmap. Planning will always fail, are you sure the robot has been properly localized?
[planner_server-5] [WARN] [1788861507.328665647] [planner_server]: GridBased: failed to create plan with tolerance 0.50.
[planner_server-5] [WARN] [1788861507.328670479] [planner_server]: Planning algorithm GridBased failed to generate a valid path to (-0.66, -1.52)
[planner_server-5] [WARN] [1788861507.328675479] [planner_server]: [compute_path_to_pose] [ActionServer] Aborting handle.
[behavior_server-6] [INFO] [1788861507.349260784] [behavior_server]: Running spin
[behavior_server-6] [INFO] [1788861507.349338814] [behavior_server]: Turning -1.57 for spin behavior.
[behavior_server-6] [INFO] [1788861507.749570190] [behavior_server]: spin completed successfully
[planner_server-5] [WARN] [1788861507.769485099] [planner_server]: Cannot create a plan: the robot's start position is off the global costmap. Planning will always fail, are you sure the robot has been properly localized?
[planner_server-5] [WARN] [1788861507.769509720] [planner_server]: GridBased: failed to create plan with tolerance 0.50.
[planner_server-5] [WARN] [1788861507.769514886] [planner_server]: Planning algorithm GridBased failed to generate a valid path to (-0.66, -1.52)
[planner_server-5] [WARN] [1788861507.769519885] [planner_server]: [compute_path_to_pose] [ActionServer] Aborting handle.
[bt_navigator-7] [WARN] [1788861507.798812149] [bt_navigator]: [navigate_to_pose] [ActionServer] Aborting handle.
[bt_navigator-7] [ERROR] [1788861507.798995788] [bt_navigator]: Goal failed
[WARN] [1788861507.799835743] [candidate_explorer]: Recovery move 'backward' failed; checking frontiers before the next direction.
[INFO] [1788861508.064071778] [candidate_explorer]: Detected 759 frontier cells
[INFO] [1788861508.065015384] [candidate_explorer]: Found 10 frontier clusters after filtering
[WARN] [1788861508.065619625] [candidate_explorer]: Frontier clusters exist, but none have a usable goal point.
[WARN] [1788861508.065939326] [candidate_explorer]: Frontier clusters exist but have no usable goal. Trying recovery direction 6/8 before checking again.
[INFO] [1788861508.066237197] [candidate_explorer]: Recovery move 6/8: backward-right, 0.8 m -> (-0.66, -1.60)
[bt_navigator-7] [INFO] [1788861508.066838188] [bt_navigator]: Begin navigating from current location (-0.66, -1.60) to (-0.66, -1.60)
[controller_server-3] [INFO] [1788861508.087621297] [controller_server]: Received a goal, begin computing control effort.
[planner_server-5] [WARN] [1788861508.266379714] [nav2_costmap_2d]: Robot is out of bounds of the costmap!
[planner_server-5] [WARN] [1788861508.266723870] [global_costmap.global_costmap]: Sensor origin at (-0.66, -1.60) is out of map bounds (-0.65, -7.67) to (4.76, 1.21). The costmap cannot raytrace for it.
[controller_server-3] [INFO] [1788861509.090542753] [controller_server]: Reached the goal!
[controller_server-3] [INFO] [1788861509.109212019] [controller_server]: Received a goal, begin computing control effort.
[controller_server-3] [INFO] [1788861509.111020659] [controller_server]: Reached the goal!
[bt_navigator-7] [INFO] [1788861509.147436999] [bt_navigator]: Goal succeeded
[INFO] [1788861509.147846936] [candidate_explorer]: Recovery move 'backward-right' succeeded.
[planner_server-5] [WARN] [1788861509.267449787] [nav2_costmap_2d]: Robot is out of bounds of the costmap!
[planner_server-5] [WARN] [1788861509.267829438] [global_costmap.global_costmap]: Sensor origin at (-0.66, -1.60) is out of map bounds (-0.65, -7.67) to (4.76, 1.21). The costmap cannot raytrace for it.
[INFO] [1788861509.315441188] [candidate_explorer]: Detected 759 frontier cells
[INFO] [1788861509.316462073] [candidate_explorer]: Found 10 frontier clusters after filtering
[WARN] [1788861509.317172590] [candidate_explorer]: Frontier clusters exist, but none have a usable goal point.
[WARN] [1788861509.317494332] [candidate_explorer]: Frontier clusters exist but have no usable goal. Trying recovery direction 7/8 before checking again.
[INFO] [1788861509.317810409] [candidate_explorer]: Recovery move 7/8: right, 0.8 m -> (-0.29, -0.89)
[bt_navigator-7] [INFO] [1788861509.318457601] [bt_navigator]: Begin navigating from current location (-0.66, -1.60) to (-0.29, -0.89)
[planner_server-5] [WARN] [1788861509.318721977] [planner_server]: Cannot create a plan: the robot's start position is off the global costmap. Planning will always fail, are you sure the robot has been properly localized?
[planner_server-5] [WARN] [1788861509.318740974] [planner_server]: GridBased: failed to create plan with tolerance 0.50.
[planner_server-5] [WARN] [1788861509.318745349] [planner_server]: Planning algorithm GridBased failed to generate a valid path to (-0.29, -0.89)
[planner_server-5] [WARN] [1788861509.318749973] [planner_server]: [compute_path_to_pose] [ActionServer] Aborting handle.
[controller_server-3] [INFO] [1788861509.339432181] [local_costmap.local_costmap]: Received request to clear entirely the local_costmap
[planner_server-5] [INFO] [1788861509.339999011] [global_costmap.global_costmap]: Received request to clear entirely the global_costmap
[planner_server-5] [WARN] [1788861510.266742675] [nav2_costmap_2d]: Robot is out of bounds of the costmap!
[planner_server-5] [WARN] [1788861510.266789292] [global_costmap.global_costmap]: Sensor origin at (-0.66, -1.60) is out of map bounds (-0.65, -7.67) to (4.76, 1.21). The costmap cannot raytrace for it.
[planner_server-5] [WARN] [1788861510.270817717] [planner_server]: Cannot create a plan: the robot's start position is off the global costmap. Planning will always fail, are you sure the robot has been properly localized?
[planner_server-5] [WARN] [1788861510.270840755] [planner_server]: GridBased: failed to create plan with tolerance 0.50.
[planner_server-5] [WARN] [1788861510.270846254] [planner_server]: Planning algorithm GridBased failed to generate a valid path to (-0.29, -0.89)
[planner_server-5] [WARN] [1788861510.270855336] [planner_server]: [compute_path_to_pose] [ActionServer] Aborting handle.
[behavior_server-6] [INFO] [1788861510.289023096] [behavior_server]: Running backup
[behavior_server-6] [INFO] [1788861511.590960762] [behavior_server]: backup completed successfully
[controller_server-3] [INFO] [1788861511.628931655] [controller_server]: Received a goal, begin computing control effort.
[controller_server-3] [INFO] [1788861512.481389237] [controller_server]: Reached the goal!
[bt_navigator-7] [INFO] [1788861512.519931501] [bt_navigator]: Goal succeeded
[INFO] [1788861512.521769220] [candidate_explorer]: Recovery move 'right' succeeded.
[INFO] [1788861512.815739285] [candidate_explorer]: Detected 702 frontier cells
[INFO] [1788861512.816668768] [candidate_explorer]: Found 9 frontier clusters after filtering
[WARN] [1788861512.817277800] [candidate_explorer]: Frontier clusters exist, but none have a usable goal point.
[WARN] [1788861512.817598542] [candidate_explorer]: Frontier clusters exist but have no usable goal. Trying recovery direction 8/8 before checking again.
[INFO] [1788861512.817853878] [candidate_explorer]: Recovery move 8/8: forward-right, 0.8 m -> (0.36, -0.73)
[bt_navigator-7] [INFO] [1788861512.818354843] [bt_navigator]: Begin navigating from current location (-0.36, -1.08) to (0.36, -0.73)
[controller_server-3] [INFO] [1788861512.840417506] [controller_server]: Received a goal, begin computing control effort.
[controller_server-3] [INFO] [1788861513.893377966] [controller_server]: Passing new path to controller.
[controller_server-3] [INFO] [1788861513.895537261] [controller_server]: Reached the goal!
[bt_navigator-7] [INFO] [1788861513.940194130] [bt_navigator]: Goal succeeded
[INFO] [1788861513.941936989] [candidate_explorer]: Recovery move 'forward-right' succeeded.
[INFO] [1788861513.942179410] [candidate_explorer]: All recovery directions tried; starting the 10.0s countdown.
[INFO] [1788861514.040607003] [candidate_explorer]: Detected 702 frontier cells
[INFO] [1788861514.041419671] [candidate_explorer]: Found 9 frontier clusters after filtering
[WARN] [1788861514.042022578] [candidate_explorer]: Frontier clusters exist, but none have a usable goal point.
[INFO] [1788861514.042304618] [candidate_explorer]: No usable frontier found. Waiting up to 10.0s for the map to update.
[INFO] [1788861514.289496097] [candidate_explorer]: Detected 702 frontier cells
[INFO] [1788861514.290331386] [candidate_explorer]: Found 9 frontier clusters after filtering
[WARN] [1788861514.290920088] [candidate_explorer]: Frontier clusters exist, but none have a usable goal point.
[INFO] [1788861514.562438716] [candidate_explorer]: Detected 702 frontier cells
[INFO] [1788861514.563376698] [candidate_explorer]: Found 9 frontier clusters after filtering
[WARN] [1788861514.564003685] [candidate_explorer]: Frontier clusters exist, but none have a usable goal point.
[INFO] [1788861514.789412916] [candidate_explorer]: Detected 702 frontier cells
[INFO] [1788861514.790174633] [candidate_explorer]: Found 9 frontier clusters after filtering
[WARN] [1788861514.790792038] [candidate_explorer]: Frontier clusters exist, but none have a usable goal point.
[INFO] [1788861515.041660538] [candidate_explorer]: Detected 702 frontier cells
[INFO] [1788861515.042565149] [candidate_explorer]: Found 9 frontier clusters after filtering
[WARN] [1788861515.043253669] [candidate_explorer]: Frontier clusters exist, but none have a usable goal point.
[INFO] [1788861515.290007256] [candidate_explorer]: Detected 702 frontier cells
[INFO] [1788861515.290825548] [candidate_explorer]: Found 9 frontier clusters after filtering
[WARN] [1788861515.291415957] [candidate_explorer]: Frontier clusters exist, but none have a usable goal point.
[INFO] [1788861515.539543918] [candidate_explorer]: Detected 702 frontier cells
[INFO] [1788861515.540379457] [candidate_explorer]: Found 9 frontier clusters after filtering
[WARN] [1788861515.540976699] [candidate_explorer]: Frontier clusters exist, but none have a usable goal point.
[INFO] [1788861515.788559451] [candidate_explorer]: Detected 702 frontier cells
[INFO] [1788861515.789423819] [candidate_explorer]: Found 9 frontier clusters after filtering
[WARN] [1788861515.790014145] [candidate_explorer]: Frontier clusters exist, but none have a usable goal point.
[INFO] [1788861516.041365320] [candidate_explorer]: Detected 702 frontier cells
[INFO] [1788861516.042192943] [candidate_explorer]: Found 9 frontier clusters after filtering
[WARN] [1788861516.043065268] [candidate_explorer]: Frontier clusters exist, but none have a usable goal point.
[INFO] [1788861516.291458771] [candidate_explorer]: Detected 702 frontier cells
[INFO] [1788861516.292229070] [candidate_explorer]: Found 9 frontier clusters after filtering
[WARN] [1788861516.292842018] [candidate_explorer]: Frontier clusters exist, but none have a usable goal point.
[INFO] [1788861516.563877679] [candidate_explorer]: Detected 702 frontier cells
[INFO] [1788861516.564731340] [candidate_explorer]: Found 9 frontier clusters after filtering
[WARN] [1788861516.565327748] [candidate_explorer]: Frontier clusters exist, but none have a usable goal point.
[INFO] [1788861516.565585667] [candidate_explorer]: No usable frontier found for 10.0s. Exploration complete; returning home.
[bt_navigator-7] [INFO] [1788861516.764237205] [bt_navigator]: Begin navigating from current location (0.13, -0.70) to (0.09, -0.05)
[controller_server-3] [INFO] [1788861516.787743272] [controller_server]: Received a goal, begin computing control effort.
[controller_server-3] [INFO] [1788861517.840336830] [controller_server]: Passing new path to controller.
[controller_server-3] [INFO] [1788861518.741178419] [controller_server]: Reached the goal!
[bt_navigator-7] [INFO] [1788861518.776114610] [bt_navigator]: Goal succeeded
[INFO] [1788861518.777995364] [candidate_explorer]: return-home goal finished, success=True
[sim_node-1] [INFO] [1788861519.020871129] [challenge_sim_node]: SESSION FINISHED — wrote /challenge/results/20260908_095503/report.yaml
[sim_node-1] collision_count: 12268
[sim_node-1] coverage_fraction: 0.9867672461609166
[sim_node-1] distance_to_home_m: 0.2943133285768828
[sim_node-1] elapsed_time_s: 856.9999999997683
[sim_node-1] elapsed_wall_time_s: 214.26791116798995
[sim_node-1] map_output_yaml: /challenge/results/20260908_095503/map.yaml
[sim_node-1] map_yaml: /challenge/maps/5/room.yaml
[sim_node-1] min_coverage_required: 0.8
[sim_node-1] results_path: /challenge/results/20260908_095503/report.yaml
[sim_node-1] return_tolerance_m: 0.3
[sim_node-1] seed: 0
[sim_node-1] success: true
[sim_node-1] time_scale: 4.0
[sim_node-1] timed_out: false
[sim_node-1] 
[INFO] [1788861519.022338821] [candidate_explorer]: Session result: coverage=98.7% distance_to_home=0.29m elapsed_sim=857.0s elapsed_wall=214.3s collisions=12268 success=True report_written_to=/challenge/results/20260908_095503/report.yaml

=== REPORT ===
collision_count: 12268
coverage_fraction: 0.9867672461609166
distance_to_home_m: 0.2943133285768828
elapsed_time_s: 856.9999999997683
elapsed_wall_time_s: 214.26791116798995
map_output_yaml: /challenge/results/20260908_095503/map.yaml
map_yaml: /challenge/maps/5/room.yaml
min_coverage_required: 0.8
results_path: /challenge/results/20260908_095503/report.yaml
return_tolerance_m: 0.3
seed: 0
success: true
time_scale: 4.0
timed_out: false
Shutting down...
[planner_server-5] [ERROR] [1788861520.401453793] [global_costmap.global_costmap]: Received map message is malformed. Rejecting.
[ERROR] [sim_node-1]: process has died [pid 71576, exit code -9, cmd '/challenge/ws/install/challenge_sim/lib/challenge_sim/sim_node --ros-args -r __node:=challenge_sim_node --params-file /tmp/launch_params_mcvp9sn6'].
[ERROR] [async_slam_toolbox_node-2]: process has died [pid 71578, exit code -9, cmd '/opt/ros/humble/lib/slam_toolbox/async_slam_toolbox_node --ros-args -r __node:=slam_toolbox --params-file /challenge/ws/install/challenge_sim/share/challenge_sim/config/slam_toolbox_params.yaml --params-file /tmp/launch_params_pyi06l05'].
[ERROR] [controller_server-3]: process has died [pid 71580, exit code -9, cmd '/opt/ros/humble/lib/nav2_controller/controller_server --ros-args --log-level info --ros-args --params-file /tmp/launch_params_1hwc0pqa -r /tf:=tf -r /tf_static:=tf_static -r cmd_vel:=cmd_vel_nav'].
[ERROR] [smoother_server-4]: process has died [pid 71582, exit code -9, cmd '/opt/ros/humble/lib/nav2_smoother/smoother_server --ros-args --log-level info --ros-args -r __node:=smoother_server --params-file /tmp/launch_params_1hwc0pqa -r /tf:=tf -r /tf_static:=tf_static'].
[ERROR] [planner_server-5]: process has died [pid 71584, exit code -9, cmd '/opt/ros/humble/lib/nav2_planner/planner_server --ros-args --log-level info --ros-args -r __node:=planner_server --params-file /tmp/launch_params_1hwc0pqa -r /tf:=tf -r /tf_static:=tf_static'].
[ERROR] [behavior_server-6]: process has died [pid 71586, exit code -9, cmd '/opt/ros/humble/lib/nav2_behaviors/behavior_server --ros-args --log-level info --ros-args -r __node:=behavior_server --params-file /tmp/launch_params_1hwc0pqa -r /tf:=tf -r /tf_static:=tf_static'].
[ERROR] [bt_navigator-7]: process has died [pid 71588, exit code -9, cmd '/opt/ros/humble/lib/nav2_bt_navigator/bt_navigator --ros-args --log-level info --ros-args -r __node:=bt_navigator --params-file /tmp/launch_params_1hwc0pqa -r /tf:=tf -r /tf_static:=tf_static'].
[ERROR] [waypoint_follower-8]: process has died [pid 71590, exit code -9, cmd '/opt/ros/humble/lib/nav2_waypoint_follower/waypoint_follower --ros-args --log-level info --ros-args -r __node:=waypoint_follower --params-file /tmp/launch_params_1hwc0pqa -r /tf:=tf -r /tf_static:=tf_static'].
[ERROR] [velocity_smoother-9]: process has died [pid 71592, exit code -9, cmd '/opt/ros/humble/lib/nav2_velocity_smoother/velocity_smoother --ros-args --log-level info --ros-args -r __node:=velocity_smoother --params-file /tmp/launch_params_1hwc0pqa -r /tf:=tf -r /tf_static:=tf_static -r cmd_vel:=cmd_vel_nav -r cmd_vel_smoothed:=cmd_vel'].
/challenge/eval_runner.sh: line 40: 71574 Killed                  ros2 launch challenge_sim challenge.launch.py map_yaml:="$MAP_YAML" seed:="$SEED" time_limit_s:="$TIME_LIMIT" time_scale:="$TIME_SCALE" results_path:="$RESULTS_PATH" rviz:="$RVIZ"
