Launching sim + slam_toolbox + Nav2 (map: /challenge/maps/2/room.yaml, seed: 3100000, time_scale: 4.0x)...
Waiting for bringup...
[INFO] [launch]: All log files can be found below /root/.ros/log/2026-09-08-02-35-40-668961-orbstack-16795
[INFO] [launch]: Default logging verbosity is set to INFO
[INFO] [sim_node-1]: process started with pid [16797]
[INFO] [async_slam_toolbox_node-2]: process started with pid [16799]
[INFO] [controller_server-3]: process started with pid [16801]
[INFO] [smoother_server-4]: process started with pid [16803]
[INFO] [planner_server-5]: process started with pid [16805]
[INFO] [behavior_server-6]: process started with pid [16807]
[INFO] [bt_navigator-7]: process started with pid [16809]
[INFO] [waypoint_follower-8]: process started with pid [16811]
[INFO] [velocity_smoother-9]: process started with pid [16813]
[INFO] [lifecycle_manager-10]: process started with pid [16815]
[async_slam_toolbox_node-2] [INFO] [1788834940.782757015] [slam_toolbox]: Node using stack size 40000000
[lifecycle_manager-10] [INFO] [1788834940.786315614] [lifecycle_manager_navigation]: Creating
[lifecycle_manager-10] [INFO] [1788834940.788231770] [lifecycle_manager_navigation]: [34m[1mCreating and initializing lifecycle service clients[0m[0m
[velocity_smoother-9] [INFO] [1788834940.792658418] [velocity_smoother]: 
[velocity_smoother-9] 	velocity_smoother lifecycle node launched. 
[velocity_smoother-9] 	Waiting on external lifecycle transitions to activate
[velocity_smoother-9] 	See https://design.ros2.org/articles/node_lifecycle.html for more information.
[smoother_server-4] [INFO] [1788834940.798377723] [smoother_server]: 
[smoother_server-4] 	smoother_server lifecycle node launched. 
[smoother_server-4] 	Waiting on external lifecycle transitions to activate
[smoother_server-4] 	See https://design.ros2.org/articles/node_lifecycle.html for more information.
[smoother_server-4] [INFO] [1788834940.799883893] [smoother_server]: Creating smoother server
[behavior_server-6] [INFO] [1788834940.804053451] [behavior_server]: 
[behavior_server-6] 	behavior_server lifecycle node launched. 
[behavior_server-6] 	Waiting on external lifecycle transitions to activate
[behavior_server-6] 	See https://design.ros2.org/articles/node_lifecycle.html for more information.
[bt_navigator-7] [INFO] [1788834940.805215626] [bt_navigator]: 
[bt_navigator-7] 	bt_navigator lifecycle node launched. 
[bt_navigator-7] 	Waiting on external lifecycle transitions to activate
[bt_navigator-7] 	See https://design.ros2.org/articles/node_lifecycle.html for more information.
[bt_navigator-7] [INFO] [1788834940.805392186] [bt_navigator]: Creating
[controller_server-3] [INFO] [1788834940.807603010] [controller_server]: 
[controller_server-3] 	controller_server lifecycle node launched. 
[controller_server-3] 	Waiting on external lifecycle transitions to activate
[controller_server-3] 	See https://design.ros2.org/articles/node_lifecycle.html for more information.
[waypoint_follower-8] [INFO] [1788834940.809353272] [waypoint_follower]: 
[waypoint_follower-8] 	waypoint_follower lifecycle node launched. 
[waypoint_follower-8] 	Waiting on external lifecycle transitions to activate
[waypoint_follower-8] 	See https://design.ros2.org/articles/node_lifecycle.html for more information.
[waypoint_follower-8] [INFO] [1788834940.809831165] [waypoint_follower]: Creating
[controller_server-3] [INFO] [1788834940.810159787] [controller_server]: Creating controller server
[planner_server-5] [INFO] [1788834940.810693214] [planner_server]: 
[planner_server-5] 	planner_server lifecycle node launched. 
[planner_server-5] 	Waiting on external lifecycle transitions to activate
[planner_server-5] 	See https://design.ros2.org/articles/node_lifecycle.html for more information.
[planner_server-5] [INFO] [1788834940.811588509] [planner_server]: Creating
[async_slam_toolbox_node-2] [INFO] [1788834940.819990158] [slam_toolbox]: Using solver plugin solver_plugins::CeresSolver
[async_slam_toolbox_node-2] [INFO] [1788834940.820087645] [slam_toolbox]: CeresSolver: Using SCHUR_JACOBI preconditioner.
[controller_server-3] [INFO] [1788834940.825580398] [local_costmap.local_costmap]: 
[controller_server-3] 	local_costmap lifecycle node launched. 
[controller_server-3] 	Waiting on external lifecycle transitions to activate
[controller_server-3] 	See https://design.ros2.org/articles/node_lifecycle.html for more information.
[controller_server-3] [INFO] [1788834940.826178525] [local_costmap.local_costmap]: Creating Costmap
[planner_server-5] [INFO] [1788834940.827198886] [global_costmap.global_costmap]: 
[planner_server-5] 	global_costmap lifecycle node launched. 
[planner_server-5] 	Waiting on external lifecycle transitions to activate
[planner_server-5] 	See https://design.ros2.org/articles/node_lifecycle.html for more information.
[planner_server-5] [INFO] [1788834940.827554004] [global_costmap.global_costmap]: Creating Costmap
[lifecycle_manager-10] [INFO] [1788834940.991625768] [lifecycle_manager_navigation]: [34m[1mStarting managed nodes bringup...[0m[0m
[lifecycle_manager-10] [INFO] [1788834940.991677386] [lifecycle_manager_navigation]: [34m[1mConfiguring controller_server[0m[0m
[controller_server-3] [INFO] [1788834940.992048210] [controller_server]: Configuring controller interface
[controller_server-3] [INFO] [1788834940.992325964] [controller_server]: getting goal checker plugins..
[controller_server-3] [INFO] [1788834940.992498566] [controller_server]: Controller frequency set to 20.0000Hz
[controller_server-3] [INFO] [1788834940.992528936] [local_costmap.local_costmap]: Configuring
[controller_server-3] [INFO] [1788834940.995782286] [local_costmap.local_costmap]: Using plugin "obstacle_layer"
[controller_server-3] [INFO] [1788834940.999614431] [local_costmap.local_costmap]: Subscribed to Topics: scan
[controller_server-3] [INFO] [1788834941.003037924] [local_costmap.local_costmap]: Initialized plugin "obstacle_layer"
[controller_server-3] [INFO] [1788834941.003053380] [local_costmap.local_costmap]: Using plugin "inflation_layer"
[controller_server-3] [INFO] [1788834941.003701000] [local_costmap.local_costmap]: Initialized plugin "inflation_layer"
[controller_server-3] [INFO] [1788834941.009349148] [controller_server]: Created progress_checker : progress_checker of type nav2_controller::SimpleProgressChecker
[controller_server-3] [INFO] [1788834941.010008559] [controller_server]: Created goal checker : general_goal_checker of type nav2_controller::SimpleGoalChecker
[controller_server-3] [INFO] [1788834941.010471662] [controller_server]: Controller Server has general_goal_checker  goal checkers available.
[controller_server-3] [INFO] [1788834941.011658376] [controller_server]: Created controller : FollowPath of type dwb_core::DWBLocalPlanner
[controller_server-3] [INFO] [1788834941.012474015] [controller_server]: Setting transform_tolerance to 0.200000
[controller_server-3] [INFO] [1788834941.018311012] [controller_server]: Using critic "RotateToGoal" (dwb_critics::RotateToGoalCritic)
[controller_server-3] [INFO] [1788834941.018888684] [controller_server]: Critic plugin initialized
[controller_server-3] [INFO] [1788834941.019104280] [controller_server]: Using critic "Oscillation" (dwb_critics::OscillationCritic)
[controller_server-3] [INFO] [1788834941.019401989] [controller_server]: Critic plugin initialized
[controller_server-3] [INFO] [1788834941.019505267] [controller_server]: Using critic "BaseObstacle" (dwb_critics::BaseObstacleCritic)
[controller_server-3] [INFO] [1788834941.019639165] [controller_server]: Critic plugin initialized
[controller_server-3] [INFO] [1788834941.019703406] [controller_server]: Using critic "GoalAlign" (dwb_critics::GoalAlignCritic)
[controller_server-3] [INFO] [1788834941.019904837] [controller_server]: Critic plugin initialized
[controller_server-3] [INFO] [1788834941.019984660] [controller_server]: Using critic "PathAlign" (dwb_critics::PathAlignCritic)
[controller_server-3] [INFO] [1788834941.020204172] [controller_server]: Critic plugin initialized
[controller_server-3] [INFO] [1788834941.020267163] [controller_server]: Using critic "PathDist" (dwb_critics::PathDistCritic)
[controller_server-3] [INFO] [1788834941.020399312] [controller_server]: Critic plugin initialized
[controller_server-3] [INFO] [1788834941.020479509] [controller_server]: Using critic "GoalDist" (dwb_critics::GoalDistCritic)
[controller_server-3] [INFO] [1788834941.020625864] [controller_server]: Critic plugin initialized
[controller_server-3] [INFO] [1788834941.020632113] [controller_server]: Controller Server has FollowPath  controllers available.
[lifecycle_manager-10] [INFO] [1788834941.025265650] [lifecycle_manager_navigation]: [34m[1mConfiguring smoother_server[0m[0m
[smoother_server-4] [INFO] [1788834941.025414463] [smoother_server]: Configuring smoother server
[smoother_server-4] [INFO] [1788834941.032457046] [smoother_server]: Created smoother : simple_smoother of type nav2_smoother::SimpleSmoother
[smoother_server-4] [INFO] [1788834941.033391044] [smoother_server]: Smoother Server has simple_smoother  smoothers available.
[lifecycle_manager-10] [INFO] [1788834941.038851427] [lifecycle_manager_navigation]: [34m[1mConfiguring planner_server[0m[0m
[planner_server-5] [INFO] [1788834941.039155052] [planner_server]: Configuring
[planner_server-5] [INFO] [1788834941.039186548] [global_costmap.global_costmap]: Configuring
[planner_server-5] [INFO] [1788834941.044714629] [global_costmap.global_costmap]: Using plugin "static_layer"
[planner_server-5] [INFO] [1788834941.047296944] [global_costmap.global_costmap]: Subscribing to the map topic (/map) with transient local durability
[planner_server-5] [INFO] [1788834941.048520070] [global_costmap.global_costmap]: Initialized plugin "static_layer"
[planner_server-5] [INFO] [1788834941.048533443] [global_costmap.global_costmap]: Using plugin "obstacle_layer"
[planner_server-5] [INFO] [1788834941.049567510] [global_costmap.global_costmap]: Subscribed to Topics: scan
[planner_server-5] [INFO] [1788834941.052731122] [global_costmap.global_costmap]: Initialized plugin "obstacle_layer"
[planner_server-5] [INFO] [1788834941.052747203] [global_costmap.global_costmap]: Using plugin "inflation_layer"
[planner_server-5] [INFO] [1788834941.053303169] [global_costmap.global_costmap]: Initialized plugin "inflation_layer"
[planner_server-5] [INFO] [1788834941.060330963] [planner_server]: Created global planner plugin GridBased of type nav2_navfn_planner/NavfnPlanner
[planner_server-5] [INFO] [1788834941.060349002] [planner_server]: Configuring plugin GridBased of type NavfnPlanner
[planner_server-5] [INFO] [1788834941.060761446] [planner_server]: Planner Server has GridBased  planners available.
[lifecycle_manager-10] [INFO] [1788834941.066827954] [lifecycle_manager_navigation]: [34m[1mConfiguring behavior_server[0m[0m
[behavior_server-6] [INFO] [1788834941.066991057] [behavior_server]: Configuring
[behavior_server-6] [INFO] [1788834941.072653495] [behavior_server]: Creating behavior plugin spin of type nav2_behaviors/Spin
[behavior_server-6] [INFO] [1788834941.073169300] [behavior_server]: Configuring spin
[behavior_server-6] [INFO] [1788834941.079740614] [behavior_server]: Creating behavior plugin backup of type nav2_behaviors/BackUp
[behavior_server-6] [INFO] [1788834941.080319452] [behavior_server]: Configuring backup
[behavior_server-6] [INFO] [1788834941.085896985] [behavior_server]: Creating behavior plugin drive_on_heading of type nav2_behaviors/DriveOnHeading
[behavior_server-6] [INFO] [1788834941.086433662] [behavior_server]: Configuring drive_on_heading
[behavior_server-6] [INFO] [1788834941.091170018] [behavior_server]: Creating behavior plugin assisted_teleop of type nav2_behaviors/AssistedTeleop
[behavior_server-6] [INFO] [1788834941.092906865] [behavior_server]: Configuring assisted_teleop
[behavior_server-6] [INFO] [1788834941.098932212] [behavior_server]: Creating behavior plugin wait of type nav2_behaviors/Wait
[behavior_server-6] [INFO] [1788834941.099530172] [behavior_server]: Configuring wait
[lifecycle_manager-10] [INFO] [1788834941.105341173] [lifecycle_manager_navigation]: [34m[1mConfiguring bt_navigator[0m[0m
[bt_navigator-7] [INFO] [1788834941.105918053] [bt_navigator]: Configuring
[lifecycle_manager-10] [INFO] [1788834941.163873377] [lifecycle_manager_navigation]: [34m[1mConfiguring waypoint_follower[0m[0m
[waypoint_follower-8] [INFO] [1788834941.164470254] [waypoint_follower]: Configuring
[waypoint_follower-8] [INFO] [1788834941.173462364] [waypoint_follower]: Created waypoint_task_executor : wait_at_waypoint of type nav2_waypoint_follower::WaitAtWaypoint
[lifecycle_manager-10] [INFO] [1788834941.173993751] [lifecycle_manager_navigation]: [34m[1mConfiguring velocity_smoother[0m[0m
[velocity_smoother-9] [INFO] [1788834941.174193307] [velocity_smoother]: Configuring velocity smoother
[lifecycle_manager-10] [INFO] [1788834941.177246475] [lifecycle_manager_navigation]: [34m[1mActivating controller_server[0m[0m
[controller_server-3] [INFO] [1788834941.177580763] [controller_server]: Activating
[controller_server-3] [INFO] [1788834941.177611175] [local_costmap.local_costmap]: Activating
[controller_server-3] [INFO] [1788834941.177621840] [local_costmap.local_costmap]: Checking transform
[controller_server-3] [INFO] [1788834941.177640254] [local_costmap.local_costmap]: Timed out waiting for transform from base_link to odom to become available, tf error: Invalid frame ID "odom" passed to canTransform argument target_frame - frame does not exist
[controller_server-3] [INFO] [1788834941.687668580] [local_costmap.local_costmap]: Timed out waiting for transform from base_link to odom to become available, tf error: Invalid frame ID "odom" passed to canTransform argument target_frame - frame does not exist
[sim_node-1] [INFO] [1788834942.178877508] [challenge_sim_node]: Loaded /challenge/maps/2/room.yaml — spawned at world (8.42, 2.23); 486038 reachable free cells. time_scale=4.0x
[controller_server-3] [INFO] [1788834942.179324780] [local_costmap.local_costmap]: Timed out waiting for transform from base_link to odom to become available, tf error: Invalid frame ID "odom" passed to canTransform argument target_frame - frame does not exist
[async_slam_toolbox_node-2] [WARN] [1788834942.220286874] [slam_toolbox]: minimum laser range setting (0.0 m) exceeds the capabilities of the used Lidar (0.1 m)
[async_slam_toolbox_node-2] Info: clipped range threshold to be within minimum and maximum range!
[async_slam_toolbox_node-2] Registering sensor: [Custom Described Lidar]
[controller_server-3] [INFO] [1788834942.681091021] [local_costmap.local_costmap]: start
[planner_server-5] [INFO] [1788834942.825684393] [global_costmap.global_costmap]: StaticLayer: Resizing costmap to 690 X 311 at 0.015000 m/pix
[controller_server-3] [INFO] [1788834942.885508005] [controller_server]: Creating bond (controller_server) to lifecycle manager.
[lifecycle_manager-10] [INFO] [1788834942.998755349] [lifecycle_manager_navigation]: Server controller_server connected with bond.
[lifecycle_manager-10] [INFO] [1788834942.998792844] [lifecycle_manager_navigation]: [34m[1mActivating smoother_server[0m[0m
[smoother_server-4] [INFO] [1788834942.999365807] [smoother_server]: Activating
[smoother_server-4] [INFO] [1788834942.999409052] [smoother_server]: Creating bond (smoother_server) to lifecycle manager.
[lifecycle_manager-10] [INFO] [1788834943.115308285] [lifecycle_manager_navigation]: Server smoother_server connected with bond.
[lifecycle_manager-10] [INFO] [1788834943.115340031] [lifecycle_manager_navigation]: [34m[1mActivating planner_server[0m[0m
[planner_server-5] [INFO] [1788834943.115508424] [planner_server]: Activating
[planner_server-5] [INFO] [1788834943.115535504] [global_costmap.global_costmap]: Activating
[planner_server-5] [INFO] [1788834943.115542212] [global_costmap.global_costmap]: Checking transform
[planner_server-5] [INFO] [1788834943.115591996] [global_costmap.global_costmap]: start
[planner_server-5] [INFO] [1788834944.167758238] [planner_server]: Activating plugin GridBased of type NavfnPlanner
[planner_server-5] [INFO] [1788834944.168432771] [planner_server]: Creating bond (planner_server) to lifecycle manager.
[lifecycle_manager-10] [INFO] [1788834944.281242758] [lifecycle_manager_navigation]: Server planner_server connected with bond.
[lifecycle_manager-10] [INFO] [1788834944.281276462] [lifecycle_manager_navigation]: [34m[1mActivating behavior_server[0m[0m
[behavior_server-6] [INFO] [1788834944.281764396] [behavior_server]: Activating
[behavior_server-6] [INFO] [1788834944.281788809] [behavior_server]: Activating spin
[behavior_server-6] [INFO] [1788834944.281805473] [behavior_server]: Activating backup
[behavior_server-6] [INFO] [1788834944.281820930] [behavior_server]: Activating drive_on_heading
[behavior_server-6] [INFO] [1788834944.281828095] [behavior_server]: Activating assisted_teleop
[behavior_server-6] [INFO] [1788834944.281834178] [behavior_server]: Activating wait
[behavior_server-6] [INFO] [1788834944.281848217] [behavior_server]: Creating bond (behavior_server) to lifecycle manager.
[lifecycle_manager-10] [INFO] [1788834944.395339445] [lifecycle_manager_navigation]: Server behavior_server connected with bond.
[lifecycle_manager-10] [INFO] [1788834944.395367525] [lifecycle_manager_navigation]: [34m[1mActivating bt_navigator[0m[0m
[bt_navigator-7] [INFO] [1788834944.395545542] [bt_navigator]: Activating
[bt_navigator-7] [INFO] [1788834944.422747675] [bt_navigator]: Creating bond (bt_navigator) to lifecycle manager.
[lifecycle_manager-10] [INFO] [1788834944.537009173] [lifecycle_manager_navigation]: Server bt_navigator connected with bond.
[lifecycle_manager-10] [INFO] [1788834944.537037461] [lifecycle_manager_navigation]: [34m[1mActivating waypoint_follower[0m[0m
[waypoint_follower-8] [INFO] [1788834944.537225810] [waypoint_follower]: Activating
[waypoint_follower-8] [INFO] [1788834944.537260722] [waypoint_follower]: Creating bond (waypoint_follower) to lifecycle manager.
[lifecycle_manager-10] [INFO] [1788834944.642055008] [lifecycle_manager_navigation]: Server waypoint_follower connected with bond.
[lifecycle_manager-10] [INFO] [1788834944.642085337] [lifecycle_manager_navigation]: [34m[1mActivating velocity_smoother[0m[0m
[velocity_smoother-9] [INFO] [1788834944.642672132] [velocity_smoother]: Activating
[velocity_smoother-9] [INFO] [1788834944.642937679] [velocity_smoother]: Creating bond (velocity_smoother) to lifecycle manager.
[lifecycle_manager-10] [INFO] [1788834944.746534753] [lifecycle_manager_navigation]: Server velocity_smoother connected with bond.
[lifecycle_manager-10] [INFO] [1788834944.746566457] [lifecycle_manager_navigation]: [34m[1mManaged nodes are active[0m[0m
[lifecycle_manager-10] [INFO] [1788834944.746572914] [lifecycle_manager_navigation]: [34m[1mCreating bond timer...[0m[0m
Starting your explorer node...
Running. Waiting for /challenge/results/20260908_023540/report.yaml to appear (or Ctrl-C to stop)...
[INFO] [1788834970.954955948] [candidate_explorer]: Got first /map.
[INFO] [1788834971.210087557] [candidate_explorer]: Detected 317 frontier cells
[INFO] [1788834971.210596354] [candidate_explorer]: Found 2 frontier clusters after filtering
[WARN] [1788834971.210854418] [candidate_explorer]: Frontier clusters exist, but none have a usable goal point.
[WARN] [1788834971.211146147] [candidate_explorer]: Frontier clusters exist but have no usable goal. Trying recovery direction 1/8 before checking again.
[INFO] [1788834971.211391463] [candidate_explorer]: Recovery move 1/8: forward, 0.8 m -> (0.80, 0.00)
[bt_navigator-7] [INFO] [1788834971.802687023] [bt_navigator]: Begin navigating from current location (0.00, 0.00) to (0.80, 0.00)
[controller_server-3] [INFO] [1788834971.825068611] [controller_server]: Received a goal, begin computing control effort.
[controller_server-3] [WARN] [1788834971.825118190] [controller_server]: No goal checker was specified in parameter 'current_goal_checker'. Server will use only plugin loaded general_goal_checker . This warning will appear once.
[controller_server-3] [INFO] [1788834972.875842234] [controller_server]: Passing new path to controller.
[controller_server-3] [INFO] [1788834972.877848089] [controller_server]: Reached the goal!
[bt_navigator-7] [INFO] [1788834972.924111864] [bt_navigator]: Goal succeeded
[INFO] [1788834972.924986175] [candidate_explorer]: Recovery move 'forward' succeeded.
[INFO] [1788834972.972088098] [candidate_explorer]: Detected 722 frontier cells
[INFO] [1788834972.973408461] [candidate_explorer]: Found 12 frontier clusters after filtering
[INFO] [1788834972.973984294] [candidate_explorer]: Selected frontier cluster: size=74, goal=(1.25, 0.11), distance=0.61
[INFO] [1788834972.974275606] [candidate_explorer]: Checking global path to frontier (1.25, 0.11), distance=0.61m
[INFO] [1788834972.976978577] [candidate_explorer]: Nav2 path to frontier is 0.66m (straight-line=0.61m, detour=1.1x)
[INFO] [1788834972.977841848] [candidate_explorer]: Global path accepted. Navigating to frontier (1.25, 0.11)
[bt_navigator-7] [INFO] [1788834972.978321438] [bt_navigator]: Begin navigating from current location (0.64, 0.13) to (1.25, 0.11)
[controller_server-3] [INFO] [1788834973.001700662] [controller_server]: Received a goal, begin computing control effort.
[planner_server-5] [INFO] [1788834973.117045810] [global_costmap.global_costmap]: StaticLayer: Resizing costmap to 690 X 312 at 0.015000 m/pix
[controller_server-3] [INFO] [1788834973.504897560] [controller_server]: Reached the goal!
[bt_navigator-7] [INFO] [1788834973.540420488] [bt_navigator]: Goal succeeded
[INFO] [1788834973.540958449] [candidate_explorer]: Frontier goal finished: success=True
[INFO] [1788834973.541233429] [candidate_explorer]: Reached frontier. Waiting for the map to expose new frontiers.
[INFO] [1788834973.702296266] [candidate_explorer]: Detected 722 frontier cells
[INFO] [1788834973.703240115] [candidate_explorer]: Found 12 frontier clusters after filtering
[INFO] [1788834973.703751869] [candidate_explorer]: Selected frontier cluster: size=333, goal=(0.36, -0.38), distance=0.86
[INFO] [1788834973.704060055] [candidate_explorer]: Checking global path to frontier (0.36, -0.38), distance=0.86m
[INFO] [1788834973.709742477] [candidate_explorer]: Nav2 path to frontier is 1.78m (straight-line=0.86m, detour=2.1x)
[INFO] [1788834973.712047852] [candidate_explorer]: Global path accepted. Navigating to frontier (0.36, -0.38)
[bt_navigator-7] [INFO] [1788834973.712385369] [bt_navigator]: Begin navigating from current location (1.05, 0.14) to (0.36, -0.38)
[controller_server-3] [INFO] [1788834973.735850087] [controller_server]: Received a goal, begin computing control effort.
[controller_server-3] [INFO] [1788834974.786688289] [controller_server]: Passing new path to controller.
[controller_server-3] [INFO] [1788834975.838417843] [controller_server]: Passing new path to controller.
[controller_server-3] [INFO] [1788834976.288528209] [controller_server]: Reached the goal!
[bt_navigator-7] [INFO] [1788834976.323641458] [bt_navigator]: Goal succeeded
[INFO] [1788834976.324341616] [candidate_explorer]: Frontier goal finished: success=True
[INFO] [1788834976.324617388] [candidate_explorer]: Reached frontier. Waiting for the map to expose new frontiers.
[INFO] [1788834976.485107309] [candidate_explorer]: Detected 7231 frontier cells
[INFO] [1788834976.498198986] [candidate_explorer]: Found 56 frontier clusters after filtering
[INFO] [1788834976.501922424] [candidate_explorer]: Selected frontier cluster: size=6021, goal=(0.77, -1.10), distance=0.60
[INFO] [1788834976.502652705] [candidate_explorer]: Checking global path to frontier (0.77, -1.10), distance=0.60m
[INFO] [1788834976.505382632] [candidate_explorer]: Nav2 path to frontier is 0.65m (straight-line=0.60m, detour=1.1x)
[INFO] [1788834976.506376810] [candidate_explorer]: Global path accepted. Navigating to frontier (0.77, -1.10)
[bt_navigator-7] [INFO] [1788834976.506779239] [bt_navigator]: Begin navigating from current location (0.49, -0.57) to (0.77, -1.10)
[controller_server-3] [INFO] [1788834976.529192616] [controller_server]: Received a goal, begin computing control effort.
[planner_server-5] [INFO] [1788834977.117795288] [global_costmap.global_costmap]: StaticLayer: Resizing costmap to 731 X 312 at 0.015000 m/pix
[controller_server-3] [INFO] [1788834977.580170475] [controller_server]: Passing new path to controller.
[controller_server-3] [INFO] [1788834978.032427061] [controller_server]: Reached the goal!
[bt_navigator-7] [INFO] [1788834978.069171567] [bt_navigator]: Goal succeeded
[INFO] [1788834978.070047837] [candidate_explorer]: Frontier goal finished: success=True
[INFO] [1788834978.070327567] [candidate_explorer]: Reached frontier. Waiting for the map to expose new frontiers.
[INFO] [1788834978.241215735] [candidate_explorer]: Detected 5183 frontier cells
[INFO] [1788834978.246114713] [candidate_explorer]: Found 51 frontier clusters after filtering
[INFO] [1788834978.248862681] [candidate_explorer]: Selected frontier cluster: size=1785, goal=(1.25, -1.64), distance=0.90
[INFO] [1788834978.249426265] [candidate_explorer]: Checking global path to frontier (1.25, -1.64), distance=0.90m
[INFO] [1788834978.252644449] [candidate_explorer]: Nav2 path to frontier is 0.91m (straight-line=0.90m, detour=1.0x)
[INFO] [1788834978.253956770] [candidate_explorer]: Global path accepted. Navigating to frontier (1.25, -1.64)
[bt_navigator-7] [INFO] [1788834978.254319869] [bt_navigator]: Begin navigating from current location (0.52, -1.10) to (1.25, -1.64)
[controller_server-3] [INFO] [1788834978.275804438] [controller_server]: Received a goal, begin computing control effort.
[controller_server-3] [INFO] [1788834978.979774215] [controller_server]: Reached the goal!
[bt_navigator-7] [INFO] [1788834979.016105876] [bt_navigator]: Goal succeeded
[INFO] [1788834979.016682667] [candidate_explorer]: Frontier goal finished: success=True
[INFO] [1788834979.016911234] [candidate_explorer]: Reached frontier. Waiting for the map to expose new frontiers.
[planner_server-5] [INFO] [1788834979.116126925] [global_costmap.global_costmap]: StaticLayer: Resizing costmap to 752 X 312 at 0.015000 m/pix
[INFO] [1788834979.246281209] [candidate_explorer]: Detected 3971 frontier cells
[INFO] [1788834979.250256588] [candidate_explorer]: Found 54 frontier clusters after filtering
[INFO] [1788834979.252558463] [candidate_explorer]: Selected frontier cluster: size=603, goal=(2.08, -1.12), distance=1.09
[INFO] [1788834979.253026596] [candidate_explorer]: Checking global path to frontier (2.08, -1.12), distance=1.09m
[INFO] [1788834979.257093843] [candidate_explorer]: Nav2 path to frontier is 1.10m (straight-line=1.09m, detour=1.0x)
[INFO] [1788834979.258596526] [candidate_explorer]: Global path accepted. Navigating to frontier (2.08, -1.12)
[bt_navigator-7] [INFO] [1788834979.259019537] [bt_navigator]: Begin navigating from current location (1.06, -1.52) to (2.08, -1.12)
[controller_server-3] [INFO] [1788834979.280655720] [controller_server]: Received a goal, begin computing control effort.
[controller_server-3] [INFO] [1788834980.283249582] [controller_server]: Reached the goal!
[bt_navigator-7] [INFO] [1788834980.319255433] [bt_navigator]: Goal succeeded
[INFO] [1788834980.319720816] [candidate_explorer]: Frontier goal finished: success=True
[INFO] [1788834980.319968215] [candidate_explorer]: Reached frontier. Waiting for the map to expose new frontiers.
[INFO] [1788834980.467469368] [candidate_explorer]: Detected 3971 frontier cells
[INFO] [1788834980.471302632] [candidate_explorer]: Found 54 frontier clusters after filtering
[INFO] [1788834980.473516847] [candidate_explorer]: Selected frontier cluster: size=10, goal=(2.47, -1.07), distance=0.60
[INFO] [1788834980.474041517] [candidate_explorer]: Checking global path to frontier (2.47, -1.07), distance=0.60m
[INFO] [1788834980.476702199] [candidate_explorer]: Nav2 path to frontier is 0.62m (straight-line=0.60m, detour=1.0x)
[INFO] [1788834980.477659713] [candidate_explorer]: Global path accepted. Navigating to frontier (2.47, -1.07)
[bt_navigator-7] [INFO] [1788834980.478049935] [bt_navigator]: Begin navigating from current location (1.89, -1.26) to (2.47, -1.07)
[controller_server-3] [INFO] [1788834980.500806454] [controller_server]: Received a goal, begin computing control effort.
[controller_server-3] [INFO] [1788834980.552457339] [controller_server]: Passing new path to controller.
[controller_server-3] [INFO] [1788834981.053223121] [controller_server]: Reached the goal!
[bt_navigator-7] [INFO] [1788834981.089700063] [bt_navigator]: Goal succeeded
[INFO] [1788834981.090366598] [candidate_explorer]: Frontier goal finished: success=True
[INFO] [1788834981.090608081] [candidate_explorer]: Reached frontier. Waiting for the map to expose new frontiers.
[planner_server-5] [INFO] [1788834981.116020324] [global_costmap.global_costmap]: StaticLayer: Resizing costmap to 755 X 312 at 0.015000 m/pix
[INFO] [1788834981.248736047] [candidate_explorer]: Detected 3345 frontier cells
[INFO] [1788834981.252183089] [candidate_explorer]: Found 41 frontier clusters after filtering
[INFO] [1788834981.254144489] [candidate_explorer]: Selected frontier cluster: size=261, goal=(3.32, -1.39), distance=1.11
[INFO] [1788834981.254589415] [candidate_explorer]: Checking global path to frontier (3.32, -1.39), distance=1.11m
[INFO] [1788834981.259010220] [candidate_explorer]: Nav2 path to frontier is 1.23m (straight-line=1.11m, detour=1.1x)
[INFO] [1788834981.260391370] [candidate_explorer]: Global path accepted. Navigating to frontier (3.32, -1.39)
[bt_navigator-7] [INFO] [1788834981.260763676] [bt_navigator]: Begin navigating from current location (2.24, -1.11) to (3.32, -1.39)
[controller_server-3] [INFO] [1788834981.284686319] [controller_server]: Received a goal, begin computing control effort.
[controller_server-3] [INFO] [1788834982.188798104] [controller_server]: Reached the goal!
[bt_navigator-7] [INFO] [1788834982.222279929] [bt_navigator]: Goal succeeded
[INFO] [1788834982.222716773] [candidate_explorer]: Frontier goal finished: success=True
[INFO] [1788834982.222947173] [candidate_explorer]: Reached frontier. Waiting for the map to expose new frontiers.
[INFO] [1788834982.471478010] [candidate_explorer]: Detected 3345 frontier cells
[INFO] [1788834982.474611867] [candidate_explorer]: Found 41 frontier clusters after filtering
[INFO] [1788834982.476603098] [candidate_explorer]: Selected frontier cluster: size=261, goal=(3.70, -1.45), distance=0.60
[INFO] [1788834982.477067314] [candidate_explorer]: Checking global path to frontier (3.70, -1.45), distance=0.60m
[INFO] [1788834982.480061264] [candidate_explorer]: Nav2 path to frontier is 0.65m (straight-line=0.60m, detour=1.1x)
[INFO] [1788834982.481008320] [candidate_explorer]: Global path accepted. Navigating to frontier (3.70, -1.45)
[bt_navigator-7] [INFO] [1788834982.481351837] [bt_navigator]: Begin navigating from current location (3.10, -1.35) to (3.70, -1.45)
[controller_server-3] [INFO] [1788834982.503319246] [controller_server]: Received a goal, begin computing control effort.
[controller_server-3] [INFO] [1788834982.957874416] [controller_server]: Reached the goal!
[bt_navigator-7] [INFO] [1788834982.993061452] [bt_navigator]: Goal succeeded
[INFO] [1788834982.993720070] [candidate_explorer]: Frontier goal finished: success=True
[INFO] [1788834982.993941804] [candidate_explorer]: Reached frontier. Waiting for the map to expose new frontiers.
[planner_server-5] [INFO] [1788834983.116013257] [global_costmap.global_costmap]: StaticLayer: Resizing costmap to 966 X 312 at 0.015000 m/pix
[INFO] [1788834983.255192263] [candidate_explorer]: Detected 3057 frontier cells
[INFO] [1788834983.258594683] [candidate_explorer]: Found 37 frontier clusters after filtering
[INFO] [1788834983.260344890] [candidate_explorer]: Selected frontier cluster: size=215, goal=(4.10, -1.51), distance=0.60
[INFO] [1788834983.260765984] [candidate_explorer]: Checking global path to frontier (4.10, -1.51), distance=0.60m
[INFO] [1788834983.263578905] [candidate_explorer]: Nav2 path to frontier is 0.63m (straight-line=0.60m, detour=1.1x)
[INFO] [1788834983.264319602] [candidate_explorer]: Global path accepted. Navigating to frontier (4.10, -1.51)
[bt_navigator-7] [INFO] [1788834983.264696116] [bt_navigator]: Begin navigating from current location (3.51, -1.43) to (4.10, -1.51)
[controller_server-3] [INFO] [1788834983.285564772] [controller_server]: Received a goal, begin computing control effort.
[controller_server-3] [INFO] [1788834983.738646173] [controller_server]: Reached the goal!
[bt_navigator-7] [INFO] [1788834983.777290833] [bt_navigator]: Goal succeeded
[INFO] [1788834983.777709636] [candidate_explorer]: Frontier goal finished: success=True
[INFO] [1788834983.777910038] [candidate_explorer]: Reached frontier. Waiting for the map to expose new frontiers.
[INFO] [1788834983.976186390] [candidate_explorer]: Detected 3057 frontier cells
[INFO] [1788834983.979068848] [candidate_explorer]: Found 37 frontier clusters after filtering
[INFO] [1788834983.980957211] [candidate_explorer]: Selected frontier cluster: size=215, goal=(4.49, -1.49), distance=0.61
[INFO] [1788834983.981416469] [candidate_explorer]: Checking global path to frontier (4.49, -1.49), distance=0.61m
[INFO] [1788834983.984302344] [candidate_explorer]: Nav2 path to frontier is 0.62m (straight-line=0.61m, detour=1.0x)
[INFO] [1788834983.985133659] [candidate_explorer]: Global path accepted. Navigating to frontier (4.49, -1.49)
[bt_navigator-7] [INFO] [1788834983.985591542] [bt_navigator]: Begin navigating from current location (3.88, -1.48) to (4.49, -1.49)
[controller_server-3] [INFO] [1788834984.008487134] [controller_server]: Received a goal, begin computing control effort.
[controller_server-3] [INFO] [1788834984.467043931] [controller_server]: Reached the goal!
[bt_navigator-7] [INFO] [1788834984.497218579] [bt_navigator]: Goal succeeded
[INFO] [1788834984.497675338] [candidate_explorer]: Frontier goal finished: success=True
[INFO] [1788834984.497940819] [candidate_explorer]: Reached frontier. Waiting for the map to expose new frontiers.
[INFO] [1788834984.723206257] [candidate_explorer]: Detected 3057 frontier cells
[INFO] [1788834984.726125879] [candidate_explorer]: Found 37 frontier clusters after filtering
[INFO] [1788834984.727925291] [candidate_explorer]: Selected frontier cluster: size=215, goal=(3.70, -1.39), distance=0.60
[INFO] [1788834984.728351635] [candidate_explorer]: Checking global path to frontier (3.70, -1.39), distance=0.60m
[INFO] [1788834984.731566110] [candidate_explorer]: Nav2 path to frontier is 0.63m (straight-line=0.60m, detour=1.0x)
[INFO] [1788834984.732411091] [candidate_explorer]: Global path accepted. Navigating to frontier (3.70, -1.39)
[bt_navigator-7] [INFO] [1788834984.732813020] [bt_navigator]: Begin navigating from current location (4.29, -1.50) to (3.70, -1.39)
[controller_server-3] [INFO] [1788834984.755879350] [controller_server]: Received a goal, begin computing control effort.
[planner_server-5] [INFO] [1788834985.116024856] [global_costmap.global_costmap]: StaticLayer: Resizing costmap to 971 X 312 at 0.015000 m/pix
[controller_server-3] [INFO] [1788834985.806016019] [controller_server]: Passing new path to controller.
[controller_server-3] [INFO] [1788834986.311384593] [controller_server]: Reached the goal!
[bt_navigator-7] [INFO] [1788834986.344844503] [bt_navigator]: Goal succeeded
[INFO] [1788834986.345680318] [candidate_explorer]: Frontier goal finished: success=True
[INFO] [1788834986.345940007] [candidate_explorer]: Reached frontier. Waiting for the map to expose new frontiers.
[INFO] [1788834986.506653370] [candidate_explorer]: Detected 3067 frontier cells
[INFO] [1788834986.509928050] [candidate_explorer]: Found 37 frontier clusters after filtering
[INFO] [1788834986.511756001] [candidate_explorer]: Selected frontier cluster: size=240, goal=(4.45, -1.45), distance=0.61
[INFO] [1788834986.512165388] [candidate_explorer]: Checking global path to frontier (4.45, -1.45), distance=0.61m
[INFO] [1788834986.515381655] [candidate_explorer]: Nav2 path to frontier is 0.71m (straight-line=0.61m, detour=1.2x)
[INFO] [1788834986.516328128] [candidate_explorer]: Global path accepted. Navigating to frontier (4.45, -1.45)
[bt_navigator-7] [INFO] [1788834986.516694727] [bt_navigator]: Begin navigating from current location (3.87, -1.25) to (4.45, -1.45)
[controller_server-3] [INFO] [1788834986.537288277] [controller_server]: Received a goal, begin computing control effort.
[controller_server-3] [INFO] [1788834987.590513848] [controller_server]: Passing new path to controller.
[controller_server-3] [INFO] [1788834988.242101251] [controller_server]: Reached the goal!
[bt_navigator-7] [INFO] [1788834988.278298463] [bt_navigator]: Goal succeeded
[INFO] [1788834988.278783970] [candidate_explorer]: Frontier goal finished: success=True
[INFO] [1788834988.279034868] [candidate_explorer]: Reached frontier. Waiting for the map to expose new frontiers.
[INFO] [1788834988.507713560] [candidate_explorer]: Detected 3065 frontier cells
[INFO] [1788834988.510409323] [candidate_explorer]: Found 41 frontier clusters after filtering
[INFO] [1788834988.512133656] [candidate_explorer]: Selected frontier cluster: size=9, goal=(4.88, -1.54), distance=0.61
[INFO] [1788834988.512529711] [candidate_explorer]: Checking global path to frontier (4.88, -1.54), distance=0.61m
[INFO] [1788834988.516239109] [candidate_explorer]: Nav2 path to frontier is 0.68m (straight-line=0.61m, detour=1.1x)
[INFO] [1788834988.517137586] [candidate_explorer]: Global path accepted. Navigating to frontier (4.88, -1.54)
[bt_navigator-7] [INFO] [1788834988.517590553] [bt_navigator]: Begin navigating from current location (4.27, -1.56) to (4.88, -1.54)
[controller_server-3] [INFO] [1788834988.539379475] [controller_server]: Received a goal, begin computing control effort.
[controller_server-3] [INFO] [1788834988.993689704] [controller_server]: Reached the goal!
[bt_navigator-7] [INFO] [1788834989.028652464] [bt_navigator]: Goal succeeded
[INFO] [1788834989.029431950] [candidate_explorer]: Frontier goal finished: success=True
[INFO] [1788834989.029693722] [candidate_explorer]: Reached frontier. Waiting for the map to expose new frontiers.
[planner_server-5] [INFO] [1788834989.116010847] [global_costmap.global_costmap]: StaticLayer: Resizing costmap to 972 X 312 at 0.015000 m/pix
[INFO] [1788834989.259531288] [candidate_explorer]: Detected 4025 frontier cells
[INFO] [1788834989.263622992] [candidate_explorer]: Found 84 frontier clusters after filtering
[INFO] [1788834989.266049400] [candidate_explorer]: Selected frontier cluster: size=6, goal=(6.28, -1.60), distance=1.57
[INFO] [1788834989.266543156] [candidate_explorer]: Checking global path to frontier (6.28, -1.60), distance=1.57m
[INFO] [1788834989.272046799] [candidate_explorer]: Nav2 path to frontier is 1.70m (straight-line=1.57m, detour=1.1x)
[INFO] [1788834989.273751300] [candidate_explorer]: Global path accepted. Navigating to frontier (6.28, -1.60)
[bt_navigator-7] [INFO] [1788834989.274115982] [bt_navigator]: Begin navigating from current location (4.71, -1.55) to (6.28, -1.60)
[controller_server-3] [INFO] [1788834989.297591991] [controller_server]: Received a goal, begin computing control effort.
[controller_server-3] [INFO] [1788834990.351812031] [controller_server]: Passing new path to controller.
[controller_server-3] [INFO] [1788834990.806377617] [controller_server]: Reached the goal!
[bt_navigator-7] [INFO] [1788834990.834499664] [bt_navigator]: Goal succeeded
[INFO] [1788834990.834906884] [candidate_explorer]: Frontier goal finished: success=True
[INFO] [1788834990.835212737] [candidate_explorer]: Reached frontier. Waiting for the map to expose new frontiers.
[INFO] [1788834991.021311887] [candidate_explorer]: Detected 5824 frontier cells
[INFO] [1788834991.027456650] [candidate_explorer]: Found 92 frontier clusters after filtering
[INFO] [1788834991.030847030] [candidate_explorer]: Selected frontier cluster: size=872, goal=(6.61, -1.83), distance=0.60
[INFO] [1788834991.031514315] [candidate_explorer]: Checking global path to frontier (6.61, -1.83), distance=0.60m
[INFO] [1788834991.034622715] [candidate_explorer]: Nav2 path to frontier is 0.69m (straight-line=0.60m, detour=1.2x)
[INFO] [1788834991.035633308] [candidate_explorer]: Global path accepted. Navigating to frontier (6.61, -1.83)
[bt_navigator-7] [INFO] [1788834991.036031363] [bt_navigator]: Begin navigating from current location (6.10, -1.51) to (6.61, -1.83)
[controller_server-3] [INFO] [1788834991.057519182] [controller_server]: Received a goal, begin computing control effort.
[planner_server-5] [INFO] [1788834991.116354672] [global_costmap.global_costmap]: StaticLayer: Resizing costmap to 1072 X 415 at 0.015000 m/pix
[controller_server-3] [INFO] [1788834991.512523069] [controller_server]: Reached the goal!
[bt_navigator-7] [INFO] [1788834991.547115397] [bt_navigator]: Goal succeeded
[INFO] [1788834991.547947296] [candidate_explorer]: Frontier goal finished: success=True
[INFO] [1788834991.548234191] [candidate_explorer]: Reached frontier. Waiting for the map to expose new frontiers.
[INFO] [1788834991.732776037] [candidate_explorer]: Detected 5824 frontier cells
[INFO] [1788834991.738174022] [candidate_explorer]: Found 92 frontier clusters after filtering
[INFO] [1788834991.741510655] [candidate_explorer]: Selected frontier cluster: size=872, goal=(7.03, -1.88), distance=0.60
[INFO] [1788834991.742195064] [candidate_explorer]: Checking global path to frontier (7.03, -1.88), distance=0.60m
[INFO] [1788834991.746387635] [candidate_explorer]: Nav2 path to frontier is 0.68m (straight-line=0.60m, detour=1.1x)
[INFO] [1788834991.747523136] [candidate_explorer]: Global path accepted. Navigating to frontier (7.03, -1.88)
[bt_navigator-7] [INFO] [1788834991.748051306] [bt_navigator]: Begin navigating from current location (6.46, -1.67) to (7.03, -1.88)
[controller_server-3] [INFO] [1788834991.772258387] [controller_server]: Received a goal, begin computing control effort.
[controller_server-3] [INFO] [1788834992.226032321] [controller_server]: Reached the goal!
[bt_navigator-7] [INFO] [1788834992.260707561] [bt_navigator]: Goal succeeded
[INFO] [1788834992.261436549] [candidate_explorer]: Frontier goal finished: success=True
[INFO] [1788834992.261699530] [candidate_explorer]: Reached frontier. Waiting for the map to expose new frontiers.
[INFO] [1788834992.485066815] [candidate_explorer]: Detected 5824 frontier cells
[INFO] [1788834992.490506921] [candidate_explorer]: Found 92 frontier clusters after filtering
[INFO] [1788834992.493795308] [candidate_explorer]: Selected frontier cluster: size=6, goal=(7.57, -1.95), distance=0.77
[INFO] [1788834992.494532046] [candidate_explorer]: Checking global path to frontier (7.57, -1.95), distance=0.77m
[INFO] [1788834992.499276994] [candidate_explorer]: Nav2 path to frontier is 0.79m (straight-line=0.77m, detour=1.0x)
[INFO] [1788834992.500415079] [candidate_explorer]: Global path accepted. Navigating to frontier (7.57, -1.95)
[bt_navigator-7] [INFO] [1788834992.500799717] [bt_navigator]: Begin navigating from current location (6.81, -1.83) to (7.57, -1.95)
[controller_server-3] [INFO] [1788834992.523509865] [controller_server]: Received a goal, begin computing control effort.
[planner_server-5] [INFO] [1788834993.116947353] [global_costmap.global_costmap]: StaticLayer: Resizing costmap to 1216 X 564 at 0.015000 m/pix
[controller_server-3] [INFO] [1788834993.132043260] [controller_server]: Reached the goal!
[bt_navigator-7] [INFO] [1788834993.162457558] [bt_navigator]: Goal succeeded
[INFO] [1788834993.163233002] [candidate_explorer]: Frontier goal finished: success=True
[INFO] [1788834993.163495858] [candidate_explorer]: Reached frontier. Waiting for the map to expose new frontiers.
[INFO] [1788834993.295441429] [candidate_explorer]: Detected 8199 frontier cells
[INFO] [1788834993.303944146] [candidate_explorer]: Found 94 frontier clusters after filtering
[INFO] [1788834993.308124635] [candidate_explorer]: Selected frontier cluster: size=2369, goal=(7.94, -2.04), distance=0.60
[INFO] [1788834993.308890830] [candidate_explorer]: Checking global path to frontier (7.94, -2.04), distance=0.60m
[INFO] [1788834993.313036488] [candidate_explorer]: Nav2 path to frontier is 0.63m (straight-line=0.60m, detour=1.0x)
[INFO] [1788834993.313971295] [candidate_explorer]: Global path accepted. Navigating to frontier (7.94, -2.04)
[bt_navigator-7] [INFO] [1788834993.314328561] [bt_navigator]: Begin navigating from current location (7.35, -1.93) to (7.94, -2.04)
[controller_server-3] [INFO] [1788834993.337844192] [controller_server]: Received a goal, begin computing control effort.
[controller_server-3] [INFO] [1788834993.739489401] [controller_server]: Reached the goal!
[bt_navigator-7] [INFO] [1788834993.775941553] [bt_navigator]: Goal succeeded
[INFO] [1788834993.776456974] [candidate_explorer]: Frontier goal finished: success=True
[INFO] [1788834993.776713164] [candidate_explorer]: Reached frontier. Waiting for the map to expose new frontiers.
[INFO] [1788834993.996358009] [candidate_explorer]: Detected 8199 frontier cells
[INFO] [1788834994.003711227] [candidate_explorer]: Found 94 frontier clusters after filtering
[INFO] [1788834994.007835012] [candidate_explorer]: Selected frontier cluster: size=2369, goal=(8.30, -1.93), distance=0.60
[INFO] [1788834994.008637329] [candidate_explorer]: Checking global path to frontier (8.30, -1.93), distance=0.60m
[INFO] [1788834994.012672703] [candidate_explorer]: Nav2 path to frontier is 0.62m (straight-line=0.60m, detour=1.0x)
[INFO] [1788834994.013579512] [candidate_explorer]: Global path accepted. Navigating to frontier (8.30, -1.93)
[bt_navigator-7] [INFO] [1788834994.013960860] [bt_navigator]: Begin navigating from current location (7.70, -1.98) to (8.30, -1.93)
[controller_server-3] [INFO] [1788834994.037336584] [controller_server]: Received a goal, begin computing control effort.
[controller_server-3] [INFO] [1788834994.489565672] [controller_server]: Reached the goal!
[bt_navigator-7] [INFO] [1788834994.525577523] [bt_navigator]: Goal succeeded
[INFO] [1788834994.526422420] [candidate_explorer]: Frontier goal finished: success=True
[INFO] [1788834994.526697442] [candidate_explorer]: Reached frontier. Waiting for the map to expose new frontiers.
[INFO] [1788834994.745275031] [candidate_explorer]: Detected 8199 frontier cells
[INFO] [1788834994.752576086] [candidate_explorer]: Found 94 frontier clusters after filtering
[INFO] [1788834994.756720786] [candidate_explorer]: Selected frontier cluster: size=5, goal=(8.62, -1.66), distance=0.61
[INFO] [1788834994.757468857] [candidate_explorer]: Checking global path to frontier (8.62, -1.66), distance=0.61m
[INFO] [1788834994.761577643] [candidate_explorer]: Nav2 path to frontier is 0.67m (straight-line=0.61m, detour=1.1x)
[INFO] [1788834994.762563613] [candidate_explorer]: Global path accepted. Navigating to frontier (8.62, -1.66)
[bt_navigator-7] [INFO] [1788834994.763057577] [bt_navigator]: Begin navigating from current location (8.09, -1.97) to (8.62, -1.66)
[controller_server-3] [INFO] [1788834994.783806616] [controller_server]: Received a goal, begin computing control effort.
[planner_server-5] [INFO] [1788834995.116017270] [global_costmap.global_costmap]: StaticLayer: Resizing costmap to 1249 X 566 at 0.015000 m/pix
[controller_server-3] [INFO] [1788834995.287393402] [controller_server]: Reached the goal!
[bt_navigator-7] [INFO] [1788834995.323677275] [bt_navigator]: Goal succeeded
[INFO] [1788834995.324557753] [candidate_explorer]: Frontier goal finished: success=True
[INFO] [1788834995.324790944] [candidate_explorer]: Reached frontier. Waiting for the map to expose new frontiers.
[INFO] [1788834995.555211052] [candidate_explorer]: Detected 10100 frontier cells
[INFO] [1788834995.564312309] [candidate_explorer]: Found 140 frontier clusters after filtering
[INFO] [1788834995.569498184] [candidate_explorer]: Selected frontier cluster: size=6, goal=(8.50, -1.19), distance=0.60
[INFO] [1788834995.570428450] [candidate_explorer]: Checking global path to frontier (8.50, -1.19), distance=0.60m
[INFO] [1788834995.574726555] [candidate_explorer]: Nav2 path to frontier is 0.61m (straight-line=0.60m, detour=1.0x)
[INFO] [1788834995.575689194] [candidate_explorer]: Global path accepted. Navigating to frontier (8.50, -1.19)
[bt_navigator-7] [INFO] [1788834995.576121663] [bt_navigator]: Begin navigating from current location (8.46, -1.79) to (8.50, -1.19)
[controller_server-3] [INFO] [1788834995.599952770] [controller_server]: Received a goal, begin computing control effort.
[controller_server-3] [INFO] [1788834996.603223875] [controller_server]: Reached the goal!
[bt_navigator-7] [INFO] [1788834996.639281847] [bt_navigator]: Goal succeeded
[INFO] [1788834996.639844098] [candidate_explorer]: Frontier goal finished: success=True
[INFO] [1788834996.640134494] [candidate_explorer]: Reached frontier. Waiting for the map to expose new frontiers.
[INFO] [1788834996.749556946] [candidate_explorer]: Detected 10100 frontier cells
[INFO] [1788834996.758839732] [candidate_explorer]: Found 140 frontier clusters after filtering
[INFO] [1788834996.763821580] [candidate_explorer]: Selected frontier cluster: size=2130, goal=(8.00, -1.28), distance=0.60
[INFO] [1788834996.764816049] [candidate_explorer]: Checking global path to frontier (8.00, -1.28), distance=0.60m
[INFO] [1788834996.769119571] [candidate_explorer]: Nav2 path to frontier is 0.61m (straight-line=0.60m, detour=1.0x)
[INFO] [1788834996.770096292] [candidate_explorer]: Global path accepted. Navigating to frontier (8.00, -1.28)
[bt_navigator-7] [INFO] [1788834996.770572174] [bt_navigator]: Begin navigating from current location (8.60, -1.35) to (8.00, -1.28)
[controller_server-3] [INFO] [1788834996.791401041] [controller_server]: Received a goal, begin computing control effort.
[controller_server-3] [INFO] [1788834996.791479452] [controller_server]: Passing new path to controller.
[planner_server-5] [INFO] [1788834997.116190023] [global_costmap.global_costmap]: StaticLayer: Resizing costmap to 1258 X 566 at 0.015000 m/pix
[controller_server-3] [INFO] [1788834997.843416241] [controller_server]: Passing new path to controller.
[controller_server-3] [INFO] [1788834998.194059601] [controller_server]: Reached the goal!
[bt_navigator-7] [INFO] [1788834998.230867853] [bt_navigator]: Goal succeeded
[INFO] [1788834998.231299780] [candidate_explorer]: Frontier goal finished: success=True
[INFO] [1788834998.231546845] [candidate_explorer]: Reached frontier. Waiting for the map to expose new frontiers.
[INFO] [1788834998.565113109] [candidate_explorer]: Detected 9577 frontier cells
[INFO] [1788834998.574039712] [candidate_explorer]: Found 138 frontier clusters after filtering
[INFO] [1788834998.579101513] [candidate_explorer]: Selected frontier cluster: size=1959, goal=(8.08, -0.53), distance=0.60
[INFO] [1788834998.580054652] [candidate_explorer]: Checking global path to frontier (8.08, -0.53), distance=0.60m
[INFO] [1788834998.584496372] [candidate_explorer]: Nav2 path to frontier is 0.62m (straight-line=0.60m, detour=1.0x)
[INFO] [1788834998.585458761] [candidate_explorer]: Global path accepted. Navigating to frontier (8.08, -0.53)
[bt_navigator-7] [INFO] [1788834998.585895937] [bt_navigator]: Begin navigating from current location (8.14, -1.13) to (8.08, -0.53)
[controller_server-3] [INFO] [1788834998.607206686] [controller_server]: Received a goal, begin computing control effort.
[planner_server-5] [INFO] [1788834999.115722615] [global_costmap.global_costmap]: StaticLayer: Resizing costmap to 1270 X 566 at 0.015000 m/pix
[controller_server-3] [INFO] [1788834999.665728498] [controller_server]: Passing new path to controller.
[controller_server-3] [INFO] [1788834999.961247850] [controller_server]: Reached the goal!
[bt_navigator-7] [INFO] [1788834999.986587099] [bt_navigator]: Goal succeeded
[INFO] [1788834999.987555653] [candidate_explorer]: Frontier goal finished: success=True
[INFO] [1788834999.987886046] [candidate_explorer]: Reached frontier. Waiting for the map to expose new frontiers.
[INFO] [1788835000.315211762] [candidate_explorer]: Detected 9121 frontier cells
[INFO] [1788835000.323629694] [candidate_explorer]: Found 121 frontier clusters after filtering
[INFO] [1788835000.328531047] [candidate_explorer]: Selected frontier cluster: size=2260, goal=(7.93, -0.05), distance=0.60
[INFO] [1788835000.329483437] [candidate_explorer]: Checking global path to frontier (7.93, -0.05), distance=0.60m
[INFO] [1788835000.334109852] [candidate_explorer]: Nav2 path to frontier is 0.61m (straight-line=0.60m, detour=1.0x)
[INFO] [1788835000.334963748] [candidate_explorer]: Global path accepted. Navigating to frontier (7.93, -0.05)
[bt_navigator-7] [INFO] [1788835000.335418257] [bt_navigator]: Begin navigating from current location (7.93, -0.65) to (7.93, -0.05)
[controller_server-3] [INFO] [1788835000.356776460] [controller_server]: Received a goal, begin computing control effort.
[controller_server-3] [INFO] [1788835000.811658648] [controller_server]: Reached the goal!
[bt_navigator-7] [INFO] [1788835000.848431444] [bt_navigator]: Goal succeeded
[INFO] [1788835000.849263883] [candidate_explorer]: Frontier goal finished: success=True
[INFO] [1788835000.849492158] [candidate_explorer]: Reached frontier. Waiting for the map to expose new frontiers.
[INFO] [1788835001.074898337] [candidate_explorer]: Detected 7468 frontier cells
[INFO] [1788835001.082066901] [candidate_explorer]: Found 136 frontier clusters after filtering
[INFO] [1788835001.086362632] [candidate_explorer]: Selected frontier cluster: size=175, goal=(7.30, 0.05), distance=0.70
[INFO] [1788835001.087167574] [candidate_explorer]: Checking global path to frontier (7.30, 0.05), distance=0.70m
[INFO] [1788835001.092128423] [candidate_explorer]: Nav2 path to frontier is 0.71m (straight-line=0.70m, detour=1.0x)
[INFO] [1788835001.093145391] [candidate_explorer]: Global path accepted. Navigating to frontier (7.30, 0.05)
[bt_navigator-7] [INFO] [1788835001.093696976] [bt_navigator]: Begin navigating from current location (7.92, -0.27) to (7.30, 0.05)
[controller_server-3] [INFO] [1788835001.116957625] [controller_server]: Received a goal, begin computing control effort.
[controller_server-3] [INFO] [1788835002.167404272] [controller_server]: Passing new path to controller.
[controller_server-3] [INFO] [1788835002.475746112] [controller_server]: Reached the goal!
[bt_navigator-7] [INFO] [1788835002.505434296] [bt_navigator]: Goal succeeded
[INFO] [1788835002.506359562] [candidate_explorer]: Frontier goal finished: success=True
[INFO] [1788835002.506612085] [candidate_explorer]: Reached frontier. Waiting for the map to expose new frontiers.
[INFO] [1788835002.756444370] [candidate_explorer]: Detected 7468 frontier cells
[INFO] [1788835002.764656984] [candidate_explorer]: Found 136 frontier clusters after filtering
[INFO] [1788835002.769114078] [candidate_explorer]: Selected frontier cluster: size=661, goal=(6.88, 0.02), distance=0.60
[INFO] [1788835002.770019887] [candidate_explorer]: Checking global path to frontier (6.88, 0.02), distance=0.60m
[INFO] [1788835002.774210501] [candidate_explorer]: Nav2 path to frontier is 0.61m (straight-line=0.60m, detour=1.0x)
[INFO] [1788835002.774994402] [candidate_explorer]: Global path accepted. Navigating to frontier (6.88, 0.02)
[bt_navigator-7] [INFO] [1788835002.775396790] [bt_navigator]: Begin navigating from current location (7.46, 0.14) to (6.88, 0.02)
[controller_server-3] [INFO] [1788835002.797583433] [controller_server]: Received a goal, begin computing control effort.
[controller_server-3] [INFO] [1788835003.299938892] [controller_server]: Reached the goal!
[bt_navigator-7] [INFO] [1788835003.337879853] [bt_navigator]: Goal succeeded
[INFO] [1788835003.338364151] [candidate_explorer]: Frontier goal finished: success=True
[INFO] [1788835003.338607717] [candidate_explorer]: Reached frontier. Waiting for the map to expose new frontiers.
[INFO] [1788835003.570640249] [candidate_explorer]: Detected 6567 frontier cells
[INFO] [1788835003.576692894] [candidate_explorer]: Found 134 frontier clusters after filtering
[INFO] [1788835003.580413416] [candidate_explorer]: Selected frontier cluster: size=45, goal=(6.50, -0.13), distance=0.60
[INFO] [1788835003.581082743] [candidate_explorer]: Checking global path to frontier (6.50, -0.13), distance=0.60m
[INFO] [1788835003.585915934] [candidate_explorer]: Nav2 path to frontier is 0.60m (straight-line=0.60m, detour=1.0x)
[INFO] [1788835003.586762415] [candidate_explorer]: Global path accepted. Navigating to frontier (6.50, -0.13)
[bt_navigator-7] [INFO] [1788835003.587211216] [bt_navigator]: Begin navigating from current location (7.05, 0.12) to (6.50, -0.13)
[controller_server-3] [INFO] [1788835003.607518537] [controller_server]: Received a goal, begin computing control effort.
[controller_server-3] [INFO] [1788835004.061376632] [controller_server]: Reached the goal!
[bt_navigator-7] [INFO] [1788835004.098274752] [bt_navigator]: Goal succeeded
[INFO] [1788835004.099132773] [candidate_explorer]: Frontier goal finished: success=True
[INFO] [1788835004.099352299] [candidate_explorer]: Reached frontier. Waiting for the map to expose new frontiers.
[INFO] [1788835004.258769589] [candidate_explorer]: Detected 6567 frontier cells
[INFO] [1788835004.264711992] [candidate_explorer]: Found 134 frontier clusters after filtering
[INFO] [1788835004.268430973] [candidate_explorer]: Selected frontier cluster: size=39, goal=(5.14, -0.14), distance=1.56
[INFO] [1788835004.269251413] [candidate_explorer]: Checking global path to frontier (5.14, -0.14), distance=1.56m
[INFO] [1788835004.285884959] [candidate_explorer]: Nav2 path to frontier is 5.71m (straight-line=1.56m, detour=3.7x)
[INFO] [1788835004.286135024] [candidate_explorer]: Deferring frontier (5.14, -0.14): its 3.7x Nav2 detour has been added as a score penalty, not blacklisted.
[INFO] [1788835004.505875738] [candidate_explorer]: Detected 6567 frontier cells
[INFO] [1788835004.511777352] [candidate_explorer]: Found 134 frontier clusters after filtering
[INFO] [1788835004.515278390] [candidate_explorer]: Selected frontier cluster: size=8, goal=(4.18, -0.02), distance=2.51
[INFO] [1788835004.515970632] [candidate_explorer]: Checking global path to frontier (4.18, -0.02), distance=2.51m
[INFO] [1788835004.530933090] [candidate_explorer]: Nav2 path to frontier is 5.06m (straight-line=2.51m, detour=2.0x)
[INFO] [1788835004.535511800] [candidate_explorer]: Global path accepted. Navigating to frontier (4.18, -0.02)
[bt_navigator-7] [INFO] [1788835004.535949269] [bt_navigator]: Begin navigating from current location (6.69, -0.02) to (4.18, -0.02)
[controller_server-3] [INFO] [1788835004.558940271] [controller_server]: Received a goal, begin computing control effort.
[controller_server-3] [INFO] [1788835005.609093689] [controller_server]: Passing new path to controller.
[controller_server-3] [INFO] [1788835006.661073350] [controller_server]: Passing new path to controller.
[async_slam_toolbox_node-2] WARNING: Logging before InitGoogleLogging() is written to STDERR
[async_slam_toolbox_node-2] W0908 02:36:47.409847 16799 preprocessor.cc:62] Specified options.num_threads: 50 exceeds maximum available from the threading model Ceres was compiled with: 14.  Bounding to maximum number available.
[controller_server-3] [INFO] [1788835007.664423240] [controller_server]: Passing new path to controller.
[controller_server-3] [INFO] [1788835008.719083790] [controller_server]: Passing new path to controller.
[planner_server-5] [INFO] [1788835009.117166966] [global_costmap.global_costmap]: StaticLayer: Resizing costmap to 1271 X 566 at 0.015000 m/pix
[controller_server-3] [INFO] [1788835009.365430031] [controller_server]: Reached the goal!
[bt_navigator-7] [INFO] [1788835009.398070584] [bt_navigator]: Goal succeeded
[INFO] [1788835009.399091844] [candidate_explorer]: Frontier goal finished: success=True
[INFO] [1788835009.399355241] [candidate_explorer]: Reached frontier. Waiting for the map to expose new frontiers.
[INFO] [1788835009.571783048] [candidate_explorer]: Detected 4807 frontier cells
[INFO] [1788835009.576376007] [candidate_explorer]: Found 111 frontier clusters after filtering
[INFO] [1788835009.579132640] [candidate_explorer]: Selected frontier cluster: size=2181, goal=(-0.41, -1.10), distance=4.74
[INFO] [1788835009.579643478] [candidate_explorer]: Checking global path to frontier (-0.41, -1.10), distance=4.74m
[INFO] [1788835009.595538327] [candidate_explorer]: Nav2 path to frontier is 6.02m (straight-line=4.74m, detour=1.3x)
[INFO] [1788835009.601648468] [candidate_explorer]: Global path accepted. Navigating to frontier (-0.41, -1.10)
[bt_navigator-7] [INFO] [1788835009.602132475] [bt_navigator]: Begin navigating from current location (4.24, -0.22) to (-0.41, -1.10)
[controller_server-3] [INFO] [1788835009.623755243] [controller_server]: Received a goal, begin computing control effort.
[controller_server-3] [ERROR] [1788835010.480799769] [DWBLocalPlanner]: No valid trajectories out of 419! 
[controller_server-3] [ERROR] [1788835010.480850723] [DWBLocalPlanner]: 1.00: BaseObstacle/Trajectory Hits Obstacle.
[controller_server-3] [WARN] [1788835010.481595336] [controller_server]: No valid trajectories out of 419! 
[controller_server-3] [INFO] [1788835010.675891142] [controller_server]: Passing new path to controller.
[controller_server-3] [INFO] [1788835011.674304682] [controller_server]: Passing new path to controller.
[controller_server-3] [INFO] [1788835012.725666138] [controller_server]: Passing new path to controller.
[async_slam_toolbox_node-2] W0908 02:36:53.410485 16799 preprocessor.cc:62] Specified options.num_threads: 50 exceeds maximum available from the threading model Ceres was compiled with: 14.  Bounding to maximum number available.
[controller_server-3] [INFO] [1788835013.727446517] [controller_server]: Passing new path to controller.
[controller_server-3] [INFO] [1788835014.776491473] [controller_server]: Passing new path to controller.
[controller_server-3] [INFO] [1788835015.077240697] [controller_server]: Reached the goal!
[bt_navigator-7] [INFO] [1788835015.104481891] [bt_navigator]: Goal succeeded
[INFO] [1788835015.105297748] [candidate_explorer]: Frontier goal finished: success=True
[INFO] [1788835015.105552147] [candidate_explorer]: Reached frontier. Waiting for the map to expose new frontiers.
[planner_server-5] [INFO] [1788835015.118877473] [global_costmap.global_costmap]: StaticLayer: Resizing costmap to 1270 X 566 at 0.015000 m/pix
[INFO] [1788835015.322763335] [candidate_explorer]: Detected 4154 frontier cells
[INFO] [1788835015.326802834] [candidate_explorer]: Found 111 frontier clusters after filtering
[INFO] [1788835015.329397105] [candidate_explorer]: Selected frontier cluster: size=1433, goal=(-1.13, -0.88), distance=0.95
[INFO] [1788835015.329916276] [candidate_explorer]: Checking global path to frontier (-1.13, -0.88), distance=0.95m
[INFO] [1788835015.335116566] [candidate_explorer]: Nav2 path to frontier is 0.97m (straight-line=0.95m, detour=1.0x)
[INFO] [1788835015.336268191] [candidate_explorer]: Global path accepted. Navigating to frontier (-1.13, -0.88)
[bt_navigator-7] [INFO] [1788835015.336701118] [bt_navigator]: Begin navigating from current location (-0.21, -1.09) to (-1.13, -0.88)
[controller_server-3] [INFO] [1788835015.357845337] [controller_server]: Received a goal, begin computing control effort.
[controller_server-3] [INFO] [1788835016.112331580] [controller_server]: Reached the goal!
[bt_navigator-7] [INFO] [1788835016.140288806] [bt_navigator]: Goal succeeded
[INFO] [1788835016.141202323] [candidate_explorer]: Frontier goal finished: success=True
[INFO] [1788835016.141462054] [candidate_explorer]: Reached frontier. Waiting for the map to expose new frontiers.
[INFO] [1788835016.260752333] [candidate_explorer]: Detected 4154 frontier cells
[INFO] [1788835016.265083062] [candidate_explorer]: Found 111 frontier clusters after filtering
[INFO] [1788835016.267624003] [candidate_explorer]: Selected frontier cluster: size=1433, goal=(-1.51, -0.78), distance=0.60
[INFO] [1788835016.268181962] [candidate_explorer]: Checking global path to frontier (-1.51, -0.78), distance=0.60m
[INFO] [1788835016.272861290] [candidate_explorer]: Nav2 path to frontier is 0.67m (straight-line=0.60m, detour=1.1x)
[INFO] [1788835016.273734435] [candidate_explorer]: Global path accepted. Navigating to frontier (-1.51, -0.78)
[bt_navigator-7] [INFO] [1788835016.274182778] [bt_navigator]: Begin navigating from current location (-0.93, -0.93) to (-1.51, -0.78)
[controller_server-3] [INFO] [1788835016.295667514] [controller_server]: Received a goal, begin computing control effort.
[controller_server-3] [INFO] [1788835016.748175706] [controller_server]: Reached the goal!
[bt_navigator-7] [INFO] [1788835016.785480089] [bt_navigator]: Goal succeeded
[INFO] [1788835016.786612715] [candidate_explorer]: Frontier goal finished: success=True
[INFO] [1788835016.786935317] [candidate_explorer]: Reached frontier. Waiting for the map to expose new frontiers.
[INFO] [1788835017.079723116] [candidate_explorer]: Detected 3413 frontier cells
[INFO] [1788835017.084545809] [candidate_explorer]: Found 112 frontier clusters after filtering
[INFO] [1788835017.086615950] [candidate_explorer]: Selected frontier cluster: size=528, goal=(-1.94, -0.79), distance=0.61
[INFO] [1788835017.087090833] [candidate_explorer]: Checking global path to frontier (-1.94, -0.79), distance=0.61m
[INFO] [1788835017.093757933] [candidate_explorer]: Nav2 path to frontier is 0.72m (straight-line=0.61m, detour=1.2x)
[INFO] [1788835017.094745695] [candidate_explorer]: Global path accepted. Navigating to frontier (-1.94, -0.79)
[bt_navigator-7] [INFO] [1788835017.095147833] [bt_navigator]: Begin navigating from current location (-1.34, -0.83) to (-1.94, -0.79)
[planner_server-5] [INFO] [1788835017.117126491] [global_costmap.global_costmap]: StaticLayer: Resizing costmap to 1367 X 566 at 0.015000 m/pix
[controller_server-3] [INFO] [1788835017.118115295] [controller_server]: Received a goal, begin computing control effort.
[controller_server-3] [INFO] [1788835017.570567741] [controller_server]: Reached the goal!
[bt_navigator-7] [INFO] [1788835017.605450299] [bt_navigator]: Goal succeeded
[INFO] [1788835017.606327985] [candidate_explorer]: Frontier goal finished: success=True
[INFO] [1788835017.606571260] [candidate_explorer]: Reached frontier. Waiting for the map to expose new frontiers.
[INFO] [1788835017.761073031] [candidate_explorer]: Detected 3413 frontier cells
[INFO] [1788835017.764487450] [candidate_explorer]: Found 112 frontier clusters after filtering
[INFO] [1788835017.766455474] [candidate_explorer]: Selected frontier cluster: size=528, goal=(-2.32, -0.70), distance=0.60
[INFO] [1788835017.766993019] [candidate_explorer]: Checking global path to frontier (-2.32, -0.70), distance=0.60m
[INFO] [1788835017.772181185] [candidate_explorer]: Nav2 path to frontier is 0.63m (straight-line=0.60m, detour=1.1x)
[INFO] [1788835017.773111409] [candidate_explorer]: Global path accepted. Navigating to frontier (-2.32, -0.70)
[bt_navigator-7] [INFO] [1788835017.773522088] [bt_navigator]: Begin navigating from current location (-1.72, -0.78) to (-2.32, -0.70)
[controller_server-3] [INFO] [1788835017.794639475] [controller_server]: Received a goal, begin computing control effort.
[controller_server-3] [INFO] [1788835018.249285555] [controller_server]: Reached the goal!
[bt_navigator-7] [INFO] [1788835018.286616602] [bt_navigator]: Goal succeeded
[INFO] [1788835018.287732021] [candidate_explorer]: Frontier goal finished: success=True
[INFO] [1788835018.287944214] [candidate_explorer]: Reached frontier. Waiting for the map to expose new frontiers.
[INFO] [1788835018.513446511] [candidate_explorer]: Detected 3413 frontier cells
[INFO] [1788835018.516861597] [candidate_explorer]: Found 112 frontier clusters after filtering
[INFO] [1788835018.518892741] [candidate_explorer]: Selected frontier cluster: size=528, goal=(-2.66, -0.45), distance=0.61
[INFO] [1788835018.519398830] [candidate_explorer]: Checking global path to frontier (-2.66, -0.45), distance=0.61m
[INFO] [1788835018.524635409] [candidate_explorer]: Nav2 path to frontier is 0.63m (straight-line=0.61m, detour=1.0x)
[INFO] [1788835018.525554092] [candidate_explorer]: Global path accepted. Navigating to frontier (-2.66, -0.45)
[bt_navigator-7] [INFO] [1788835018.525905067] [bt_navigator]: Begin navigating from current location (-2.13, -0.74) to (-2.66, -0.45)
[controller_server-3] [INFO] [1788835018.549212046] [controller_server]: Received a goal, begin computing control effort.
[controller_server-3] [INFO] [1788835019.052470064] [controller_server]: Reached the goal!
[bt_navigator-7] [INFO] [1788835019.089463260] [bt_navigator]: Goal succeeded
[INFO] [1788835019.090560556] [candidate_explorer]: Frontier goal finished: success=True
[INFO] [1788835019.090807330] [candidate_explorer]: Reached frontier. Waiting for the map to expose new frontiers.
[planner_server-5] [INFO] [1788835019.121188546] [global_costmap.global_costmap]: StaticLayer: Resizing costmap to 1426 X 566 at 0.015000 m/pix
[INFO] [1788835019.336155689] [candidate_explorer]: Detected 3919 frontier cells
[INFO] [1788835019.341348688] [candidate_explorer]: Found 119 frontier clusters after filtering
[INFO] [1788835019.343732141] [candidate_explorer]: Selected frontier cluster: size=929, goal=(-2.65, -1.36), distance=0.80
[INFO] [1788835019.344338388] [candidate_explorer]: Checking global path to frontier (-2.65, -1.36), distance=0.80m
[INFO] [1788835019.349541845] [candidate_explorer]: Nav2 path to frontier is 0.83m (straight-line=0.80m, detour=1.0x)
[INFO] [1788835019.350579603] [candidate_explorer]: Global path accepted. Navigating to frontier (-2.65, -1.36)
[bt_navigator-7] [INFO] [1788835019.350927120] [bt_navigator]: Begin navigating from current location (-2.52, -0.57) to (-2.65, -1.36)
[controller_server-3] [INFO] [1788835019.373097473] [controller_server]: Received a goal, begin computing control effort.
[controller_server-3] [INFO] [1788835020.423615656] [controller_server]: Passing new path to controller.
[controller_server-3] [INFO] [1788835020.677912035] [controller_server]: Reached the goal!
[bt_navigator-7] [INFO] [1788835020.712143764] [bt_navigator]: Goal succeeded
[INFO] [1788835020.713193355] [candidate_explorer]: Frontier goal finished: success=True
[INFO] [1788835020.713455586] [candidate_explorer]: Reached frontier. Waiting for the map to expose new frontiers.
[INFO] [1788835021.096404024] [candidate_explorer]: Detected 6796 frontier cells
[INFO] [1788835021.102588284] [candidate_explorer]: Found 204 frontier clusters after filtering
[INFO] [1788835021.106676322] [candidate_explorer]: Selected frontier cluster: size=3128, goal=(-2.95, -1.69), distance=0.60
[INFO] [1788835021.107357022] [candidate_explorer]: Checking global path to frontier (-2.95, -1.69), distance=0.60m
[INFO] [1788835021.112660888] [candidate_explorer]: Nav2 path to frontier is 0.93m (straight-line=0.60m, detour=1.5x)
[INFO] [1788835021.113797389] [candidate_explorer]: Global path accepted. Navigating to frontier (-2.95, -1.69)
[bt_navigator-7] [INFO] [1788835021.114149656] [bt_navigator]: Begin navigating from current location (-2.70, -1.15) to (-2.95, -1.69)
[planner_server-5] [INFO] [1788835021.118943683] [global_costmap.global_costmap]: StaticLayer: Resizing costmap to 1476 X 566 at 0.015000 m/pix
[controller_server-3] [INFO] [1788835021.136253680] [controller_server]: Received a goal, begin computing control effort.
[controller_server-3] [INFO] [1788835021.588559846] [controller_server]: Reached the goal!
[bt_navigator-7] [INFO] [1788835021.625416552] [bt_navigator]: Goal succeeded
[INFO] [1788835021.626482433] [candidate_explorer]: Frontier goal finished: success=True
[INFO] [1788835021.626694460] [candidate_explorer]: Reached frontier. Waiting for the map to expose new frontiers.
[INFO] [1788835021.771695835] [candidate_explorer]: Detected 6796 frontier cells
[INFO] [1788835021.777992504] [candidate_explorer]: Found 204 frontier clusters after filtering
[INFO] [1788835021.782012880] [candidate_explorer]: Selected frontier cluster: size=3128, goal=(-3.22, -1.98), distance=0.60
[INFO] [1788835021.782763450] [candidate_explorer]: Checking global path to frontier (-3.22, -1.98), distance=0.60m
[INFO] [1788835021.788134145] [candidate_explorer]: Nav2 path to frontier is 0.76m (straight-line=0.60m, detour=1.3x)
[INFO] [1788835021.789275437] [candidate_explorer]: Global path accepted. Navigating to frontier (-3.22, -1.98)
[bt_navigator-7] [INFO] [1788835021.789770526] [bt_navigator]: Begin navigating from current location (-2.81, -1.54) to (-3.22, -1.98)
[controller_server-3] [INFO] [1788835021.812423678] [controller_server]: Received a goal, begin computing control effort.
[controller_server-3] [INFO] [1788835022.266242901] [controller_server]: Reached the goal!
[bt_navigator-7] [INFO] [1788835022.300045453] [bt_navigator]: Goal succeeded
[INFO] [1788835022.300986510] [candidate_explorer]: Frontier goal finished: success=True
[INFO] [1788835022.301240158] [candidate_explorer]: Reached frontier. Waiting for the map to expose new frontiers.
[INFO] [1788835022.520874463] [candidate_explorer]: Detected 6796 frontier cells
[INFO] [1788835022.527308997] [candidate_explorer]: Found 204 frontier clusters after filtering
[INFO] [1788835022.531202049] [candidate_explorer]: Selected frontier cluster: size=3128, goal=(-3.38, -2.34), distance=0.60
[INFO] [1788835022.531903790] [candidate_explorer]: Checking global path to frontier (-3.38, -2.34), distance=0.60m
[INFO] [1788835022.536733273] [candidate_explorer]: Nav2 path to frontier is 0.61m (straight-line=0.60m, detour=1.0x)
[INFO] [1788835022.537632125] [candidate_explorer]: Global path accepted. Navigating to frontier (-3.38, -2.34)
[bt_navigator-7] [INFO] [1788835022.537956185] [bt_navigator]: Begin navigating from current location (-3.04, -1.85) to (-3.38, -2.34)
[controller_server-3] [INFO] [1788835022.560614461] [controller_server]: Received a goal, begin computing control effort.
[controller_server-3] [INFO] [1788835023.015420070] [controller_server]: Reached the goal!
[bt_navigator-7] [INFO] [1788835023.049525268] [bt_navigator]: Goal succeeded
[INFO] [1788835023.049945154] [candidate_explorer]: Frontier goal finished: success=True
[INFO] [1788835023.050191719] [candidate_explorer]: Reached frontier. Waiting for the map to expose new frontiers.
[planner_server-5] [INFO] [1788835023.115703976] [global_costmap.global_costmap]: StaticLayer: Resizing costmap to 1498 X 566 at 0.015000 m/pix
[INFO] [1788835023.352862137] [candidate_explorer]: Detected 7830 frontier cells
[INFO] [1788835023.361455015] [candidate_explorer]: Found 145 frontier clusters after filtering
[INFO] [1788835023.366229044] [candidate_explorer]: Selected frontier cluster: size=812, goal=(-3.57, -2.67), distance=0.60
[INFO] [1788835023.367413000] [candidate_explorer]: Checking global path to frontier (-3.57, -2.67), distance=0.60m
[INFO] [1788835023.372383848] [candidate_explorer]: Nav2 path to frontier is 0.61m (straight-line=0.60m, detour=1.0x)
[INFO] [1788835023.373283575] [candidate_explorer]: Global path accepted. Navigating to frontier (-3.57, -2.67)
[bt_navigator-7] [INFO] [1788835023.373704294] [bt_navigator]: Begin navigating from current location (-3.28, -2.14) to (-3.57, -2.67)
[controller_server-3] [INFO] [1788835023.395614083] [controller_server]: Received a goal, begin computing control effort.
[controller_server-3] [INFO] [1788835023.898346597] [controller_server]: Reached the goal!
[bt_navigator-7] [INFO] [1788835023.933995391] [bt_navigator]: Goal succeeded
[INFO] [1788835023.934990777] [candidate_explorer]: Frontier goal finished: success=True
[INFO] [1788835023.935211345] [candidate_explorer]: Reached frontier. Waiting for the map to expose new frontiers.
[INFO] [1788835024.021392104] [candidate_explorer]: Detected 7830 frontier cells
[INFO] [1788835024.028729573] [candidate_explorer]: Found 145 frontier clusters after filtering
[INFO] [1788835024.033087758] [candidate_explorer]: Selected frontier cluster: size=3817, goal=(-3.35, -3.07), distance=0.60
[INFO] [1788835024.033877700] [candidate_explorer]: Checking global path to frontier (-3.35, -3.07), distance=0.60m
[INFO] [1788835024.038779429] [candidate_explorer]: Nav2 path to frontier is 0.63m (straight-line=0.60m, detour=1.0x)
[INFO] [1788835024.039734693] [candidate_explorer]: Global path accepted. Navigating to frontier (-3.35, -3.07)
[bt_navigator-7] [INFO] [1788835024.040188993] [bt_navigator]: Begin navigating from current location (-3.48, -2.49) to (-3.35, -3.07)
[controller_server-3] [INFO] [1788835024.060697800] [controller_server]: Received a goal, begin computing control effort.
[controller_server-3] [INFO] [1788835024.563556722] [controller_server]: Reached the goal!
[bt_navigator-7] [INFO] [1788835024.590670550] [bt_navigator]: Goal succeeded
[INFO] [1788835024.591664562] [candidate_explorer]: Frontier goal finished: success=True
[INFO] [1788835024.591955082] [candidate_explorer]: Reached frontier. Waiting for the map to expose new frontiers.
[INFO] [1788835024.776168369] [candidate_explorer]: Detected 7830 frontier cells
[INFO] [1788835024.783687366] [candidate_explorer]: Found 145 frontier clusters after filtering
[INFO] [1788835024.788068049] [candidate_explorer]: Selected frontier cluster: size=3817, goal=(-2.90, -2.91), distance=0.60
[INFO] [1788835024.788818453] [candidate_explorer]: Checking global path to frontier (-2.90, -2.91), distance=0.60m
[INFO] [1788835024.793979662] [candidate_explorer]: Nav2 path to frontier is 0.61m (straight-line=0.60m, detour=1.0x)
[INFO] [1788835024.794911928] [candidate_explorer]: Global path accepted. Navigating to frontier (-2.90, -2.91)
[bt_navigator-7] [INFO] [1788835024.795384519] [bt_navigator]: Begin navigating from current location (-3.50, -2.91) to (-2.90, -2.91)
[controller_server-3] [INFO] [1788835024.818332066] [controller_server]: Received a goal, begin computing control effort.
[planner_server-5] [INFO] [1788835025.120494062] [global_costmap.global_costmap]: StaticLayer: Resizing costmap to 1499 X 566 at 0.015000 m/pix
[controller_server-3] [INFO] [1788835025.868692052] [controller_server]: Passing new path to controller.
[controller_server-3] [INFO] [1788835026.070866246] [controller_server]: Reached the goal!
[bt_navigator-7] [INFO] [1788835026.109624898] [bt_navigator]: Goal succeeded
[INFO] [1788835026.110640575] [candidate_explorer]: Frontier goal finished: success=True
[INFO] [1788835026.110863809] [candidate_explorer]: Reached frontier. Waiting for the map to expose new frontiers.
[INFO] [1788835026.361779557] [candidate_explorer]: Detected 7818 frontier cells
[INFO] [1788835026.376375042] [candidate_explorer]: Found 155 frontier clusters after filtering
[INFO] [1788835026.380543323] [candidate_explorer]: Selected frontier cluster: size=6, goal=(-2.43, -2.97), distance=0.60
[INFO] [1788835026.381565416] [candidate_explorer]: Checking global path to frontier (-2.43, -2.97), distance=0.60m
[INFO] [1788835026.386610634] [candidate_explorer]: Nav2 path to frontier is 0.61m (straight-line=0.60m, detour=1.0x)
[INFO] [1788835026.387510985] [candidate_explorer]: Global path accepted. Navigating to frontier (-2.43, -2.97)
[bt_navigator-7] [INFO] [1788835026.387847669] [bt_navigator]: Begin navigating from current location (-3.02, -3.08) to (-2.43, -2.97)
[controller_server-3] [INFO] [1788835026.410398120] [controller_server]: Received a goal, begin computing control effort.
[controller_server-3] [INFO] [1788835026.865990506] [controller_server]: Reached the goal!
[bt_navigator-7] [INFO] [1788835026.901544015] [bt_navigator]: Goal succeeded
[INFO] [1788835026.901970859] [candidate_explorer]: Frontier goal finished: success=True
[INFO] [1788835026.902235590] [candidate_explorer]: Reached frontier. Waiting for the map to expose new frontiers.
[INFO] [1788835027.114793324] [candidate_explorer]: Detected 6574 frontier cells
[INFO] [1788835027.120851177] [candidate_explorer]: Found 185 frontier clusters after filtering
[INFO] [1788835027.125005209] [candidate_explorer]: Selected frontier cluster: size=877, goal=(-2.30, -3.78), distance=0.84
[INFO] [1788835027.125762155] [candidate_explorer]: Checking global path to frontier (-2.30, -3.78), distance=0.84m
[INFO] [1788835027.136808563] [candidate_explorer]: Nav2 path to frontier is 0.86m (straight-line=0.84m, detour=1.0x)
[INFO] [1788835027.137955480] [candidate_explorer]: Global path accepted. Navigating to frontier (-2.30, -3.78)
[bt_navigator-7] [INFO] [1788835027.138427279] [bt_navigator]: Begin navigating from current location (-2.64, -3.01) to (-2.30, -3.78)
[controller_server-3] [INFO] [1788835027.160576050] [controller_server]: Received a goal, begin computing control effort.
[controller_server-3] [INFO] [1788835028.211383421] [controller_server]: Passing new path to controller.
[controller_server-3] [INFO] [1788835028.565104850] [controller_server]: Reached the goal!
[bt_navigator-7] [INFO] [1788835028.599131012] [bt_navigator]: Goal succeeded
[INFO] [1788835028.599577104] [candidate_explorer]: Frontier goal finished: success=True
[INFO] [1788835028.599807046] [candidate_explorer]: Reached frontier. Waiting for the map to expose new frontiers.
[INFO] [1788835028.778623640] [candidate_explorer]: Detected 6574 frontier cells
[INFO] [1788835028.784875229] [candidate_explorer]: Found 185 frontier clusters after filtering
[INFO] [1788835028.788699785] [candidate_explorer]: Selected frontier cluster: size=877, goal=(-1.67, -3.82), distance=0.60
[INFO] [1788835028.789450189] [candidate_explorer]: Checking global path to frontier (-1.67, -3.82), distance=0.60m
[INFO] [1788835028.794758305] [candidate_explorer]: Nav2 path to frontier is 0.63m (straight-line=0.60m, detour=1.0x)
[INFO] [1788835028.795680113] [candidate_explorer]: Global path accepted. Navigating to frontier (-1.67, -3.82)
[bt_navigator-7] [INFO] [1788835028.796109999] [bt_navigator]: Begin navigating from current location (-2.22, -3.59) to (-1.67, -3.82)
[controller_server-3] [INFO] [1788835028.817031900] [controller_server]: Received a goal, begin computing control effort.
[controller_server-3] [INFO] [1788835029.867858020] [controller_server]: Passing new path to controller.
[controller_server-3] [INFO] [1788835029.870030071] [controller_server]: Reached the goal!
[bt_navigator-7] [INFO] [1788835029.918841828] [bt_navigator]: Goal succeeded
[INFO] [1788835029.920154441] [candidate_explorer]: Frontier goal finished: success=True
[INFO] [1788835029.920466294] [candidate_explorer]: Reached frontier. Waiting for the map to expose new frontiers.
[INFO] [1788835030.128808875] [candidate_explorer]: Detected 6454 frontier cells
[INFO] [1788835030.134895309] [candidate_explorer]: Found 151 frontier clusters after filtering
[INFO] [1788835030.138534129] [candidate_explorer]: Selected frontier cluster: size=1123, goal=(-1.26, -3.93), distance=0.60
[INFO] [1788835030.139304031] [candidate_explorer]: Checking global path to frontier (-1.26, -3.93), distance=0.60m
[INFO] [1788835030.144734055] [candidate_explorer]: Nav2 path to frontier is 0.65m (straight-line=0.60m, detour=1.1x)
[INFO] [1788835030.145698735] [candidate_explorer]: Global path accepted. Navigating to frontier (-1.26, -3.93)
[bt_navigator-7] [INFO] [1788835030.146150119] [bt_navigator]: Begin navigating from current location (-1.86, -3.94) to (-1.26, -3.93)
[controller_server-3] [INFO] [1788835030.168842184] [controller_server]: Received a goal, begin computing control effort.
[controller_server-3] [INFO] [1788835030.723739547] [controller_server]: Reached the goal!
[bt_navigator-7] [INFO] [1788835030.756499799] [bt_navigator]: Goal succeeded
[INFO] [1788835030.757926488] [candidate_explorer]: Frontier goal finished: success=True
[INFO] [1788835030.758219842] [candidate_explorer]: Reached frontier. Waiting for the map to expose new frontiers.
[INFO] [1788835031.132548029] [candidate_explorer]: Detected 6933 frontier cells
[INFO] [1788835031.138906652] [candidate_explorer]: Found 185 frontier clusters after filtering
[INFO] [1788835031.143102431] [candidate_explorer]: Selected frontier cluster: size=1430, goal=(-0.90, -4.06), distance=0.60
[INFO] [1788835031.143937579] [candidate_explorer]: Checking global path to frontier (-0.90, -4.06), distance=0.60m
[INFO] [1788835031.149719369] [candidate_explorer]: Nav2 path to frontier is 0.69m (straight-line=0.60m, detour=1.2x)
[INFO] [1788835031.150683382] [candidate_explorer]: Global path accepted. Navigating to frontier (-0.90, -4.06)
[bt_navigator-7] [INFO] [1788835031.151170555] [bt_navigator]: Begin navigating from current location (-1.49, -3.96) to (-0.90, -4.06)
[controller_server-3] [INFO] [1788835031.174250801] [controller_server]: Received a goal, begin computing control effort.
[controller_server-3] [INFO] [1788835031.627145799] [controller_server]: Reached the goal!
[bt_navigator-7] [INFO] [1788835031.663383258] [bt_navigator]: Goal succeeded
[INFO] [1788835031.664515093] [candidate_explorer]: Frontier goal finished: success=True
[INFO] [1788835031.664720286] [candidate_explorer]: Reached frontier. Waiting for the map to expose new frontiers.
[INFO] [1788835031.786298483] [candidate_explorer]: Detected 6933 frontier cells
[INFO] [1788835031.792599402] [candidate_explorer]: Found 185 frontier clusters after filtering
[INFO] [1788835031.796561282] [candidate_explorer]: Selected frontier cluster: size=1430, goal=(-0.53, -4.17), distance=0.60
[INFO] [1788835031.797441593] [candidate_explorer]: Checking global path to frontier (-0.53, -4.17), distance=0.60m
[INFO] [1788835031.802550556] [candidate_explorer]: Nav2 path to frontier is 0.63m (straight-line=0.60m, detour=1.0x)
[INFO] [1788835031.803407619] [candidate_explorer]: Global path accepted. Navigating to frontier (-0.53, -4.17)
[bt_navigator-7] [INFO] [1788835031.803768260] [bt_navigator]: Begin navigating from current location (-1.10, -3.99) to (-0.53, -4.17)
[controller_server-3] [INFO] [1788835031.825211041] [controller_server]: Received a goal, begin computing control effort.
[controller_server-3] [INFO] [1788835032.278516426] [controller_server]: Reached the goal!
[bt_navigator-7] [INFO] [1788835032.317821288] [bt_navigator]: Goal succeeded
[INFO] [1788835032.318303753] [candidate_explorer]: Frontier goal finished: success=True
[INFO] [1788835032.318514863] [candidate_explorer]: Reached frontier. Waiting for the map to expose new frontiers.
[INFO] [1788835032.534384524] [candidate_explorer]: Detected 6933 frontier cells
[INFO] [1788835032.540736647] [candidate_explorer]: Found 185 frontier clusters after filtering
[INFO] [1788835032.544834267] [candidate_explorer]: Selected frontier cluster: size=1430, goal=(-0.14, -4.17), distance=0.60
[INFO] [1788835032.545671623] [candidate_explorer]: Checking global path to frontier (-0.14, -4.17), distance=0.60m
[INFO] [1788835032.550718966] [candidate_explorer]: Nav2 path to frontier is 0.63m (straight-line=0.60m, detour=1.0x)
[INFO] [1788835032.551642899] [candidate_explorer]: Global path accepted. Navigating to frontier (-0.14, -4.17)
[bt_navigator-7] [INFO] [1788835032.552025455] [bt_navigator]: Begin navigating from current location (-0.73, -4.08) to (-0.14, -4.17)
[controller_server-3] [INFO] [1788835032.575873728] [controller_server]: Received a goal, begin computing control effort.
[controller_server-3] [INFO] [1788835033.029841023] [controller_server]: Reached the goal!
[bt_navigator-7] [INFO] [1788835033.063881892] [bt_navigator]: Goal succeeded
[INFO] [1788835033.064944398] [candidate_explorer]: Frontier goal finished: success=True
[INFO] [1788835033.065149592] [candidate_explorer]: Reached frontier. Waiting for the map to expose new frontiers.
[INFO] [1788835033.383703526] [candidate_explorer]: Detected 7358 frontier cells
[INFO] [1788835033.390284424] [candidate_explorer]: Found 197 frontier clusters after filtering
[INFO] [1788835033.394656649] [candidate_explorer]: Selected frontier cluster: size=1516, goal=(0.24, -4.18), distance=0.60
[INFO] [1788835033.395500255] [candidate_explorer]: Checking global path to frontier (0.24, -4.18), distance=0.60m
[INFO] [1788835033.400772040] [candidate_explorer]: Nav2 path to frontier is 0.62m (straight-line=0.60m, detour=1.0x)
[INFO] [1788835033.401692848] [candidate_explorer]: Global path accepted. Navigating to frontier (0.24, -4.18)
[bt_navigator-7] [INFO] [1788835033.402087819] [bt_navigator]: Begin navigating from current location (-0.36, -4.15) to (0.24, -4.18)
[controller_server-3] [INFO] [1788835033.423739877] [controller_server]: Received a goal, begin computing control effort.
[controller_server-3] [INFO] [1788835033.877596013] [controller_server]: Reached the goal!
[bt_navigator-7] [INFO] [1788835033.914817985] [bt_navigator]: Goal succeeded
[INFO] [1788835033.915861201] [candidate_explorer]: Frontier goal finished: success=True
[INFO] [1788835033.916073227] [candidate_explorer]: Reached frontier. Waiting for the map to expose new frontiers.
[INFO] [1788835034.033607884] [candidate_explorer]: Detected 7358 frontier cells
[INFO] [1788835034.040215655] [candidate_explorer]: Found 197 frontier clusters after filtering
[INFO] [1788835034.044808489] [candidate_explorer]: Selected frontier cluster: size=1516, goal=(0.58, -3.96), distance=0.60
[INFO] [1788835034.045777877] [candidate_explorer]: Checking global path to frontier (0.58, -3.96), distance=0.60m
[INFO] [1788835034.050886049] [candidate_explorer]: Nav2 path to frontier is 0.60m (straight-line=0.60m, detour=1.0x)
[INFO] [1788835034.051771527] [candidate_explorer]: Global path accepted. Navigating to frontier (0.58, -3.96)
[bt_navigator-7] [INFO] [1788835034.052209287] [bt_navigator]: Begin navigating from current location (0.03, -4.19) to (0.58, -3.96)
[controller_server-3] [INFO] [1788835034.073476955] [controller_server]: Received a goal, begin computing control effort.
[controller_server-3] [INFO] [1788835034.525830034] [controller_server]: Reached the goal!
[bt_navigator-7] [INFO] [1788835034.555056126] [bt_navigator]: Goal succeeded
[INFO] [1788835034.555489178] [candidate_explorer]: Frontier goal finished: success=True
[INFO] [1788835034.555758242] [candidate_explorer]: Reached frontier. Waiting for the map to expose new frontiers.
[INFO] [1788835034.789054849] [candidate_explorer]: Detected 7358 frontier cells
[INFO] [1788835034.795833983] [candidate_explorer]: Found 197 frontier clusters after filtering
[INFO] [1788835034.800149879] [candidate_explorer]: Selected frontier cluster: size=1516, goal=(1.02, -4.05), distance=0.60
[INFO] [1788835034.800948946] [candidate_explorer]: Checking global path to frontier (1.02, -4.05), distance=0.60m
[INFO] [1788835034.806580705] [candidate_explorer]: Nav2 path to frontier is 0.60m (straight-line=0.60m, detour=1.0x)
[INFO] [1788835034.807448351] [candidate_explorer]: Global path accepted. Navigating to frontier (1.02, -4.05)
[bt_navigator-7] [INFO] [1788835034.807883153] [bt_navigator]: Begin navigating from current location (0.42, -4.10) to (1.02, -4.05)
[controller_server-3] [INFO] [1788835034.831288708] [controller_server]: Received a goal, begin computing control effort.
[controller_server-3] [INFO] [1788835035.283425761] [controller_server]: Reached the goal!
[bt_navigator-7] [INFO] [1788835035.319544937] [bt_navigator]: Goal succeeded
[INFO] [1788835035.320028069] [candidate_explorer]: Frontier goal finished: success=True
[INFO] [1788835035.320281634] [candidate_explorer]: Reached frontier. Waiting for the map to expose new frontiers.
[INFO] [1788835035.633697232] [candidate_explorer]: Detected 7080 frontier cells
[INFO] [1788835035.640187970] [candidate_explorer]: Found 151 frontier clusters after filtering
[INFO] [1788835035.644405248] [candidate_explorer]: Selected frontier cluster: size=2191, goal=(1.36, -4.23), distance=0.60
[INFO] [1788835035.645236688] [candidate_explorer]: Checking global path to frontier (1.36, -4.23), distance=0.60m
[INFO] [1788835035.650740123] [candidate_explorer]: Nav2 path to frontier is 0.62m (straight-line=0.60m, detour=1.0x)
[INFO] [1788835035.651634141] [candidate_explorer]: Global path accepted. Navigating to frontier (1.36, -4.23)
[bt_navigator-7] [INFO] [1788835035.652036654] [bt_navigator]: Begin navigating from current location (0.80, -4.01) to (1.36, -4.23)
[controller_server-3] [INFO] [1788835035.673241243] [controller_server]: Received a goal, begin computing control effort.
[controller_server-3] [INFO] [1788835036.125264221] [controller_server]: Reached the goal!
[bt_navigator-7] [INFO] [1788835036.164484465] [bt_navigator]: Goal succeeded
[INFO] [1788835036.165631715] [candidate_explorer]: Frontier goal finished: success=True
[INFO] [1788835036.165889280] [candidate_explorer]: Reached frontier. Waiting for the map to expose new frontiers.
[INFO] [1788835036.290080662] [candidate_explorer]: Detected 7080 frontier cells
[INFO] [1788835036.296698558] [candidate_explorer]: Found 151 frontier clusters after filtering
[INFO] [1788835036.300673978] [candidate_explorer]: Selected frontier cluster: size=2191, goal=(1.77, -4.21), distance=0.60
[INFO] [1788835036.301445464] [candidate_explorer]: Checking global path to frontier (1.77, -4.21), distance=0.60m
[INFO] [1788835036.306682127] [candidate_explorer]: Nav2 path to frontier is 0.62m (straight-line=0.60m, detour=1.0x)
[INFO] [1788835036.307601227] [candidate_explorer]: Global path accepted. Navigating to frontier (1.77, -4.21)
[bt_navigator-7] [INFO] [1788835036.308047528] [bt_navigator]: Begin navigating from current location (1.18, -4.11) to (1.77, -4.21)
[controller_server-3] [INFO] [1788835036.328755320] [controller_server]: Received a goal, begin computing control effort.
[controller_server-3] [INFO] [1788835036.781298802] [controller_server]: Reached the goal!
[bt_navigator-7] [INFO] [1788835036.821108544] [bt_navigator]: Goal succeeded
[INFO] [1788835036.822204548] [candidate_explorer]: Frontier goal finished: success=True
[INFO] [1788835036.822412492] [candidate_explorer]: Reached frontier. Waiting for the map to expose new frontiers.
[INFO] [1788835037.131352455] [candidate_explorer]: Detected 5217 frontier cells
[INFO] [1788835037.137465221] [candidate_explorer]: Found 145 frontier clusters after filtering
[INFO] [1788835037.140466212] [candidate_explorer]: Selected frontier cluster: size=191, goal=(2.08, -4.48), distance=0.61
[INFO] [1788835037.141198450] [candidate_explorer]: Checking global path to frontier (2.08, -4.48), distance=0.61m
[INFO] [1788835037.146573603] [candidate_explorer]: Nav2 path to frontier is 0.63m (straight-line=0.61m, detour=1.0x)
[INFO] [1788835037.147519159] [candidate_explorer]: Global path accepted. Navigating to frontier (2.08, -4.48)
[bt_navigator-7] [INFO] [1788835037.147945045] [bt_navigator]: Begin navigating from current location (1.54, -4.21) to (2.08, -4.48)
[controller_server-3] [INFO] [1788835037.170866011] [controller_server]: Received a goal, begin computing control effort.
[controller_server-3] [INFO] [1788835037.623199591] [controller_server]: Reached the goal!
[bt_navigator-7] [INFO] [1788835037.658521575] [bt_navigator]: Goal succeeded
[INFO] [1788835037.659733612] [candidate_explorer]: Frontier goal finished: success=True
[INFO] [1788835037.659989136] [candidate_explorer]: Reached frontier. Waiting for the map to expose new frontiers.
[INFO] [1788835037.790907614] [candidate_explorer]: Detected 5217 frontier cells
[INFO] [1788835037.796059200] [candidate_explorer]: Found 145 frontier clusters after filtering
[INFO] [1788835037.799006944] [candidate_explorer]: Selected frontier cluster: size=225, goal=(2.40, -3.97), distance=0.60
[INFO] [1788835037.799692437] [candidate_explorer]: Checking global path to frontier (2.40, -3.97), distance=0.60m
[INFO] [1788835037.804988678] [candidate_explorer]: Nav2 path to frontier is 0.60m (straight-line=0.60m, detour=1.0x)
[INFO] [1788835037.805850449] [candidate_explorer]: Global path accepted. Navigating to frontier (2.40, -3.97)
[bt_navigator-7] [INFO] [1788835037.806213256] [bt_navigator]: Begin navigating from current location (1.92, -4.33) to (2.40, -3.97)
[controller_server-3] [INFO] [1788835037.827869480] [controller_server]: Received a goal, begin computing control effort.
[controller_server-3] [INFO] [1788835038.878363665] [controller_server]: Passing new path to controller.
[controller_server-3] [INFO] [1788835039.238416802] [controller_server]: Reached the goal!
[bt_navigator-7] [INFO] [1788835039.268833975] [bt_navigator]: Goal succeeded
[INFO] [1788835039.270234540] [candidate_explorer]: Frontier goal finished: success=True
[INFO] [1788835039.270627011] [candidate_explorer]: Reached frontier. Waiting for the map to expose new frontiers.
[INFO] [1788835039.636567473] [candidate_explorer]: Detected 4573 frontier cells
[INFO] [1788835039.641084812] [candidate_explorer]: Found 132 frontier clusters after filtering
[INFO] [1788835039.644092219] [candidate_explorer]: Selected frontier cluster: size=227, goal=(7.24, -4.15), distance=4.79
[INFO] [1788835039.644709591] [candidate_explorer]: Checking global path to frontier (7.24, -4.15), distance=4.79m
[INFO] [1788835039.700485928] [candidate_explorer]: Nav2 path to frontier is 18.78m (straight-line=4.79m, detour=3.9x)
[INFO] [1788835039.700762324] [candidate_explorer]: Deferring frontier (7.24, -4.15): its 3.9x Nav2 detour has been added as a score penalty, not blacklisted.
[INFO] [1788835039.795955765] [candidate_explorer]: Detected 4573 frontier cells
[INFO] [1788835039.800345447] [candidate_explorer]: Found 132 frontier clusters after filtering
[INFO] [1788835039.803086207] [candidate_explorer]: Selected frontier cluster: size=539, goal=(9.67, -1.21), distance=7.81
[INFO] [1788835039.803624835] [candidate_explorer]: Checking global path to frontier (9.67, -1.21), distance=7.81m
[INFO] [1788835039.855992626] [candidate_explorer]: Nav2 path to frontier is 19.12m (straight-line=7.81m, detour=2.4x)
[INFO] [1788835039.874421417] [candidate_explorer]: Global path accepted. Navigating to frontier (9.67, -1.21)
[bt_navigator-7] [INFO] [1788835039.875033997] [bt_navigator]: Begin navigating from current location (2.45, -4.19) to (9.67, -1.21)
[controller_server-3] [INFO] [1788835039.908870172] [controller_server]: Received a goal, begin computing control effort.
[controller_server-3] [INFO] [1788835040.959578092] [controller_server]: Passing new path to controller.
[controller_server-3] [INFO] [1788835042.009746509] [controller_server]: Passing new path to controller.
[controller_server-3] [INFO] [1788835043.011276489] [controller_server]: Passing new path to controller.
[controller_server-3] [INFO] [1788835044.065800133] [controller_server]: Passing new path to controller.
[controller_server-3] [INFO] [1788835045.066038040] [controller_server]: Passing new path to controller.
[async_slam_toolbox_node-2] W0908 02:37:25.260789 16799 preprocessor.cc:62] Specified options.num_threads: 50 exceeds maximum available from the threading model Ceres was compiled with: 14.  Bounding to maximum number available.
[controller_server-3] [INFO] [1788835046.111428762] [controller_server]: Passing new path to controller.
[planner_server-5] [INFO] [1788835047.117270263] [global_costmap.global_costmap]: StaticLayer: Resizing costmap to 1499 X 566 at 0.015000 m/pix
[planner_server-5] [WARN] [1788835047.118454803] [planner_server]: Planner loop missed its desired rate of 20.0000 Hz. Current loop rate is 10.0000 Hz
[controller_server-3] [INFO] [1788835047.161714629] [controller_server]: Passing new path to controller.
[controller_server-3] [INFO] [1788835048.216196775] [controller_server]: Passing new path to controller.
[async_slam_toolbox_node-2] W0908 02:37:29.034494 16799 preprocessor.cc:62] Specified options.num_threads: 50 exceeds maximum available from the threading model Ceres was compiled with: 14.  Bounding to maximum number available.
[controller_server-3] [INFO] [1788835049.210602438] [controller_server]: Passing new path to controller.
[controller_server-3] [INFO] [1788835050.261436724] [controller_server]: Passing new path to controller.
[planner_server-5] [INFO] [1788835051.118718982] [global_costmap.global_costmap]: StaticLayer: Resizing costmap to 1499 X 566 at 0.015000 m/pix
[controller_server-3] [INFO] [1788835051.266070854] [controller_server]: Passing new path to controller.
[controller_server-3] [INFO] [1788835052.314996403] [controller_server]: Passing new path to controller.
[async_slam_toolbox_node-2] W0908 02:37:32.535440 16799 preprocessor.cc:62] Specified options.num_threads: 50 exceeds maximum available from the threading model Ceres was compiled with: 14.  Bounding to maximum number available.
[planner_server-5] [INFO] [1788835053.119100304] [global_costmap.global_costmap]: StaticLayer: Resizing costmap to 1499 X 566 at 0.015000 m/pix
[controller_server-3] [INFO] [1788835053.317448775] [controller_server]: Passing new path to controller.
[controller_server-3] [INFO] [1788835054.317672975] [controller_server]: Passing new path to controller.
[async_slam_toolbox_node-2] W0908 02:37:35.036561 16799 preprocessor.cc:62] Specified options.num_threads: 50 exceeds maximum available from the threading model Ceres was compiled with: 14.  Bounding to maximum number available.
[controller_server-3] [INFO] [1788835055.361411858] [controller_server]: Passing new path to controller.
[controller_server-3] [INFO] [1788835056.409347978] [controller_server]: Passing new path to controller.
[controller_server-3] [INFO] [1788835056.466777612] [controller_server]: Reached the goal!
[bt_navigator-7] [INFO] [1788835056.505206329] [bt_navigator]: Goal succeeded
[INFO] [1788835056.506395285] [candidate_explorer]: Frontier goal finished: success=True
[INFO] [1788835056.506684180] [candidate_explorer]: Reached frontier. Waiting for the map to expose new frontiers.
[INFO] [1788835056.886269737] [candidate_explorer]: Detected 4197 frontier cells
[INFO] [1788835056.891705593] [candidate_explorer]: Found 116 frontier clusters after filtering
[INFO] [1788835056.894391024] [candidate_explorer]: Selected frontier cluster: size=14, goal=(10.50, -1.17), distance=1.04
[INFO] [1788835056.895002438] [candidate_explorer]: Checking global path to frontier (10.50, -1.17), distance=1.04m
[planner_server-5] [ERROR] [1788835056.896806391] [planner_server]: Failed to create a plan from potential when a legal potential was found. This shouldn't happen.
[planner_server-5] [WARN] [1788835056.896876302] [planner_server]: GridBased: failed to create plan with tolerance 0.50.
[planner_server-5] [WARN] [1788835056.896883718] [planner_server]: Planning algorithm GridBased failed to generate a valid path to (10.50, -1.17)
[planner_server-5] [WARN] [1788835056.896889135] [planner_server]: [compute_path_to_pose] [ActionServer] Aborting handle.
[WARN] [1788835056.899576857] [candidate_explorer]: Path computation failed, status=6
[WARN] [1788835056.899816756] [candidate_explorer]: No global path to frontier (10.50, -1.17). Blacklisting.
[planner_server-5] [INFO] [1788835057.125694400] [global_costmap.global_costmap]: StaticLayer: Resizing costmap to 1571 X 566 at 0.015000 m/pix
[INFO] [1788835057.141458509] [candidate_explorer]: Detected 4712 frontier cells
[INFO] [1788835057.147551401] [candidate_explorer]: Found 89 frontier clusters after filtering
[INFO] [1788835057.150684258] [candidate_explorer]: Selected frontier cluster: size=1574, goal=(11.30, -1.28), distance=1.83
[INFO] [1788835057.151279381] [candidate_explorer]: Checking global path to frontier (11.30, -1.28), distance=1.83m
[INFO] [1788835057.159998000] [candidate_explorer]: Nav2 path to frontier is 2.19m (straight-line=1.83m, detour=1.2x)
[INFO] [1788835057.162469696] [candidate_explorer]: Global path accepted. Navigating to frontier (11.30, -1.28)
[bt_navigator-7] [INFO] [1788835057.162937745] [bt_navigator]: Begin navigating from current location (9.46, -1.28) to (11.30, -1.28)
[controller_server-3] [INFO] [1788835057.185739261] [controller_server]: Received a goal, begin computing control effort.
[controller_server-3] [INFO] [1788835058.238122309] [controller_server]: Passing new path to controller.
[controller_server-3] [INFO] [1788835058.689467378] [controller_server]: Reached the goal!
[bt_navigator-7] [INFO] [1788835058.724307189] [bt_navigator]: Goal succeeded
[INFO] [1788835058.725734252] [candidate_explorer]: Frontier goal finished: success=True
[INFO] [1788835058.726056187] [candidate_explorer]: Reached frontier. Waiting for the map to expose new frontiers.
[planner_server-5] [INFO] [1788835059.119122601] [global_costmap.global_costmap]: StaticLayer: Resizing costmap to 1630 X 567 at 0.015000 m/pix
[INFO] [1788835059.150293344] [candidate_explorer]: Detected 4398 frontier cells
[INFO] [1788835059.156161960] [candidate_explorer]: Found 87 frontier clusters after filtering
[INFO] [1788835059.158984089] [candidate_explorer]: Selected frontier cluster: size=705, goal=(11.64, -0.98), distance=0.60
[INFO] [1788835059.159521425] [candidate_explorer]: Checking global path to frontier (11.64, -0.98), distance=0.60m
[INFO] [1788835059.165135769] [candidate_explorer]: Nav2 path to frontier is 0.61m (straight-line=0.60m, detour=1.0x)
[INFO] [1788835059.165946752] [candidate_explorer]: Global path accepted. Navigating to frontier (11.64, -0.98)
[bt_navigator-7] [INFO] [1788835059.166365430] [bt_navigator]: Begin navigating from current location (11.11, -1.26) to (11.64, -0.98)
[controller_server-3] [INFO] [1788835059.187574936] [controller_server]: Received a goal, begin computing control effort.
[controller_server-3] [INFO] [1788835059.693373437] [controller_server]: Reached the goal!
[bt_navigator-7] [INFO] [1788835059.729183344] [bt_navigator]: Goal succeeded
[INFO] [1788835059.729641894] [candidate_explorer]: Frontier goal finished: success=True
[INFO] [1788835059.729872960] [candidate_explorer]: Reached frontier. Waiting for the map to expose new frontiers.
[INFO] [1788835060.049663097] [candidate_explorer]: Detected 4398 frontier cells
[INFO] [1788835060.053943953] [candidate_explorer]: Found 87 frontier clusters after filtering
[INFO] [1788835060.056768499] [candidate_explorer]: Selected frontier cluster: size=705, goal=(12.08, -0.90), distance=0.60
[INFO] [1788835060.057373955] [candidate_explorer]: Checking global path to frontier (12.08, -0.90), distance=0.60m
[planner_server-5] [ERROR] [1788835060.059323522] [planner_server]: Failed to create a plan from potential when a legal potential was found. This shouldn't happen.
[planner_server-5] [WARN] [1788835060.059591336] [planner_server]: GridBased: failed to create plan with tolerance 0.50.
[planner_server-5] [WARN] [1788835060.059598127] [planner_server]: Planning algorithm GridBased failed to generate a valid path to (12.08, -0.90)
[planner_server-5] [WARN] [1788835060.059604085] [planner_server]: [compute_path_to_pose] [ActionServer] Aborting handle.
[WARN] [1788835060.061679185] [candidate_explorer]: Path computation failed, status=6
[WARN] [1788835060.061899086] [candidate_explorer]: No global path to frontier (12.08, -0.90). Blacklisting.
[INFO] [1788835060.301838420] [candidate_explorer]: Detected 4398 frontier cells
[INFO] [1788835060.306312555] [candidate_explorer]: Found 87 frontier clusters after filtering
[INFO] [1788835060.308982028] [candidate_explorer]: Selected frontier cluster: size=521, goal=(11.58, -0.26), distance=0.87
[INFO] [1788835060.309517947] [candidate_explorer]: Checking global path to frontier (11.58, -0.26), distance=0.87m
[INFO] [1788835060.315397230] [candidate_explorer]: Nav2 path to frontier is 0.99m (straight-line=0.87m, detour=1.1x)
[INFO] [1788835060.316701886] [candidate_explorer]: Global path accepted. Navigating to frontier (11.58, -0.26)
[bt_navigator-7] [INFO] [1788835060.317107648] [bt_navigator]: Begin navigating from current location (11.52, -1.13) to (11.58, -0.26)
[controller_server-3] [INFO] [1788835060.339765841] [controller_server]: Received a goal, begin computing control effort.
[planner_server-5] [INFO] [1788835061.118436833] [global_costmap.global_costmap]: StaticLayer: Resizing costmap to 1631 X 568 at 0.015000 m/pix
[controller_server-3] [INFO] [1788835061.392298795] [controller_server]: Passing new path to controller.
[controller_server-3] [INFO] [1788835061.493214696] [controller_server]: Reached the goal!
[bt_navigator-7] [INFO] [1788835061.527463716] [bt_navigator]: Goal succeeded
[INFO] [1788835061.527878978] [candidate_explorer]: Frontier goal finished: success=True
[INFO] [1788835061.528097212] [candidate_explorer]: Reached frontier. Waiting for the map to expose new frontiers.
[INFO] [1788835061.907614398] [candidate_explorer]: Detected 4380 frontier cells
[INFO] [1788835061.913240032] [candidate_explorer]: Found 94 frontier clusters after filtering
[INFO] [1788835061.916232607] [candidate_explorer]: Selected frontier cluster: size=744, goal=(11.93, 0.12), distance=0.60
[INFO] [1788835061.916760653] [candidate_explorer]: Checking global path to frontier (11.93, 0.12), distance=0.60m
[INFO] [1788835061.922223965] [candidate_explorer]: Nav2 path to frontier is 0.62m (straight-line=0.60m, detour=1.0x)
[INFO] [1788835061.923128400] [candidate_explorer]: Global path accepted. Navigating to frontier (11.93, 0.12)
[bt_navigator-7] [INFO] [1788835061.923544745] [bt_navigator]: Begin navigating from current location (11.69, -0.43) to (11.93, 0.12)
[controller_server-3] [INFO] [1788835061.946908845] [controller_server]: Received a goal, begin computing control effort.
[controller_server-3] [INFO] [1788835062.399669269] [controller_server]: Reached the goal!
[bt_navigator-7] [INFO] [1788835062.433916581] [bt_navigator]: Goal succeeded
[INFO] [1788835062.435396640] [candidate_explorer]: Frontier goal finished: success=True
[INFO] [1788835062.435684578] [candidate_explorer]: Reached frontier. Waiting for the map to expose new frontiers.
[INFO] [1788835062.549136030] [candidate_explorer]: Detected 4380 frontier cells
[INFO] [1788835062.553348891] [candidate_explorer]: Found 94 frontier clusters after filtering
[INFO] [1788835062.556024364] [candidate_explorer]: Selected frontier cluster: size=35, goal=(11.22, 0.22), distance=0.61
[INFO] [1788835062.556597906] [candidate_explorer]: Checking global path to frontier (11.22, 0.22), distance=0.61m
[INFO] [1788835062.561822028] [candidate_explorer]: Nav2 path to frontier is 0.63m (straight-line=0.61m, detour=1.0x)
[INFO] [1788835062.562666008] [candidate_explorer]: Global path accepted. Navigating to frontier (11.22, 0.22)
[bt_navigator-7] [INFO] [1788835062.563067313] [bt_navigator]: Begin navigating from current location (11.77, -0.04) to (11.22, 0.22)
[controller_server-3] [INFO] [1788835062.584760200] [controller_server]: Received a goal, begin computing control effort.
[planner_server-5] [INFO] [1788835063.115839371] [global_costmap.global_costmap]: StaticLayer: Resizing costmap to 1631 X 569 at 0.015000 m/pix
[controller_server-3] [INFO] [1788835063.635116687] [controller_server]: Passing new path to controller.
[controller_server-3] [INFO] [1788835064.038081342] [controller_server]: Reached the goal!
[bt_navigator-7] [INFO] [1788835064.075340936] [bt_navigator]: Goal succeeded
[INFO] [1788835064.076513268] [candidate_explorer]: Frontier goal finished: success=True
[INFO] [1788835064.076785248] [candidate_explorer]: Reached frontier. Waiting for the map to expose new frontiers.
[INFO] [1788835064.410557872] [candidate_explorer]: Detected 3472 frontier cells
[INFO] [1788835064.415445934] [candidate_explorer]: Found 97 frontier clusters after filtering
[INFO] [1788835064.418155530] [candidate_explorer]: Selected frontier cluster: size=138, goal=(10.83, 0.12), distance=0.60
[INFO] [1788835064.418740904] [candidate_explorer]: Checking global path to frontier (10.83, 0.12), distance=0.60m
[INFO] [1788835064.424234881] [candidate_explorer]: Nav2 path to frontier is 0.61m (straight-line=0.60m, detour=1.0x)
[INFO] [1788835064.424940830] [candidate_explorer]: Global path accepted. Navigating to frontier (10.83, 0.12)
[bt_navigator-7] [INFO] [1788835064.425503623] [bt_navigator]: Begin navigating from current location (11.40, 0.32) to (10.83, 0.12)
[controller_server-3] [INFO] [1788835064.446140170] [controller_server]: Received a goal, begin computing control effort.
[controller_server-3] [INFO] [1788835064.950903788] [controller_server]: Reached the goal!
[bt_navigator-7] [INFO] [1788835064.986086365] [bt_navigator]: Goal succeeded
[INFO] [1788835064.987335691] [candidate_explorer]: Frontier goal finished: success=True
[INFO] [1788835064.987580424] [candidate_explorer]: Reached frontier. Waiting for the map to expose new frontiers.
[INFO] [1788835065.407733293] [candidate_explorer]: Detected 3333 frontier cells
[INFO] [1788835065.410929353] [candidate_explorer]: Found 95 frontier clusters after filtering
[INFO] [1788835065.413438713] [candidate_explorer]: Selected frontier cluster: size=61, goal=(10.22, -2.21), distance=2.60
[INFO] [1788835065.413964300] [candidate_explorer]: Checking global path to frontier (10.22, -2.21), distance=2.60m
[INFO] [1788835065.431178303] [candidate_explorer]: Nav2 path to frontier is 3.90m (straight-line=2.60m, detour=1.5x)
[INFO] [1788835065.434699048] [candidate_explorer]: Global path accepted. Navigating to frontier (10.22, -2.21)
[bt_navigator-7] [INFO] [1788835065.435349918] [bt_navigator]: Begin navigating from current location (10.99, 0.27) to (10.22, -2.21)
[controller_server-3] [INFO] [1788835065.456345939] [controller_server]: Received a goal, begin computing control effort.
[async_slam_toolbox_node-2] [INFO] [1788835066.145475290] [slam_toolbox]: Message Filter dropping message: frame 'base_link' at time 495.700 for reason 'discarding message because the queue is full'
[controller_server-3] [INFO] [1788835066.513200331] [controller_server]: Passing new path to controller.
[controller_server-3] [INFO] [1788835067.560487165] [controller_server]: Passing new path to controller.
[controller_server-3] [INFO] [1788835068.559347297] [controller_server]: Passing new path to controller.
[planner_server-5] [INFO] [1788835069.116548076] [global_costmap.global_costmap]: StaticLayer: Resizing costmap to 1631 X 570 at 0.015000 m/pix
[controller_server-3] [INFO] [1788835069.562477453] [controller_server]: Reached the goal!
[controller_server-3] [INFO] [1788835069.566427126] [controller_server]: Received a goal, begin computing control effort.
[controller_server-3] [INFO] [1788835069.568201247] [controller_server]: Reached the goal!
[bt_navigator-7] [INFO] [1788835069.608515661] [bt_navigator]: Goal succeeded
[INFO] [1788835069.609740406] [candidate_explorer]: Frontier goal finished: success=True
[INFO] [1788835069.609971348] [candidate_explorer]: Reached frontier. Waiting for the map to expose new frontiers.
[INFO] [1788835069.911700375] [candidate_explorer]: Detected 4000 frontier cells
[INFO] [1788835069.917111941] [candidate_explorer]: Found 66 frontier clusters after filtering
[INFO] [1788835069.920232549] [candidate_explorer]: Selected frontier cluster: size=197, goal=(10.23, -2.60), distance=0.60
[INFO] [1788835069.920833422] [candidate_explorer]: Checking global path to frontier (10.23, -2.60), distance=0.60m
[INFO] [1788835069.926231406] [candidate_explorer]: Nav2 path to frontier is 0.60m (straight-line=0.60m, detour=1.0x)
[INFO] [1788835069.927012391] [candidate_explorer]: Global path accepted. Navigating to frontier (10.23, -2.60)
[bt_navigator-7] [INFO] [1788835069.927557935] [bt_navigator]: Begin navigating from current location (10.18, -2.00) to (10.23, -2.60)
[controller_server-3] [INFO] [1788835069.951267093] [controller_server]: Received a goal, begin computing control effort.
[controller_server-3] [INFO] [1788835070.455265308] [controller_server]: Reached the goal!
[bt_navigator-7] [INFO] [1788835070.489102108] [bt_navigator]: Goal succeeded
[INFO] [1788835070.489533993] [candidate_explorer]: Frontier goal finished: success=True
[INFO] [1788835070.489766268] [candidate_explorer]: Reached frontier. Waiting for the map to expose new frontiers.
[INFO] [1788835070.808121175] [candidate_explorer]: Detected 4000 frontier cells
[INFO] [1788835070.811926399] [candidate_explorer]: Found 66 frontier clusters after filtering
[INFO] [1788835070.814655701] [candidate_explorer]: Selected frontier cluster: size=5, goal=(10.22, -3.06), distance=0.68
[INFO] [1788835070.815249158] [candidate_explorer]: Checking global path to frontier (10.22, -3.06), distance=0.68m
[INFO] [1788835070.821437335] [candidate_explorer]: Nav2 path to frontier is 0.86m (straight-line=0.68m, detour=1.3x)
[INFO] [1788835070.822507841] [candidate_explorer]: Global path accepted. Navigating to frontier (10.22, -3.06)
[bt_navigator-7] [INFO] [1788835070.823027470] [bt_navigator]: Begin navigating from current location (10.20, -2.38) to (10.22, -3.06)
[controller_server-3] [INFO] [1788835070.844680486] [controller_server]: Received a goal, begin computing control effort.
[controller_server-3] [INFO] [1788835071.347136145] [controller_server]: Reached the goal!
[bt_navigator-7] [INFO] [1788835071.387449768] [bt_navigator]: Goal succeeded
[INFO] [1788835071.388712385] [candidate_explorer]: Frontier goal finished: success=True
[INFO] [1788835071.388925244] [candidate_explorer]: Reached frontier. Waiting for the map to expose new frontiers.
[INFO] [1788835071.667617731] [candidate_explorer]: Detected 4220 frontier cells
[INFO] [1788835071.673865737] [candidate_explorer]: Found 68 frontier clusters after filtering
[INFO] [1788835071.676964763] [candidate_explorer]: Selected frontier cluster: size=541, goal=(10.55, -3.36), distance=0.60
[INFO] [1788835071.677641464] [candidate_explorer]: Checking global path to frontier (10.55, -3.36), distance=0.60m
[INFO] [1788835071.683491749] [candidate_explorer]: Nav2 path to frontier is 0.66m (straight-line=0.60m, detour=1.1x)
[INFO] [1788835071.684439888] [candidate_explorer]: Global path accepted. Navigating to frontier (10.55, -3.36)
[bt_navigator-7] [INFO] [1788835071.684820819] [bt_navigator]: Begin navigating from current location (10.24, -2.84) to (10.55, -3.36)
[controller_server-3] [INFO] [1788835071.705291087] [controller_server]: Received a goal, begin computing control effort.
[controller_server-3] [INFO] [1788835072.206691114] [controller_server]: Reached the goal!
[bt_navigator-7] [INFO] [1788835072.247157643] [bt_navigator]: Goal succeeded
[INFO] [1788835072.247619359] [candidate_explorer]: Frontier goal finished: success=True
[INFO] [1788835072.247874049] [candidate_explorer]: Reached frontier. Waiting for the map to expose new frontiers.
[INFO] [1788835072.558714625] [candidate_explorer]: Detected 4220 frontier cells
[INFO] [1788835072.562881156] [candidate_explorer]: Found 68 frontier clusters after filtering
[INFO] [1788835072.566085549] [candidate_explorer]: Selected frontier cluster: size=21, goal=(10.31, -4.13), distance=0.93
[INFO] [1788835072.566658758] [candidate_explorer]: Checking global path to frontier (10.31, -4.13), distance=0.93m
[INFO] [1788835072.573041546] [candidate_explorer]: Nav2 path to frontier is 0.97m (straight-line=0.93m, detour=1.1x)
[INFO] [1788835072.574210044] [candidate_explorer]: Global path accepted. Navigating to frontier (10.31, -4.13)
[bt_navigator-7] [INFO] [1788835072.574619473] [bt_navigator]: Begin navigating from current location (10.38, -3.20) to (10.31, -4.13)
[controller_server-3] [INFO] [1788835072.598181142] [controller_server]: Received a goal, begin computing control effort.
[controller_server-3] [INFO] [1788835073.649254702] [controller_server]: Passing new path to controller.
[controller_server-3] [INFO] [1788835073.801560090] [controller_server]: Reached the goal!
[bt_navigator-7] [INFO] [1788835073.835226986] [bt_navigator]: Goal succeeded
[INFO] [1788835073.836501269] [candidate_explorer]: Frontier goal finished: success=True
[INFO] [1788835073.836743210] [candidate_explorer]: Reached frontier. Waiting for the map to expose new frontiers.
[INFO] [1788835074.164353321] [candidate_explorer]: Detected 3700 frontier cells
[INFO] [1788835074.168000724] [candidate_explorer]: Found 67 frontier clusters after filtering
[INFO] [1788835074.170849226] [candidate_explorer]: Selected frontier cluster: size=6, goal=(7.71, -6.62), distance=3.80
[INFO] [1788835074.171417643] [candidate_explorer]: Checking global path to frontier (7.71, -6.62), distance=3.80m
[INFO] [1788835074.185110526] [candidate_explorer]: Nav2 path to frontier is 4.72m (straight-line=3.80m, detour=1.2x)
[INFO] [1788835074.189409757] [candidate_explorer]: Global path accepted. Navigating to frontier (7.71, -6.62)
[bt_navigator-7] [INFO] [1788835074.189809561] [bt_navigator]: Begin navigating from current location (10.43, -3.96) to (7.71, -6.62)
[controller_server-3] [INFO] [1788835074.213194826] [controller_server]: Received a goal, begin computing control effort.
[controller_server-3] [INFO] [1788835075.265094368] [controller_server]: Passing new path to controller.
[controller_server-3] [INFO] [1788835076.267384918] [controller_server]: Passing new path to controller.
[controller_server-3] [INFO] [1788835077.314046548] [controller_server]: Passing new path to controller.
[controller_server-3] [INFO] [1788835078.313331733] [controller_server]: Passing new path to controller.
[planner_server-5] [INFO] [1788835079.117032163] [global_costmap.global_costmap]: StaticLayer: Resizing costmap to 1631 X 571 at 0.015000 m/pix
[controller_server-3] [INFO] [1788835079.363377575] [controller_server]: Passing new path to controller.
[async_slam_toolbox_node-2] W0908 02:37:59.559370 16799 preprocessor.cc:62] Specified options.num_threads: 50 exceeds maximum available from the threading model Ceres was compiled with: 14.  Bounding to maximum number available.
[controller_server-3] [INFO] [1788835080.415349195] [controller_server]: Passing new path to controller.
[planner_server-5] [INFO] [1788835081.118094144] [global_costmap.global_costmap]: StaticLayer: Resizing costmap to 1632 X 568 at 0.015000 m/pix
[controller_server-3] [INFO] [1788835081.414637921] [controller_server]: Passing new path to controller.
[controller_server-3] [INFO] [1788835082.464089598] [controller_server]: Passing new path to controller.
[planner_server-5] [INFO] [1788835083.118051913] [global_costmap.global_costmap]: StaticLayer: Resizing costmap to 1632 X 680 at 0.015000 m/pix
[planner_server-5] [ERROR] [1788835083.424770579] [planner_server]: Failed to create a plan from potential when a legal potential was found. This shouldn't happen.
[planner_server-5] [WARN] [1788835083.424823575] [planner_server]: GridBased: failed to create plan with tolerance 0.50.
[planner_server-5] [WARN] [1788835083.424829949] [planner_server]: Planning algorithm GridBased failed to generate a valid path to (7.71, -6.62)
[planner_server-5] [WARN] [1788835083.424835449] [planner_server]: [compute_path_to_pose] [ActionServer] Aborting handle.
[bt_navigator-7] [ERROR] [1788835083.462013257] [bt_navigator_navigate_to_pose_rclcpp_node]: Failed to get result for follow_path in node halt!
[controller_server-3] [INFO] [1788835083.463397240] [local_costmap.local_costmap]: Received request to clear entirely the local_costmap
[planner_server-5] [INFO] [1788835083.463965532] [global_costmap.global_costmap]: Received request to clear entirely the global_costmap
[bt_navigator-7] [WARN] [1788835083.464840052] [BehaviorTreeEngine]: Behavior Tree tick rate 100.00 was exceeded!
[controller_server-3] [INFO] [1788835083.466320862] [controller_server]: Goal was canceled. Stopping the robot.
[controller_server-3] [INFO] [1788835083.466338069] [controller_server]: [follow_path] [ActionServer] Client requested to cancel the goal. Cancelling.
[planner_server-5] [WARN] [1788835084.138140133] [planner_server]: Planner loop missed its desired rate of 20.0000 Hz. Current loop rate is 0.3704 Hz
[controller_server-3] [INFO] [1788835084.157016641] [controller_server]: Received a goal, begin computing control effort.
[planner_server-5] [INFO] [1788835085.116069239] [global_costmap.global_costmap]: StaticLayer: Resizing costmap to 1632 X 789 at 0.015000 m/pix
[controller_server-3] [INFO] [1788835085.207236888] [controller_server]: Passing new path to controller.
[controller_server-3] [INFO] [1788835085.859401624] [controller_server]: Reached the goal!
[bt_navigator-7] [INFO] [1788835085.895058542] [bt_navigator]: Goal succeeded
[INFO] [1788835085.896434192] [candidate_explorer]: Frontier goal finished: success=True
[INFO] [1788835085.896697006] [candidate_explorer]: Reached frontier. Waiting for the map to expose new frontiers.
[INFO] [1788835086.203065573] [candidate_explorer]: Detected 5304 frontier cells
[INFO] [1788835086.210530407] [candidate_explorer]: Found 74 frontier clusters after filtering
[INFO] [1788835086.214006864] [candidate_explorer]: Selected frontier cluster: size=1629, goal=(7.44, -6.97), distance=0.60
[INFO] [1788835086.214702813] [candidate_explorer]: Checking global path to frontier (7.44, -6.97), distance=0.60m
[INFO] [1788835086.221029355] [candidate_explorer]: Nav2 path to frontier is 0.60m (straight-line=0.60m, detour=1.0x)
[INFO] [1788835086.221915624] [candidate_explorer]: Global path accepted. Navigating to frontier (7.44, -6.97)
[bt_navigator-7] [INFO] [1788835086.222294055] [bt_navigator]: Begin navigating from current location (7.68, -6.41) to (7.44, -6.97)
[controller_server-3] [INFO] [1788835086.242704119] [controller_server]: Received a goal, begin computing control effort.
[controller_server-3] [INFO] [1788835086.694404870] [controller_server]: Reached the goal!
[bt_navigator-7] [INFO] [1788835086.735406568] [bt_navigator]: Goal succeeded
[INFO] [1788835086.736768386] [candidate_explorer]: Frontier goal finished: success=True
[INFO] [1788835086.737007827] [candidate_explorer]: Reached frontier. Waiting for the map to expose new frontiers.
[INFO] [1788835087.201681431] [candidate_explorer]: Detected 5123 frontier cells
[INFO] [1788835087.209208053] [candidate_explorer]: Found 87 frontier clusters after filtering
[INFO] [1788835087.213003528] [candidate_explorer]: Selected frontier cluster: size=157, goal=(6.93, -6.95), distance=0.60
[INFO] [1788835087.213639815] [candidate_explorer]: Checking global path to frontier (6.93, -6.95), distance=0.60m
[INFO] [1788835087.220452822] [candidate_explorer]: Nav2 path to frontier is 0.64m (straight-line=0.60m, detour=1.1x)
[INFO] [1788835087.221369589] [candidate_explorer]: Global path accepted. Navigating to frontier (6.93, -6.95)
[bt_navigator-7] [INFO] [1788835087.221827389] [bt_navigator]: Begin navigating from current location (7.50, -6.75) to (6.93, -6.95)
[controller_server-3] [INFO] [1788835087.244625113] [controller_server]: Received a goal, begin computing control effort.
[controller_server-3] [INFO] [1788835088.294793780] [controller_server]: Passing new path to controller.
[controller_server-3] [INFO] [1788835088.347160072] [controller_server]: Reached the goal!
[bt_navigator-7] [INFO] [1788835088.384591653] [bt_navigator]: Goal succeeded
[INFO] [1788835088.385935764] [candidate_explorer]: Frontier goal finished: success=True
[INFO] [1788835088.386199245] [candidate_explorer]: Reached frontier. Waiting for the map to expose new frontiers.
[INFO] [1788835088.575789059] [candidate_explorer]: Detected 5123 frontier cells
[INFO] [1788835088.580858067] [candidate_explorer]: Found 87 frontier clusters after filtering
[INFO] [1788835088.584502594] [candidate_explorer]: Selected frontier cluster: size=1019, goal=(7.88, -6.59), distance=0.86
[INFO] [1788835088.585125758] [candidate_explorer]: Checking global path to frontier (7.88, -6.59), distance=0.86m
[INFO] [1788835088.591626287] [candidate_explorer]: Nav2 path to frontier is 0.87m (straight-line=0.86m, detour=1.0x)
[INFO] [1788835088.592906319] [candidate_explorer]: Global path accepted. Navigating to frontier (7.88, -6.59)
[bt_navigator-7] [INFO] [1788835088.593485527] [bt_navigator]: Begin navigating from current location (7.14, -7.04) to (7.88, -6.59)
[controller_server-3] [INFO] [1788835088.614125158] [controller_server]: Received a goal, begin computing control effort.
[controller_server-3] [INFO] [1788835089.666867389] [controller_server]: Passing new path to controller.
[controller_server-3] [INFO] [1788835090.266224782] [controller_server]: Reached the goal!
[bt_navigator-7] [INFO] [1788835090.293925984] [bt_navigator]: Goal succeeded
[INFO] [1788835090.295297843] [candidate_explorer]: Frontier goal finished: success=True
[INFO] [1788835090.295575948] [candidate_explorer]: Reached frontier. Waiting for the map to expose new frontiers.
[INFO] [1788835090.709348987] [candidate_explorer]: Detected 5281 frontier cells
[INFO] [1788835090.716339564] [candidate_explorer]: Found 80 frontier clusters after filtering
[INFO] [1788835090.720277446] [candidate_explorer]: Selected frontier cluster: size=1337, goal=(8.19, -6.88), distance=0.60
[INFO] [1788835090.720990686] [candidate_explorer]: Checking global path to frontier (8.19, -6.88), distance=0.60m
[INFO] [1788835090.727015166] [candidate_explorer]: Nav2 path to frontier is 0.62m (straight-line=0.60m, detour=1.0x)
[INFO] [1788835090.727949849] [candidate_explorer]: Global path accepted. Navigating to frontier (8.19, -6.88)
[bt_navigator-7] [INFO] [1788835090.728347695] [bt_navigator]: Begin navigating from current location (7.67, -6.57) to (8.19, -6.88)
[controller_server-3] [INFO] [1788835090.750752906] [controller_server]: Received a goal, begin computing control effort.
[controller_server-3] [INFO] [1788835091.803229906] [controller_server]: Passing new path to controller.
[controller_server-3] [INFO] [1788835091.853952775] [controller_server]: Reached the goal!
[bt_navigator-7] [INFO] [1788835091.890894600] [bt_navigator]: Goal succeeded
[INFO] [1788835091.892178632] [candidate_explorer]: Frontier goal finished: success=True
[INFO] [1788835091.892393700] [candidate_explorer]: Reached frontier. Waiting for the map to expose new frontiers.
[INFO] [1788835092.213562611] [candidate_explorer]: Detected 5933 frontier cells
[INFO] [1788835092.219240741] [candidate_explorer]: Found 98 frontier clusters after filtering
[INFO] [1788835092.223550638] [candidate_explorer]: Selected frontier cluster: size=1723, goal=(8.75, -6.70), distance=0.60
[INFO] [1788835092.224284834] [candidate_explorer]: Checking global path to frontier (8.75, -6.70), distance=0.60m
[INFO] [1788835092.230580504] [candidate_explorer]: Nav2 path to frontier is 0.63m (straight-line=0.60m, detour=1.1x)
[INFO] [1788835092.231458357] [candidate_explorer]: Global path accepted. Navigating to frontier (8.75, -6.70)
[bt_navigator-7] [INFO] [1788835092.231848620] [bt_navigator]: Begin navigating from current location (8.15, -6.68) to (8.75, -6.70)
[controller_server-3] [INFO] [1788835092.255088771] [controller_server]: Received a goal, begin computing control effort.
[controller_server-3] [INFO] [1788835092.757324904] [controller_server]: Reached the goal!
[bt_navigator-7] [INFO] [1788835092.792254917] [bt_navigator]: Goal succeeded
[INFO] [1788835092.793824886] [candidate_explorer]: Frontier goal finished: success=True
[INFO] [1788835092.794106449] [candidate_explorer]: Reached frontier. Waiting for the map to expose new frontiers.
[planner_server-5] [INFO] [1788835093.115885900] [global_costmap.global_costmap]: StaticLayer: Resizing costmap to 1632 X 898 at 0.015000 m/pix
[INFO] [1788835093.233983432] [candidate_explorer]: Detected 5229 frontier cells
[INFO] [1788835093.238844330] [candidate_explorer]: Found 96 frontier clusters after filtering
[INFO] [1788835093.242781545] [candidate_explorer]: Selected frontier cluster: size=657, goal=(9.17, -6.78), distance=0.60
[INFO] [1788835093.243496701] [candidate_explorer]: Checking global path to frontier (9.17, -6.78), distance=0.60m
[INFO] [1788835093.251402671] [candidate_explorer]: Nav2 path to frontier is 1.52m (straight-line=0.60m, detour=2.5x)
[INFO] [1788835093.253278701] [candidate_explorer]: Global path accepted. Navigating to frontier (9.17, -6.78)
[bt_navigator-7] [INFO] [1788835093.253707295] [bt_navigator]: Begin navigating from current location (8.57, -6.81) to (9.17, -6.78)
[controller_server-3] [INFO] [1788835093.276593013] [controller_server]: Received a goal, begin computing control effort.
[controller_server-3] [INFO] [1788835093.731085812] [controller_server]: Reached the goal!
[bt_navigator-7] [INFO] [1788835093.766772895] [bt_navigator]: Goal succeeded
[INFO] [1788835093.768218707] [candidate_explorer]: Frontier goal finished: success=True
[INFO] [1788835093.768457106] [candidate_explorer]: Reached frontier. Waiting for the map to expose new frontiers.
[INFO] [1788835094.087604164] [candidate_explorer]: Detected 5229 frontier cells
[INFO] [1788835094.092620467] [candidate_explorer]: Found 96 frontier clusters after filtering
[INFO] [1788835094.096524976] [candidate_explorer]: Selected frontier cluster: size=657, goal=(9.51, -6.97), distance=0.60
[INFO] [1788835094.097244799] [candidate_explorer]: Checking global path to frontier (9.51, -6.97), distance=0.60m
[INFO] [1788835094.103193660] [candidate_explorer]: Nav2 path to frontier is 0.65m (straight-line=0.60m, detour=1.1x)
[INFO] [1788835094.104119301] [candidate_explorer]: Global path accepted. Navigating to frontier (9.51, -6.97)
[bt_navigator-7] [INFO] [1788835094.104749173] [bt_navigator]: Begin navigating from current location (8.95, -6.76) to (9.51, -6.97)
[controller_server-3] [INFO] [1788835094.126597174] [controller_server]: Received a goal, begin computing control effort.
[controller_server-3] [INFO] [1788835094.582096025] [controller_server]: Reached the goal!
[bt_navigator-7] [INFO] [1788835094.615721174] [bt_navigator]: Goal succeeded
[INFO] [1788835094.617372429] [candidate_explorer]: Frontier goal finished: success=True
[INFO] [1788835094.617624953] [candidate_explorer]: Reached frontier. Waiting for the map to expose new frontiers.
[INFO] [1788835094.837025524] [candidate_explorer]: Detected 5229 frontier cells
[INFO] [1788835094.842257896] [candidate_explorer]: Found 96 frontier clusters after filtering
[INFO] [1788835094.846302644] [candidate_explorer]: Selected frontier cluster: size=657, goal=(9.93, -6.82), distance=0.60
[INFO] [1788835094.847075880] [candidate_explorer]: Checking global path to frontier (9.93, -6.82), distance=0.60m
[INFO] [1788835094.853405630] [candidate_explorer]: Nav2 path to frontier is 0.63m (straight-line=0.60m, detour=1.0x)
[INFO] [1788835094.854413557] [candidate_explorer]: Global path accepted. Navigating to frontier (9.93, -6.82)
[bt_navigator-7] [INFO] [1788835094.854836235] [bt_navigator]: Begin navigating from current location (9.33, -6.85) to (9.93, -6.82)
[controller_server-3] [INFO] [1788835094.875595607] [controller_server]: Received a goal, begin computing control effort.
[planner_server-5] [INFO] [1788835095.115699138] [global_costmap.global_costmap]: StaticLayer: Resizing costmap to 1632 X 902 at 0.015000 m/pix
[controller_server-3] [INFO] [1788835095.379845470] [controller_server]: Reached the goal!
[bt_navigator-7] [INFO] [1788835095.416658221] [bt_navigator]: Goal succeeded
[INFO] [1788835095.418099783] [candidate_explorer]: Frontier goal finished: success=True
[INFO] [1788835095.418365014] [candidate_explorer]: Reached frontier. Waiting for the map to expose new frontiers.
[INFO] [1788835095.727654035] [candidate_explorer]: Detected 4292 frontier cells
[INFO] [1788835095.732002512] [candidate_explorer]: Found 101 frontier clusters after filtering
[INFO] [1788835095.735181990] [candidate_explorer]: Selected frontier cluster: size=7, goal=(11.27, -6.23), distance=1.68
[INFO] [1788835095.735738492] [candidate_explorer]: Checking global path to frontier (11.27, -6.23), distance=1.68m
[INFO] [1788835095.744738048] [candidate_explorer]: Nav2 path to frontier is 1.91m (straight-line=1.68m, detour=1.1x)
[INFO] [1788835095.746831897] [candidate_explorer]: Global path accepted. Navigating to frontier (11.27, -6.23)
[bt_navigator-7] [INFO] [1788835095.747363275] [bt_navigator]: Begin navigating from current location (9.72, -6.90) to (11.27, -6.23)
[controller_server-3] [INFO] [1788835095.769691783] [controller_server]: Received a goal, begin computing control effort.
[controller_server-3] [INFO] [1788835096.820005315] [controller_server]: Passing new path to controller.
[planner_server-5] [INFO] [1788835097.115686030] [global_costmap.global_costmap]: StaticLayer: Resizing costmap to 1660 X 902 at 0.015000 m/pix
[controller_server-3] [INFO] [1788835097.122557532] [controller_server]: Reached the goal!
[bt_navigator-7] [INFO] [1788835097.160661565] [bt_navigator]: Goal succeeded
[INFO] [1788835097.161080909] [candidate_explorer]: Frontier goal finished: success=True
[INFO] [1788835097.161320559] [candidate_explorer]: Reached frontier. Waiting for the map to expose new frontiers.
[INFO] [1788835097.492285094] [candidate_explorer]: Detected 4514 frontier cells
[INFO] [1788835097.496775852] [candidate_explorer]: Found 111 frontier clusters after filtering
[INFO] [1788835097.500116485] [candidate_explorer]: Selected frontier cluster: size=6, goal=(11.70, -6.29), distance=0.62
[INFO] [1788835097.500715150] [candidate_explorer]: Checking global path to frontier (11.70, -6.29), distance=0.62m
[INFO] [1788835097.507430247] [candidate_explorer]: Nav2 path to frontier is 0.72m (straight-line=0.62m, detour=1.2x)
[INFO] [1788835097.508409593] [candidate_explorer]: Global path accepted. Navigating to frontier (11.70, -6.29)
[bt_navigator-7] [INFO] [1788835097.508815314] [bt_navigator]: Begin navigating from current location (11.09, -6.39) to (11.70, -6.29)
[controller_server-3] [INFO] [1788835097.530358296] [controller_server]: Received a goal, begin computing control effort.
[controller_server-3] [INFO] [1788835097.984538485] [controller_server]: Reached the goal!
[bt_navigator-7] [INFO] [1788835098.020212088] [bt_navigator]: Goal succeeded
[INFO] [1788835098.021699936] [candidate_explorer]: Frontier goal finished: success=True
[INFO] [1788835098.021950931] [candidate_explorer]: Reached frontier. Waiting for the map to expose new frontiers.
[INFO] [1788835098.347520443] [candidate_explorer]: Detected 4514 frontier cells
[INFO] [1788835098.351677367] [candidate_explorer]: Found 111 frontier clusters after filtering
[INFO] [1788835098.354966933] [candidate_explorer]: Selected frontier cluster: size=80, goal=(11.51, -6.92), distance=0.64
[INFO] [1788835098.355549589] [candidate_explorer]: Checking global path to frontier (11.51, -6.92), distance=0.64m
[INFO] [1788835098.361803975] [candidate_explorer]: Nav2 path to frontier is 0.67m (straight-line=0.64m, detour=1.0x)
[INFO] [1788835098.362773333] [candidate_explorer]: Global path accepted. Navigating to frontier (11.51, -6.92)
[bt_navigator-7] [INFO] [1788835098.363168117] [bt_navigator]: Begin navigating from current location (11.49, -6.28) to (11.51, -6.92)
[controller_server-3] [INFO] [1788835098.386609275] [controller_server]: Received a goal, begin computing control effort.
[planner_server-5] [INFO] [1788835099.115764217] [global_costmap.global_costmap]: StaticLayer: Resizing costmap to 1661 X 902 at 0.015000 m/pix
[controller_server-3] [INFO] [1788835099.439571010] [controller_server]: Passing new path to controller.
[controller_server-3] [INFO] [1788835099.794468365] [controller_server]: Reached the goal!
[bt_navigator-7] [INFO] [1788835099.834589137] [bt_navigator]: Goal succeeded
[INFO] [1788835099.836000403] [candidate_explorer]: Frontier goal finished: success=True
[INFO] [1788835099.836265190] [candidate_explorer]: Reached frontier. Waiting for the map to expose new frontiers.
[INFO] [1788835100.254639602] [candidate_explorer]: Detected 7901 frontier cells
[INFO] [1788835100.261728223] [candidate_explorer]: Found 181 frontier clusters after filtering
[INFO] [1788835100.267267248] [candidate_explorer]: Selected frontier cluster: size=47, goal=(11.67, -7.40), distance=0.61
[INFO] [1788835100.268211731] [candidate_explorer]: Checking global path to frontier (11.67, -7.40), distance=0.61m
[INFO] [1788835100.274749654] [candidate_explorer]: Nav2 path to frontier is 0.61m (straight-line=0.61m, detour=1.0x)
[INFO] [1788835100.275653846] [candidate_explorer]: Global path accepted. Navigating to frontier (11.67, -7.40)
[bt_navigator-7] [INFO] [1788835100.276081880] [bt_navigator]: Begin navigating from current location (11.68, -6.79) to (11.67, -7.40)
[controller_server-3] [INFO] [1788835100.296683589] [controller_server]: Received a goal, begin computing control effort.
[controller_server-3] [INFO] [1788835100.799944337] [controller_server]: Reached the goal!
[bt_navigator-7] [INFO] [1788835100.837285701] [bt_navigator]: Goal succeeded
[INFO] [1788835100.837769900] [candidate_explorer]: Frontier goal finished: success=True
[INFO] [1788835100.838026896] [candidate_explorer]: Reached frontier. Waiting for the map to expose new frontiers.
[INFO] [1788835101.263184893] [candidate_explorer]: Detected 10698 frontier cells
[INFO] [1788835101.273158629] [candidate_explorer]: Found 273 frontier clusters after filtering
[INFO] [1788835101.280896072] [candidate_explorer]: Selected frontier cluster: size=1391, goal=(12.15, -7.54), distance=0.60
[INFO] [1788835101.281921136] [candidate_explorer]: Checking global path to frontier (12.15, -7.54), distance=0.60m
[INFO] [1788835101.295034065] [candidate_explorer]: Nav2 path to frontier is 0.62m (straight-line=0.60m, detour=1.0x)
[INFO] [1788835101.295934715] [candidate_explorer]: Global path accepted. Navigating to frontier (12.15, -7.54)
[bt_navigator-7] [INFO] [1788835101.296398832] [bt_navigator]: Begin navigating from current location (11.66, -7.19) to (12.15, -7.54)
[controller_server-3] [INFO] [1788835101.317475283] [controller_server]: Received a goal, begin computing control effort.
[controller_server-3] [INFO] [1788835102.326338943] [controller_server]: Reached the goal!
[bt_navigator-7] [INFO] [1788835102.356542229] [bt_navigator]: Goal succeeded
[INFO] [1788835102.357956286] [candidate_explorer]: Frontier goal finished: success=True
[INFO] [1788835102.358218448] [candidate_explorer]: Reached frontier. Waiting for the map to expose new frontiers.
[INFO] [1788835102.601658991] [candidate_explorer]: Detected 10698 frontier cells
[INFO] [1788835102.611352440] [candidate_explorer]: Found 273 frontier clusters after filtering
[INFO] [1788835102.618930844] [candidate_explorer]: Selected frontier cluster: size=1391, goal=(12.51, -7.69), distance=0.60
[INFO] [1788835102.620082032] [candidate_explorer]: Checking global path to frontier (12.51, -7.69), distance=0.60m
[INFO] [1788835102.626587331] [candidate_explorer]: Nav2 path to frontier is 0.63m (straight-line=0.60m, detour=1.0x)
[INFO] [1788835102.627540980] [candidate_explorer]: Global path accepted. Navigating to frontier (12.51, -7.69)
[bt_navigator-7] [INFO] [1788835102.628066512] [bt_navigator]: Begin navigating from current location (11.92, -7.58) to (12.51, -7.69)
[controller_server-3] [INFO] [1788835102.649218503] [controller_server]: Received a goal, begin computing control effort.
[controller_server-3] [INFO] [1788835102.702065837] [controller_server]: Passing new path to controller.
[controller_server-3] [INFO] [1788835103.104121753] [controller_server]: Reached the goal!
[bt_navigator-7] [INFO] [1788835103.139622817] [bt_navigator]: Goal succeeded
[INFO] [1788835103.140091517] [candidate_explorer]: Frontier goal finished: success=True
[INFO] [1788835103.140361762] [candidate_explorer]: Reached frontier. Waiting for the map to expose new frontiers.
[INFO] [1788835103.519533968] [candidate_explorer]: Detected 14196 frontier cells
[INFO] [1788835103.533317010] [candidate_explorer]: Found 267 frontier clusters after filtering
[INFO] [1788835103.543780320] [candidate_explorer]: Selected frontier cluster: size=4683, goal=(12.90, -7.73), distance=0.60
[INFO] [1788835103.545125754] [candidate_explorer]: Checking global path to frontier (12.90, -7.73), distance=0.60m
[INFO] [1788835103.551581137] [candidate_explorer]: Nav2 path to frontier is 0.62m (straight-line=0.60m, detour=1.0x)
[INFO] [1788835103.552527411] [candidate_explorer]: Global path accepted. Navigating to frontier (12.90, -7.73)
[bt_navigator-7] [INFO] [1788835103.553039569] [bt_navigator]: Begin navigating from current location (12.30, -7.68) to (12.90, -7.73)
[controller_server-3] [INFO] [1788835103.574442680] [controller_server]: Received a goal, begin computing control effort.
[controller_server-3] [INFO] [1788835104.128870833] [controller_server]: Reached the goal!
[bt_navigator-7] [INFO] [1788835104.166675814] [bt_navigator]: Goal succeeded
[INFO] [1788835104.167970499] [candidate_explorer]: Frontier goal finished: success=True
[INFO] [1788835104.168182078] [candidate_explorer]: Reached frontier. Waiting for the map to expose new frontiers.
[INFO] [1788835104.353746212] [candidate_explorer]: Detected 14196 frontier cells
[INFO] [1788835104.366777434] [candidate_explorer]: Found 267 frontier clusters after filtering
[INFO] [1788835104.377035540] [candidate_explorer]: Selected frontier cluster: size=4683, goal=(12.48, -8.30), distance=0.60
[INFO] [1788835104.378421265] [candidate_explorer]: Checking global path to frontier (12.48, -8.30), distance=0.60m
[INFO] [1788835104.384943980] [candidate_explorer]: Nav2 path to frontier is 0.61m (straight-line=0.60m, detour=1.0x)
[INFO] [1788835104.385846672] [candidate_explorer]: Global path accepted. Navigating to frontier (12.48, -8.30)
[bt_navigator-7] [INFO] [1788835104.386261081] [bt_navigator]: Begin navigating from current location (12.66, -7.73) to (12.48, -8.30)
[controller_server-3] [INFO] [1788835104.406695877] [controller_server]: Received a goal, begin computing control effort.
[controller_server-3] [INFO] [1788835105.457267489] [controller_server]: Passing new path to controller.
[controller_server-3] [INFO] [1788835105.967079367] [controller_server]: Reached the goal!
[bt_navigator-7] [INFO] [1788835105.996617956] [bt_navigator]: Goal succeeded
[INFO] [1788835105.998050722] [candidate_explorer]: Frontier goal finished: success=True
[INFO] [1788835105.998303592] [candidate_explorer]: Reached frontier. Waiting for the map to expose new frontiers.
[INFO] [1788835106.519849299] [candidate_explorer]: Detected 14379 frontier cells
[INFO] [1788835106.533125309] [candidate_explorer]: Found 180 frontier clusters after filtering
[INFO] [1788835106.543481912] [candidate_explorer]: Selected frontier cluster: size=3323, goal=(12.53, -8.84), distance=0.60
[INFO] [1788835106.545011093] [candidate_explorer]: Checking global path to frontier (12.53, -8.84), distance=0.60m
[INFO] [1788835106.551455059] [candidate_explorer]: Nav2 path to frontier is 0.61m (straight-line=0.60m, detour=1.0x)
[INFO] [1788835106.552346960] [candidate_explorer]: Global path accepted. Navigating to frontier (12.53, -8.84)
[bt_navigator-7] [INFO] [1788835106.552806660] [bt_navigator]: Begin navigating from current location (12.69, -8.27) to (12.53, -8.84)
[controller_server-3] [INFO] [1788835106.573728281] [controller_server]: Received a goal, begin computing control effort.
[controller_server-3] [INFO] [1788835107.026257781] [controller_server]: Reached the goal!
[bt_navigator-7] [INFO] [1788835107.065557985] [bt_navigator]: Goal succeeded
[INFO] [1788835107.066982417] [candidate_explorer]: Frontier goal finished: success=True
[INFO] [1788835107.067208122] [candidate_explorer]: Reached frontier. Waiting for the map to expose new frontiers.
[INFO] [1788835107.521185554] [candidate_explorer]: Detected 13287 frontier cells
[INFO] [1788835107.533389500] [candidate_explorer]: Found 178 frontier clusters after filtering
[INFO] [1788835107.542975659] [candidate_explorer]: Selected frontier cluster: size=3019, goal=(12.20, -9.11), distance=0.60
[INFO] [1788835107.544379967] [candidate_explorer]: Checking global path to frontier (12.20, -9.11), distance=0.60m
[INFO] [1788835107.551363965] [candidate_explorer]: Nav2 path to frontier is 0.60m (straight-line=0.60m, detour=1.0x)
[INFO] [1788835107.552184659] [candidate_explorer]: Global path accepted. Navigating to frontier (12.20, -9.11)
[bt_navigator-7] [INFO] [1788835107.552588276] [bt_navigator]: Begin navigating from current location (12.56, -8.64) to (12.20, -9.11)
[controller_server-3] [INFO] [1788835107.572927324] [controller_server]: Received a goal, begin computing control effort.
[controller_server-3] [INFO] [1788835108.026479056] [controller_server]: Reached the goal!
[bt_navigator-7] [INFO] [1788835108.063137641] [bt_navigator]: Goal succeeded
[INFO] [1788835108.064627114] [candidate_explorer]: Frontier goal finished: success=True
[INFO] [1788835108.064880360] [candidate_explorer]: Reached frontier. Waiting for the map to expose new frontiers.
[INFO] [1788835108.355480755] [candidate_explorer]: Detected 13287 frontier cells
[INFO] [1788835108.368104068] [candidate_explorer]: Found 178 frontier clusters after filtering
[INFO] [1788835108.377636729] [candidate_explorer]: Selected frontier cluster: size=3019, goal=(12.32, -9.56), distance=0.60
[INFO] [1788835108.378987537] [candidate_explorer]: Checking global path to frontier (12.32, -9.56), distance=0.60m
[INFO] [1788835108.385674124] [candidate_explorer]: Nav2 path to frontier is 0.60m (straight-line=0.60m, detour=1.0x)
[INFO] [1788835108.386575358] [candidate_explorer]: Global path accepted. Navigating to frontier (12.32, -9.56)
[bt_navigator-7] [INFO] [1788835108.387024308] [bt_navigator]: Begin navigating from current location (12.39, -8.97) to (12.32, -9.56)
[controller_server-3] [INFO] [1788835108.410300844] [controller_server]: Received a goal, begin computing control effort.
[controller_server-3] [INFO] [1788835108.868859152] [controller_server]: Reached the goal!
[bt_navigator-7] [INFO] [1788835108.907948360] [bt_navigator]: Goal succeeded
[INFO] [1788835108.909413542] [candidate_explorer]: Frontier goal finished: success=True
[INFO] [1788835108.909660704] [candidate_explorer]: Reached frontier. Waiting for the map to expose new frontiers.
[INFO] [1788835109.272665495] [candidate_explorer]: Detected 10193 frontier cells
[INFO] [1788835109.284358033] [candidate_explorer]: Found 188 frontier clusters after filtering
[INFO] [1788835109.291753024] [candidate_explorer]: Selected frontier cluster: size=85, goal=(12.44, -10.09), distance=0.77
[INFO] [1788835109.293001084] [candidate_explorer]: Checking global path to frontier (12.44, -10.09), distance=0.77m
[INFO] [1788835109.299980041] [candidate_explorer]: Nav2 path to frontier is 0.78m (straight-line=0.77m, detour=1.0x)
[INFO] [1788835109.301049605] [candidate_explorer]: Global path accepted. Navigating to frontier (12.44, -10.09)
[bt_navigator-7] [INFO] [1788835109.301433265] [bt_navigator]: Begin navigating from current location (12.24, -9.35) to (12.44, -10.09)
[controller_server-3] [INFO] [1788835109.323589030] [controller_server]: Received a goal, begin computing control effort.
[controller_server-3] [INFO] [1788835109.925767816] [controller_server]: Reached the goal!
[INFO] [1788835109.964007872] [candidate_explorer]: Frontier goal finished: success=True
[INFO] [1788835109.964241535] [candidate_explorer]: Reached frontier. Waiting for the map to expose new frontiers.
[bt_navigator-7] [INFO] [1788835109.964173036] [bt_navigator]: Goal succeeded
[INFO] [1788835110.361755033] [candidate_explorer]: Detected 10193 frontier cells
[INFO] [1788835110.371230195] [candidate_explorer]: Found 188 frontier clusters after filtering
[INFO] [1788835110.378687643] [candidate_explorer]: Selected frontier cluster: size=700, goal=(12.86, -10.22), distance=0.60
[INFO] [1788835110.379738457] [candidate_explorer]: Checking global path to frontier (12.86, -10.22), distance=0.60m
[INFO] [1788835110.386470293] [candidate_explorer]: Nav2 path to frontier is 0.61m (straight-line=0.60m, detour=1.0x)
[INFO] [1788835110.387399110] [candidate_explorer]: Global path accepted. Navigating to frontier (12.86, -10.22)
[bt_navigator-7] [INFO] [1788835110.387821060] [bt_navigator]: Begin navigating from current location (12.36, -9.88) to (12.86, -10.22)
[controller_server-3] [INFO] [1788835110.410918766] [controller_server]: Received a goal, begin computing control effort.
[controller_server-3] [INFO] [1788835110.915451657] [controller_server]: Reached the goal!
[bt_navigator-7] [INFO] [1788835110.948544057] [bt_navigator]: Goal succeeded
[INFO] [1788835110.949964906] [candidate_explorer]: Frontier goal finished: success=True
[INFO] [1788835110.950205943] [candidate_explorer]: Reached frontier. Waiting for the map to expose new frontiers.
[INFO] [1788835111.523108344] [candidate_explorer]: Detected 9141 frontier cells
[INFO] [1788835111.531771103] [candidate_explorer]: Found 167 frontier clusters after filtering
[INFO] [1788835111.538588730] [candidate_explorer]: Selected frontier cluster: size=1621, goal=(13.41, -10.04), distance=0.79
[INFO] [1788835111.539521213] [candidate_explorer]: Checking global path to frontier (13.41, -10.04), distance=0.79m
[INFO] [1788835111.546935328] [candidate_explorer]: Nav2 path to frontier is 0.80m (straight-line=0.79m, detour=1.0x)
[INFO] [1788835111.547929769] [candidate_explorer]: Global path accepted. Navigating to frontier (13.41, -10.04)
[bt_navigator-7] [INFO] [1788835111.548355303] [bt_navigator]: Begin navigating from current location (12.64, -10.20) to (13.41, -10.04)
[controller_server-3] [INFO] [1788835111.570607774] [controller_server]: Received a goal, begin computing control effort.
[controller_server-3] [INFO] [1788835112.623152142] [controller_server]: Passing new path to controller.
[controller_server-3] [INFO] [1788835112.625066857] [controller_server]: Reached the goal!
[bt_navigator-7] [INFO] [1788835112.668636483] [bt_navigator]: Goal succeeded
[INFO] [1788835112.670157164] [candidate_explorer]: Frontier goal finished: success=True
[INFO] [1788835112.670355786] [candidate_explorer]: Reached frontier. Waiting for the map to expose new frontiers.
[INFO] [1788835112.868952017] [candidate_explorer]: Detected 9141 frontier cells
[INFO] [1788835112.877716525] [candidate_explorer]: Found 167 frontier clusters after filtering
[INFO] [1788835112.884451402] [candidate_explorer]: Selected frontier cluster: size=1621, goal=(13.44, -9.61), distance=0.60
[INFO] [1788835112.885398177] [candidate_explorer]: Checking global path to frontier (13.44, -9.61), distance=0.60m
[INFO] [1788835112.892452757] [candidate_explorer]: Nav2 path to frontier is 0.66m (straight-line=0.60m, detour=1.1x)
[INFO] [1788835112.893435198] [candidate_explorer]: Global path accepted. Navigating to frontier (13.44, -9.61)
[bt_navigator-7] [INFO] [1788835112.893925022] [bt_navigator]: Begin navigating from current location (13.21, -10.16) to (13.44, -9.61)
[controller_server-3] [INFO] [1788835112.915162345] [controller_server]: Received a goal, begin computing control effort.
[controller_server-3] [INFO] [1788835113.871177922] [controller_server]: Reached the goal!
[bt_navigator-7] [INFO] [1788835113.904431652] [bt_navigator]: Goal succeeded
[INFO] [1788835113.905905084] [candidate_explorer]: Frontier goal finished: success=True
[INFO] [1788835113.906134788] [candidate_explorer]: Reached frontier. Waiting for the map to expose new frontiers.
[INFO] [1788835114.278007710] [candidate_explorer]: Detected 7610 frontier cells
[INFO] [1788835114.285102748] [candidate_explorer]: Found 174 frontier clusters after filtering
[INFO] [1788835114.290737771] [candidate_explorer]: Selected frontier cluster: size=295, goal=(14.21, -9.59), distance=0.72
[INFO] [1788835114.291664504] [candidate_explorer]: Checking global path to frontier (14.21, -9.59), distance=0.72m
[INFO] [1788835114.299242908] [candidate_explorer]: Nav2 path to frontier is 0.93m (straight-line=0.72m, detour=1.3x)
[INFO] [1788835114.300427470] [candidate_explorer]: Global path accepted. Navigating to frontier (14.21, -9.59)
[bt_navigator-7] [INFO] [1788835114.300848046] [bt_navigator]: Begin navigating from current location (13.52, -9.80) to (14.21, -9.59)
[controller_server-3] [INFO] [1788835114.324419076] [controller_server]: Received a goal, begin computing control effort.
[controller_server-3] [INFO] [1788835115.374790275] [controller_server]: Passing new path to controller.
[controller_server-3] [INFO] [1788835115.827061905] [controller_server]: Reached the goal!
[bt_navigator-7] [INFO] [1788835115.862256267] [bt_navigator]: Goal succeeded
[INFO] [1788835115.864049818] [candidate_explorer]: Frontier goal finished: success=True
[INFO] [1788835115.864259606] [candidate_explorer]: Reached frontier. Waiting for the map to expose new frontiers.
[INFO] [1788835116.277514777] [candidate_explorer]: Detected 6574 frontier cells
[INFO] [1788835116.286160870] [candidate_explorer]: Found 150 frontier clusters after filtering
[INFO] [1788835116.291020032] [candidate_explorer]: Selected frontier cluster: size=23, goal=(14.48, -8.99), distance=0.76
[INFO] [1788835116.291767477] [candidate_explorer]: Checking global path to frontier (14.48, -8.99), distance=0.76m
[INFO] [1788835116.300127700] [candidate_explorer]: Nav2 path to frontier is 1.34m (straight-line=0.76m, detour=1.8x)
[INFO] [1788835116.301622006] [candidate_explorer]: Global path accepted. Navigating to frontier (14.48, -8.99)
[bt_navigator-7] [INFO] [1788835116.302076665] [bt_navigator]: Begin navigating from current location (13.98, -9.58) to (14.48, -8.99)
[controller_server-3] [INFO] [1788835116.323247864] [controller_server]: Received a goal, begin computing control effort.
[controller_server-3] [INFO] [1788835117.373893058] [controller_server]: Passing new path to controller.
[controller_server-3] [INFO] [1788835117.375873730] [controller_server]: Reached the goal!
[bt_navigator-7] [INFO] [1788835117.423995066] [bt_navigator]: Goal succeeded
[INFO] [1788835117.425571871] [candidate_explorer]: Frontier goal finished: success=True
[INFO] [1788835117.425825366] [candidate_explorer]: Reached frontier. Waiting for the map to expose new frontiers.
[INFO] [1788835117.777213951] [candidate_explorer]: Detected 6164 frontier cells
[INFO] [1788835117.785482759] [candidate_explorer]: Found 141 frontier clusters after filtering
[INFO] [1788835117.790100426] [candidate_explorer]: Selected frontier cluster: size=8, goal=(14.46, -8.60), distance=0.62
[INFO] [1788835117.790831162] [candidate_explorer]: Checking global path to frontier (14.46, -8.60), distance=0.62m
[INFO] [1788835117.798923016] [candidate_explorer]: Nav2 path to frontier is 0.68m (straight-line=0.62m, detour=1.1x)
[INFO] [1788835117.799821041] [candidate_explorer]: Global path accepted. Navigating to frontier (14.46, -8.60)
[bt_navigator-7] [INFO] [1788835117.800229450] [bt_navigator]: Begin navigating from current location (14.49, -9.22) to (14.46, -8.60)
[controller_server-3] [INFO] [1788835117.820859868] [controller_server]: Received a goal, begin computing control effort.
[controller_server-3] [INFO] [1788835118.325571255] [controller_server]: Reached the goal!
[bt_navigator-7] [INFO] [1788835118.361654226] [bt_navigator]: Goal succeeded
[INFO] [1788835118.363224656] [candidate_explorer]: Frontier goal finished: success=True
[INFO] [1788835118.363477443] [candidate_explorer]: Reached frontier. Waiting for the map to expose new frontiers.
[INFO] [1788835118.614920757] [candidate_explorer]: Detected 6164 frontier cells
[INFO] [1788835118.620918690] [candidate_explorer]: Found 141 frontier clusters after filtering
[INFO] [1788835118.625517565] [candidate_explorer]: Selected frontier cluster: size=14, goal=(14.37, -7.79), distance=1.02
[INFO] [1788835118.626227677] [candidate_explorer]: Checking global path to frontier (14.37, -7.79), distance=1.02m
[INFO] [1788835118.634111576] [candidate_explorer]: Nav2 path to frontier is 1.11m (straight-line=1.02m, detour=1.1x)
[INFO] [1788835118.635392511] [candidate_explorer]: Global path accepted. Navigating to frontier (14.37, -7.79)
[bt_navigator-7] [INFO] [1788835118.635829419] [bt_navigator]: Begin navigating from current location (14.55, -8.80) to (14.37, -7.79)
[controller_server-3] [INFO] [1788835118.656451462] [controller_server]: Received a goal, begin computing control effort.
[controller_server-3] [INFO] [1788835119.464666095] [controller_server]: Reached the goal!
[bt_navigator-7] [INFO] [1788835119.497154422] [bt_navigator]: Goal succeeded
[INFO] [1788835119.498733060] [candidate_explorer]: Frontier goal finished: success=True
[INFO] [1788835119.498943348] [candidate_explorer]: Reached frontier. Waiting for the map to expose new frontiers.
[INFO] [1788835120.028992609] [candidate_explorer]: Detected 5821 frontier cells
[INFO] [1788835120.034504551] [candidate_explorer]: Found 133 frontier clusters after filtering
[INFO] [1788835120.038955845] [candidate_explorer]: Selected frontier cluster: size=7, goal=(14.42, -7.39), distance=0.62
[INFO] [1788835120.039652832] [candidate_explorer]: Checking global path to frontier (14.42, -7.39), distance=0.62m
[INFO] [1788835120.047082364] [candidate_explorer]: Nav2 path to frontier is 0.63m (straight-line=0.62m, detour=1.0x)
[INFO] [1788835120.047870350] [candidate_explorer]: Global path accepted. Navigating to frontier (14.42, -7.39)
[bt_navigator-7] [INFO] [1788835120.048272843] [bt_navigator]: Begin navigating from current location (14.40, -8.01) to (14.42, -7.39)
[controller_server-3] [INFO] [1788835120.071074763] [controller_server]: Received a goal, begin computing control effort.
[controller_server-3] [INFO] [1788835120.527262155] [controller_server]: Reached the goal!
[bt_navigator-7] [INFO] [1788835120.560133601] [bt_navigator]: Goal succeeded
[INFO] [1788835120.561816695] [candidate_explorer]: Frontier goal finished: success=True
[INFO] [1788835120.562100940] [candidate_explorer]: Reached frontier. Waiting for the map to expose new frontiers.
[INFO] [1788835120.866263798] [candidate_explorer]: Detected 5821 frontier cells
[INFO] [1788835120.871763823] [candidate_explorer]: Found 133 frontier clusters after filtering
[INFO] [1788835120.876183868] [candidate_explorer]: Selected frontier cluster: size=145, goal=(14.46, -7.01), distance=0.61
[INFO] [1788835120.876943313] [candidate_explorer]: Checking global path to frontier (14.46, -7.01), distance=0.61m
[INFO] [1788835120.884558591] [candidate_explorer]: Nav2 path to frontier is 0.63m (straight-line=0.61m, detour=1.0x)
[INFO] [1788835120.885356952] [candidate_explorer]: Global path accepted. Navigating to frontier (14.46, -7.01)
[bt_navigator-7] [INFO] [1788835120.885802110] [bt_navigator]: Begin navigating from current location (14.39, -7.62) to (14.46, -7.01)
[controller_server-3] [INFO] [1788835120.906319363] [controller_server]: Received a goal, begin computing control effort.
[controller_server-3] [INFO] [1788835121.360324004] [controller_server]: Reached the goal!
[bt_navigator-7] [INFO] [1788835121.397186460] [bt_navigator]: Goal succeeded
[INFO] [1788835121.397658910] [candidate_explorer]: Frontier goal finished: success=True
[INFO] [1788835121.397947405] [candidate_explorer]: Reached frontier. Waiting for the map to expose new frontiers.
[INFO] [1788835121.779715939] [candidate_explorer]: Detected 5455 frontier cells
[INFO] [1788835121.787508256] [candidate_explorer]: Found 119 frontier clusters after filtering
[INFO] [1788835121.791458851] [candidate_explorer]: Selected frontier cluster: size=147, goal=(15.14, -6.65), distance=0.91
[INFO] [1788835121.792150755] [candidate_explorer]: Checking global path to frontier (15.14, -6.65), distance=0.91m
[INFO] [1788835121.800117735] [candidate_explorer]: Nav2 path to frontier is 0.96m (straight-line=0.91m, detour=1.1x)
[INFO] [1788835121.801259881] [candidate_explorer]: Global path accepted. Navigating to frontier (15.14, -6.65)
[bt_navigator-7] [INFO] [1788835121.801670290] [bt_navigator]: Begin navigating from current location (14.42, -7.21) to (15.14, -6.65)
[controller_server-3] [INFO] [1788835121.824390837] [controller_server]: Received a goal, begin computing control effort.
[controller_server-3] [INFO] [1788835122.874993948] [controller_server]: Passing new path to controller.
[controller_server-3] [INFO] [1788835122.926397307] [controller_server]: Reached the goal!
[bt_navigator-7] [INFO] [1788835122.961820623] [bt_navigator]: Goal succeeded
[INFO] [1788835122.963409844] [candidate_explorer]: Frontier goal finished: success=True
[INFO] [1788835122.963621549] [candidate_explorer]: Reached frontier. Waiting for the map to expose new frontiers.
[planner_server-5] [INFO] [1788835123.118057664] [global_costmap.global_costmap]: StaticLayer: Resizing costmap to 1662 X 902 at 0.015000 m/pix
[INFO] [1788835123.530163565] [candidate_explorer]: Detected 4736 frontier cells
[INFO] [1788835123.536954525] [candidate_explorer]: Found 112 frontier clusters after filtering
[INFO] [1788835123.540630208] [candidate_explorer]: Selected frontier cluster: size=8, goal=(15.45, -6.41), distance=0.60
[INFO] [1788835123.541232614] [candidate_explorer]: Checking global path to frontier (15.45, -6.41), distance=0.60m
[INFO] [1788835123.549191595] [candidate_explorer]: Nav2 path to frontier is 0.65m (straight-line=0.60m, detour=1.1x)
[INFO] [1788835123.550014038] [candidate_explorer]: Global path accepted. Navigating to frontier (15.45, -6.41)
[bt_navigator-7] [INFO] [1788835123.550462030] [bt_navigator]: Begin navigating from current location (14.91, -6.69) to (15.45, -6.41)
[controller_server-3] [INFO] [1788835123.571070656] [controller_server]: Received a goal, begin computing control effort.
[controller_server-3] [INFO] [1788835124.025674911] [controller_server]: Reached the goal!
[bt_navigator-7] [INFO] [1788835124.062418202] [bt_navigator]: Goal succeeded
[INFO] [1788835124.063904759] [candidate_explorer]: Frontier goal finished: success=True
[INFO] [1788835124.064151838] [candidate_explorer]: Reached frontier. Waiting for the map to expose new frontiers.
[INFO] [1788835124.365017381] [candidate_explorer]: Detected 4736 frontier cells
[INFO] [1788835124.369874209] [candidate_explorer]: Found 112 frontier clusters after filtering
[INFO] [1788835124.373638183] [candidate_explorer]: Selected frontier cluster: size=204, goal=(13.53, -4.76), distance=2.47
[INFO] [1788835124.374221339] [candidate_explorer]: Checking global path to frontier (13.53, -4.76), distance=2.47m
[INFO] [1788835124.385825462] [candidate_explorer]: Nav2 path to frontier is 3.47m (straight-line=2.47m, detour=1.4x)
[INFO] [1788835124.389321357] [candidate_explorer]: Global path accepted. Navigating to frontier (13.53, -4.76)
[bt_navigator-7] [INFO] [1788835124.389759640] [bt_navigator]: Begin navigating from current location (15.25, -6.54) to (13.53, -4.76)
[controller_server-3] [INFO] [1788835124.413607749] [controller_server]: Received a goal, begin computing control effort.
[async_slam_toolbox_node-2] W0908 02:38:45.387068 16799 preprocessor.cc:62] Specified options.num_threads: 50 exceeds maximum available from the threading model Ceres was compiled with: 14.  Bounding to maximum number available.
[planner_server-5] [ERROR] [1788835125.425061279] [planner_server]: Failed to create a plan from potential when a legal potential was found. This shouldn't happen.
[planner_server-5] [WARN] [1788835125.425112653] [planner_server]: GridBased: failed to create plan with tolerance 0.50.
[planner_server-5] [WARN] [1788835125.425119403] [planner_server]: Planning algorithm GridBased failed to generate a valid path to (13.53, -4.76)
[planner_server-5] [WARN] [1788835125.425127611] [planner_server]: [compute_path_to_pose] [ActionServer] Aborting handle.
[controller_server-3] [INFO] [1788835125.465145969] [controller_server]: Goal was canceled. Stopping the robot.
[controller_server-3] [INFO] [1788835125.465234967] [controller_server]: [follow_path] [ActionServer] Client requested to cancel the goal. Cancelling.
[bt_navigator-7] [ERROR] [1788835125.465143427] [bt_navigator_navigate_to_pose_rclcpp_node]: Failed to get result for follow_path in node halt!
[bt_navigator-7] [WARN] [1788835125.467966626] [BehaviorTreeEngine]: Behavior Tree tick rate 100.00 was exceeded!
[behavior_server-6] [INFO] [1788835125.469799176] [behavior_server]: Running backup
[behavior_server-6] [INFO] [1788835125.470774242] [behavior_server]: DriveOnHeading: no acceleration or deceleration limits set
[behavior_server-6] [WARN] [1788835125.471512770] [behavior_server]: Collision Ahead - Exiting DriveOnHeading
[behavior_server-6] [WARN] [1788835125.471654434] [behavior_server]: backup failed
[behavior_server-6] [WARN] [1788835125.471761640] [behavior_server]: [backup] [ActionServer] Aborting handle.
[behavior_server-6] [INFO] [1788835125.504862290] [behavior_server]: Running spin
[behavior_server-6] [INFO] [1788835125.505193784] [behavior_server]: Turning 1.57 for spin behavior.
[behavior_server-6] [WARN] [1788835126.006111282] [behavior_server]: Collision Ahead - Exiting Spin
[behavior_server-6] [WARN] [1788835126.006137031] [behavior_server]: spin failed
[behavior_server-6] [WARN] [1788835126.006144740] [behavior_server]: [spin] [ActionServer] Aborting handle.
[behavior_server-6] [INFO] [1788835126.030276135] [behavior_server]: Running spin
[behavior_server-6] [INFO] [1788835126.030367592] [behavior_server]: Turning -1.57 for spin behavior.
[behavior_server-6] [INFO] [1788835126.431604273] [behavior_server]: spin completed successfully
[controller_server-3] [INFO] [1788835126.478328134] [controller_server]: Received a goal, begin computing control effort.
[planner_server-5] [INFO] [1788835127.117594164] [global_costmap.global_costmap]: StaticLayer: Resizing costmap to 1662 X 901 at 0.015000 m/pix
[controller_server-3] [INFO] [1788835127.530076141] [controller_server]: Passing new path to controller.
[async_slam_toolbox_node-2] W0908 02:38:47.636579 16799 preprocessor.cc:62] Specified options.num_threads: 50 exceeds maximum available from the threading model Ceres was compiled with: 14.  Bounding to maximum number available.
[controller_server-3] [INFO] [1788835128.530181710] [controller_server]: Passing new path to controller.
[controller_server-3] [INFO] [1788835129.430978205] [controller_server]: Reached the goal!
[bt_navigator-7] [INFO] [1788835129.469287426] [bt_navigator]: Goal succeeded
[INFO] [1788835129.471098519] [candidate_explorer]: Frontier goal finished: success=True
[INFO] [1788835129.471376055] [candidate_explorer]: Reached frontier. Waiting for the map to expose new frontiers.
[INFO] [1788835130.032233174] [candidate_explorer]: Detected 5765 frontier cells
[INFO] [1788835130.040020241] [candidate_explorer]: Found 120 frontier clusters after filtering
[INFO] [1788835130.044508493] [candidate_explorer]: Selected frontier cluster: size=1005, goal=(13.19, -4.45), distance=0.61
[INFO] [1788835130.045209022] [candidate_explorer]: Checking global path to frontier (13.19, -4.45), distance=0.61m
[INFO] [1788835130.052534931] [candidate_explorer]: Nav2 path to frontier is 0.65m (straight-line=0.61m, detour=1.1x)
[INFO] [1788835130.053403832] [candidate_explorer]: Global path accepted. Navigating to frontier (13.19, -4.45)
[bt_navigator-7] [INFO] [1788835130.053831533] [bt_navigator]: Begin navigating from current location (13.47, -4.98) to (13.19, -4.45)
[controller_server-3] [INFO] [1788835130.075274060] [controller_server]: Received a goal, begin computing control effort.
[controller_server-3] [INFO] [1788835130.527174614] [controller_server]: Reached the goal!
[bt_navigator-7] [INFO] [1788835130.557287818] [bt_navigator]: Goal succeeded
[INFO] [1788835130.557780434] [candidate_explorer]: Frontier goal finished: success=True
[INFO] [1788835130.558043429] [candidate_explorer]: Reached frontier. Waiting for the map to expose new frontiers.
[INFO] [1788835130.869533113] [candidate_explorer]: Detected 5765 frontier cells
[INFO] [1788835130.875185052] [candidate_explorer]: Found 120 frontier clusters after filtering
[INFO] [1788835130.879537265] [candidate_explorer]: Selected frontier cluster: size=1005, goal=(12.78, -4.36), distance=0.60
[INFO] [1788835130.880322250] [candidate_explorer]: Checking global path to frontier (12.78, -4.36), distance=0.60m
[INFO] [1788835130.887793406] [candidate_explorer]: Nav2 path to frontier is 0.64m (straight-line=0.60m, detour=1.1x)
[INFO] [1788835130.888621975] [candidate_explorer]: Global path accepted. Navigating to frontier (12.78, -4.36)
[bt_navigator-7] [INFO] [1788835130.889023842] [bt_navigator]: Begin navigating from current location (13.30, -4.66) to (12.78, -4.36)
[controller_server-3] [INFO] [1788835130.909572428] [controller_server]: Received a goal, begin computing control effort.
[controller_server-3] [INFO] [1788835131.362566004] [controller_server]: Reached the goal!
[bt_navigator-7] [INFO] [1788835131.401496297] [bt_navigator]: Goal succeeded
[INFO] [1788835131.401955039] [candidate_explorer]: Frontier goal finished: success=True
[INFO] [1788835131.402175910] [candidate_explorer]: Reached frontier. Waiting for the map to expose new frontiers.
[INFO] [1788835131.786344526] [candidate_explorer]: Detected 5977 frontier cells
[INFO] [1788835131.794326131] [candidate_explorer]: Found 118 frontier clusters after filtering
[INFO] [1788835131.798776008] [candidate_explorer]: Selected frontier cluster: size=1339, goal=(12.87, -3.82), distance=0.60
[INFO] [1788835131.799463496] [candidate_explorer]: Checking global path to frontier (12.87, -3.82), distance=0.60m
[INFO] [1788835131.807061691] [candidate_explorer]: Nav2 path to frontier is 0.75m (straight-line=0.60m, detour=1.3x)
[INFO] [1788835131.808078381] [candidate_explorer]: Global path accepted. Navigating to frontier (12.87, -3.82)
[bt_navigator-7] [INFO] [1788835131.808523665] [bt_navigator]: Begin navigating from current location (13.02, -4.40) to (12.87, -3.82)
[controller_server-3] [INFO] [1788835131.830338436] [controller_server]: Received a goal, begin computing control effort.
[controller_server-3] [INFO] [1788835132.880512013] [controller_server]: Passing new path to controller.
[controller_server-3] [INFO] [1788835132.882467061] [controller_server]: Reached the goal!
[bt_navigator-7] [INFO] [1788835132.930893350] [bt_navigator]: Goal succeeded
[INFO] [1788835132.935295145] [candidate_explorer]: Frontier goal finished: success=True
[INFO] [1788835132.935561723] [candidate_explorer]: Reached frontier. Waiting for the map to expose new frontiers.
[INFO] [1788835133.286863393] [candidate_explorer]: Detected 4733 frontier cells
[INFO] [1788835133.293857433] [candidate_explorer]: Found 98 frontier clusters after filtering
[INFO] [1788835133.297611573] [candidate_explorer]: Selected frontier cluster: size=315, goal=(12.44, -3.38), distance=0.66
[INFO] [1788835133.298199979] [candidate_explorer]: Checking global path to frontier (12.44, -3.38), distance=0.66m
[INFO] [1788835133.305720676] [candidate_explorer]: Nav2 path to frontier is 0.68m (straight-line=0.66m, detour=1.0x)
[INFO] [1788835133.306730908] [candidate_explorer]: Global path accepted. Navigating to frontier (12.44, -3.38)
[bt_navigator-7] [INFO] [1788835133.307169316] [bt_navigator]: Begin navigating from current location (12.73, -3.98) to (12.44, -3.38)
[controller_server-3] [INFO] [1788835133.328633302] [controller_server]: Received a goal, begin computing control effort.
[controller_server-3] [INFO] [1788835133.833200109] [controller_server]: Reached the goal!
[bt_navigator-7] [INFO] [1788835133.870147230] [bt_navigator]: Goal succeeded
[INFO] [1788835133.870605264] [candidate_explorer]: Frontier goal finished: success=True
[INFO] [1788835133.870877467] [candidate_explorer]: Reached frontier. Waiting for the map to expose new frontiers.
[INFO] [1788835134.121766000] [candidate_explorer]: Detected 4733 frontier cells
[INFO] [1788835134.126523955] [candidate_explorer]: Found 98 frontier clusters after filtering
[INFO] [1788835134.130115432] [candidate_explorer]: Selected frontier cluster: size=315, goal=(12.47, -2.93), distance=0.60
[INFO] [1788835134.130763337] [candidate_explorer]: Checking global path to frontier (12.47, -2.93), distance=0.60m
[INFO] [1788835134.138361241] [candidate_explorer]: Nav2 path to frontier is 0.62m (straight-line=0.60m, detour=1.0x)
[INFO] [1788835134.139300640] [candidate_explorer]: Global path accepted. Navigating to frontier (12.47, -2.93)
[bt_navigator-7] [INFO] [1788835134.139790798] [bt_navigator]: Begin navigating from current location (12.57, -3.53) to (12.47, -2.93)
[controller_server-3] [INFO] [1788835134.160564213] [controller_server]: Received a goal, begin computing control effort.
[controller_server-3] [INFO] [1788835134.617489634] [controller_server]: Reached the goal!
[bt_navigator-7] [INFO] [1788835134.652437625] [bt_navigator]: Goal succeeded
[INFO] [1788835134.652941116] [candidate_explorer]: Frontier goal finished: success=True
[INFO] [1788835134.653194778] [candidate_explorer]: Reached frontier. Waiting for the map to expose new frontiers.
[INFO] [1788835134.869079529] [candidate_explorer]: Detected 4733 frontier cells
[INFO] [1788835134.873649113] [candidate_explorer]: Found 98 frontier clusters after filtering
[INFO] [1788835134.877052634] [candidate_explorer]: Selected frontier cluster: size=315, goal=(12.17, -2.62), distance=0.60
[INFO] [1788835134.877617457] [candidate_explorer]: Checking global path to frontier (12.17, -2.62), distance=0.60m
[INFO] [1788835134.885275360] [candidate_explorer]: Nav2 path to frontier is 0.62m (straight-line=0.60m, detour=1.0x)
[INFO] [1788835134.886080679] [candidate_explorer]: Global path accepted. Navigating to frontier (12.17, -2.62)
[bt_navigator-7] [INFO] [1788835134.886532254] [bt_navigator]: Begin navigating from current location (12.44, -3.15) to (12.17, -2.62)
[controller_server-3] [INFO] [1788835134.907832701] [controller_server]: Received a goal, begin computing control effort.
[controller_server-3] [INFO] [1788835135.362454997] [controller_server]: Reached the goal!
[bt_navigator-7] [INFO] [1788835135.396946455] [bt_navigator]: Goal succeeded
[INFO] [1788835135.397391113] [candidate_explorer]: Frontier goal finished: success=True
[INFO] [1788835135.397666067] [candidate_explorer]: Reached frontier. Waiting for the map to expose new frontiers.
[INFO] [1788835135.791544881] [candidate_explorer]: Detected 4242 frontier cells
[INFO] [1788835135.796476250] [candidate_explorer]: Found 95 frontier clusters after filtering
[INFO] [1788835135.799774940] [candidate_explorer]: Selected frontier cluster: size=1067, goal=(13.49, -0.14), distance=2.89
[INFO] [1788835135.800317180] [candidate_explorer]: Checking global path to frontier (13.49, -0.14), distance=2.89m
[INFO] [1788835135.860610795] [candidate_explorer]: Nav2 path to frontier is 20.09m (straight-line=2.89m, detour=7.0x)
[INFO] [1788835135.860884748] [candidate_explorer]: Deferring frontier (13.49, -0.14): its 7.0x Nav2 detour has been added as a score penalty, not blacklisted.
[INFO] [1788835136.118339245] [candidate_explorer]: Detected 4242 frontier cells
[INFO] [1788835136.122652834] [candidate_explorer]: Found 95 frontier clusters after filtering
[INFO] [1788835136.126125062] [candidate_explorer]: Selected frontier cluster: size=141, goal=(6.26, -7.97), distance=7.98
[INFO] [1788835136.126774551] [candidate_explorer]: Checking global path to frontier (6.26, -7.97), distance=7.98m
[INFO] [1788835136.160819600] [candidate_explorer]: Nav2 path to frontier is 11.48m (straight-line=7.98m, detour=1.4x)
[INFO] [1788835136.171106830] [candidate_explorer]: Global path accepted. Navigating to frontier (6.26, -7.97)
[bt_navigator-7] [INFO] [1788835136.171778734] [bt_navigator]: Begin navigating from current location (12.31, -2.78) to (6.26, -7.97)
[controller_server-3] [INFO] [1788835136.195121019] [controller_server]: Received a goal, begin computing control effort.
[controller_server-3] [INFO] [1788835137.245297305] [controller_server]: Passing new path to controller.
[controller_server-3] [INFO] [1788835138.298182541] [controller_server]: Passing new path to controller.
[controller_server-3] [INFO] [1788835139.296640598] [controller_server]: Passing new path to controller.
[controller_server-3] [INFO] [1788835140.346829134] [controller_server]: Passing new path to controller.
[controller_server-3] [INFO] [1788835141.346001970] [controller_server]: Passing new path to controller.
[controller_server-3] [INFO] [1788835142.395439185] [controller_server]: Passing new path to controller.
[controller_server-3] [INFO] [1788835143.398019834] [controller_server]: Passing new path to controller.
[async_slam_toolbox_node-2] W0908 02:39:03.533787 16799 preprocessor.cc:62] Specified options.num_threads: 50 exceeds maximum available from the threading model Ceres was compiled with: 14.  Bounding to maximum number available.
[controller_server-3] [INFO] [1788835144.448062664] [controller_server]: Passing new path to controller.
[planner_server-5] [INFO] [1788835145.117893848] [global_costmap.global_costmap]: StaticLayer: Resizing costmap to 1662 X 901 at 0.015000 m/pix
[controller_server-3] [INFO] [1788835145.446694759] [controller_server]: Passing new path to controller.
[WARN] [1788835145.693460284] [candidate_explorer]: Narrow gap (0.54m) detected immediately ahead while en route to the current frontier. Cancelling the goal now.
[bt_navigator-7] [ERROR] [1788835145.726967718] [bt_navigator_navigate_to_pose_rclcpp_node]: Failed to get result for follow_path in node halt!
[bt_navigator-7] [INFO] [1788835145.727327336] [bt_navigator]: [navigate_to_pose] [ActionServer] Client requested to cancel the goal. Cancelling.
[bt_navigator-7] [INFO] [1788835145.727446876] [bt_navigator]: Goal canceled
[INFO] [1788835145.728971306] [candidate_explorer]: Frontier goal finished: success=False
[WARN] [1788835145.729208552] [candidate_explorer]: Blacklisting failed frontier (6.26, -7.97)
[controller_server-3] [INFO] [1788835145.745303510] [controller_server]: Goal was canceled. Stopping the robot.
[controller_server-3] [INFO] [1788835145.745337634] [controller_server]: [follow_path] [ActionServer] Client requested to cancel the goal. Cancelling.
[INFO] [1788835146.288358952] [candidate_explorer]: Detected 4834 frontier cells
[INFO] [1788835146.295888482] [candidate_explorer]: Found 120 frontier clusters after filtering
[INFO] [1788835146.300017116] [candidate_explorer]: Selected frontier cluster: size=189, goal=(5.64, -8.50), distance=1.42
[INFO] [1788835146.300617646] [candidate_explorer]: Checking global path to frontier (5.64, -8.50), distance=1.42m
[INFO] [1788835146.310072558] [candidate_explorer]: Nav2 path to frontier is 1.51m (straight-line=1.42m, detour=1.1x)
[WARN] [1788835146.310444718] [candidate_explorer]: Narrow passage detected: 0.52 m
[WARN] [1788835146.310650131] [candidate_explorer]: Rejecting frontier (5.64, -8.50): global path contains a narrow passage.
[INFO] [1788835146.621083834] [candidate_explorer]: Detected 4834 frontier cells
[INFO] [1788835146.625788124] [candidate_explorer]: Found 120 frontier clusters after filtering
[INFO] [1788835146.630063796] [candidate_explorer]: Selected frontier cluster: size=17, goal=(4.89, -8.80), distance=2.17
[INFO] [1788835146.630638744] [candidate_explorer]: Checking global path to frontier (4.89, -8.80), distance=2.17m
[INFO] [1788835146.642343657] [candidate_explorer]: Nav2 path to frontier is 2.52m (straight-line=2.17m, detour=1.2x)
[WARN] [1788835146.642755524] [candidate_explorer]: Narrow passage detected: 0.52 m
[WARN] [1788835146.642983812] [candidate_explorer]: Rejecting frontier (4.89, -8.80): global path contains a narrow passage.
[INFO] [1788835146.867705277] [candidate_explorer]: Detected 4834 frontier cells
[INFO] [1788835146.872472191] [candidate_explorer]: Found 120 frontier clusters after filtering
[INFO] [1788835146.877070983] [candidate_explorer]: Selected frontier cluster: size=107, goal=(8.51, -9.13), distance=2.58
[INFO] [1788835146.877685013] [candidate_explorer]: Checking global path to frontier (8.51, -9.13), distance=2.58m
[INFO] [1788835146.891550470] [candidate_explorer]: Nav2 path to frontier is 4.30m (straight-line=2.58m, detour=1.7x)
[INFO] [1788835146.895629938] [candidate_explorer]: Global path accepted. Navigating to frontier (8.51, -9.13)
[bt_navigator-7] [INFO] [1788835146.896148345] [bt_navigator]: Begin navigating from current location (6.57, -7.42) to (8.51, -9.13)
[controller_server-3] [INFO] [1788835146.919067054] [controller_server]: Received a goal, begin computing control effort.
[controller_server-3] [ERROR] [1788835147.625054916] [DWBLocalPlanner]: No valid trajectories out of 419! 
[controller_server-3] [ERROR] [1788835147.625415118] [DWBLocalPlanner]: 1.00: BaseObstacle/Trajectory Hits Obstacle.
[controller_server-3] [WARN] [1788835147.625775111] [controller_server]: No valid trajectories out of 419! 
[controller_server-3] [ERROR] [1788835147.674155359] [DWBLocalPlanner]: No valid trajectories out of 419! 
[controller_server-3] [ERROR] [1788835147.674471228] [DWBLocalPlanner]: 1.00: BaseObstacle/Trajectory Hits Obstacle.
[controller_server-3] [WARN] [1788835147.674648475] [controller_server]: No valid trajectories out of 419! 
[controller_server-3] [ERROR] [1788835147.674907512] [controller_server]: Controller patience exceeded
[controller_server-3] [WARN] [1788835147.675121258] [controller_server]: [follow_path] [ActionServer] Aborting handle.
[controller_server-3] [INFO] [1788835147.689530455] [local_costmap.local_costmap]: Received request to clear entirely the local_costmap
[planner_server-5] [INFO] [1788835147.690074195] [global_costmap.global_costmap]: Received request to clear entirely the global_costmap
[planner_server-5] [WARN] [1788835148.139819788] [planner_server]: Planner loop missed its desired rate of 20.0000 Hz. Current loop rate is 0.5556 Hz
[controller_server-3] [INFO] [1788835148.156706148] [controller_server]: Received a goal, begin computing control effort.
[controller_server-3] [INFO] [1788835149.210345454] [controller_server]: Passing new path to controller.
[controller_server-3] [INFO] [1788835150.208237771] [controller_server]: Passing new path to controller.
[planner_server-5] [INFO] [1788835151.117686235] [global_costmap.global_costmap]: StaticLayer: Resizing costmap to 1662 X 904 at 0.015000 m/pix
[controller_server-3] [INFO] [1788835151.260434937] [controller_server]: Passing new path to controller.
[controller_server-3] [INFO] [1788835152.257298898] [controller_server]: Passing new path to controller.
[controller_server-3] [INFO] [1788835152.408614695] [controller_server]: Reached the goal!
[bt_navigator-7] [INFO] [1788835152.436915724] [bt_navigator]: Goal succeeded
[INFO] [1788835152.438575068] [candidate_explorer]: Frontier goal finished: success=True
[INFO] [1788835152.438840897] [candidate_explorer]: Reached frontier. Waiting for the map to expose new frontiers.
[INFO] [1788835152.795738049] [candidate_explorer]: Detected 6932 frontier cells
[INFO] [1788835152.802076184] [candidate_explorer]: Found 120 frontier clusters after filtering
[INFO] [1788835152.808275905] [candidate_explorer]: Selected frontier cluster: size=109, goal=(8.90, -10.07), distance=1.13
[INFO] [1788835152.809076807] [candidate_explorer]: Checking global path to frontier (8.90, -10.07), distance=1.13m
[INFO] [1788835152.818348680] [candidate_explorer]: Nav2 path to frontier is 1.27m (straight-line=1.13m, detour=1.1x)
[INFO] [1788835152.820004317] [candidate_explorer]: Global path accepted. Navigating to frontier (8.90, -10.07)
[bt_navigator-7] [INFO] [1788835152.820445976] [bt_navigator]: Begin navigating from current location (8.64, -8.96) to (8.90, -10.07)
[controller_server-3] [INFO] [1788835152.843597514] [controller_server]: Received a goal, begin computing control effort.
[controller_server-3] [INFO] [1788835153.746414597] [controller_server]: Reached the goal!
[bt_navigator-7] [INFO] [1788835153.784155663] [bt_navigator]: Goal succeeded
[INFO] [1788835153.784584655] [candidate_explorer]: Frontier goal finished: success=True
[INFO] [1788835153.784866775] [candidate_explorer]: Reached frontier. Waiting for the map to expose new frontiers.
[INFO] [1788835154.311019898] [candidate_explorer]: Detected 7363 frontier cells
[INFO] [1788835154.318355557] [candidate_explorer]: Found 117 frontier clusters after filtering
[INFO] [1788835154.324714150] [candidate_explorer]: Selected frontier cluster: size=910, goal=(8.99, -10.44), distance=0.60
[INFO] [1788835154.325636467] [candidate_explorer]: Checking global path to frontier (8.99, -10.44), distance=0.60m
[INFO] [1788835154.335466330] [candidate_explorer]: Nav2 path to frontier is 0.69m (straight-line=0.60m, detour=1.2x)
[INFO] [1788835154.336499020] [candidate_explorer]: Global path accepted. Navigating to frontier (8.99, -10.44)
[bt_navigator-7] [INFO] [1788835154.337159841] [bt_navigator]: Begin navigating from current location (8.81, -9.87) to (8.99, -10.44)
[controller_server-3] [INFO] [1788835154.360248756] [controller_server]: Received a goal, begin computing control effort.
[controller_server-3] [INFO] [1788835154.814184897] [controller_server]: Reached the goal!
[bt_navigator-7] [INFO] [1788835154.851490596] [bt_navigator]: Goal succeeded
[INFO] [1788835154.853196523] [candidate_explorer]: Frontier goal finished: success=True
[INFO] [1788835154.853432894] [candidate_explorer]: Reached frontier. Waiting for the map to expose new frontiers.
[planner_server-5] [INFO] [1788835155.115947424] [global_costmap.global_costmap]: StaticLayer: Resizing costmap to 1662 X 904 at 0.015000 m/pix
[INFO] [1788835155.310622810] [candidate_explorer]: Detected 7358 frontier cells
[INFO] [1788835155.317305230] [candidate_explorer]: Found 94 frontier clusters after filtering
[INFO] [1788835155.323503493] [candidate_explorer]: Selected frontier cluster: size=1069, goal=(9.21, -10.76), distance=0.60
[INFO] [1788835155.324395518] [candidate_explorer]: Checking global path to frontier (9.21, -10.76), distance=0.60m
[INFO] [1788835155.332443914] [candidate_explorer]: Nav2 path to frontier is 0.65m (straight-line=0.60m, detour=1.1x)
[INFO] [1788835155.333410146] [candidate_explorer]: Global path accepted. Navigating to frontier (9.21, -10.76)
[bt_navigator-7] [INFO] [1788835155.333829514] [bt_navigator]: Begin navigating from current location (8.90, -10.24) to (9.21, -10.76)
[controller_server-3] [INFO] [1788835155.356214733] [controller_server]: Received a goal, begin computing control effort.
[controller_server-3] [INFO] [1788835155.809194142] [controller_server]: Reached the goal!
[bt_navigator-7] [INFO] [1788835155.845704480] [bt_navigator]: Goal succeeded
[INFO] [1788835155.847519113] [candidate_explorer]: Frontier goal finished: success=True
[INFO] [1788835155.847720735] [candidate_explorer]: Reached frontier. Waiting for the map to expose new frontiers.
[INFO] [1788835156.130182236] [candidate_explorer]: Detected 7358 frontier cells
[INFO] [1788835156.137277358] [candidate_explorer]: Found 94 frontier clusters after filtering
[INFO] [1788835156.143056045] [candidate_explorer]: Selected frontier cluster: size=1069, goal=(9.14, -11.19), distance=0.60
[INFO] [1788835156.143910112] [candidate_explorer]: Checking global path to frontier (9.14, -11.19), distance=0.60m
[INFO] [1788835156.151791345] [candidate_explorer]: Nav2 path to frontier is 0.60m (straight-line=0.60m, detour=1.0x)
[INFO] [1788835156.152710828] [candidate_explorer]: Global path accepted. Navigating to frontier (9.14, -11.19)
[bt_navigator-7] [INFO] [1788835156.153095654] [bt_navigator]: Begin navigating from current location (9.07, -10.60) to (9.14, -11.19)
[controller_server-3] [INFO] [1788835156.175670370] [controller_server]: Received a goal, begin computing control effort.
[controller_server-3] [INFO] [1788835156.678137715] [controller_server]: Reached the goal!
[bt_navigator-7] [INFO] [1788835156.716200024] [bt_navigator]: Goal succeeded
[INFO] [1788835156.717926243] [candidate_explorer]: Frontier goal finished: success=True
[INFO] [1788835156.718144739] [candidate_explorer]: Reached frontier. Waiting for the map to expose new frontiers.
[planner_server-5] [INFO] [1788835157.115722069] [global_costmap.global_costmap]: StaticLayer: Resizing costmap to 1662 X 907 at 0.015000 m/pix
[INFO] [1788835157.316094352] [candidate_explorer]: Detected 6710 frontier cells
[INFO] [1788835157.322784856] [candidate_explorer]: Found 104 frontier clusters after filtering
[INFO] [1788835157.328438378] [candidate_explorer]: Selected frontier cluster: size=458, goal=(9.35, -11.54), distance=0.60
[INFO] [1788835157.329216906] [candidate_explorer]: Checking global path to frontier (9.35, -11.54), distance=0.60m
[INFO] [1788835157.337860374] [candidate_explorer]: Nav2 path to frontier is 0.70m (straight-line=0.60m, detour=1.2x)
[INFO] [1788835157.338800940] [candidate_explorer]: Global path accepted. Navigating to frontier (9.35, -11.54)
[bt_navigator-7] [INFO] [1788835157.339263265] [bt_navigator]: Begin navigating from current location (9.18, -10.96) to (9.35, -11.54)
[controller_server-3] [INFO] [1788835157.360640044] [controller_server]: Received a goal, begin computing control effort.
[controller_server-3] [INFO] [1788835157.816182406] [controller_server]: Reached the goal!
[bt_navigator-7] [INFO] [1788835157.849854671] [bt_navigator]: Goal succeeded
[INFO] [1788835157.851642305] [candidate_explorer]: Frontier goal finished: success=True
[INFO] [1788835157.851896425] [candidate_explorer]: Reached frontier. Waiting for the map to expose new frontiers.
[INFO] [1788835158.131672226] [candidate_explorer]: Detected 6710 frontier cells
[INFO] [1788835158.138131192] [candidate_explorer]: Found 104 frontier clusters after filtering
[INFO] [1788835158.143577718] [candidate_explorer]: Selected frontier cluster: size=458, goal=(9.44, -11.93), distance=0.61
[INFO] [1788835158.144396203] [candidate_explorer]: Checking global path to frontier (9.44, -11.93), distance=0.61m
[INFO] [1788835158.153203002] [candidate_explorer]: Nav2 path to frontier is 0.74m (straight-line=0.61m, detour=1.2x)
[INFO] [1788835158.154253191] [candidate_explorer]: Global path accepted. Navigating to frontier (9.44, -11.93)
[bt_navigator-7] [INFO] [1788835158.154672850] [bt_navigator]: Begin navigating from current location (9.26, -11.35) to (9.44, -11.93)
[controller_server-3] [INFO] [1788835158.175547472] [controller_server]: Received a goal, begin computing control effort.
[controller_server-3] [INFO] [1788835158.681006721] [controller_server]: Reached the goal!
[bt_navigator-7] [INFO] [1788835158.716776072] [bt_navigator]: Goal succeeded
[INFO] [1788835158.717271063] [candidate_explorer]: Frontier goal finished: success=True
[INFO] [1788835158.717537850] [candidate_explorer]: Reached frontier. Waiting for the map to expose new frontiers.
[planner_server-5] [INFO] [1788835159.194659946] [global_costmap.global_costmap]: Message Filter dropping message: frame 'base_link' at time 867.700 for reason 'the timestamp on the message is earlier than all the data in the transform cache'
[INFO] [1788835159.309707567] [candidate_explorer]: Detected 6579 frontier cells
[INFO] [1788835159.315950788] [candidate_explorer]: Found 106 frontier clusters after filtering
[INFO] [1788835159.321444355] [candidate_explorer]: Selected frontier cluster: size=149, goal=(7.64, -10.52), distance=2.10
[INFO] [1788835159.322233424] [candidate_explorer]: Checking global path to frontier (7.64, -10.52), distance=2.10m
[INFO] [1788835159.337919264] [candidate_explorer]: Nav2 path to frontier is 4.68m (straight-line=2.10m, detour=2.2x)
[INFO] [1788835159.342484306] [candidate_explorer]: Global path accepted. Navigating to frontier (7.64, -10.52)
[bt_navigator-7] [INFO] [1788835159.342885174] [bt_navigator]: Begin navigating from current location (9.37, -11.70) to (7.64, -10.52)
[controller_server-3] [INFO] [1788835159.364798360] [controller_server]: Received a goal, begin computing control effort.
[controller_server-3] [INFO] [1788835160.416350162] [controller_server]: Passing new path to controller.
[controller_server-3] [INFO] [1788835161.465550466] [controller_server]: Passing new path to controller.
[controller_server-3] [INFO] [1788835162.469202720] [controller_server]: Passing new path to controller.
[controller_server-3] [INFO] [1788835163.516424643] [controller_server]: Passing new path to controller.
[controller_server-3] [INFO] [1788835164.516045012] [controller_server]: Passing new path to controller.
[controller_server-3] [INFO] [1788835164.667210187] [controller_server]: Reached the goal!
[bt_navigator-7] [INFO] [1788835164.705289580] [bt_navigator]: Goal succeeded
[INFO] [1788835164.707190545] [candidate_explorer]: Frontier goal finished: success=True
[INFO] [1788835164.707444707] [candidate_explorer]: Reached frontier. Waiting for the map to expose new frontiers.
[INFO] [1788835165.319847641] [candidate_explorer]: Detected 8718 frontier cells
[INFO] [1788835165.327885120] [candidate_explorer]: Found 82 frontier clusters after filtering
[INFO] [1788835165.335740645] [candidate_explorer]: Selected frontier cluster: size=3363, goal=(6.51, -10.28), distance=0.98
[INFO] [1788835165.336647045] [candidate_explorer]: Checking global path to frontier (6.51, -10.28), distance=0.98m
[INFO] [1788835165.345818379] [candidate_explorer]: Nav2 path to frontier is 1.06m (straight-line=0.98m, detour=1.1x)
[INFO] [1788835165.346984149] [candidate_explorer]: Global path accepted. Navigating to frontier (6.51, -10.28)
[bt_navigator-7] [INFO] [1788835165.347465432] [bt_navigator]: Begin navigating from current location (7.49, -10.34) to (6.51, -10.28)
[controller_server-3] [INFO] [1788835165.368578632] [controller_server]: Received a goal, begin computing control effort.
[controller_server-3] [INFO] [1788835166.126561384] [controller_server]: Reached the goal!
[bt_navigator-7] [INFO] [1788835166.160376438] [bt_navigator]: Goal succeeded
[INFO] [1788835166.162105781] [candidate_explorer]: Frontier goal finished: success=True
[INFO] [1788835166.162322361] [candidate_explorer]: Reached frontier. Waiting for the map to expose new frontiers.
[INFO] [1788835166.385050446] [candidate_explorer]: Detected 8718 frontier cells
[INFO] [1788835166.393219923] [candidate_explorer]: Found 82 frontier clusters after filtering
[INFO] [1788835166.400934033] [candidate_explorer]: Selected frontier cluster: size=3363, goal=(6.15, -10.49), distance=0.60
[INFO] [1788835166.401856475] [candidate_explorer]: Checking global path to frontier (6.15, -10.49), distance=0.60m
[INFO] [1788835166.410574691] [candidate_explorer]: Nav2 path to frontier is 0.62m (straight-line=0.60m, detour=1.0x)
[INFO] [1788835166.411463967] [candidate_explorer]: Global path accepted. Navigating to frontier (6.15, -10.49)
[bt_navigator-7] [INFO] [1788835166.411842668] [bt_navigator]: Begin navigating from current location (6.73, -10.32) to (6.15, -10.49)
[controller_server-3] [INFO] [1788835166.434816418] [controller_server]: Received a goal, begin computing control effort.
[controller_server-3] [INFO] [1788835166.888131280] [controller_server]: Reached the goal!
[bt_navigator-7] [INFO] [1788835166.923016897] [bt_navigator]: Goal succeeded
[INFO] [1788835166.924825614] [candidate_explorer]: Frontier goal finished: success=True
[INFO] [1788835166.925071985] [candidate_explorer]: Reached frontier. Waiting for the map to expose new frontiers.
[planner_server-5] [INFO] [1788835167.116272142] [global_costmap.global_costmap]: StaticLayer: Resizing costmap to 1662 X 907 at 0.015000 m/pix
[INFO] [1788835167.317356161] [candidate_explorer]: Detected 7155 frontier cells
[INFO] [1788835167.326794323] [candidate_explorer]: Found 99 frontier clusters after filtering
[INFO] [1788835167.332990544] [candidate_explorer]: Selected frontier cluster: size=360, goal=(5.79, -10.66), distance=0.60
[INFO] [1788835167.333802363] [candidate_explorer]: Checking global path to frontier (5.79, -10.66), distance=0.60m
[INFO] [1788835167.342331917] [candidate_explorer]: Nav2 path to frontier is 0.61m (straight-line=0.60m, detour=1.0x)
[INFO] [1788835167.343421480] [candidate_explorer]: Global path accepted. Navigating to frontier (5.79, -10.66)
[bt_navigator-7] [INFO] [1788835167.343952637] [bt_navigator]: Begin navigating from current location (6.33, -10.40) to (5.79, -10.66)
[controller_server-3] [INFO] [1788835167.365794366] [controller_server]: Received a goal, begin computing control effort.
[controller_server-3] [INFO] [1788835167.818311700] [controller_server]: Reached the goal!
[bt_navigator-7] [INFO] [1788835167.855212114] [bt_navigator]: Goal succeeded
[INFO] [1788835167.856990207] [candidate_explorer]: Frontier goal finished: success=True
[INFO] [1788835167.857238827] [candidate_explorer]: Reached frontier. Waiting for the map to expose new frontiers.
[INFO] [1788835168.139549957] [candidate_explorer]: Detected 7155 frontier cells
[INFO] [1788835168.146364667] [candidate_explorer]: Found 99 frontier clusters after filtering
[INFO] [1788835168.152049939] [candidate_explorer]: Selected frontier cluster: size=6, goal=(5.40, -10.79), distance=0.62
[INFO] [1788835168.152805383] [candidate_explorer]: Checking global path to frontier (5.40, -10.79), distance=0.62m
[INFO] [1788835168.161119191] [candidate_explorer]: Nav2 path to frontier is 0.66m (straight-line=0.62m, detour=1.1x)
[INFO] [1788835168.162135839] [candidate_explorer]: Global path accepted. Navigating to frontier (5.40, -10.79)
[bt_navigator-7] [INFO] [1788835168.162515082] [bt_navigator]: Begin navigating from current location (5.97, -10.56) to (5.40, -10.79)
[controller_server-3] [INFO] [1788835168.184680263] [controller_server]: Received a goal, begin computing control effort.
[controller_server-3] [INFO] [1788835168.688301087] [controller_server]: Reached the goal!
[bt_navigator-7] [INFO] [1788835168.724961172] [bt_navigator]: Goal succeeded
[INFO] [1788835168.727301630] [candidate_explorer]: Frontier goal finished: success=True
[INFO] [1788835168.727508334] [candidate_explorer]: Reached frontier. Waiting for the map to expose new frontiers.
[planner_server-5] [INFO] [1788835169.115896623] [global_costmap.global_costmap]: StaticLayer: Resizing costmap to 1662 X 908 at 0.015000 m/pix
[INFO] [1788835169.329302753] [candidate_explorer]: Detected 6092 frontier cells
[INFO] [1788835169.337621185] [candidate_explorer]: Found 79 frontier clusters after filtering
[INFO] [1788835169.343384331] [candidate_explorer]: Selected frontier cluster: size=6, goal=(5.27, -10.07), distance=0.71
[INFO] [1788835169.344130275] [candidate_explorer]: Checking global path to frontier (5.27, -10.07), distance=0.71m
[INFO] [1788835169.352824326] [candidate_explorer]: Nav2 path to frontier is 0.73m (straight-line=0.71m, detour=1.0x)
[INFO] [1788835169.353855099] [candidate_explorer]: Global path accepted. Navigating to frontier (5.27, -10.07)
[bt_navigator-7] [INFO] [1788835169.354272466] [bt_navigator]: Begin navigating from current location (5.57, -10.71) to (5.27, -10.07)
[controller_server-3] [INFO] [1788835169.375348542] [controller_server]: Received a goal, begin computing control effort.
[controller_server-3] [INFO] [1788835170.428561690] [controller_server]: Passing new path to controller.
[controller_server-3] [INFO] [1788835170.829102550] [controller_server]: Reached the goal!
[bt_navigator-7] [INFO] [1788835170.866828157] [bt_navigator]: Goal succeeded
[INFO] [1788835170.868505502] [candidate_explorer]: Frontier goal finished: success=True
[INFO] [1788835170.868713665] [candidate_explorer]: Reached frontier. Waiting for the map to expose new frontiers.
[INFO] [1788835171.325656419] [candidate_explorer]: Detected 5738 frontier cells
[INFO] [1788835171.333463069] [candidate_explorer]: Found 76 frontier clusters after filtering
[INFO] [1788835171.338657141] [candidate_explorer]: Selected frontier cluster: size=1651, goal=(6.02, -9.22), distance=1.36
[INFO] [1788835171.339381211] [candidate_explorer]: Checking global path to frontier (6.02, -9.22), distance=1.36m
[INFO] [1788835171.350424011] [candidate_explorer]: Nav2 path to frontier is 1.40m (straight-line=1.36m, detour=1.0x)
[INFO] [1788835171.352209104] [candidate_explorer]: Global path accepted. Navigating to frontier (6.02, -9.22)
[bt_navigator-7] [INFO] [1788835171.352617513] [bt_navigator]: Begin navigating from current location (5.15, -10.27) to (6.02, -9.22)
[controller_server-3] [INFO] [1788835171.373268847] [controller_server]: Received a goal, begin computing control effort.
[controller_server-3] [INFO] [1788835172.424089746] [controller_server]: Passing new path to controller.
[controller_server-3] [INFO] [1788835172.525435032] [controller_server]: Reached the goal!
[bt_navigator-7] [INFO] [1788835172.562909728] [bt_navigator]: Goal succeeded
[INFO] [1788835172.564703195] [candidate_explorer]: Frontier goal finished: success=True
[INFO] [1788835172.564909650] [candidate_explorer]: Reached frontier. Waiting for the map to expose new frontiers.
[INFO] [1788835172.891333938] [candidate_explorer]: Detected 5738 frontier cells
[INFO] [1788835172.897025334] [candidate_explorer]: Found 76 frontier clusters after filtering
[INFO] [1788835172.901317590] [candidate_explorer]: Selected frontier cluster: size=18, goal=(6.45, -9.26), distance=0.61
[INFO] [1788835172.902008077] [candidate_explorer]: Checking global path to frontier (6.45, -9.26), distance=0.61m
[INFO] [1788835172.910993664] [candidate_explorer]: Nav2 path to frontier is 0.62m (straight-line=0.61m, detour=1.0x)
[INFO] [1788835172.911923397] [candidate_explorer]: Global path accepted. Navigating to frontier (6.45, -9.26)
[bt_navigator-7] [INFO] [1788835172.912357598] [bt_navigator]: Begin navigating from current location (5.86, -9.39) to (6.45, -9.26)
[controller_server-3] [INFO] [1788835172.933846583] [controller_server]: Received a goal, begin computing control effort.
[planner_server-5] [INFO] [1788835173.115910406] [global_costmap.global_costmap]: StaticLayer: Resizing costmap to 1662 X 912 at 0.015000 m/pix
[controller_server-3] [INFO] [1788835173.437038331] [controller_server]: Reached the goal!
[bt_navigator-7] [INFO] [1788835173.474062660] [bt_navigator]: Goal succeeded
[INFO] [1788835173.475961959] [candidate_explorer]: Frontier goal finished: success=True
[INFO] [1788835173.476217496] [candidate_explorer]: Reached frontier. Waiting for the map to expose new frontiers.
[INFO] [1788835174.076642022] [candidate_explorer]: Detected 4870 frontier cells
[INFO] [1788835174.084100012] [candidate_explorer]: Found 68 frontier clusters after filtering
[INFO] [1788835174.088776177] [candidate_explorer]: Selected frontier cluster: size=9, goal=(9.95, -8.14), distance=3.84
[INFO] [1788835174.089433915] [candidate_explorer]: Checking global path to frontier (9.95, -8.14), distance=3.84m
[planner_server-5] [WARN] [1788835174.187482887] [planner_server]: GridBased: failed to create plan with tolerance 0.50.
[planner_server-5] [WARN] [1788835174.187533969] [planner_server]: Planning algorithm GridBased failed to generate a valid path to (9.95, -8.14)
[planner_server-5] [WARN] [1788835174.187544886] [planner_server]: [compute_path_to_pose] [ActionServer] Aborting handle.
[WARN] [1788835174.191232361] [candidate_explorer]: Path computation failed, status=6
[WARN] [1788835174.191461273] [candidate_explorer]: No global path to frontier (9.95, -8.14). Blacklisting.
[INFO] [1788835174.388465950] [candidate_explorer]: Detected 4870 frontier cells
[INFO] [1788835174.393447568] [candidate_explorer]: Found 68 frontier clusters after filtering
[INFO] [1788835174.398475935] [candidate_explorer]: Selected frontier cluster: size=1052, goal=(4.94, -7.99), distance=1.81
[INFO] [1788835174.399135715] [candidate_explorer]: Checking global path to frontier (4.94, -7.99), distance=1.81m
[INFO] [1788835174.410222139] [candidate_explorer]: Nav2 path to frontier is 1.97m (straight-line=1.81m, detour=1.1x)
[INFO] [1788835174.412538847] [candidate_explorer]: Global path accepted. Navigating to frontier (4.94, -7.99)
[bt_navigator-7] [INFO] [1788835174.412924506] [bt_navigator]: Begin navigating from current location (6.26, -9.22) to (4.94, -7.99)
[controller_server-3] [INFO] [1788835174.435268351] [controller_server]: Received a goal, begin computing control effort.
[controller_server-3] [INFO] [1788835175.485393221] [controller_server]: Passing new path to controller.
[controller_server-3] [INFO] [1788835176.488496152] [controller_server]: Reached the goal!
[controller_server-3] [INFO] [1788835176.488583234] [controller_server]: Received a goal, begin computing control effort.
[controller_server-3] [INFO] [1788835176.490545948] [controller_server]: Reached the goal!
[bt_navigator-7] [INFO] [1788835176.524992407] [bt_navigator]: Goal succeeded
[INFO] [1788835176.525538563] [candidate_explorer]: Frontier goal finished: success=True
[INFO] [1788835176.525769018] [candidate_explorer]: Reached frontier. Waiting for the map to expose new frontiers.
[INFO] [1788835177.080141879] [candidate_explorer]: Detected 4831 frontier cells
[INFO] [1788835177.087308124] [candidate_explorer]: Found 67 frontier clusters after filtering
[INFO] [1788835177.091320802] [candidate_explorer]: Selected frontier cluster: size=5, goal=(3.80, -8.50), distance=1.26
[INFO] [1788835177.091931499] [candidate_explorer]: Checking global path to frontier (3.80, -8.50), distance=1.26m
[planner_server-5] [ERROR] [1788835177.094869654] [planner_server]: Failed to create a plan from potential when a legal potential was found. This shouldn't happen.
[planner_server-5] [WARN] [1788835177.094919445] [planner_server]: GridBased: failed to create plan with tolerance 0.50.
[planner_server-5] [WARN] [1788835177.094930111] [planner_server]: Planning algorithm GridBased failed to generate a valid path to (3.80, -8.50)
[planner_server-5] [WARN] [1788835177.094936194] [planner_server]: [compute_path_to_pose] [ActionServer] Aborting handle.
[WARN] [1788835177.099677108] [candidate_explorer]: Path computation failed, status=6
[WARN] [1788835177.099926937] [candidate_explorer]: No global path to frontier (3.80, -8.50). Blacklisting.
[INFO] [1788835177.584144155] [candidate_explorer]: Detected 5587 frontier cells
[INFO] [1788835177.591715767] [candidate_explorer]: Found 91 frontier clusters after filtering
[INFO] [1788835177.597601494] [candidate_explorer]: Selected frontier cluster: size=13, goal=(3.77, -7.28), distance=1.55
[INFO] [1788835177.598347522] [candidate_explorer]: Checking global path to frontier (3.77, -7.28), distance=1.55m
[planner_server-5] [ERROR] [1788835177.602044455] [planner_server]: Failed to create a plan from potential when a legal potential was found. This shouldn't happen.
[planner_server-5] [WARN] [1788835177.602088204] [planner_server]: GridBased: failed to create plan with tolerance 0.50.
[planner_server-5] [WARN] [1788835177.602094996] [planner_server]: Planning algorithm GridBased failed to generate a valid path to (3.77, -7.28)
[planner_server-5] [WARN] [1788835177.602100746] [planner_server]: [compute_path_to_pose] [ActionServer] Aborting handle.
[WARN] [1788835177.606043424] [candidate_explorer]: Path computation failed, status=6
[WARN] [1788835177.606286670] [candidate_explorer]: No global path to frontier (3.77, -7.28). Blacklisting.
[INFO] [1788835177.892508437] [candidate_explorer]: Detected 5587 frontier cells
[INFO] [1788835177.898014087] [candidate_explorer]: Found 91 frontier clusters after filtering
[INFO] [1788835177.903881855] [candidate_explorer]: Selected frontier cluster: size=1250, goal=(3.03, -8.77), distance=2.07
[INFO] [1788835177.904584593] [candidate_explorer]: Checking global path to frontier (3.03, -8.77), distance=2.07m
[INFO] [1788835177.915927012] [candidate_explorer]: Nav2 path to frontier is 2.14m (straight-line=2.07m, detour=1.0x)
[INFO] [1788835177.918567964] [candidate_explorer]: Global path accepted. Navigating to frontier (3.03, -8.77)
[bt_navigator-7] [INFO] [1788835177.919187869] [bt_navigator]: Begin navigating from current location (5.02, -8.19) to (3.03, -8.77)
[controller_server-3] [INFO] [1788835177.944198791] [controller_server]: Received a goal, begin computing control effort.
[controller_server-3] [INFO] [1788835178.997094110] [controller_server]: Passing new path to controller.
[controller_server-3] [INFO] [1788835179.796495361] [controller_server]: Reached the goal!
[bt_navigator-7] [INFO] [1788835179.829564095] [bt_navigator]: Goal succeeded
[INFO] [1788835179.831327438] [candidate_explorer]: Frontier goal finished: success=True
[INFO] [1788835179.831589933] [candidate_explorer]: Reached frontier. Waiting for the map to expose new frontiers.
[INFO] [1788835180.344461381] [candidate_explorer]: Detected 8577 frontier cells
[INFO] [1788835180.354471907] [candidate_explorer]: Found 134 frontier clusters after filtering
[INFO] [1788835180.362770465] [candidate_explorer]: Selected frontier cluster: size=3110, goal=(2.70, -8.44), distance=0.60
[INFO] [1788835180.363682532] [candidate_explorer]: Checking global path to frontier (2.70, -8.44), distance=0.60m
[INFO] [1788835180.372469998] [candidate_explorer]: Nav2 path to frontier is 0.62m (straight-line=0.60m, detour=1.0x)
[INFO] [1788835180.373400272] [candidate_explorer]: Global path accepted. Navigating to frontier (2.70, -8.44)
[bt_navigator-7] [INFO] [1788835180.373763891] [bt_navigator]: Begin navigating from current location (3.24, -8.71) to (2.70, -8.44)
[controller_server-3] [INFO] [1788835180.396182526] [controller_server]: Received a goal, begin computing control effort.
[controller_server-3] [INFO] [1788835181.448030906] [controller_server]: Passing new path to controller.
[controller_server-3] [INFO] [1788835181.450034078] [controller_server]: Reached the goal!
[bt_navigator-7] [INFO] [1788835181.495485504] [bt_navigator]: Goal succeeded
[INFO] [1788835181.495943579] [candidate_explorer]: Frontier goal finished: success=True
[INFO] [1788835181.496208324] [candidate_explorer]: Reached frontier. Waiting for the map to expose new frontiers.
[INFO] [1788835182.104150297] [candidate_explorer]: Detected 10704 frontier cells
[INFO] [1788835182.113891329] [candidate_explorer]: Found 176 frontier clusters after filtering
[INFO] [1788835182.126007234] [candidate_explorer]: Selected frontier cluster: size=3567, goal=(2.76, -8.02), distance=0.60
[INFO] [1788835182.127295794] [candidate_explorer]: Checking global path to frontier (2.76, -8.02), distance=0.60m
[INFO] [1788835182.145543463] [candidate_explorer]: Nav2 path to frontier is 0.62m (straight-line=0.60m, detour=1.0x)
[INFO] [1788835182.146642027] [candidate_explorer]: Global path accepted. Navigating to frontier (2.76, -8.02)
[bt_navigator-7] [INFO] [1788835182.147135684] [bt_navigator]: Begin navigating from current location (2.81, -8.62) to (2.76, -8.02)
[controller_server-3] [INFO] [1788835182.169409739] [controller_server]: Received a goal, begin computing control effort.
[controller_server-3] [INFO] [1788835183.022137772] [controller_server]: Reached the goal!
[bt_navigator-7] [INFO] [1788835183.061730596] [bt_navigator]: Goal succeeded
[INFO] [1788835183.063619812] [candidate_explorer]: Frontier goal finished: success=True
[INFO] [1788835183.063845724] [candidate_explorer]: Reached frontier. Waiting for the map to expose new frontiers.
[INFO] [1788835183.608099478] [candidate_explorer]: Detected 12342 frontier cells
[INFO] [1788835183.626570101] [candidate_explorer]: Found 234 frontier clusters after filtering
[INFO] [1788835183.641393916] [candidate_explorer]: Selected frontier cluster: size=4131, goal=(2.51, -7.61), distance=0.60
[INFO] [1788835183.642627393] [candidate_explorer]: Checking global path to frontier (2.51, -7.61), distance=0.60m
[INFO] [1788835183.651423775] [candidate_explorer]: Nav2 path to frontier is 0.63m (straight-line=0.60m, detour=1.0x)
[INFO] [1788835183.652396508] [candidate_explorer]: Global path accepted. Navigating to frontier (2.51, -7.61)
[bt_navigator-7] [INFO] [1788835183.652787042] [bt_navigator]: Begin navigating from current location (2.64, -8.20) to (2.51, -7.61)
[controller_server-3] [INFO] [1788835183.675543546] [controller_server]: Received a goal, begin computing control effort.
[controller_server-3] [INFO] [1788835184.129092695] [controller_server]: Reached the goal!
[bt_navigator-7] [INFO] [1788835184.163132327] [bt_navigator]: Goal succeeded
[INFO] [1788835184.163612985] [candidate_explorer]: Frontier goal finished: success=True
[INFO] [1788835184.163835273] [candidate_explorer]: Reached frontier. Waiting for the map to expose new frontiers.
[INFO] [1788835184.403677923] [candidate_explorer]: Detected 12342 frontier cells
[INFO] [1788835184.415106841] [candidate_explorer]: Found 234 frontier clusters after filtering
[INFO] [1788835184.429499205] [candidate_explorer]: Selected frontier cluster: size=4131, goal=(2.22, -7.36), distance=0.60
[INFO] [1788835184.430791223] [candidate_explorer]: Checking global path to frontier (2.22, -7.36), distance=0.60m
[INFO] [1788835184.439697311] [candidate_explorer]: Nav2 path to frontier is 0.74m (straight-line=0.60m, detour=1.2x)
[INFO] [1788835184.440696293] [candidate_explorer]: Global path accepted. Navigating to frontier (2.22, -7.36)
[bt_navigator-7] [INFO] [1788835184.441176034] [bt_navigator]: Begin navigating from current location (2.60, -7.82) to (2.22, -7.36)
[controller_server-3] [INFO] [1788835184.462498481] [controller_server]: Received a goal, begin computing control effort.
[controller_server-3] [INFO] [1788835184.916216877] [controller_server]: Reached the goal!
[bt_navigator-7] [INFO] [1788835184.954642221] [bt_navigator]: Goal succeeded
[INFO] [1788835184.956470605] [candidate_explorer]: Frontier goal finished: success=True
[INFO] [1788835184.956730933] [candidate_explorer]: Reached frontier. Waiting for the map to expose new frontiers.
[INFO] [1788835185.616889876] [candidate_explorer]: Detected 12366 frontier cells
[INFO] [1788835185.628309211] [candidate_explorer]: Found 182 frontier clusters after filtering
[INFO] [1788835185.643598309] [candidate_explorer]: Selected frontier cluster: size=3668, goal=(1.88, -7.22), distance=0.60
[INFO] [1788835185.645033658] [candidate_explorer]: Checking global path to frontier (1.88, -7.22), distance=0.60m
[INFO] [1788835185.653846706] [candidate_explorer]: Nav2 path to frontier is 0.73m (straight-line=0.60m, detour=1.2x)
[INFO] [1788835185.655005143] [candidate_explorer]: Global path accepted. Navigating to frontier (1.88, -7.22)
[bt_navigator-7] [INFO] [1788835185.655423219] [bt_navigator]: Begin navigating from current location (2.41, -7.50) to (1.88, -7.22)
[controller_server-3] [INFO] [1788835185.678310929] [controller_server]: Received a goal, begin computing control effort.
[controller_server-3] [INFO] [1788835186.131840578] [controller_server]: Reached the goal!
[bt_navigator-7] [INFO] [1788835186.166060249] [bt_navigator]: Goal succeeded
[INFO] [1788835186.167829425] [candidate_explorer]: Frontier goal finished: success=True
[INFO] [1788835186.168078254] [candidate_explorer]: Reached frontier. Waiting for the map to expose new frontiers.
[INFO] [1788835186.405252161] [candidate_explorer]: Detected 12366 frontier cells
[INFO] [1788835186.416481624] [candidate_explorer]: Found 182 frontier clusters after filtering
[INFO] [1788835186.431211607] [candidate_explorer]: Selected frontier cluster: size=3668, goal=(1.49, -7.16), distance=0.60
[INFO] [1788835186.432484792] [candidate_explorer]: Checking global path to frontier (1.49, -7.16), distance=0.60m
[INFO] [1788835186.441348298] [candidate_explorer]: Nav2 path to frontier is 0.68m (straight-line=0.60m, detour=1.1x)
[INFO] [1788835186.442312447] [candidate_explorer]: Global path accepted. Navigating to frontier (1.49, -7.16)
[bt_navigator-7] [INFO] [1788835186.442679315] [bt_navigator]: Begin navigating from current location (2.07, -7.28) to (1.49, -7.16)
[controller_server-3] [INFO] [1788835186.466283470] [controller_server]: Received a goal, begin computing control effort.
[controller_server-3] [INFO] [1788835186.918162816] [controller_server]: Reached the goal!
[bt_navigator-7] [INFO] [1788835186.952888228] [bt_navigator]: Goal succeeded
[INFO] [1788835186.954642654] [candidate_explorer]: Frontier goal finished: success=True
[INFO] [1788835186.954892608] [candidate_explorer]: Reached frontier. Waiting for the map to expose new frontiers.
[INFO] [1788835187.624449756] [candidate_explorer]: Detected 11243 frontier cells
[INFO] [1788835187.635055938] [candidate_explorer]: Found 140 frontier clusters after filtering
[INFO] [1788835187.648173825] [candidate_explorer]: Selected frontier cluster: size=3908, goal=(1.40, -6.68), distance=0.60
[INFO] [1788835187.649341429] [candidate_explorer]: Checking global path to frontier (1.40, -6.68), distance=0.60m
[INFO] [1788835187.658241560] [candidate_explorer]: Nav2 path to frontier is 0.62m (straight-line=0.60m, detour=1.0x)
[INFO] [1788835187.659161959] [candidate_explorer]: Global path accepted. Navigating to frontier (1.40, -6.68)
[bt_navigator-7] [INFO] [1788835187.659574577] [bt_navigator]: Begin navigating from current location (1.73, -7.18) to (1.40, -6.68)
[controller_server-3] [INFO] [1788835187.680639737] [controller_server]: Received a goal, begin computing control effort.
[controller_server-3] [INFO] [1788835188.136306555] [controller_server]: Reached the goal!
[bt_navigator-7] [INFO] [1788835188.169991069] [bt_navigator]: Goal succeeded
[INFO] [1788835188.170478769] [candidate_explorer]: Frontier goal finished: success=True
[INFO] [1788835188.170691640] [candidate_explorer]: Reached frontier. Waiting for the map to expose new frontiers.
[INFO] [1788835188.407275182] [candidate_explorer]: Detected 11243 frontier cells
[INFO] [1788835188.417452789] [candidate_explorer]: Found 140 frontier clusters after filtering
[INFO] [1788835188.429731608] [candidate_explorer]: Selected frontier cluster: size=3908, goal=(0.84, -6.62), distance=0.60
[INFO] [1788835188.431001460] [candidate_explorer]: Checking global path to frontier (0.84, -6.62), distance=0.60m
[INFO] [1788835188.439568471] [candidate_explorer]: Nav2 path to frontier is 0.61m (straight-line=0.60m, detour=1.0x)
[INFO] [1788835188.440496663] [candidate_explorer]: Global path accepted. Navigating to frontier (0.84, -6.62)
[bt_navigator-7] [INFO] [1788835188.440869031] [bt_navigator]: Begin navigating from current location (1.38, -6.87) to (0.84, -6.62)
[controller_server-3] [INFO] [1788835188.462825841] [controller_server]: Received a goal, begin computing control effort.
[controller_server-3] [INFO] [1788835189.515014507] [controller_server]: Passing new path to controller.
[controller_server-3] [INFO] [1788835189.666033560] [controller_server]: Reached the goal!
[bt_navigator-7] [INFO] [1788835189.702077781] [bt_navigator]: Goal succeeded
[INFO] [1788835189.704029037] [candidate_explorer]: Frontier goal finished: success=True
[INFO] [1788835189.704286199] [candidate_explorer]: Reached frontier. Waiting for the map to expose new frontiers.
[INFO] [1788835190.374429461] [candidate_explorer]: Detected 10035 frontier cells
[INFO] [1788835190.383768792] [candidate_explorer]: Found 144 frontier clusters after filtering
[INFO] [1788835190.396164275] [candidate_explorer]: Selected frontier cluster: size=54, goal=(0.39, -6.83), distance=0.71
[INFO] [1788835190.397271422] [candidate_explorer]: Checking global path to frontier (0.39, -6.83), distance=0.71m
[INFO] [1788835190.406551920] [candidate_explorer]: Nav2 path to frontier is 0.73m (straight-line=0.71m, detour=1.0x)
[INFO] [1788835190.407543277] [candidate_explorer]: Global path accepted. Navigating to frontier (0.39, -6.83)
[bt_navigator-7] [INFO] [1788835190.407929728] [bt_navigator]: Begin navigating from current location (1.03, -6.53) to (0.39, -6.83)
[controller_server-3] [INFO] [1788835190.430955269] [controller_server]: Received a goal, begin computing control effort.
[controller_server-3] [INFO] [1788835191.436334951] [controller_server]: Reached the goal!
[bt_navigator-7] [INFO] [1788835191.469271353] [bt_navigator]: Goal succeeded
[INFO] [1788835191.471225276] [candidate_explorer]: Frontier goal finished: success=True
[INFO] [1788835191.471481938] [candidate_explorer]: Reached frontier. Waiting for the map to expose new frontiers.
[INFO] [1788835192.122075346] [candidate_explorer]: Detected 10358 frontier cells
[INFO] [1788835192.132028791] [candidate_explorer]: Found 100 frontier clusters after filtering
[INFO] [1788835192.145080971] [candidate_explorer]: Selected frontier cluster: size=6081, goal=(0.30, -7.67), distance=1.03
[INFO] [1788835192.146218158] [candidate_explorer]: Checking global path to frontier (0.30, -7.67), distance=1.03m
[INFO] [1788835192.156230268] [candidate_explorer]: Nav2 path to frontier is 1.03m (straight-line=1.03m, detour=1.0x)
[INFO] [1788835192.157530286] [candidate_explorer]: Global path accepted. Navigating to frontier (0.30, -7.67)
[bt_navigator-7] [INFO] [1788835192.157938362] [bt_navigator]: Begin navigating from current location (0.52, -6.67) to (0.30, -7.67)
[controller_server-3] [INFO] [1788835192.178651862] [controller_server]: Received a goal, begin computing control effort.
[controller_server-3] [INFO] [1788835192.230051846] [controller_server]: Passing new path to controller.
[controller_server-3] [INFO] [1788835192.982515990] [controller_server]: Reached the goal!
[bt_navigator-7] [INFO] [1788835193.019193575] [bt_navigator]: Goal succeeded
[INFO] [1788835193.021256954] [candidate_explorer]: Frontier goal finished: success=True
[INFO] [1788835193.021510324] [candidate_explorer]: Reached frontier. Waiting for the map to expose new frontiers.
[INFO] [1788835193.619806389] [candidate_explorer]: Detected 9980 frontier cells
[INFO] [1788835193.628915141] [candidate_explorer]: Found 77 frontier clusters after filtering
[INFO] [1788835193.640893882] [candidate_explorer]: Selected frontier cluster: size=5960, goal=(-0.06, -7.97), distance=0.60
[INFO] [1788835193.641868989] [candidate_explorer]: Checking global path to frontier (-0.06, -7.97), distance=0.60m
[INFO] [1788835193.651363234] [candidate_explorer]: Nav2 path to frontier is 0.81m (straight-line=0.60m, detour=1.3x)
[INFO] [1788835193.652427298] [candidate_explorer]: Global path accepted. Navigating to frontier (-0.06, -7.97)
[bt_navigator-7] [INFO] [1788835193.652835790] [bt_navigator]: Begin navigating from current location (0.28, -7.47) to (-0.06, -7.97)
[controller_server-3] [INFO] [1788835193.674387733] [controller_server]: Received a goal, begin computing control effort.
[controller_server-3] [INFO] [1788835194.226585509] [controller_server]: Reached the goal!
[bt_navigator-7] [INFO] [1788835194.264433739] [bt_navigator]: Goal succeeded
[INFO] [1788835194.264875606] [candidate_explorer]: Frontier goal finished: success=True
[INFO] [1788835194.265141393] [candidate_explorer]: Reached frontier. Waiting for the map to expose new frontiers.
[INFO] [1788835194.665447799] [candidate_explorer]: Detected 9980 frontier cells
[INFO] [1788835194.674725381] [candidate_explorer]: Found 77 frontier clusters after filtering
[INFO] [1788835194.686257630] [candidate_explorer]: Selected frontier cluster: size=5960, goal=(0.27, -8.45), distance=0.60
[INFO] [1788835194.687216779] [candidate_explorer]: Checking global path to frontier (0.27, -8.45), distance=0.60m
[INFO] [1788835194.696393113] [candidate_explorer]: Nav2 path to frontier is 0.62m (straight-line=0.60m, detour=1.0x)
[INFO] [1788835194.697356595] [candidate_explorer]: Global path accepted. Navigating to frontier (0.27, -8.45)
[bt_navigator-7] [INFO] [1788835194.697808087] [bt_navigator]: Begin navigating from current location (0.14, -7.86) to (0.27, -8.45)
[controller_server-3] [INFO] [1788835194.719012411] [controller_server]: Received a goal, begin computing control effort.
[controller_server-3] [INFO] [1788835195.773030918] [controller_server]: Passing new path to controller.
[controller_server-3] [INFO] [1788835195.971317280] [controller_server]: Reached the goal!
[bt_navigator-7] [INFO] [1788835196.008421899] [bt_navigator]: Goal succeeded
[INFO] [1788835196.010384322] [candidate_explorer]: Frontier goal finished: success=True
[INFO] [1788835196.010679275] [candidate_explorer]: Reached frontier. Waiting for the map to expose new frontiers.
[INFO] [1788835196.624308728] [candidate_explorer]: Detected 8641 frontier cells
[INFO] [1788835196.634937952] [candidate_explorer]: Found 75 frontier clusters after filtering
[INFO] [1788835196.645590634] [candidate_explorer]: Selected frontier cluster: size=3959, goal=(0.53, -8.75), distance=0.60
[INFO] [1788835196.646711613] [candidate_explorer]: Checking global path to frontier (0.53, -8.75), distance=0.60m
[INFO] [1788835196.656092985] [candidate_explorer]: Nav2 path to frontier is 0.65m (straight-line=0.60m, detour=1.1x)
[INFO] [1788835196.656992385] [candidate_explorer]: Global path accepted. Navigating to frontier (0.53, -8.75)
[bt_navigator-7] [INFO] [1788835196.657462293] [bt_navigator]: Begin navigating from current location (0.06, -8.37) to (0.53, -8.75)
[controller_server-3] [INFO] [1788835196.680318379] [controller_server]: Received a goal, begin computing control effort.
[controller_server-3] [INFO] [1788835197.087093043] [controller_server]: Reached the goal!
[bt_navigator-7] [INFO] [1788835197.118477557] [bt_navigator]: Goal succeeded
[INFO] [1788835197.120354814] [candidate_explorer]: Frontier goal finished: success=True
[INFO] [1788835197.120614893] [candidate_explorer]: Reached frontier. Waiting for the map to expose new frontiers.
[INFO] [1788835197.623262651] [candidate_explorer]: Detected 5867 frontier cells
[INFO] [1788835197.628554097] [candidate_explorer]: Found 75 frontier clusters after filtering
[INFO] [1788835197.635727550] [candidate_explorer]: Selected frontier cluster: size=1713, goal=(0.78, -9.52), distance=0.94
[INFO] [1788835197.636479703] [candidate_explorer]: Checking global path to frontier (0.78, -9.52), distance=0.94m
[INFO] [1788835197.646535229] [candidate_explorer]: Nav2 path to frontier is 1.13m (straight-line=0.94m, detour=1.2x)
[INFO] [1788835197.647856122] [candidate_explorer]: Global path accepted. Navigating to frontier (0.78, -9.52)
[bt_navigator-7] [INFO] [1788835197.648272614] [bt_navigator]: Begin navigating from current location (0.35, -8.69) to (0.78, -9.52)
[controller_server-3] [INFO] [1788835197.671410736] [controller_server]: Received a goal, begin computing control effort.
[controller_server-3] [INFO] [1788835198.673496561] [controller_server]: Reached the goal!
[bt_navigator-7] [INFO] [1788835198.710664803] [bt_navigator]: Goal succeeded
[INFO] [1788835198.712473479] [candidate_explorer]: Frontier goal finished: success=True
[INFO] [1788835198.712724183] [candidate_explorer]: Reached frontier. Waiting for the map to expose new frontiers.
[INFO] [1788835199.371323279] [candidate_explorer]: Detected 3836 frontier cells
[INFO] [1788835199.377864327] [candidate_explorer]: Found 64 frontier clusters after filtering
[INFO] [1788835199.382583991] [candidate_explorer]: Selected frontier cluster: size=12, goal=(1.38, -9.61), distance=0.66
[INFO] [1788835199.383221021] [candidate_explorer]: Checking global path to frontier (1.38, -9.61), distance=0.66m
[INFO] [1788835199.392587560] [candidate_explorer]: Nav2 path to frontier is 0.67m (straight-line=0.66m, detour=1.0x)
[INFO] [1788835199.393594667] [candidate_explorer]: Global path accepted. Navigating to frontier (1.38, -9.61)
[bt_navigator-7] [INFO] [1788835199.394229072] [bt_navigator]: Begin navigating from current location (0.80, -9.30) to (1.38, -9.61)
[controller_server-3] [INFO] [1788835199.417522774] [controller_server]: Received a goal, begin computing control effort.
[controller_server-3] [INFO] [1788835199.469199212] [controller_server]: Passing new path to controller.
[controller_server-3] [INFO] [1788835200.371559095] [controller_server]: Reached the goal!
[bt_navigator-7] [INFO] [1788835200.405069946] [bt_navigator]: Goal succeeded
[INFO] [1788835200.407067410] [candidate_explorer]: Frontier goal finished: success=True
[INFO] [1788835200.407325113] [candidate_explorer]: Reached frontier. Waiting for the map to expose new frontiers.
[INFO] [1788835200.668148799] [candidate_explorer]: Detected 3836 frontier cells
[INFO] [1788835200.672094644] [candidate_explorer]: Found 64 frontier clusters after filtering
[INFO] [1788835200.676697394] [candidate_explorer]: Selected frontier cluster: size=31, goal=(1.94, -9.98), distance=0.84
[INFO] [1788835200.677255301] [candidate_explorer]: Checking global path to frontier (1.94, -9.98), distance=0.84m
[INFO] [1788835200.687067373] [candidate_explorer]: Nav2 path to frontier is 0.86m (straight-line=0.84m, detour=1.0x)
[INFO] [1788835200.688234393] [candidate_explorer]: Global path accepted. Navigating to frontier (1.94, -9.98)
[bt_navigator-7] [INFO] [1788835200.688664802] [bt_navigator]: Begin navigating from current location (1.17, -9.64) to (1.94, -9.98)
[controller_server-3] [INFO] [1788835200.709594797] [controller_server]: Received a goal, begin computing control effort.
[controller_server-3] [INFO] [1788835201.363365065] [controller_server]: Reached the goal!
[bt_navigator-7] [INFO] [1788835201.400425392] [bt_navigator]: Goal succeeded
[INFO] [1788835201.400832510] [candidate_explorer]: Frontier goal finished: success=True
[INFO] [1788835201.401056964] [candidate_explorer]: Reached frontier. Waiting for the map to expose new frontiers.
[INFO] [1788835201.872862657] [candidate_explorer]: Detected 3506 frontier cells
[INFO] [1788835201.878747134] [candidate_explorer]: Found 51 frontier clusters after filtering
[INFO] [1788835201.883125429] [candidate_explorer]: Selected frontier cluster: size=6, goal=(2.54, -10.36), distance=0.93
[INFO] [1788835201.883647711] [candidate_explorer]: Checking global path to frontier (2.54, -10.36), distance=0.93m
[INFO] [1788835201.893601739] [candidate_explorer]: Nav2 path to frontier is 1.06m (straight-line=0.93m, detour=1.1x)
[INFO] [1788835201.894863883] [candidate_explorer]: Global path accepted. Navigating to frontier (2.54, -10.36)
[bt_navigator-7] [INFO] [1788835201.895356999] [bt_navigator]: Begin navigating from current location (1.74, -9.87) to (2.54, -10.36)
[controller_server-3] [INFO] [1788835201.918149877] [controller_server]: Received a goal, begin computing control effort.
[controller_server-3] [INFO] [1788835202.670985598] [controller_server]: Reached the goal!
[bt_navigator-7] [INFO] [1788835202.705907464] [bt_navigator]: Goal succeeded
[INFO] [1788835202.707775972] [candidate_explorer]: Frontier goal finished: success=True
[INFO] [1788835202.707997260] [candidate_explorer]: Reached frontier. Waiting for the map to expose new frontiers.
[INFO] [1788835203.384455782] [candidate_explorer]: Detected 3456 frontier cells
[INFO] [1788835203.387653682] [candidate_explorer]: Found 50 frontier clusters after filtering
[INFO] [1788835203.392078352] [candidate_explorer]: Selected frontier cluster: size=82, goal=(5.88, -11.99), distance=3.93
[INFO] [1788835203.392604967] [candidate_explorer]: Checking global path to frontier (5.88, -11.99), distance=3.93m
[INFO] [1788835203.414257616] [candidate_explorer]: Nav2 path to frontier is 7.16m (straight-line=3.93m, detour=1.8x)
[INFO] [1788835203.422056225] [candidate_explorer]: Global path accepted. Navigating to frontier (5.88, -11.99)
[bt_navigator-7] [INFO] [1788835203.422567382] [bt_navigator]: Begin navigating from current location (2.40, -10.17) to (5.88, -11.99)
[controller_server-3] [INFO] [1788835203.444768521] [controller_server]: Received a goal, begin computing control effort.
[controller_server-3] [INFO] [1788835204.495311134] [controller_server]: Passing new path to controller.
[controller_server-3] [INFO] [1788835205.547008142] [controller_server]: Passing new path to controller.
[async_slam_toolbox_node-2] W0908 02:40:05.765014 16799 preprocessor.cc:62] Specified options.num_threads: 50 exceeds maximum available from the threading model Ceres was compiled with: 14.  Bounding to maximum number available.
[controller_server-3] [INFO] [1788835206.545090247] [controller_server]: Passing new path to controller.
[planner_server-5] [INFO] [1788835207.117805734] [global_costmap.global_costmap]: StaticLayer: Resizing costmap to 1662 X 912 at 0.015000 m/pix
[controller_server-3] [INFO] [1788835207.595107869] [controller_server]: Passing new path to controller.
[controller_server-3] [INFO] [1788835208.597880181] [controller_server]: Passing new path to controller.
[controller_server-3] [INFO] [1788835209.646695491] [controller_server]: Passing new path to controller.
[controller_server-3] [INFO] [1788835210.348084228] [controller_server]: Reached the goal!
[bt_navigator-7] [INFO] [1788835210.383731123] [bt_navigator]: Goal succeeded
[INFO] [1788835210.384230406] [candidate_explorer]: Frontier goal finished: success=True
[INFO] [1788835210.384464652] [candidate_explorer]: Reached frontier. Waiting for the map to expose new frontiers.
[INFO] [1788835210.886362799] [candidate_explorer]: Detected 3378 frontier cells
[INFO] [1788835210.892176110] [candidate_explorer]: Found 52 frontier clusters after filtering
[INFO] [1788835210.896373409] [candidate_explorer]: Selected frontier cluster: size=1360, goal=(-4.98, -2.92), distance=14.11
[INFO] [1788835210.896846483] [candidate_explorer]: Checking global path to frontier (-4.98, -2.92), distance=14.11m
[INFO] [1788835210.959579804] [candidate_explorer]: Nav2 path to frontier is 23.13m (straight-line=14.11m, detour=1.6x)
[WARN] [1788835210.963780103] [candidate_explorer]: Narrow passage detected: 0.54 m
[WARN] [1788835210.964001890] [candidate_explorer]: Rejecting frontier (-4.98, -2.92): global path contains a narrow passage.
[INFO] [1788835211.397942936] [candidate_explorer]: Detected 3354 frontier cells
[INFO] [1788835211.403437795] [candidate_explorer]: Found 49 frontier clusters after filtering
[INFO] [1788835211.408003004] [candidate_explorer]: Selected frontier cluster: size=1360, goal=(-5.79, -2.87), distance=14.78
[INFO] [1788835211.408492662] [candidate_explorer]: Checking global path to frontier (-5.79, -2.87), distance=14.78m
[INFO] [1788835211.480253818] [candidate_explorer]: Nav2 path to frontier is 23.96m (straight-line=14.78m, detour=1.6x)
[WARN] [1788835211.484680446] [candidate_explorer]: Narrow passage detected: 0.54 m
[WARN] [1788835211.484897943] [candidate_explorer]: Rejecting frontier (-5.79, -2.87): global path contains a narrow passage.
[INFO] [1788835211.707119829] [candidate_explorer]: Detected 3354 frontier cells
[INFO] [1788835211.710352562] [candidate_explorer]: Found 49 frontier clusters after filtering
[INFO] [1788835211.714252491] [candidate_explorer]: Selected frontier cluster: size=165, goal=(-5.98, -2.09), distance=15.41
[INFO] [1788835211.714807023] [candidate_explorer]: Checking global path to frontier (-5.98, -2.09), distance=15.41m
[planner_server-5] [ERROR] [1788835211.732246665] [planner_server]: Failed to create a plan from potential when a legal potential was found. This shouldn't happen.
[planner_server-5] [WARN] [1788835211.732289414] [planner_server]: GridBased: failed to create plan with tolerance 0.50.
[planner_server-5] [WARN] [1788835211.732296497] [planner_server]: Planning algorithm GridBased failed to generate a valid path to (-5.98, -2.09)
[planner_server-5] [WARN] [1788835211.732301622] [planner_server]: [compute_path_to_pose] [ActionServer] Aborting handle.
[WARN] [1788835211.736109553] [candidate_explorer]: Path computation failed, status=6
[WARN] [1788835211.736347632] [candidate_explorer]: No global path to frontier (-5.98, -2.09). Blacklisting.
[INFO] [1788835212.167598935] [candidate_explorer]: Detected 3354 frontier cells
[INFO] [1788835212.170962916] [candidate_explorer]: Found 49 frontier clusters after filtering
[INFO] [1788835212.174999301] [candidate_explorer]: Selected frontier cluster: size=12, goal=(-7.47, -2.27), distance=16.49
[INFO] [1788835212.175521625] [candidate_explorer]: Checking global path to frontier (-7.47, -2.27), distance=16.49m
[planner_server-5] [ERROR] [1788835212.193439466] [planner_server]: Failed to create a plan from potential when a legal potential was found. This shouldn't happen.
[planner_server-5] [WARN] [1788835212.193484507] [planner_server]: GridBased: failed to create plan with tolerance 0.50.
[planner_server-5] [WARN] [1788835212.193491799] [planner_server]: Planning algorithm GridBased failed to generate a valid path to (-7.47, -2.27)
[planner_server-5] [WARN] [1788835212.193497090] [planner_server]: [compute_path_to_pose] [ActionServer] Aborting handle.
[WARN] [1788835212.197313521] [candidate_explorer]: Path computation failed, status=6
[WARN] [1788835212.197553767] [candidate_explorer]: No global path to frontier (-7.47, -2.27). Blacklisting.
[INFO] [1788835212.425733378] [candidate_explorer]: Detected 3354 frontier cells
[INFO] [1788835212.429023152] [candidate_explorer]: Found 49 frontier clusters after filtering
[INFO] [1788835212.433242367] [candidate_explorer]: Selected frontier cluster: size=11, goal=(-4.20, -4.36), distance=12.62
[INFO] [1788835212.433705858] [candidate_explorer]: Checking global path to frontier (-4.20, -4.36), distance=12.62m
[INFO] [1788835212.495700942] [candidate_explorer]: Nav2 path to frontier is 23.92m (straight-line=12.62m, detour=1.9x)
[WARN] [1788835212.500019697] [candidate_explorer]: Narrow passage detected: 0.54 m
[WARN] [1788835212.500243027] [candidate_explorer]: Rejecting frontier (-4.20, -4.36): global path contains a narrow passage.
[INFO] [1788835212.921709466] [candidate_explorer]: Detected 3354 frontier cells
[INFO] [1788835212.925067738] [candidate_explorer]: Found 49 frontier clusters after filtering
[INFO] [1788835212.929268078] [candidate_explorer]: Selected frontier cluster: size=8, goal=(-8.22, -2.69), distance=16.88
[INFO] [1788835212.929835110] [candidate_explorer]: Checking global path to frontier (-8.22, -2.69), distance=16.88m
[planner_server-5] [ERROR] [1788835212.948015905] [planner_server]: Failed to create a plan from potential when a legal potential was found. This shouldn't happen.
[planner_server-5] [WARN] [1788835212.948063446] [planner_server]: GridBased: failed to create plan with tolerance 0.50.
[planner_server-5] [WARN] [1788835212.948071821] [planner_server]: Planning algorithm GridBased failed to generate a valid path to (-8.22, -2.69)
[planner_server-5] [WARN] [1788835212.948078571] [planner_server]: [compute_path_to_pose] [ActionServer] Aborting handle.
[WARN] [1788835212.951881752] [candidate_explorer]: Path computation failed, status=6
[WARN] [1788835212.952138289] [candidate_explorer]: No global path to frontier (-8.22, -2.69). Blacklisting.
[INFO] [1788835213.624078351] [candidate_explorer]: Detected 3354 frontier cells
[INFO] [1788835213.629793081] [candidate_explorer]: Found 49 frontier clusters after filtering
[INFO] [1788835213.634173626] [candidate_explorer]: Selected frontier cluster: size=6, goal=(-8.11, -1.79), distance=17.29
[INFO] [1788835213.634669159] [candidate_explorer]: Checking global path to frontier (-8.11, -1.79), distance=17.29m
[planner_server-5] [ERROR] [1788835213.653833103] [planner_server]: Failed to create a plan from potential when a legal potential was found. This shouldn't happen.
[planner_server-5] [WARN] [1788835213.653878852] [planner_server]: GridBased: failed to create plan with tolerance 0.50.
[planner_server-5] [WARN] [1788835213.653886852] [planner_server]: Planning algorithm GridBased failed to generate a valid path to (-8.11, -1.79)
[planner_server-5] [WARN] [1788835213.653892269] [planner_server]: [compute_path_to_pose] [ActionServer] Aborting handle.
[WARN] [1788835213.657802781] [candidate_explorer]: Path computation failed, status=6
[WARN] [1788835213.658048402] [candidate_explorer]: No global path to frontier (-8.11, -1.79). Blacklisting.
[INFO] [1788835213.919822279] [candidate_explorer]: Detected 3354 frontier cells
[INFO] [1788835213.923000471] [candidate_explorer]: Found 49 frontier clusters after filtering
[INFO] [1788835213.927202228] [candidate_explorer]: Selected frontier cluster: size=9, goal=(-5.11, -2.08), distance=14.76
[INFO] [1788835213.927717594] [candidate_explorer]: Checking global path to frontier (-5.11, -2.08), distance=14.76m
[planner_server-5] [WARN] [1788835213.943548807] [planner_server]: Planner loop missed its desired rate of 20.0000 Hz. Current loop rate is 10.0000 Hz
[INFO] [1788835213.993849061] [candidate_explorer]: Nav2 path to frontier is 23.20m (straight-line=14.76m, detour=1.6x)
[WARN] [1788835213.998389312] [candidate_explorer]: Narrow passage detected: 0.54 m
[WARN] [1788835213.998616183] [candidate_explorer]: Rejecting frontier (-5.11, -2.08): global path contains a narrow passage.
[INFO] [1788835214.417700207] [candidate_explorer]: Detected 3354 frontier cells
[INFO] [1788835214.421123936] [candidate_explorer]: Found 49 frontier clusters after filtering
[INFO] [1788835214.425476482] [candidate_explorer]: Selected frontier cluster: size=1095, goal=(13.49, -0.14), distance=13.86
[INFO] [1788835214.425958599] [candidate_explorer]: Checking global path to frontier (13.49, -0.14), distance=13.86m
[INFO] [1788835214.471531105] [candidate_explorer]: Nav2 path to frontier is 16.54m (straight-line=13.86m, detour=1.2x)
[WARN] [1788835214.475884818] [candidate_explorer]: Narrow passage detected: 0.54 m
[WARN] [1788835214.476109731] [candidate_explorer]: Rejecting frontier (13.49, -0.14): global path contains a narrow passage.
[INFO] [1788835214.702991907] [candidate_explorer]: Detected 3354 frontier cells
[INFO] [1788835214.706436137] [candidate_explorer]: Found 49 frontier clusters after filtering
[INFO] [1788835214.710777349] [candidate_explorer]: Selected frontier cluster: size=1095, goal=(14.30, -0.07), distance=14.37
[INFO] [1788835214.711282549] [candidate_explorer]: Checking global path to frontier (14.30, -0.07), distance=14.37m
[INFO] [1788835214.760841566] [candidate_explorer]: Nav2 path to frontier is 17.76m (straight-line=14.37m, detour=1.2x)
[WARN] [1788835214.765262320] [candidate_explorer]: Narrow passage detected: 0.54 m
[WARN] [1788835214.765504357] [candidate_explorer]: Rejecting frontier (14.30, -0.07): global path contains a narrow passage.
[INFO] [1788835215.381867177] [candidate_explorer]: Detected 3354 frontier cells
[INFO] [1788835215.387746071] [candidate_explorer]: Found 49 frontier clusters after filtering
[INFO] [1788835215.392015827] [candidate_explorer]: Selected frontier cluster: size=8, goal=(4.98, 0.10), distance=11.94
[INFO] [1788835215.392576525] [candidate_explorer]: Checking global path to frontier (4.98, 0.10), distance=11.94m
[INFO] [1788835215.435237376] [candidate_explorer]: Nav2 path to frontier is 15.06m (straight-line=11.94m, detour=1.3x)
[WARN] [1788835215.439611005] [candidate_explorer]: Narrow passage detected: 0.54 m
[WARN] [1788835215.439828543] [candidate_explorer]: Rejecting frontier (4.98, 0.10): global path contains a narrow passage.
[INFO] [1788835215.667050005] [candidate_explorer]: Detected 3354 frontier cells
[INFO] [1788835215.670430735] [candidate_explorer]: Found 49 frontier clusters after filtering
[WARN] [1788835215.674600743] [candidate_explorer]: Frontier clusters exist, but none have a usable goal point.
[WARN] [1788835215.675142316] [candidate_explorer]: Frontier clusters exist but have no usable goal. Trying recovery direction 1/8 before checking again.
[INFO] [1788835215.675403812] [candidate_explorer]: Recovery move 1/8: forward, 0.8 m -> (6.61, -12.31)
[bt_navigator-7] [INFO] [1788835215.676088008] [bt_navigator]: Begin navigating from current location (5.99, -11.80) to (6.61, -12.31)
[planner_server-5] [WARN] [1788835215.697692116] [planner_server]: Planner loop missed its desired rate of 20.0000 Hz. Current loop rate is 10.0000 Hz
[controller_server-3] [INFO] [1788835215.729788075] [controller_server]: Received a goal, begin computing control effort.
[controller_server-3] [INFO] [1788835216.583121598] [controller_server]: Reached the goal!
[bt_navigator-7] [INFO] [1788835216.616530617] [bt_navigator]: Goal succeeded
[INFO] [1788835216.618356875] [candidate_explorer]: Recovery move 'forward' succeeded.
[INFO] [1788835216.923771253] [candidate_explorer]: Detected 3354 frontier cells
[INFO] [1788835216.927208482] [candidate_explorer]: Found 49 frontier clusters after filtering
[WARN] [1788835216.931173952] [candidate_explorer]: Frontier clusters exist, but none have a usable goal point.
[WARN] [1788835216.931655026] [candidate_explorer]: Frontier clusters exist but have no usable goal. Trying recovery direction 2/8 before checking again.
[INFO] [1788835216.931897647] [candidate_explorer]: Recovery move 2/8: forward-left, 0.8 m -> (7.03, -12.27)
[bt_navigator-7] [INFO] [1788835216.932480386] [bt_navigator]: Begin navigating from current location (6.24, -12.19) to (7.03, -12.27)
[planner_server-5] [WARN] [1788835216.956386994] [planner_server]: GridBased: failed to create plan with tolerance 0.50.
[planner_server-5] [WARN] [1788835216.956435452] [planner_server]: Planning algorithm GridBased failed to generate a valid path to (7.03, -12.27)
[planner_server-5] [WARN] [1788835216.956443702] [planner_server]: [compute_path_to_pose] [ActionServer] Aborting handle.
[behavior_server-6] [INFO] [1788835216.965899905] [behavior_server]: Running backup
[behavior_server-6] [INFO] [1788835218.269712216] [behavior_server]: backup completed successfully
[planner_server-5] [WARN] [1788835218.317981423] [planner_server]: GridBased: failed to create plan with tolerance 0.50.
[planner_server-5] [WARN] [1788835218.318011881] [planner_server]: Planning algorithm GridBased failed to generate a valid path to (7.03, -12.27)
[planner_server-5] [WARN] [1788835218.318018631] [planner_server]: [compute_path_to_pose] [ActionServer] Aborting handle.
[behavior_server-6] [INFO] [1788835218.336168260] [behavior_server]: Running spin
[behavior_server-6] [INFO] [1788835218.336227551] [behavior_server]: Turning 1.57 for spin behavior.
[behavior_server-6] [INFO] [1788835218.736415126] [behavior_server]: spin completed successfully
[planner_server-5] [WARN] [1788835218.787300786] [planner_server]: GridBased: failed to create plan with tolerance 0.50.
[planner_server-5] [WARN] [1788835218.787333660] [planner_server]: Planning algorithm GridBased failed to generate a valid path to (7.03, -12.27)
[planner_server-5] [WARN] [1788835218.787340744] [planner_server]: [compute_path_to_pose] [ActionServer] Aborting handle.
[behavior_server-6] [INFO] [1788835218.805689619] [behavior_server]: Running spin
[behavior_server-6] [INFO] [1788835218.805725702] [behavior_server]: Turning -1.57 for spin behavior.
[behavior_server-6] [INFO] [1788835219.209427213] [behavior_server]: spin completed successfully
[planner_server-5] [WARN] [1788835219.255851371] [planner_server]: GridBased: failed to create plan with tolerance 0.50.
[planner_server-5] [WARN] [1788835219.256183740] [planner_server]: Planning algorithm GridBased failed to generate a valid path to (7.03, -12.27)
[planner_server-5] [WARN] [1788835219.256192323] [planner_server]: [compute_path_to_pose] [ActionServer] Aborting handle.
[controller_server-3] [INFO] [1788835219.273490634] [local_costmap.local_costmap]: Received request to clear entirely the local_costmap
[planner_server-5] [INFO] [1788835219.273749505] [global_costmap.global_costmap]: Received request to clear entirely the global_costmap
[planner_server-5] [WARN] [1788835220.167942911] [planner_server]: GridBased: failed to create plan with tolerance 0.50.
[planner_server-5] [WARN] [1788835220.168268322] [planner_server]: Planning algorithm GridBased failed to generate a valid path to (7.03, -12.27)
[planner_server-5] [WARN] [1788835220.168277155] [planner_server]: [compute_path_to_pose] [ActionServer] Aborting handle.
[behavior_server-6] [INFO] [1788835220.185405844] [behavior_server]: Running backup
[behavior_server-6] [WARN] [1788835220.185488968] [behavior_server]: Collision Ahead - Exiting DriveOnHeading
[behavior_server-6] [WARN] [1788835220.185495134] [behavior_server]: backup failed
[behavior_server-6] [WARN] [1788835220.185499093] [behavior_server]: [backup] [ActionServer] Aborting handle.
[behavior_server-6] [INFO] [1788835220.214956850] [behavior_server]: Running spin
[behavior_server-6] [INFO] [1788835220.215000683] [behavior_server]: Turning 1.57 for spin behavior.
[behavior_server-6] [INFO] [1788835220.615447794] [behavior_server]: spin completed successfully
[planner_server-5] [WARN] [1788835220.666537243] [planner_server]: GridBased: failed to create plan with tolerance 0.50.
[planner_server-5] [WARN] [1788835220.666570742] [planner_server]: Planning algorithm GridBased failed to generate a valid path to (7.03, -12.27)
[planner_server-5] [WARN] [1788835220.666577909] [planner_server]: [compute_path_to_pose] [ActionServer] Aborting handle.
[behavior_server-6] [INFO] [1788835220.686054097] [behavior_server]: Running spin
[behavior_server-6] [INFO] [1788835220.686107721] [behavior_server]: Turning -1.57 for spin behavior.
[behavior_server-6] [INFO] [1788835221.086794829] [behavior_server]: spin completed successfully
[planner_server-5] [WARN] [1788835221.136609550] [planner_server]: GridBased: failed to create plan with tolerance 0.50.
[planner_server-5] [WARN] [1788835221.136645133] [planner_server]: Planning algorithm GridBased failed to generate a valid path to (7.03, -12.27)
[planner_server-5] [WARN] [1788835221.136652091] [planner_server]: [compute_path_to_pose] [ActionServer] Aborting handle.
[bt_navigator-7] [WARN] [1788835221.163921721] [bt_navigator]: [navigate_to_pose] [ActionServer] Aborting handle.
[bt_navigator-7] [ERROR] [1788835221.165069992] [bt_navigator]: Goal failed
[WARN] [1788835221.166759212] [candidate_explorer]: Recovery move 'forward-left' failed; checking frontiers before the next direction.
[INFO] [1788835221.623395471] [candidate_explorer]: Detected 3353 frontier cells
[INFO] [1788835221.629145492] [candidate_explorer]: Found 49 frontier clusters after filtering
[WARN] [1788835221.633273625] [candidate_explorer]: Frontier clusters exist, but none have a usable goal point.
[WARN] [1788835221.633791241] [candidate_explorer]: Frontier clusters exist but have no usable goal. Trying recovery direction 3/8 before checking again.
[INFO] [1788835221.634040028] [candidate_explorer]: Recovery move 3/8: left, 0.8 m -> (6.51, -11.25)
[bt_navigator-7] [INFO] [1788835221.634590601] [bt_navigator]: Begin navigating from current location (5.91, -11.78) to (6.51, -11.25)
[planner_server-5] [WARN] [1788835221.656916905] [planner_server]: Planner loop missed its desired rate of 20.0000 Hz. Current loop rate is 10.0000 Hz
[controller_server-3] [INFO] [1788835221.677105580] [controller_server]: Received a goal, begin computing control effort.
[planner_server-5] [WARN] [1788835222.709164319] [planner_server]: Planner loop missed its desired rate of 20.0000 Hz. Current loop rate is 10.0000 Hz
[controller_server-3] [INFO] [1788835222.729007085] [controller_server]: Passing new path to controller.
[controller_server-3] [INFO] [1788835223.430295157] [controller_server]: Reached the goal!
[bt_navigator-7] [INFO] [1788835223.465939260] [bt_navigator]: Goal succeeded
[INFO] [1788835223.467828017] [candidate_explorer]: Recovery move 'left' succeeded.
[INFO] [1788835224.124632771] [candidate_explorer]: Detected 3353 frontier cells
[INFO] [1788835224.130570664] [candidate_explorer]: Found 49 frontier clusters after filtering
[WARN] [1788835224.134676964] [candidate_explorer]: Frontier clusters exist, but none have a usable goal point.
[WARN] [1788835224.135276745] [candidate_explorer]: Frontier clusters exist but have no usable goal. Trying recovery direction 4/8 before checking again.
[INFO] [1788835224.135536907] [candidate_explorer]: Recovery move 4/8: backward-left, 0.8 m -> (5.39, -11.48)
[bt_navigator-7] [INFO] [1788835224.136180270] [bt_navigator]: Begin navigating from current location (6.18, -11.36) to (5.39, -11.48)
[planner_server-5] [WARN] [1788835224.159445848] [planner_server]: Planner loop missed its desired rate of 20.0000 Hz. Current loop rate is 10.0000 Hz
[controller_server-3] [INFO] [1788835224.168412436] [controller_server]: Received a goal, begin computing control effort.
[controller_server-3] [INFO] [1788835225.219333666] [controller_server]: Passing new path to controller.
[controller_server-3] [INFO] [1788835226.269099612] [controller_server]: Passing new path to controller.
[planner_server-5] [INFO] [1788835226.942620792] [global_costmap.global_costmap]: Message Filter dropping message: frame 'base_link' at time 1138.700 for reason 'the timestamp on the message is earlier than all the data in the transform cache'
[controller_server-3] [INFO] [1788835226.971981477] [controller_server]: Reached the goal!
[INFO] [1788835227.006805525] [candidate_explorer]: Recovery move 'backward-left' succeeded.
[bt_navigator-7] [INFO] [1788835227.007025817] [bt_navigator]: Goal succeeded
[INFO] [1788835227.631027731] [candidate_explorer]: Detected 3353 frontier cells
[INFO] [1788835227.634282349] [candidate_explorer]: Found 49 frontier clusters after filtering
[WARN] [1788835227.638405673] [candidate_explorer]: Frontier clusters exist, but none have a usable goal point.
[WARN] [1788835227.638860297] [candidate_explorer]: Frontier clusters exist but have no usable goal. Trying recovery direction 5/8 before checking again.
[INFO] [1788835227.639089130] [candidate_explorer]: Recovery move 5/8: backward, 0.8 m -> (6.45, -12.05)
[bt_navigator-7] [INFO] [1788835227.639718337] [bt_navigator]: Begin navigating from current location (5.65, -12.00) to (6.45, -12.05)
[planner_server-5] [WARN] [1788835227.662126287] [planner_server]: Planner loop missed its desired rate of 20.0000 Hz. Current loop rate is 10.0000 Hz
[controller_server-3] [INFO] [1788835227.671247767] [controller_server]: Received a goal, begin computing control effort.
[planner_server-5] [WARN] [1788835228.705453693] [planner_server]: Planner loop missed its desired rate of 20.0000 Hz. Current loop rate is 6.6667 Hz
[controller_server-3] [INFO] [1788835228.723842027] [controller_server]: Passing new path to controller.
[controller_server-3] [INFO] [1788835229.576085271] [controller_server]: Reached the goal!
[bt_navigator-7] [INFO] [1788835229.611624401] [bt_navigator]: Goal succeeded
[INFO] [1788835229.612148108] [candidate_explorer]: Recovery move 'backward' succeeded.
[INFO] [1788835230.127271346] [candidate_explorer]: Detected 3353 frontier cells
[INFO] [1788835230.133356707] [candidate_explorer]: Found 49 frontier clusters after filtering
[WARN] [1788835230.137673281] [candidate_explorer]: Frontier clusters exist, but none have a usable goal point.
[WARN] [1788835230.138199447] [candidate_explorer]: Frontier clusters exist but have no usable goal. Trying recovery direction 6/8 before checking again.
[INFO] [1788835230.138448279] [candidate_explorer]: Recovery move 6/8: backward-right, 0.8 m -> (5.50, -12.26)
[bt_navigator-7] [INFO] [1788835230.139059111] [bt_navigator]: Begin navigating from current location (6.18, -11.90) to (5.50, -12.26)
[planner_server-5] [WARN] [1788835230.160685772] [planner_server]: Planner loop missed its desired rate of 20.0000 Hz. Current loop rate is 10.0000 Hz
[controller_server-3] [INFO] [1788835230.170256126] [controller_server]: Received a goal, begin computing control effort.
[planner_server-5] [WARN] [1788835231.201421683] [planner_server]: Planner loop missed its desired rate of 20.0000 Hz. Current loop rate is 10.0000 Hz
[controller_server-3] [INFO] [1788835231.223995550] [controller_server]: Passing new path to controller.
[controller_server-3] [INFO] [1788835231.823787143] [controller_server]: Reached the goal!
[bt_navigator-7] [INFO] [1788835231.850476709] [bt_navigator]: Goal succeeded
[INFO] [1788835231.852188830] [candidate_explorer]: Recovery move 'backward-right' succeeded.
[INFO] [1788835232.396435462] [candidate_explorer]: Detected 3353 frontier cells
[INFO] [1788835232.402083491] [candidate_explorer]: Found 49 frontier clusters after filtering
[WARN] [1788835232.406200149] [candidate_explorer]: Frontier clusters exist, but none have a usable goal point.
[WARN] [1788835232.406645648] [candidate_explorer]: Frontier clusters exist but have no usable goal. Trying recovery direction 7/8 before checking again.
[INFO] [1788835232.406850481] [candidate_explorer]: Recovery move 7/8: right, 0.8 m -> (5.61, -11.42)
[bt_navigator-7] [INFO] [1788835232.407409646] [bt_navigator]: Begin navigating from current location (5.82, -12.19) to (5.61, -11.42)
[planner_server-5] [WARN] [1788835232.429813388] [planner_server]: Planner loop missed its desired rate of 20.0000 Hz. Current loop rate is 10.0000 Hz
[controller_server-3] [INFO] [1788835232.448926679] [controller_server]: Received a goal, begin computing control effort.
[controller_server-3] [INFO] [1788835233.502445270] [controller_server]: Passing new path to controller.
[controller_server-3] [INFO] [1788835234.102384280] [controller_server]: Reached the goal!
[INFO] [1788835234.129210720] [candidate_explorer]: Recovery move 'right' succeeded.
[bt_navigator-7] [INFO] [1788835234.129405303] [bt_navigator]: Goal succeeded
[INFO] [1788835234.629430033] [candidate_explorer]: Detected 3353 frontier cells
[INFO] [1788835234.634806479] [candidate_explorer]: Found 49 frontier clusters after filtering
[WARN] [1788835234.638789970] [candidate_explorer]: Frontier clusters exist, but none have a usable goal point.
[WARN] [1788835234.639281928] [candidate_explorer]: Frontier clusters exist but have no usable goal. Trying recovery direction 8/8 before checking again.
[INFO] [1788835234.639521844] [candidate_explorer]: Recovery move 8/8: forward-right, 0.8 m -> (6.46, -10.94)
[bt_navigator-7] [INFO] [1788835234.640061093] [bt_navigator]: Begin navigating from current location (5.95, -11.55) to (6.46, -10.94)
[controller_server-3] [INFO] [1788835234.661423046] [controller_server]: Received a goal, begin computing control effort.
[controller_server-3] [INFO] [1788835235.712104893] [controller_server]: Passing new path to controller.
[controller_server-3] [INFO] [1788835235.816084747] [controller_server]: Reached the goal!
[bt_navigator-7] [INFO] [1788835235.853352539] [bt_navigator]: Goal succeeded
[INFO] [1788835235.853865747] [candidate_explorer]: Recovery move 'forward-right' succeeded.
[INFO] [1788835235.854142121] [candidate_explorer]: All recovery directions tried; starting the 10.0s countdown.
[INFO] [1788835236.383334786] [candidate_explorer]: Detected 3353 frontier cells
[INFO] [1788835236.388949524] [candidate_explorer]: Found 49 frontier clusters after filtering
[WARN] [1788835236.393056098] [candidate_explorer]: Frontier clusters exist, but none have a usable goal point.
[INFO] [1788835236.393449972] [candidate_explorer]: No usable frontier found. Waiting up to 10.0s for the map to update.
[INFO] [1788835236.614362110] [candidate_explorer]: Detected 3353 frontier cells
[INFO] [1788835236.617793435] [candidate_explorer]: Found 49 frontier clusters after filtering
[WARN] [1788835236.622055551] [candidate_explorer]: Frontier clusters exist, but none have a usable goal point.
[INFO] [1788835236.845410433] [candidate_explorer]: Detected 3353 frontier cells
[INFO] [1788835236.848821425] [candidate_explorer]: Found 49 frontier clusters after filtering
[WARN] [1788835236.852913041] [candidate_explorer]: Frontier clusters exist, but none have a usable goal point.
[INFO] [1788835237.074929801] [candidate_explorer]: Detected 3353 frontier cells
[INFO] [1788835237.078355585] [candidate_explorer]: Found 49 frontier clusters after filtering
[WARN] [1788835237.082474243] [candidate_explorer]: Frontier clusters exist, but none have a usable goal point.
[INFO] [1788835237.519140071] [candidate_explorer]: Detected 3353 frontier cells
[INFO] [1788835237.522764729] [candidate_explorer]: Found 49 frontier clusters after filtering
[WARN] [1788835237.526805221] [candidate_explorer]: Frontier clusters exist, but none have a usable goal point.
[INFO] [1788835237.752489847] [candidate_explorer]: Detected 3353 frontier cells
[INFO] [1788835237.755802757] [candidate_explorer]: Found 49 frontier clusters after filtering
[WARN] [1788835237.759887414] [candidate_explorer]: Frontier clusters exist, but none have a usable goal point.
[INFO] [1788835237.982717423] [candidate_explorer]: Detected 3353 frontier cells
[INFO] [1788835237.985850124] [candidate_explorer]: Found 49 frontier clusters after filtering
[WARN] [1788835237.989963073] [candidate_explorer]: Frontier clusters exist, but none have a usable goal point.
[INFO] [1788835238.213165997] [candidate_explorer]: Detected 3353 frontier cells
[INFO] [1788835238.216503073] [candidate_explorer]: Found 49 frontier clusters after filtering
[WARN] [1788835238.220726480] [candidate_explorer]: Frontier clusters exist, but none have a usable goal point.
[INFO] [1788835238.442882115] [candidate_explorer]: Detected 3353 frontier cells
[INFO] [1788835238.446315816] [candidate_explorer]: Found 49 frontier clusters after filtering
[WARN] [1788835238.450342932] [candidate_explorer]: Frontier clusters exist, but none have a usable goal point.
[INFO] [1788835238.677796180] [candidate_explorer]: Detected 3353 frontier cells
[INFO] [1788835238.681173589] [candidate_explorer]: Found 49 frontier clusters after filtering
[WARN] [1788835238.685238747] [candidate_explorer]: Frontier clusters exist, but none have a usable goal point.
[INFO] [1788835238.685699912] [candidate_explorer]: No usable frontier found for 10.0s. Exploration complete; returning home.
[bt_navigator-7] [INFO] [1788835238.706126451] [bt_navigator]: Begin navigating from current location (6.25, -10.98) to (0.23, 0.22)
[controller_server-3] [INFO] [1788835238.730660855] [controller_server]: Received a goal, begin computing control effort.
[controller_server-3] [INFO] [1788835239.780910912] [controller_server]: Passing new path to controller.
[controller_server-3] [INFO] [1788835240.833032048] [controller_server]: Passing new path to controller.
[controller_server-3] [INFO] [1788835241.881991732] [controller_server]: Passing new path to controller.
[async_slam_toolbox_node-2] W0908 02:40:42.336369 16799 preprocessor.cc:62] Specified options.num_threads: 50 exceeds maximum available from the threading model Ceres was compiled with: 14.  Bounding to maximum number available.
[controller_server-3] [INFO] [1788835242.883002814] [controller_server]: Passing new path to controller.
[planner_server-5] [INFO] [1788835243.116873590] [global_costmap.global_costmap]: StaticLayer: Resizing costmap to 1662 X 912 at 0.015000 m/pix
[controller_server-3] [INFO] [1788835243.931449333] [controller_server]: Passing new path to controller.
[controller_server-3] [INFO] [1788835244.982317014] [controller_server]: Passing new path to controller.
[async_slam_toolbox_node-2] W0908 02:40:45.761103 16799 preprocessor.cc:62] Specified options.num_threads: 50 exceeds maximum available from the threading model Ceres was compiled with: 14.  Bounding to maximum number available.
[controller_server-3] [INFO] [1788835245.984349010] [controller_server]: Passing new path to controller.
[controller_server-3] [INFO] [1788835247.031907656] [controller_server]: Passing new path to controller.
[planner_server-5] [INFO] [1788835247.116021512] [global_costmap.global_costmap]: StaticLayer: Resizing costmap to 1661 X 913 at 0.015000 m/pix
[controller_server-3] [INFO] [1788835248.033278737] [controller_server]: Passing new path to controller.
[controller_server-3] [INFO] [1788835249.082029714] [controller_server]: Passing new path to controller.
[async_slam_toolbox_node-2] W0908 02:40:49.932793 16799 preprocessor.cc:62] Specified options.num_threads: 50 exceeds maximum available from the threading model Ceres was compiled with: 14.  Bounding to maximum number available.
[controller_server-3] [INFO] [1788835250.082799463] [controller_server]: Passing new path to controller.
[planner_server-5] [INFO] [1788835251.119165092] [global_costmap.global_costmap]: StaticLayer: Resizing costmap to 1661 X 913 at 0.015000 m/pix
[controller_server-3] [INFO] [1788835251.131151982] [controller_server]: Passing new path to controller.
[controller_server-3] [INFO] [1788835252.130998275] [controller_server]: Passing new path to controller.
[async_slam_toolbox_node-2] W0908 02:40:52.870772 16799 preprocessor.cc:62] Specified options.num_threads: 50 exceeds maximum available from the threading model Ceres was compiled with: 14.  Bounding to maximum number available.
[controller_server-3] [INFO] [1788835253.181134999] [controller_server]: Passing new path to controller.
[controller_server-3] [INFO] [1788835254.182408580] [controller_server]: Passing new path to controller.
[controller_server-3] [INFO] [1788835254.234958631] [controller_server]: Reached the goal!
[bt_navigator-7] [INFO] [1788835254.269030973] [bt_navigator]: Goal succeeded
[INFO] [1788835254.269644596] [candidate_explorer]: return-home goal finished, success=True
[sim_node-1] [INFO] [1788835254.472846981] [challenge_sim_node]: SESSION FINISHED — wrote /challenge/results/20260908_023540/report.yaml
[sim_node-1] collision_count: 0
[sim_node-1] coverage_fraction: 0.9874824602191599
[sim_node-1] distance_to_home_m: 0.1525973854120887
[sim_node-1] elapsed_time_s: 1249.0499999994117
[sim_node-1] elapsed_wall_time_s: 312.28442679700674
[sim_node-1] map_output_yaml: /challenge/results/20260908_023540/map.yaml
[sim_node-1] map_yaml: /challenge/maps/2/room.yaml
[sim_node-1] min_coverage_required: 0.8
[sim_node-1] results_path: /challenge/results/20260908_023540/report.yaml
[sim_node-1] return_tolerance_m: 0.3
[sim_node-1] seed: 3100000
[sim_node-1] success: true
[sim_node-1] time_scale: 4.0
[sim_node-1] timed_out: false
[sim_node-1] 
[INFO] [1788835254.474729394] [candidate_explorer]: Session result: coverage=98.7% distance_to_home=0.15m elapsed_sim=1249.0s elapsed_wall=312.3s collisions=0 success=True report_written_to=/challenge/results/20260908_023540/report.yaml

=== REPORT ===
collision_count: 0
coverage_fraction: 0.9874824602191599
distance_to_home_m: 0.1525973854120887
elapsed_time_s: 1249.0499999994117
elapsed_wall_time_s: 312.28442679700674
map_output_yaml: /challenge/results/20260908_023540/map.yaml
map_yaml: /challenge/maps/2/room.yaml
min_coverage_required: 0.8
results_path: /challenge/results/20260908_023540/report.yaml
return_tolerance_m: 0.3
seed: 3100000
success: true
time_scale: 4.0
timed_out: false
Shutting down...
[ERROR] [async_slam_toolbox_node-2]: process has died [pid 16799, exit code -9, cmd '/opt/ros/humble/lib/slam_toolbox/async_slam_toolbox_node --ros-args -r __node:=slam_toolbox --params-file /challenge/ws/install/challenge_sim/share/challenge_sim/config/slam_toolbox_params.yaml --params-file /tmp/launch_params_kcm7vmpi'].
[ERROR] [sim_node-1]: process has died [pid 16797, exit code -9, cmd '/challenge/ws/install/challenge_sim/lib/challenge_sim/sim_node --ros-args -r __node:=challenge_sim_node --params-file /tmp/launch_params_tdf9gdww'].
[ERROR] [controller_server-3]: process has died [pid 16801, exit code -9, cmd '/opt/ros/humble/lib/nav2_controller/controller_server --ros-args --log-level info --ros-args --params-file /tmp/launch_params_jy1hpa82 -r /tf:=tf -r /tf_static:=tf_static -r cmd_vel:=cmd_vel_nav'].
[ERROR] [smoother_server-4]: process has died [pid 16803, exit code -9, cmd '/opt/ros/humble/lib/nav2_smoother/smoother_server --ros-args --log-level info --ros-args -r __node:=smoother_server --params-file /tmp/launch_params_jy1hpa82 -r /tf:=tf -r /tf_static:=tf_static'].
[ERROR] [behavior_server-6]: process has died [pid 16807, exit code -9, cmd '/opt/ros/humble/lib/nav2_behaviors/behavior_server --ros-args --log-level info --ros-args -r __node:=behavior_server --params-file /tmp/launch_params_jy1hpa82 -r /tf:=tf -r /tf_static:=tf_static'].
[ERROR] [planner_server-5]: process has died [pid 16805, exit code -9, cmd '/opt/ros/humble/lib/nav2_planner/planner_server --ros-args --log-level info --ros-args -r __node:=planner_server --params-file /tmp/launch_params_jy1hpa82 -r /tf:=tf -r /tf_static:=tf_static'].
[ERROR] [bt_navigator-7]: process has died [pid 16809, exit code -9, cmd '/opt/ros/humble/lib/nav2_bt_navigator/bt_navigator --ros-args --log-level info --ros-args -r __node:=bt_navigator --params-file /tmp/launch_params_jy1hpa82 -r /tf:=tf -r /tf_static:=tf_static'].
[ERROR] [waypoint_follower-8]: process has died [pid 16811, exit code -9, cmd '/opt/ros/humble/lib/nav2_waypoint_follower/waypoint_follower --ros-args --log-level info --ros-args -r __node:=waypoint_follower --params-file /tmp/launch_params_jy1hpa82 -r /tf:=tf -r /tf_static:=tf_static'].
[ERROR] [velocity_smoother-9]: process has died [pid 16813, exit code -9, cmd '/opt/ros/humble/lib/nav2_velocity_smoother/velocity_smoother --ros-args --log-level info --ros-args -r __node:=velocity_smoother --params-file /tmp/launch_params_jy1hpa82 -r /tf:=tf -r /tf_static:=tf_static -r cmd_vel:=cmd_vel_nav -r cmd_vel_smoothed:=cmd_vel'].
/challenge/eval_runner.sh: line 40: 16795 Killed                  ros2 launch challenge_sim challenge.launch.py map_yaml:="$MAP_YAML" seed:="$SEED" time_limit_s:="$TIME_LIMIT" time_scale:="$TIME_SCALE" results_path:="$RESULTS_PATH" rviz:="$RVIZ"
